The system clock is currently at Sat Apr 18 21:24:43 2026
Scanning directory: /eos/cms/store/group/phys_heavyions/hbossi/mc_productions/QCD-dijet_pThat15-event-weighted_TuneCP5_5p36TeV_pythia8/OO_MC_DijetEmbedded_pThat-15to1200_TuneCP5_5p36TeV_pythia8/260306_002843/0000 for files matching pattern: *
Found 817 ROOT files matching pattern: /eos/cms/store/group/phys_heavyions/hbossi/mc_productions/QCD-dijet_pThat15-event-weighted_TuneCP5_5p36TeV_pythia8/OO_MC_DijetEmbedded_pThat-15to1200_TuneCP5_5p36TeV_pythia8/260306_002843/0000/*
Number of ROOT files to process: 817
Processing file 1 of 817: /eos/cms/store/group/phys_heavyions/hbossi/mc_productions/QCD-dijet_pThat15-event-weighted_TuneCP5_5p36TeV_pythia8/OO_MC_DijetEmbedded_pThat-15to1200_TuneCP5_5p36TeV_pythia8/260306_002843/0000/HiForestMiniAOD_1.root
Time elapsed: 0 seconds
File Contains: 145000 entries.
NMiss: 3765 | NFake: 6202 | NMatch: 97414
Processing file 2 of 817: /eos/cms/store/group/phys_heavyions/hbossi/mc_productions/QCD-dijet_pThat15-event-weighted_TuneCP5_5p36TeV_pythia8/OO_MC_DijetEmbedded_pThat-15to1200_TuneCP5_5p36TeV_pythia8/260306_002843/0000/HiForestMiniAOD_10.root
Time elapsed: 70 seconds
File Contains: 129000 entries.
NMiss: 7107 | NFake: 11647 | NMatch: 184307
Processing file 3 of 817: /eos/cms/store/group/phys_heavyions/hbossi/mc_productions/QCD-dijet_pThat15-event-weighted_TuneCP5_5p36TeV_pythia8/OO_MC_DijetEmbedded_pThat-15to1200_TuneCP5_5p36TeV_pythia8/260306_002843/0000/HiForestMiniAOD_100.root
Time elapsed: 98 seconds
File Contains: 106000 entries.
NMiss: 9837 | NFake: 16090 | NMatch: 255688
Processing file 4 of 817: /eos/cms/store/group/phys_heavyions/hbossi/mc_productions/QCD-dijet_pThat15-event-weighted_TuneCP5_5p36TeV_pythia8/OO_MC_DijetEmbedded_pThat-15to1200_TuneCP5_5p36TeV_pythia8/260306_002843/0000/HiForestMiniAOD_101.root
Time elapsed: 115 seconds
File Contains: 113000 entries.
NMiss: 12771 | NFake: 20809 | NMatch: 331500
Processing file 5 of 817: /eos/cms/store/group/phys_heavyions/hbossi/mc_productions/QCD-dijet_pThat15-event-weighted_TuneCP5_5p36TeV_pythia8/OO_MC_DijetEmbedded_pThat-15to1200_TuneCP5_5p36TeV_pythia8/260306_002843/0000/HiForestMiniAOD_102.root
Time elapsed: 137 seconds
File Contains: 112000 entries.
NMiss: 15664 | NFake: 25532 | NMatch: 406808
Processing file 6 of 817: /eos/cms/store/group/phys_heavyions/hbossi/mc_productions/QCD-dijet_pThat15-event-weighted_TuneCP5_5p36TeV_pythia8/OO_MC_DijetEmbedded_pThat-15to1200_TuneCP5_5p36TeV_pythia8/260306_002843/0000/HiForestMiniAOD_103.root
Time elapsed: 162 seconds
File Contains: 154000 entries.
NMiss: 19616 | NFake: 32108 | NMatch: 509776
Processing file 7 of 817: /eos/cms/store/group/phys_heavyions/hbossi/mc_productions/QCD-dijet_pThat15-event-weighted_TuneCP5_5p36TeV_pythia8/OO_MC_DijetEmbedded_pThat-15to1200_TuneCP5_5p36TeV_pythia8/260306_002843/0000/HiForestMiniAOD_104.root
Time elapsed: 238 seconds
File Contains: 92000 entries.
NMiss: 22025 | NFake: 35965 | NMatch: 571517
Processing file 8 of 817: /eos/cms/store/group/phys_heavyions/hbossi/mc_productions/QCD-dijet_pThat15-event-weighted_TuneCP5_5p36TeV_pythia8/OO_MC_DijetEmbedded_pThat-15to1200_TuneCP5_5p36TeV_pythia8/260306_002843/0000/HiForestMiniAOD_105.root
Time elapsed: 281 seconds
File Contains: 136000 entries.
NMiss: 25514 | NFake: 41658 | NMatch: 662707
Processing file 9 of 817: /eos/cms/store/group/phys_heavyions/hbossi/mc_productions/QCD-dijet_pThat15-event-weighted_TuneCP5_5p36TeV_pythia8/OO_MC_DijetEmbedded_pThat-15to1200_TuneCP5_5p36TeV_pythia8/260306_002843/0000/HiForestMiniAOD_106.root
Time elapsed: 343 seconds
File Contains: 127000 entries.
NMiss: 28802 | NFake: 46966 | NMatch: 747518
Processing file 10 of 817: /eos/cms/store/group/phys_heavyions/hbossi/mc_productions/QCD-dijet_pThat15-event-weighted_TuneCP5_5p36TeV_pythia8/OO_MC_DijetEmbedded_pThat-15to1200_TuneCP5_5p36TeV_pythia8/260306_002843/0000/HiForestMiniAOD_107.root
Time elapsed: 388 seconds
File Contains: 120000 entries.
NMiss: 31965 | NFake: 52043 | NMatch: 828532
Processing file 11 of 817: /eos/cms/store/group/phys_heavyions/hbossi/mc_productions/QCD-dijet_pThat15-event-weighted_TuneCP5_5p36TeV_pythia8/OO_MC_DijetEmbedded_pThat-15to1200_TuneCP5_5p36TeV_pythia8/260306_002843/0000/HiForestMiniAOD_108.root
Time elapsed: 419 seconds
File Contains: 119000 entries.
NMiss: 35048 | NFake: 57084 | NMatch: 908225
Processing file 12 of 817: /eos/cms/store/group/phys_heavyions/hbossi/mc_productions/QCD-dijet_pThat15-event-weighted_TuneCP5_5p36TeV_pythia8/OO_MC_DijetEmbedded_pThat-15to1200_TuneCP5_5p36TeV_pythia8/260306_002843/0000/HiForestMiniAOD_109.root
Time elapsed: 450 seconds
File Contains: 127000 entries.
NMiss: 38422 | NFake: 62462 | NMatch: 993597
Processing file 13 of 817: /eos/cms/store/group/phys_heavyions/hbossi/mc_productions/QCD-dijet_pThat15-event-weighted_TuneCP5_5p36TeV_pythia8/OO_MC_DijetEmbedded_pThat-15to1200_TuneCP5_5p36TeV_pythia8/260306_002843/0000/HiForestMiniAOD_11.root
Time elapsed: 473 seconds
File Contains: 138000 entries.
NMiss: 41985 | NFake: 68358 | NMatch: 1086442
Processing file 14 of 817: /eos/cms/store/group/phys_heavyions/hbossi/mc_productions/QCD-dijet_pThat15-event-weighted_TuneCP5_5p36TeV_pythia8/OO_MC_DijetEmbedded_pThat-15to1200_TuneCP5_5p36TeV_pythia8/260306_002843/0000/HiForestMiniAOD_110.root
Time elapsed: 502 seconds
File Contains: 167000 entries.
NMiss: 46286 | NFake: 75343 | NMatch: 1198081
Processing file 15 of 817: /eos/cms/store/group/phys_heavyions/hbossi/mc_productions/QCD-dijet_pThat15-event-weighted_TuneCP5_5p36TeV_pythia8/OO_MC_DijetEmbedded_pThat-15to1200_TuneCP5_5p36TeV_pythia8/260306_002843/0000/HiForestMiniAOD_111.root
Time elapsed: 523 seconds
File Contains: 125000 entries.
NMiss: 49466 | NFake: 80602 | NMatch: 1282169
Processing file 16 of 817: /eos/cms/store/group/phys_heavyions/hbossi/mc_productions/QCD-dijet_pThat15-event-weighted_TuneCP5_5p36TeV_pythia8/OO_MC_DijetEmbedded_pThat-15to1200_TuneCP5_5p36TeV_pythia8/260306_002843/0000/HiForestMiniAOD_112.root
Time elapsed: 550 seconds
File Contains: 135000 entries.
NMiss: 52948 | NFake: 86384 | NMatch: 1373341
Processing file 17 of 817: /eos/cms/store/group/phys_heavyions/hbossi/mc_productions/QCD-dijet_pThat15-event-weighted_TuneCP5_5p36TeV_pythia8/OO_MC_DijetEmbedded_pThat-15to1200_TuneCP5_5p36TeV_pythia8/260306_002843/0000/HiForestMiniAOD_113.root
Time elapsed: 572 seconds
File Contains: 96000 entries.
NMiss: 55453 | NFake: 90376 | NMatch: 1437343
Processing file 18 of 817: /eos/cms/store/group/phys_heavyions/hbossi/mc_productions/QCD-dijet_pThat15-event-weighted_TuneCP5_5p36TeV_pythia8/OO_MC_DijetEmbedded_pThat-15to1200_TuneCP5_5p36TeV_pythia8/260306_002843/0000/HiForestMiniAOD_114.root
Time elapsed: 602 seconds
File Contains: 140000 entries.
NMiss: 59131 | NFake: 96442 | NMatch: 1531699
Processing file 19 of 817: /eos/cms/store/group/phys_heavyions/hbossi/mc_productions/QCD-dijet_pThat15-event-weighted_TuneCP5_5p36TeV_pythia8/OO_MC_DijetEmbedded_pThat-15to1200_TuneCP5_5p36TeV_pythia8/260306_002843/0000/HiForestMiniAOD_115.root
Time elapsed: 631 seconds
File Contains: 152000 entries.
NMiss: 63091 | NFake: 102816 | NMatch: 1633382
Processing file 20 of 817: /eos/cms/store/group/phys_heavyions/hbossi/mc_productions/QCD-dijet_pThat15-event-weighted_TuneCP5_5p36TeV_pythia8/OO_MC_DijetEmbedded_pThat-15to1200_TuneCP5_5p36TeV_pythia8/260306_002843/0000/HiForestMiniAOD_116.root
Time elapsed: 675 seconds
File Contains: 123000 entries.
NMiss: 66303 | NFake: 108176 | NMatch: 1715830
Processing file 21 of 817: /eos/cms/store/group/phys_heavyions/hbossi/mc_productions/QCD-dijet_pThat15-event-weighted_TuneCP5_5p36TeV_pythia8/OO_MC_DijetEmbedded_pThat-15to1200_TuneCP5_5p36TeV_pythia8/260306_002843/0000/HiForestMiniAOD_117.root
Time elapsed: 697 seconds
File Contains: 167000 entries.
NMiss: 70637 | NFake: 115187 | NMatch: 1828465
Processing file 22 of 817: /eos/cms/store/group/phys_heavyions/hbossi/mc_productions/QCD-dijet_pThat15-event-weighted_TuneCP5_5p36TeV_pythia8/OO_MC_DijetEmbedded_pThat-15to1200_TuneCP5_5p36TeV_pythia8/260306_002843/0000/HiForestMiniAOD_118.root
Time elapsed: 724 seconds
File Contains: 110000 entries.
NMiss: 73446 | NFake: 119799 | NMatch: 1902347
Processing file 23 of 817: /eos/cms/store/group/phys_heavyions/hbossi/mc_productions/QCD-dijet_pThat15-event-weighted_TuneCP5_5p36TeV_pythia8/OO_MC_DijetEmbedded_pThat-15to1200_TuneCP5_5p36TeV_pythia8/260306_002843/0000/HiForestMiniAOD_119.root
Time elapsed: 747 seconds
File Contains: 131000 entries.
NMiss: 76852 | NFake: 125367 | NMatch: 1989820
Processing file 24 of 817: /eos/cms/store/group/phys_heavyions/hbossi/mc_productions/QCD-dijet_pThat15-event-weighted_TuneCP5_5p36TeV_pythia8/OO_MC_DijetEmbedded_pThat-15to1200_TuneCP5_5p36TeV_pythia8/260306_002843/0000/HiForestMiniAOD_12.root
Time elapsed: 768 seconds
File Contains: 131000 entries.
NMiss: 80251 | NFake: 130970 | NMatch: 2077367
Processing file 25 of 817: /eos/cms/store/group/phys_heavyions/hbossi/mc_productions/QCD-dijet_pThat15-event-weighted_TuneCP5_5p36TeV_pythia8/OO_MC_DijetEmbedded_pThat-15to1200_TuneCP5_5p36TeV_pythia8/260306_002843/0000/HiForestMiniAOD_120.root
Time elapsed: 791 seconds
File Contains: 133000 entries.
NMiss: 83664 | NFake: 136541 | NMatch: 2166904
Processing file 26 of 817: /eos/cms/store/group/phys_heavyions/hbossi/mc_productions/QCD-dijet_pThat15-event-weighted_TuneCP5_5p36TeV_pythia8/OO_MC_DijetEmbedded_pThat-15to1200_TuneCP5_5p36TeV_pythia8/260306_002843/0000/HiForestMiniAOD_121.root
Time elapsed: 822 seconds
File Contains: 146000 entries.
NMiss: 87494 | NFake: 142638 | NMatch: 2264575
Processing file 27 of 817: /eos/cms/store/group/phys_heavyions/hbossi/mc_productions/QCD-dijet_pThat15-event-weighted_TuneCP5_5p36TeV_pythia8/OO_MC_DijetEmbedded_pThat-15to1200_TuneCP5_5p36TeV_pythia8/260306_002843/0000/HiForestMiniAOD_122.root
Time elapsed: 859 seconds
File Contains: 113000 entries.
NMiss: 90414 | NFake: 147512 | NMatch: 2340672
Processing file 28 of 817: /eos/cms/store/group/phys_heavyions/hbossi/mc_productions/QCD-dijet_pThat15-event-weighted_TuneCP5_5p36TeV_pythia8/OO_MC_DijetEmbedded_pThat-15to1200_TuneCP5_5p36TeV_pythia8/260306_002843/0000/HiForestMiniAOD_123.root
Time elapsed: 881 seconds
File Contains: 110000 entries.
NMiss: 93151 | NFake: 152134 | NMatch: 2414134
Processing file 29 of 817: /eos/cms/store/group/phys_heavyions/hbossi/mc_productions/QCD-dijet_pThat15-event-weighted_TuneCP5_5p36TeV_pythia8/OO_MC_DijetEmbedded_pThat-15to1200_TuneCP5_5p36TeV_pythia8/260306_002843/0000/HiForestMiniAOD_124.root
Time elapsed: 907 seconds
File Contains: 137000 entries.
NMiss: 96639 | NFake: 158050 | NMatch: 2506246
Processing file 30 of 817: /eos/cms/store/group/phys_heavyions/hbossi/mc_productions/QCD-dijet_pThat15-event-weighted_TuneCP5_5p36TeV_pythia8/OO_MC_DijetEmbedded_pThat-15to1200_TuneCP5_5p36TeV_pythia8/260306_002843/0000/HiForestMiniAOD_125.root
Time elapsed: 943 seconds
File Contains: 98000 entries.
NMiss: 99039 | NFake: 162125 | NMatch: 2572030
Processing file 31 of 817: /eos/cms/store/group/phys_heavyions/hbossi/mc_productions/QCD-dijet_pThat15-event-weighted_TuneCP5_5p36TeV_pythia8/OO_MC_DijetEmbedded_pThat-15to1200_TuneCP5_5p36TeV_pythia8/260306_002843/0000/HiForestMiniAOD_126.root
Time elapsed: 984 seconds
File Contains: 113000 entries.
NMiss: 101912 | NFake: 166938 | NMatch: 2647725
Processing file 32 of 817: /eos/cms/store/group/phys_heavyions/hbossi/mc_productions/QCD-dijet_pThat15-event-weighted_TuneCP5_5p36TeV_pythia8/OO_MC_DijetEmbedded_pThat-15to1200_TuneCP5_5p36TeV_pythia8/260306_002843/0000/HiForestMiniAOD_127.root
Time elapsed: 1008 seconds
File Contains: 107000 entries.
NMiss: 104691 | NFake: 171459 | NMatch: 2719471
Processing file 33 of 817: /eos/cms/store/group/phys_heavyions/hbossi/mc_productions/QCD-dijet_pThat15-event-weighted_TuneCP5_5p36TeV_pythia8/OO_MC_DijetEmbedded_pThat-15to1200_TuneCP5_5p36TeV_pythia8/260306_002843/0000/HiForestMiniAOD_128.root
Time elapsed: 1034 seconds
File Contains: 148000 entries.
NMiss: 108586 | NFake: 177761 | NMatch: 2819363
Processing file 34 of 817: /eos/cms/store/group/phys_heavyions/hbossi/mc_productions/QCD-dijet_pThat15-event-weighted_TuneCP5_5p36TeV_pythia8/OO_MC_DijetEmbedded_pThat-15to1200_TuneCP5_5p36TeV_pythia8/260306_002843/0000/HiForestMiniAOD_129.root
Time elapsed: 1061 seconds
File Contains: 117000 entries.
NMiss: 111624 | NFake: 182712 | NMatch: 2897496
Processing file 35 of 817: /eos/cms/store/group/phys_heavyions/hbossi/mc_productions/QCD-dijet_pThat15-event-weighted_TuneCP5_5p36TeV_pythia8/OO_MC_DijetEmbedded_pThat-15to1200_TuneCP5_5p36TeV_pythia8/260306_002843/0000/HiForestMiniAOD_130.root
Time elapsed: 1096 seconds
File Contains: 139000 entries.
NMiss: 115206 | NFake: 188431 | NMatch: 2991080
Processing file 36 of 817: /eos/cms/store/group/phys_heavyions/hbossi/mc_productions/QCD-dijet_pThat15-event-weighted_TuneCP5_5p36TeV_pythia8/OO_MC_DijetEmbedded_pThat-15to1200_TuneCP5_5p36TeV_pythia8/260306_002843/0000/HiForestMiniAOD_131.root
Time elapsed: 1120 seconds
File Contains: 105000 entries.
NMiss: 117951 | NFake: 192766 | NMatch: 3061295
Processing file 37 of 817: /eos/cms/store/group/phys_heavyions/hbossi/mc_productions/QCD-dijet_pThat15-event-weighted_TuneCP5_5p36TeV_pythia8/OO_MC_DijetEmbedded_pThat-15to1200_TuneCP5_5p36TeV_pythia8/260306_002843/0000/HiForestMiniAOD_132.root
Time elapsed: 1144 seconds
File Contains: 93000 entries.
NMiss: 120310 | NFake: 196770 | NMatch: 3123938
Processing file 38 of 817: /eos/cms/store/group/phys_heavyions/hbossi/mc_productions/QCD-dijet_pThat15-event-weighted_TuneCP5_5p36TeV_pythia8/OO_MC_DijetEmbedded_pThat-15to1200_TuneCP5_5p36TeV_pythia8/260306_002843/0000/HiForestMiniAOD_133.root
Time elapsed: 1176 seconds
File Contains: 109000 entries.
NMiss: 123151 | NFake: 201438 | NMatch: 3197158
Processing file 39 of 817: /eos/cms/store/group/phys_heavyions/hbossi/mc_productions/QCD-dijet_pThat15-event-weighted_TuneCP5_5p36TeV_pythia8/OO_MC_DijetEmbedded_pThat-15to1200_TuneCP5_5p36TeV_pythia8/260306_002843/0000/HiForestMiniAOD_134.root
Time elapsed: 1201 seconds
File Contains: 100000 entries.
NMiss: 125761 | NFake: 205704 | NMatch: 3264043
Processing file 40 of 817: /eos/cms/store/group/phys_heavyions/hbossi/mc_productions/QCD-dijet_pThat15-event-weighted_TuneCP5_5p36TeV_pythia8/OO_MC_DijetEmbedded_pThat-15to1200_TuneCP5_5p36TeV_pythia8/260306_002843/0000/HiForestMiniAOD_135.root
Time elapsed: 1220 seconds
File Contains: 122000 entries.
NMiss: 128932 | NFake: 210828 | NMatch: 3346023
Processing file 41 of 817: /eos/cms/store/group/phys_heavyions/hbossi/mc_productions/QCD-dijet_pThat15-event-weighted_TuneCP5_5p36TeV_pythia8/OO_MC_DijetEmbedded_pThat-15to1200_TuneCP5_5p36TeV_pythia8/260306_002843/0000/HiForestMiniAOD_136.root
Time elapsed: 1243 seconds
File Contains: 166000 entries.
NMiss: 133133 | NFake: 217769 | NMatch: 3456896
Processing file 42 of 817: /eos/cms/store/group/phys_heavyions/hbossi/mc_productions/QCD-dijet_pThat15-event-weighted_TuneCP5_5p36TeV_pythia8/OO_MC_DijetEmbedded_pThat-15to1200_TuneCP5_5p36TeV_pythia8/260306_002843/0000/HiForestMiniAOD_137.root
Time elapsed: 1281 seconds
File Contains: 112000 entries.
NMiss: 136050 | NFake: 222540 | NMatch: 3531940
Processing file 43 of 817: /eos/cms/store/group/phys_heavyions/hbossi/mc_productions/QCD-dijet_pThat15-event-weighted_TuneCP5_5p36TeV_pythia8/OO_MC_DijetEmbedded_pThat-15to1200_TuneCP5_5p36TeV_pythia8/260306_002843/0000/HiForestMiniAOD_138.root
Time elapsed: 1298 seconds
File Contains: 100000 entries.
NMiss: 138656 | NFake: 226826 | NMatch: 3598668
Processing file 44 of 817: /eos/cms/store/group/phys_heavyions/hbossi/mc_productions/QCD-dijet_pThat15-event-weighted_TuneCP5_5p36TeV_pythia8/OO_MC_DijetEmbedded_pThat-15to1200_TuneCP5_5p36TeV_pythia8/260306_002843/0000/HiForestMiniAOD_139.root
Time elapsed: 1370 seconds
File Contains: 137000 entries.
NMiss: 142234 | NFake: 232638 | NMatch: 3691080
Processing file 45 of 817: /eos/cms/store/group/phys_heavyions/hbossi/mc_productions/QCD-dijet_pThat15-event-weighted_TuneCP5_5p36TeV_pythia8/OO_MC_DijetEmbedded_pThat-15to1200_TuneCP5_5p36TeV_pythia8/260306_002843/0000/HiForestMiniAOD_14.root
Time elapsed: 1387 seconds
File Contains: 99000 entries.
NMiss: 144799 | NFake: 236878 | NMatch: 3757136
Processing file 46 of 817: /eos/cms/store/group/phys_heavyions/hbossi/mc_productions/QCD-dijet_pThat15-event-weighted_TuneCP5_5p36TeV_pythia8/OO_MC_DijetEmbedded_pThat-15to1200_TuneCP5_5p36TeV_pythia8/260306_002843/0000/HiForestMiniAOD_140.root
Time elapsed: 1404 seconds
File Contains: 143000 entries.
NMiss: 148478 | NFake: 242904 | NMatch: 3852951
Processing file 47 of 817: /eos/cms/store/group/phys_heavyions/hbossi/mc_productions/QCD-dijet_pThat15-event-weighted_TuneCP5_5p36TeV_pythia8/OO_MC_DijetEmbedded_pThat-15to1200_TuneCP5_5p36TeV_pythia8/260306_002843/0000/HiForestMiniAOD_141.root
Time elapsed: 1474 seconds
File Contains: 107000 entries.
NMiss: 151204 | NFake: 247364 | NMatch: 3924720
Processing file 48 of 817: /eos/cms/store/group/phys_heavyions/hbossi/mc_productions/QCD-dijet_pThat15-event-weighted_TuneCP5_5p36TeV_pythia8/OO_MC_DijetEmbedded_pThat-15to1200_TuneCP5_5p36TeV_pythia8/260306_002843/0000/HiForestMiniAOD_142.root
Time elapsed: 1496 seconds
File Contains: 151000 entries.
NMiss: 155005 | NFake: 253641 | NMatch: 4026191
Processing file 49 of 817: /eos/cms/store/group/phys_heavyions/hbossi/mc_productions/QCD-dijet_pThat15-event-weighted_TuneCP5_5p36TeV_pythia8/OO_MC_DijetEmbedded_pThat-15to1200_TuneCP5_5p36TeV_pythia8/260306_002843/0000/HiForestMiniAOD_143.root
Time elapsed: 1519 seconds
File Contains: 91000 entries.
NMiss: 157359 | NFake: 257562 | NMatch: 4087471
Processing file 50 of 817: /eos/cms/store/group/phys_heavyions/hbossi/mc_productions/QCD-dijet_pThat15-event-weighted_TuneCP5_5p36TeV_pythia8/OO_MC_DijetEmbedded_pThat-15to1200_TuneCP5_5p36TeV_pythia8/260306_002843/0000/HiForestMiniAOD_144.root
Time elapsed: 1537 seconds
File Contains: 98000 entries.
NMiss: 159840 | NFake: 261662 | NMatch: 4153060
Processing file 51 of 817: /eos/cms/store/group/phys_heavyions/hbossi/mc_productions/QCD-dijet_pThat15-event-weighted_TuneCP5_5p36TeV_pythia8/OO_MC_DijetEmbedded_pThat-15to1200_TuneCP5_5p36TeV_pythia8/260306_002843/0000/HiForestMiniAOD_145.root
Time elapsed: 1568 seconds
File Contains: 128000 entries.
NMiss: 163141 | NFake: 267112 | NMatch: 4238063
Processing file 52 of 817: /eos/cms/store/group/phys_heavyions/hbossi/mc_productions/QCD-dijet_pThat15-event-weighted_TuneCP5_5p36TeV_pythia8/OO_MC_DijetEmbedded_pThat-15to1200_TuneCP5_5p36TeV_pythia8/260306_002843/0000/HiForestMiniAOD_146.root
Time elapsed: 1592 seconds
File Contains: 126000 entries.
NMiss: 166383 | NFake: 272367 | NMatch: 4322197
Processing file 53 of 817: /eos/cms/store/group/phys_heavyions/hbossi/mc_productions/QCD-dijet_pThat15-event-weighted_TuneCP5_5p36TeV_pythia8/OO_MC_DijetEmbedded_pThat-15to1200_TuneCP5_5p36TeV_pythia8/260306_002843/0000/HiForestMiniAOD_147.root
Time elapsed: 1616 seconds
File Contains: 121000 entries.
NMiss: 169455 | NFake: 277439 | NMatch: 4403464
Processing file 54 of 817: /eos/cms/store/group/phys_heavyions/hbossi/mc_productions/QCD-dijet_pThat15-event-weighted_TuneCP5_5p36TeV_pythia8/OO_MC_DijetEmbedded_pThat-15to1200_TuneCP5_5p36TeV_pythia8/260306_002843/0000/HiForestMiniAOD_148.root
Time elapsed: 1647 seconds
File Contains: 150000 entries.
NMiss: 173361 | NFake: 283753 | NMatch: 4503941
Processing file 55 of 817: /eos/cms/store/group/phys_heavyions/hbossi/mc_productions/QCD-dijet_pThat15-event-weighted_TuneCP5_5p36TeV_pythia8/OO_MC_DijetEmbedded_pThat-15to1200_TuneCP5_5p36TeV_pythia8/260306_002843/0000/HiForestMiniAOD_149.root
Time elapsed: 1674 seconds
File Contains: 133000 entries.
NMiss: 176733 | NFake: 289279 | NMatch: 4592928
Processing file 56 of 817: /eos/cms/store/group/phys_heavyions/hbossi/mc_productions/QCD-dijet_pThat15-event-weighted_TuneCP5_5p36TeV_pythia8/OO_MC_DijetEmbedded_pThat-15to1200_TuneCP5_5p36TeV_pythia8/260306_002843/0000/HiForestMiniAOD_150.root
Time elapsed: 1728 seconds
File Contains: 111000 entries.
NMiss: 179720 | NFake: 294036 | NMatch: 4667183
Processing file 57 of 817: /eos/cms/store/group/phys_heavyions/hbossi/mc_productions/QCD-dijet_pThat15-event-weighted_TuneCP5_5p36TeV_pythia8/OO_MC_DijetEmbedded_pThat-15to1200_TuneCP5_5p36TeV_pythia8/260306_002843/0000/HiForestMiniAOD_151.root
Time elapsed: 1787 seconds
File Contains: 109000 entries.
NMiss: 182479 | NFake: 298623 | NMatch: 4740153
Processing file 58 of 817: /eos/cms/store/group/phys_heavyions/hbossi/mc_productions/QCD-dijet_pThat15-event-weighted_TuneCP5_5p36TeV_pythia8/OO_MC_DijetEmbedded_pThat-15to1200_TuneCP5_5p36TeV_pythia8/260306_002843/0000/HiForestMiniAOD_152.root
Time elapsed: 1846 seconds
File Contains: 95000 entries.
NMiss: 184869 | NFake: 302664 | NMatch: 4803704
Processing file 59 of 817: /eos/cms/store/group/phys_heavyions/hbossi/mc_productions/QCD-dijet_pThat15-event-weighted_TuneCP5_5p36TeV_pythia8/OO_MC_DijetEmbedded_pThat-15to1200_TuneCP5_5p36TeV_pythia8/260306_002843/0000/HiForestMiniAOD_153.root
Time elapsed: 1883 seconds
File Contains: 98000 entries.
NMiss: 187345 | NFake: 306751 | NMatch: 4869357
Processing file 60 of 817: /eos/cms/store/group/phys_heavyions/hbossi/mc_productions/QCD-dijet_pThat15-event-weighted_TuneCP5_5p36TeV_pythia8/OO_MC_DijetEmbedded_pThat-15to1200_TuneCP5_5p36TeV_pythia8/260306_002843/0000/HiForestMiniAOD_154.root
Time elapsed: 1916 seconds
File Contains: 107000 entries.
NMiss: 190074 | NFake: 311260 | NMatch: 4940717
Processing file 61 of 817: /eos/cms/store/group/phys_heavyions/hbossi/mc_productions/QCD-dijet_pThat15-event-weighted_TuneCP5_5p36TeV_pythia8/OO_MC_DijetEmbedded_pThat-15to1200_TuneCP5_5p36TeV_pythia8/260306_002843/0000/HiForestMiniAOD_155.root
Time elapsed: 1935 seconds
File Contains: 92000 entries.
NMiss: 192425 | NFake: 315252 | NMatch: 5002256
Processing file 62 of 817: /eos/cms/store/group/phys_heavyions/hbossi/mc_productions/QCD-dijet_pThat15-event-weighted_TuneCP5_5p36TeV_pythia8/OO_MC_DijetEmbedded_pThat-15to1200_TuneCP5_5p36TeV_pythia8/260306_002843/0000/HiForestMiniAOD_156.root
Time elapsed: 1956 seconds
File Contains: 160000 entries.
NMiss: 196568 | NFake: 321911 | NMatch: 5109756
Processing file 63 of 817: /eos/cms/store/group/phys_heavyions/hbossi/mc_productions/QCD-dijet_pThat15-event-weighted_TuneCP5_5p36TeV_pythia8/OO_MC_DijetEmbedded_pThat-15to1200_TuneCP5_5p36TeV_pythia8/260306_002843/0000/HiForestMiniAOD_157.root
Time elapsed: 1998 seconds
File Contains: 145000 entries.
NMiss: 200347 | NFake: 327969 | NMatch: 5207510
Processing file 64 of 817: /eos/cms/store/group/phys_heavyions/hbossi/mc_productions/QCD-dijet_pThat15-event-weighted_TuneCP5_5p36TeV_pythia8/OO_MC_DijetEmbedded_pThat-15to1200_TuneCP5_5p36TeV_pythia8/260306_002843/0000/HiForestMiniAOD_158.root
Time elapsed: 2024 seconds
File Contains: 129000 entries.
NMiss: 203688 | NFake: 333568 | NMatch: 5293840
Processing file 65 of 817: /eos/cms/store/group/phys_heavyions/hbossi/mc_productions/QCD-dijet_pThat15-event-weighted_TuneCP5_5p36TeV_pythia8/OO_MC_DijetEmbedded_pThat-15to1200_TuneCP5_5p36TeV_pythia8/260306_002843/0000/HiForestMiniAOD_159.root
Time elapsed: 2046 seconds
File Contains: 132000 entries.
NMiss: 207087 | NFake: 339165 | NMatch: 5382037
Processing file 66 of 817: /eos/cms/store/group/phys_heavyions/hbossi/mc_productions/QCD-dijet_pThat15-event-weighted_TuneCP5_5p36TeV_pythia8/OO_MC_DijetEmbedded_pThat-15to1200_TuneCP5_5p36TeV_pythia8/260306_002843/0000/HiForestMiniAOD_16.root
Time elapsed: 2078 seconds
File Contains: 133000 entries.
NMiss: 210513 | NFake: 344793 | NMatch: 5471054
Processing file 67 of 817: /eos/cms/store/group/phys_heavyions/hbossi/mc_productions/QCD-dijet_pThat15-event-weighted_TuneCP5_5p36TeV_pythia8/OO_MC_DijetEmbedded_pThat-15to1200_TuneCP5_5p36TeV_pythia8/260306_002843/0000/HiForestMiniAOD_160.root
Time elapsed: 2101 seconds
File Contains: 108000 entries.
NMiss: 213295 | NFake: 349425 | NMatch: 5542456
Processing file 68 of 817: /eos/cms/store/group/phys_heavyions/hbossi/mc_productions/QCD-dijet_pThat15-event-weighted_TuneCP5_5p36TeV_pythia8/OO_MC_DijetEmbedded_pThat-15to1200_TuneCP5_5p36TeV_pythia8/260306_002843/0000/HiForestMiniAOD_161.root
Time elapsed: 2160 seconds
File Contains: 136000 entries.
NMiss: 216715 | NFake: 355152 | NMatch: 5634160
Processing file 69 of 817: /eos/cms/store/group/phys_heavyions/hbossi/mc_productions/QCD-dijet_pThat15-event-weighted_TuneCP5_5p36TeV_pythia8/OO_MC_DijetEmbedded_pThat-15to1200_TuneCP5_5p36TeV_pythia8/260306_002843/0000/HiForestMiniAOD_162.root
Time elapsed: 2186 seconds
File Contains: 127000 entries.
NMiss: 220082 | NFake: 360612 | NMatch: 5719261
Processing file 70 of 817: /eos/cms/store/group/phys_heavyions/hbossi/mc_productions/QCD-dijet_pThat15-event-weighted_TuneCP5_5p36TeV_pythia8/OO_MC_DijetEmbedded_pThat-15to1200_TuneCP5_5p36TeV_pythia8/260306_002843/0000/HiForestMiniAOD_163.root
Time elapsed: 2215 seconds
File Contains: 152000 entries.
NMiss: 224001 | NFake: 367007 | NMatch: 5821142
Processing file 71 of 817: /eos/cms/store/group/phys_heavyions/hbossi/mc_productions/QCD-dijet_pThat15-event-weighted_TuneCP5_5p36TeV_pythia8/OO_MC_DijetEmbedded_pThat-15to1200_TuneCP5_5p36TeV_pythia8/260306_002843/0000/HiForestMiniAOD_164.root
Time elapsed: 2260 seconds
File Contains: 138000 entries.
NMiss: 227481 | NFake: 372912 | NMatch: 5913965
Processing file 72 of 817: /eos/cms/store/group/phys_heavyions/hbossi/mc_productions/QCD-dijet_pThat15-event-weighted_TuneCP5_5p36TeV_pythia8/OO_MC_DijetEmbedded_pThat-15to1200_TuneCP5_5p36TeV_pythia8/260306_002843/0000/HiForestMiniAOD_165.root
Time elapsed: 2283 seconds
File Contains: 136000 entries.
NMiss: 230993 | NFake: 378552 | NMatch: 6005196
Processing file 73 of 817: /eos/cms/store/group/phys_heavyions/hbossi/mc_productions/QCD-dijet_pThat15-event-weighted_TuneCP5_5p36TeV_pythia8/OO_MC_DijetEmbedded_pThat-15to1200_TuneCP5_5p36TeV_pythia8/260306_002843/0000/HiForestMiniAOD_166.root
Time elapsed: 2309 seconds
File Contains: 87000 entries.
NMiss: 233264 | NFake: 382295 | NMatch: 6063215
Processing file 74 of 817: /eos/cms/store/group/phys_heavyions/hbossi/mc_productions/QCD-dijet_pThat15-event-weighted_TuneCP5_5p36TeV_pythia8/OO_MC_DijetEmbedded_pThat-15to1200_TuneCP5_5p36TeV_pythia8/260306_002843/0000/HiForestMiniAOD_167.root
Time elapsed: 2353 seconds
File Contains: 109000 entries.
NMiss: 236154 | NFake: 386911 | NMatch: 6136814
Processing file 75 of 817: /eos/cms/store/group/phys_heavyions/hbossi/mc_productions/QCD-dijet_pThat15-event-weighted_TuneCP5_5p36TeV_pythia8/OO_MC_DijetEmbedded_pThat-15to1200_TuneCP5_5p36TeV_pythia8/260306_002843/0000/HiForestMiniAOD_168.root
Time elapsed: 2373 seconds
File Contains: 110000 entries.
NMiss: 239060 | NFake: 391579 | NMatch: 6210572
Processing file 76 of 817: /eos/cms/store/group/phys_heavyions/hbossi/mc_productions/QCD-dijet_pThat15-event-weighted_TuneCP5_5p36TeV_pythia8/OO_MC_DijetEmbedded_pThat-15to1200_TuneCP5_5p36TeV_pythia8/260306_002843/0000/HiForestMiniAOD_169.root
Time elapsed: 2436 seconds
File Contains: 108000 entries.
NMiss: 241921 | NFake: 396240 | NMatch: 6282598
Processing file 77 of 817: /eos/cms/store/group/phys_heavyions/hbossi/mc_productions/QCD-dijet_pThat15-event-weighted_TuneCP5_5p36TeV_pythia8/OO_MC_DijetEmbedded_pThat-15to1200_TuneCP5_5p36TeV_pythia8/260306_002843/0000/HiForestMiniAOD_17.root
Time elapsed: 2454 seconds
File Contains: 126000 entries.
NMiss: 245181 | NFake: 401520 | NMatch: 6366779
Processing file 78 of 817: /eos/cms/store/group/phys_heavyions/hbossi/mc_productions/QCD-dijet_pThat15-event-weighted_TuneCP5_5p36TeV_pythia8/OO_MC_DijetEmbedded_pThat-15to1200_TuneCP5_5p36TeV_pythia8/260306_002843/0000/HiForestMiniAOD_170.root
Time elapsed: 2481 seconds
File Contains: 109000 entries.
NMiss: 248086 | NFake: 406155 | NMatch: 6439755
Processing file 79 of 817: /eos/cms/store/group/phys_heavyions/hbossi/mc_productions/QCD-dijet_pThat15-event-weighted_TuneCP5_5p36TeV_pythia8/OO_MC_DijetEmbedded_pThat-15to1200_TuneCP5_5p36TeV_pythia8/260306_002843/0000/HiForestMiniAOD_171.root
Time elapsed: 2499 seconds
File Contains: 98000 entries.
NMiss: 250644 | NFake: 410355 | NMatch: 6505199
Processing file 80 of 817: /eos/cms/store/group/phys_heavyions/hbossi/mc_productions/QCD-dijet_pThat15-event-weighted_TuneCP5_5p36TeV_pythia8/OO_MC_DijetEmbedded_pThat-15to1200_TuneCP5_5p36TeV_pythia8/260306_002843/0000/HiForestMiniAOD_172.root
Time elapsed: 2520 seconds
File Contains: 130000 entries.
NMiss: 254008 | NFake: 415970 | NMatch: 6591989
Processing file 81 of 817: /eos/cms/store/group/phys_heavyions/hbossi/mc_productions/QCD-dijet_pThat15-event-weighted_TuneCP5_5p36TeV_pythia8/OO_MC_DijetEmbedded_pThat-15to1200_TuneCP5_5p36TeV_pythia8/260306_002843/0000/HiForestMiniAOD_173.root
Time elapsed: 2572 seconds
File Contains: 151000 entries.
NMiss: 257876 | NFake: 422431 | NMatch: 6693690
Processing file 82 of 817: /eos/cms/store/group/phys_heavyions/hbossi/mc_productions/QCD-dijet_pThat15-event-weighted_TuneCP5_5p36TeV_pythia8/OO_MC_DijetEmbedded_pThat-15to1200_TuneCP5_5p36TeV_pythia8/260306_002843/0000/HiForestMiniAOD_174.root
Time elapsed: 2604 seconds
File Contains: 119000 entries.
NMiss: 260960 | NFake: 427374 | NMatch: 6773169
Processing file 83 of 817: /eos/cms/store/group/phys_heavyions/hbossi/mc_productions/QCD-dijet_pThat15-event-weighted_TuneCP5_5p36TeV_pythia8/OO_MC_DijetEmbedded_pThat-15to1200_TuneCP5_5p36TeV_pythia8/260306_002843/0000/HiForestMiniAOD_175.root
Time elapsed: 2630 seconds
File Contains: 118000 entries.
NMiss: 263996 | NFake: 432430 | NMatch: 6851805
Processing file 84 of 817: /eos/cms/store/group/phys_heavyions/hbossi/mc_productions/QCD-dijet_pThat15-event-weighted_TuneCP5_5p36TeV_pythia8/OO_MC_DijetEmbedded_pThat-15to1200_TuneCP5_5p36TeV_pythia8/260306_002843/0000/HiForestMiniAOD_176.root
Time elapsed: 2649 seconds
File Contains: 164000 entries.
NMiss: 268197 | NFake: 439403 | NMatch: 6961875
Processing file 85 of 817: /eos/cms/store/group/phys_heavyions/hbossi/mc_productions/QCD-dijet_pThat15-event-weighted_TuneCP5_5p36TeV_pythia8/OO_MC_DijetEmbedded_pThat-15to1200_TuneCP5_5p36TeV_pythia8/260306_002843/0000/HiForestMiniAOD_177.root
Time elapsed: 2678 seconds
File Contains: 101000 entries.
NMiss: 270885 | NFake: 443668 | NMatch: 7028939
Processing file 86 of 817: /eos/cms/store/group/phys_heavyions/hbossi/mc_productions/QCD-dijet_pThat15-event-weighted_TuneCP5_5p36TeV_pythia8/OO_MC_DijetEmbedded_pThat-15to1200_TuneCP5_5p36TeV_pythia8/260306_002843/0000/HiForestMiniAOD_178.root
Time elapsed: 2696 seconds
File Contains: 109000 entries.
NMiss: 273676 | NFake: 448200 | NMatch: 7102047
Processing file 87 of 817: /eos/cms/store/group/phys_heavyions/hbossi/mc_productions/QCD-dijet_pThat15-event-weighted_TuneCP5_5p36TeV_pythia8/OO_MC_DijetEmbedded_pThat-15to1200_TuneCP5_5p36TeV_pythia8/260306_002843/0000/HiForestMiniAOD_179.root
Time elapsed: 2720 seconds
File Contains: 132000 entries.
NMiss: 277044 | NFake: 453855 | NMatch: 7190615
Processing file 88 of 817: /eos/cms/store/group/phys_heavyions/hbossi/mc_productions/QCD-dijet_pThat15-event-weighted_TuneCP5_5p36TeV_pythia8/OO_MC_DijetEmbedded_pThat-15to1200_TuneCP5_5p36TeV_pythia8/260306_002843/0000/HiForestMiniAOD_18.root
Time elapsed: 2746 seconds
File Contains: 140000 entries.
NMiss: 280730 | NFake: 459790 | NMatch: 7283965
Processing file 89 of 817: /eos/cms/store/group/phys_heavyions/hbossi/mc_productions/QCD-dijet_pThat15-event-weighted_TuneCP5_5p36TeV_pythia8/OO_MC_DijetEmbedded_pThat-15to1200_TuneCP5_5p36TeV_pythia8/260306_002843/0000/HiForestMiniAOD_180.root
Time elapsed: 2777 seconds
File Contains: 132000 entries.
NMiss: 284214 | NFake: 465513 | NMatch: 7372235
Processing file 90 of 817: /eos/cms/store/group/phys_heavyions/hbossi/mc_productions/QCD-dijet_pThat15-event-weighted_TuneCP5_5p36TeV_pythia8/OO_MC_DijetEmbedded_pThat-15to1200_TuneCP5_5p36TeV_pythia8/260306_002843/0000/HiForestMiniAOD_181.root
Time elapsed: 2818 seconds
File Contains: 167000 entries.
NMiss: 288559 | NFake: 472583 | NMatch: 7484658
Processing file 91 of 817: /eos/cms/store/group/phys_heavyions/hbossi/mc_productions/QCD-dijet_pThat15-event-weighted_TuneCP5_5p36TeV_pythia8/OO_MC_DijetEmbedded_pThat-15to1200_TuneCP5_5p36TeV_pythia8/260306_002843/0000/HiForestMiniAOD_182.root
Time elapsed: 2844 seconds
File Contains: 101000 entries.
NMiss: 291191 | NFake: 476909 | NMatch: 7552015
Processing file 92 of 817: /eos/cms/store/group/phys_heavyions/hbossi/mc_productions/QCD-dijet_pThat15-event-weighted_TuneCP5_5p36TeV_pythia8/OO_MC_DijetEmbedded_pThat-15to1200_TuneCP5_5p36TeV_pythia8/260306_002843/0000/HiForestMiniAOD_183.root
Time elapsed: 2861 seconds
File Contains: 129000 entries.
NMiss: 294434 | NFake: 482481 | NMatch: 7638231
Processing file 93 of 817: /eos/cms/store/group/phys_heavyions/hbossi/mc_productions/QCD-dijet_pThat15-event-weighted_TuneCP5_5p36TeV_pythia8/OO_MC_DijetEmbedded_pThat-15to1200_TuneCP5_5p36TeV_pythia8/260306_002843/0000/HiForestMiniAOD_184.root
Time elapsed: 2884 seconds
File Contains: 138000 entries.
NMiss: 298086 | NFake: 488188 | NMatch: 7730870
Processing file 94 of 817: /eos/cms/store/group/phys_heavyions/hbossi/mc_productions/QCD-dijet_pThat15-event-weighted_TuneCP5_5p36TeV_pythia8/OO_MC_DijetEmbedded_pThat-15to1200_TuneCP5_5p36TeV_pythia8/260306_002843/0000/HiForestMiniAOD_185.root
Time elapsed: 2909 seconds
File Contains: 84000 entries.
NMiss: 300305 | NFake: 491752 | NMatch: 7787217
Processing file 95 of 817: /eos/cms/store/group/phys_heavyions/hbossi/mc_productions/QCD-dijet_pThat15-event-weighted_TuneCP5_5p36TeV_pythia8/OO_MC_DijetEmbedded_pThat-15to1200_TuneCP5_5p36TeV_pythia8/260306_002843/0000/HiForestMiniAOD_186.root
Time elapsed: 2925 seconds
File Contains: 122000 entries.
NMiss: 303511 | NFake: 496871 | NMatch: 7868823
Processing file 96 of 817: /eos/cms/store/group/phys_heavyions/hbossi/mc_productions/QCD-dijet_pThat15-event-weighted_TuneCP5_5p36TeV_pythia8/OO_MC_DijetEmbedded_pThat-15to1200_TuneCP5_5p36TeV_pythia8/260306_002843/0000/HiForestMiniAOD_187.root
Time elapsed: 2991 seconds
File Contains: 142000 entries.
NMiss: 307256 | NFake: 502889 | NMatch: 7963879
Processing file 97 of 817: /eos/cms/store/group/phys_heavyions/hbossi/mc_productions/QCD-dijet_pThat15-event-weighted_TuneCP5_5p36TeV_pythia8/OO_MC_DijetEmbedded_pThat-15to1200_TuneCP5_5p36TeV_pythia8/260306_002843/0000/HiForestMiniAOD_188.root
Time elapsed: 3023 seconds
File Contains: 136000 entries.
NMiss: 310815 | NFake: 508712 | NMatch: 8054984
Processing file 98 of 817: /eos/cms/store/group/phys_heavyions/hbossi/mc_productions/QCD-dijet_pThat15-event-weighted_TuneCP5_5p36TeV_pythia8/OO_MC_DijetEmbedded_pThat-15to1200_TuneCP5_5p36TeV_pythia8/260306_002843/0000/HiForestMiniAOD_189.root
Time elapsed: 3046 seconds
File Contains: 94000 entries.
NMiss: 313168 | NFake: 512586 | NMatch: 8118025
Processing file 99 of 817: /eos/cms/store/group/phys_heavyions/hbossi/mc_productions/QCD-dijet_pThat15-event-weighted_TuneCP5_5p36TeV_pythia8/OO_MC_DijetEmbedded_pThat-15to1200_TuneCP5_5p36TeV_pythia8/260306_002843/0000/HiForestMiniAOD_19.root
Time elapsed: 3070 seconds
File Contains: 101000 entries.
NMiss: 315757 | NFake: 516946 | NMatch: 8185969
Processing file 100 of 817: /eos/cms/store/group/phys_heavyions/hbossi/mc_productions/QCD-dijet_pThat15-event-weighted_TuneCP5_5p36TeV_pythia8/OO_MC_DijetEmbedded_pThat-15to1200_TuneCP5_5p36TeV_pythia8/260306_002843/0000/HiForestMiniAOD_190.root
Time elapsed: 3092 seconds
File Contains: 149000 entries.
NMiss: 319594 | NFake: 523272 | NMatch: 8285495
Processing file 101 of 817: /eos/cms/store/group/phys_heavyions/hbossi/mc_productions/QCD-dijet_pThat15-event-weighted_TuneCP5_5p36TeV_pythia8/OO_MC_DijetEmbedded_pThat-15to1200_TuneCP5_5p36TeV_pythia8/260306_002843/0000/HiForestMiniAOD_191.root
Time elapsed: 3121 seconds
File Contains: 116000 entries.
NMiss: 322585 | NFake: 528207 | NMatch: 8363139
Processing file 102 of 817: /eos/cms/store/group/phys_heavyions/hbossi/mc_productions/QCD-dijet_pThat15-event-weighted_TuneCP5_5p36TeV_pythia8/OO_MC_DijetEmbedded_pThat-15to1200_TuneCP5_5p36TeV_pythia8/260306_002843/0000/HiForestMiniAOD_192.root
Time elapsed: 3142 seconds
File Contains: 118000 entries.
NMiss: 325665 | NFake: 533233 | NMatch: 8442169
Processing file 103 of 817: /eos/cms/store/group/phys_heavyions/hbossi/mc_productions/QCD-dijet_pThat15-event-weighted_TuneCP5_5p36TeV_pythia8/OO_MC_DijetEmbedded_pThat-15to1200_TuneCP5_5p36TeV_pythia8/260306_002843/0000/HiForestMiniAOD_193.root
Time elapsed: 3160 seconds
File Contains: 142000 entries.
NMiss: 329308 | NFake: 539271 | NMatch: 8537452
Processing file 104 of 817: /eos/cms/store/group/phys_heavyions/hbossi/mc_productions/QCD-dijet_pThat15-event-weighted_TuneCP5_5p36TeV_pythia8/OO_MC_DijetEmbedded_pThat-15to1200_TuneCP5_5p36TeV_pythia8/260306_002843/0000/HiForestMiniAOD_194.root
Time elapsed: 3182 seconds
File Contains: 144000 entries.
NMiss: 332930 | NFake: 545469 | NMatch: 8633639
Processing file 105 of 817: /eos/cms/store/group/phys_heavyions/hbossi/mc_productions/QCD-dijet_pThat15-event-weighted_TuneCP5_5p36TeV_pythia8/OO_MC_DijetEmbedded_pThat-15to1200_TuneCP5_5p36TeV_pythia8/260306_002843/0000/HiForestMiniAOD_195.root
Time elapsed: 3204 seconds
File Contains: 124000 entries.
NMiss: 336125 | NFake: 550732 | NMatch: 8716809
Processing file 106 of 817: /eos/cms/store/group/phys_heavyions/hbossi/mc_productions/QCD-dijet_pThat15-event-weighted_TuneCP5_5p36TeV_pythia8/OO_MC_DijetEmbedded_pThat-15to1200_TuneCP5_5p36TeV_pythia8/260306_002843/0000/HiForestMiniAOD_196.root
Time elapsed: 3231 seconds
File Contains: 153000 entries.
NMiss: 340159 | NFake: 557391 | NMatch: 8819335
Processing file 107 of 817: /eos/cms/store/group/phys_heavyions/hbossi/mc_productions/QCD-dijet_pThat15-event-weighted_TuneCP5_5p36TeV_pythia8/OO_MC_DijetEmbedded_pThat-15to1200_TuneCP5_5p36TeV_pythia8/260306_002843/0000/HiForestMiniAOD_197.root
Time elapsed: 3257 seconds
File Contains: 105000 entries.
NMiss: 342863 | NFake: 561819 | NMatch: 8889855
Processing file 108 of 817: /eos/cms/store/group/phys_heavyions/hbossi/mc_productions/QCD-dijet_pThat15-event-weighted_TuneCP5_5p36TeV_pythia8/OO_MC_DijetEmbedded_pThat-15to1200_TuneCP5_5p36TeV_pythia8/260306_002843/0000/HiForestMiniAOD_198.root
Time elapsed: 3295 seconds
File Contains: 117000 entries.
NMiss: 345875 | NFake: 566740 | NMatch: 8968135
Processing file 109 of 817: /eos/cms/store/group/phys_heavyions/hbossi/mc_productions/QCD-dijet_pThat15-event-weighted_TuneCP5_5p36TeV_pythia8/OO_MC_DijetEmbedded_pThat-15to1200_TuneCP5_5p36TeV_pythia8/260306_002843/0000/HiForestMiniAOD_199.root
Time elapsed: 3313 seconds
File Contains: 114000 entries.
NMiss: 348767 | NFake: 571669 | NMatch: 9044223
Processing file 110 of 817: /eos/cms/store/group/phys_heavyions/hbossi/mc_productions/QCD-dijet_pThat15-event-weighted_TuneCP5_5p36TeV_pythia8/OO_MC_DijetEmbedded_pThat-15to1200_TuneCP5_5p36TeV_pythia8/260306_002843/0000/HiForestMiniAOD_2.root
Time elapsed: 3337 seconds
File Contains: 110000 entries.
NMiss: 351642 | NFake: 576265 | NMatch: 9118304
Processing file 111 of 817: /eos/cms/store/group/phys_heavyions/hbossi/mc_productions/QCD-dijet_pThat15-event-weighted_TuneCP5_5p36TeV_pythia8/OO_MC_DijetEmbedded_pThat-15to1200_TuneCP5_5p36TeV_pythia8/260306_002843/0000/HiForestMiniAOD_20.root
Time elapsed: 3358 seconds
File Contains: 97000 entries.
NMiss: 354198 | NFake: 580386 | NMatch: 9183090
Processing file 112 of 817: /eos/cms/store/group/phys_heavyions/hbossi/mc_productions/QCD-dijet_pThat15-event-weighted_TuneCP5_5p36TeV_pythia8/OO_MC_DijetEmbedded_pThat-15to1200_TuneCP5_5p36TeV_pythia8/260306_002843/0000/HiForestMiniAOD_200.root
Time elapsed: 3382 seconds
File Contains: 125000 entries.
NMiss: 357482 | NFake: 585630 | NMatch: 9267092
Processing file 113 of 817: /eos/cms/store/group/phys_heavyions/hbossi/mc_productions/QCD-dijet_pThat15-event-weighted_TuneCP5_5p36TeV_pythia8/OO_MC_DijetEmbedded_pThat-15to1200_TuneCP5_5p36TeV_pythia8/260306_002843/0000/HiForestMiniAOD_201.root
Time elapsed: 3405 seconds
File Contains: 103000 entries.
NMiss: 360184 | NFake: 589945 | NMatch: 9335969
Processing file 114 of 817: /eos/cms/store/group/phys_heavyions/hbossi/mc_productions/QCD-dijet_pThat15-event-weighted_TuneCP5_5p36TeV_pythia8/OO_MC_DijetEmbedded_pThat-15to1200_TuneCP5_5p36TeV_pythia8/260306_002843/0000/HiForestMiniAOD_202.root
Time elapsed: 3423 seconds
File Contains: 132000 entries.
NMiss: 363662 | NFake: 595688 | NMatch: 9424282
Processing file 115 of 817: /eos/cms/store/group/phys_heavyions/hbossi/mc_productions/QCD-dijet_pThat15-event-weighted_TuneCP5_5p36TeV_pythia8/OO_MC_DijetEmbedded_pThat-15to1200_TuneCP5_5p36TeV_pythia8/260306_002843/0000/HiForestMiniAOD_203.root
Time elapsed: 3447 seconds
File Contains: 140000 entries.
NMiss: 367255 | NFake: 601691 | NMatch: 9517762
Processing file 116 of 817: /eos/cms/store/group/phys_heavyions/hbossi/mc_productions/QCD-dijet_pThat15-event-weighted_TuneCP5_5p36TeV_pythia8/OO_MC_DijetEmbedded_pThat-15to1200_TuneCP5_5p36TeV_pythia8/260306_002843/0000/HiForestMiniAOD_204.root
Time elapsed: 3471 seconds
File Contains: 135000 entries.
NMiss: 370794 | NFake: 607276 | NMatch: 9607299
Processing file 117 of 817: /eos/cms/store/group/phys_heavyions/hbossi/mc_productions/QCD-dijet_pThat15-event-weighted_TuneCP5_5p36TeV_pythia8/OO_MC_DijetEmbedded_pThat-15to1200_TuneCP5_5p36TeV_pythia8/260306_002843/0000/HiForestMiniAOD_205.root
Time elapsed: 3496 seconds
File Contains: 142000 entries.
NMiss: 374511 | NFake: 613160 | NMatch: 9702543
Processing file 118 of 817: /eos/cms/store/group/phys_heavyions/hbossi/mc_productions/QCD-dijet_pThat15-event-weighted_TuneCP5_5p36TeV_pythia8/OO_MC_DijetEmbedded_pThat-15to1200_TuneCP5_5p36TeV_pythia8/260306_002843/0000/HiForestMiniAOD_206.root
Time elapsed: 3519 seconds
File Contains: 129000 entries.
NMiss: 377884 | NFake: 618686 | NMatch: 9788963
Processing file 119 of 817: /eos/cms/store/group/phys_heavyions/hbossi/mc_productions/QCD-dijet_pThat15-event-weighted_TuneCP5_5p36TeV_pythia8/OO_MC_DijetEmbedded_pThat-15to1200_TuneCP5_5p36TeV_pythia8/260306_002843/0000/HiForestMiniAOD_207.root
Time elapsed: 3543 seconds
File Contains: 103000 entries.
NMiss: 380571 | NFake: 623024 | NMatch: 9857877
Processing file 120 of 817: /eos/cms/store/group/phys_heavyions/hbossi/mc_productions/QCD-dijet_pThat15-event-weighted_TuneCP5_5p36TeV_pythia8/OO_MC_DijetEmbedded_pThat-15to1200_TuneCP5_5p36TeV_pythia8/260306_002843/0000/HiForestMiniAOD_208.root
Time elapsed: 3566 seconds
File Contains: 123000 entries.
NMiss: 383854 | NFake: 628162 | NMatch: 9940411
Processing file 121 of 817: /eos/cms/store/group/phys_heavyions/hbossi/mc_productions/QCD-dijet_pThat15-event-weighted_TuneCP5_5p36TeV_pythia8/OO_MC_DijetEmbedded_pThat-15to1200_TuneCP5_5p36TeV_pythia8/260306_002843/0000/HiForestMiniAOD_209.root
Time elapsed: 3629 seconds
File Contains: 98000 entries.
NMiss: 386423 | NFake: 632377 | NMatch: 10005519
Processing file 122 of 817: /eos/cms/store/group/phys_heavyions/hbossi/mc_productions/QCD-dijet_pThat15-event-weighted_TuneCP5_5p36TeV_pythia8/OO_MC_DijetEmbedded_pThat-15to1200_TuneCP5_5p36TeV_pythia8/260306_002843/0000/HiForestMiniAOD_21.root
Time elapsed: 3703 seconds
File Contains: 93000 entries.
NMiss: 388882 | NFake: 636362 | NMatch: 10068138
Processing file 123 of 817: /eos/cms/store/group/phys_heavyions/hbossi/mc_productions/QCD-dijet_pThat15-event-weighted_TuneCP5_5p36TeV_pythia8/OO_MC_DijetEmbedded_pThat-15to1200_TuneCP5_5p36TeV_pythia8/260306_002843/0000/HiForestMiniAOD_210.root
Time elapsed: 3724 seconds
File Contains: 132000 entries.
NMiss: 392323 | NFake: 641881 | NMatch: 10156743
Processing file 124 of 817: /eos/cms/store/group/phys_heavyions/hbossi/mc_productions/QCD-dijet_pThat15-event-weighted_TuneCP5_5p36TeV_pythia8/OO_MC_DijetEmbedded_pThat-15to1200_TuneCP5_5p36TeV_pythia8/260306_002843/0000/HiForestMiniAOD_211.root
Time elapsed: 3760 seconds
File Contains: 109000 entries.
NMiss: 395183 | NFake: 646587 | NMatch: 10229127
Processing file 125 of 817: /eos/cms/store/group/phys_heavyions/hbossi/mc_productions/QCD-dijet_pThat15-event-weighted_TuneCP5_5p36TeV_pythia8/OO_MC_DijetEmbedded_pThat-15to1200_TuneCP5_5p36TeV_pythia8/260306_002843/0000/HiForestMiniAOD_212.root
Time elapsed: 3809 seconds
File Contains: 138000 entries.
NMiss: 398739 | NFake: 652393 | NMatch: 10322013
Processing file 126 of 817: /eos/cms/store/group/phys_heavyions/hbossi/mc_productions/QCD-dijet_pThat15-event-weighted_TuneCP5_5p36TeV_pythia8/OO_MC_DijetEmbedded_pThat-15to1200_TuneCP5_5p36TeV_pythia8/260306_002843/0000/HiForestMiniAOD_213.root
Time elapsed: 3873 seconds
File Contains: 139000 entries.
NMiss: 402426 | NFake: 658288 | NMatch: 10415308
Processing file 127 of 817: /eos/cms/store/group/phys_heavyions/hbossi/mc_productions/QCD-dijet_pThat15-event-weighted_TuneCP5_5p36TeV_pythia8/OO_MC_DijetEmbedded_pThat-15to1200_TuneCP5_5p36TeV_pythia8/260306_002843/0000/HiForestMiniAOD_214.root
Time elapsed: 3903 seconds
File Contains: 115000 entries.
NMiss: 405516 | NFake: 663235 | NMatch: 10492380
Processing file 128 of 817: /eos/cms/store/group/phys_heavyions/hbossi/mc_productions/QCD-dijet_pThat15-event-weighted_TuneCP5_5p36TeV_pythia8/OO_MC_DijetEmbedded_pThat-15to1200_TuneCP5_5p36TeV_pythia8/260306_002843/0000/HiForestMiniAOD_215.root
Time elapsed: 3925 seconds
File Contains: 114000 entries.
NMiss: 408487 | NFake: 668138 | NMatch: 10568675
Processing file 129 of 817: /eos/cms/store/group/phys_heavyions/hbossi/mc_productions/QCD-dijet_pThat15-event-weighted_TuneCP5_5p36TeV_pythia8/OO_MC_DijetEmbedded_pThat-15to1200_TuneCP5_5p36TeV_pythia8/260306_002843/0000/HiForestMiniAOD_216.root
Time elapsed: 3947 seconds
File Contains: 163000 entries.
NMiss: 412585 | NFake: 675069 | NMatch: 10678223
Processing file 130 of 817: /eos/cms/store/group/phys_heavyions/hbossi/mc_productions/QCD-dijet_pThat15-event-weighted_TuneCP5_5p36TeV_pythia8/OO_MC_DijetEmbedded_pThat-15to1200_TuneCP5_5p36TeV_pythia8/260306_002843/0000/HiForestMiniAOD_217.root
Time elapsed: 3994 seconds
File Contains: 99000 entries.
NMiss: 415106 | NFake: 679106 | NMatch: 10744420
Processing file 131 of 817: /eos/cms/store/group/phys_heavyions/hbossi/mc_productions/QCD-dijet_pThat15-event-weighted_TuneCP5_5p36TeV_pythia8/OO_MC_DijetEmbedded_pThat-15to1200_TuneCP5_5p36TeV_pythia8/260306_002843/0000/HiForestMiniAOD_218.root
Time elapsed: 4040 seconds
File Contains: 144000 entries.
NMiss: 418788 | NFake: 685131 | NMatch: 10841199
Processing file 132 of 817: /eos/cms/store/group/phys_heavyions/hbossi/mc_productions/QCD-dijet_pThat15-event-weighted_TuneCP5_5p36TeV_pythia8/OO_MC_DijetEmbedded_pThat-15to1200_TuneCP5_5p36TeV_pythia8/260306_002843/0000/HiForestMiniAOD_219.root
Time elapsed: 4065 seconds
File Contains: 141000 entries.
NMiss: 422438 | NFake: 691156 | NMatch: 10935835
Processing file 133 of 817: /eos/cms/store/group/phys_heavyions/hbossi/mc_productions/QCD-dijet_pThat15-event-weighted_TuneCP5_5p36TeV_pythia8/OO_MC_DijetEmbedded_pThat-15to1200_TuneCP5_5p36TeV_pythia8/260306_002843/0000/HiForestMiniAOD_22.root
Time elapsed: 4091 seconds
File Contains: 140000 entries.
NMiss: 426098 | NFake: 696956 | NMatch: 11029558
Processing file 134 of 817: /eos/cms/store/group/phys_heavyions/hbossi/mc_productions/QCD-dijet_pThat15-event-weighted_TuneCP5_5p36TeV_pythia8/OO_MC_DijetEmbedded_pThat-15to1200_TuneCP5_5p36TeV_pythia8/260306_002843/0000/HiForestMiniAOD_220.root
Time elapsed: 4151 seconds
File Contains: 135000 entries.
NMiss: 429585 | NFake: 702665 | NMatch: 11120567
Processing file 135 of 817: /eos/cms/store/group/phys_heavyions/hbossi/mc_productions/QCD-dijet_pThat15-event-weighted_TuneCP5_5p36TeV_pythia8/OO_MC_DijetEmbedded_pThat-15to1200_TuneCP5_5p36TeV_pythia8/260306_002843/0000/HiForestMiniAOD_221.root
Time elapsed: 4178 seconds
File Contains: 123000 entries.
NMiss: 432831 | NFake: 707953 | NMatch: 11202537
Processing file 136 of 817: /eos/cms/store/group/phys_heavyions/hbossi/mc_productions/QCD-dijet_pThat15-event-weighted_TuneCP5_5p36TeV_pythia8/OO_MC_DijetEmbedded_pThat-15to1200_TuneCP5_5p36TeV_pythia8/260306_002843/0000/HiForestMiniAOD_222.root
Time elapsed: 4202 seconds
File Contains: 127000 entries.
NMiss: 436054 | NFake: 713533 | NMatch: 11287703
Processing file 137 of 817: /eos/cms/store/group/phys_heavyions/hbossi/mc_productions/QCD-dijet_pThat15-event-weighted_TuneCP5_5p36TeV_pythia8/OO_MC_DijetEmbedded_pThat-15to1200_TuneCP5_5p36TeV_pythia8/260306_002843/0000/HiForestMiniAOD_223.root
Time elapsed: 4227 seconds
File Contains: 162000 entries.
NMiss: 440314 | NFake: 720388 | NMatch: 11396521
Processing file 138 of 817: /eos/cms/store/group/phys_heavyions/hbossi/mc_productions/QCD-dijet_pThat15-event-weighted_TuneCP5_5p36TeV_pythia8/OO_MC_DijetEmbedded_pThat-15to1200_TuneCP5_5p36TeV_pythia8/260306_002843/0000/HiForestMiniAOD_224.root
Time elapsed: 4255 seconds
File Contains: 142000 entries.
NMiss: 443995 | NFake: 726292 | NMatch: 11491472
Processing file 139 of 817: /eos/cms/store/group/phys_heavyions/hbossi/mc_productions/QCD-dijet_pThat15-event-weighted_TuneCP5_5p36TeV_pythia8/OO_MC_DijetEmbedded_pThat-15to1200_TuneCP5_5p36TeV_pythia8/260306_002843/0000/HiForestMiniAOD_225.root
Time elapsed: 4274 seconds
File Contains: 122000 entries.
NMiss: 447147 | NFake: 731514 | NMatch: 11573190
Processing file 140 of 817: /eos/cms/store/group/phys_heavyions/hbossi/mc_productions/QCD-dijet_pThat15-event-weighted_TuneCP5_5p36TeV_pythia8/OO_MC_DijetEmbedded_pThat-15to1200_TuneCP5_5p36TeV_pythia8/260306_002843/0000/HiForestMiniAOD_226.root
Time elapsed: 4299 seconds
File Contains: 150000 entries.
NMiss: 450969 | NFake: 737998 | NMatch: 11672948
Processing file 141 of 817: /eos/cms/store/group/phys_heavyions/hbossi/mc_productions/QCD-dijet_pThat15-event-weighted_TuneCP5_5p36TeV_pythia8/OO_MC_DijetEmbedded_pThat-15to1200_TuneCP5_5p36TeV_pythia8/260306_002843/0000/HiForestMiniAOD_227.root
Time elapsed: 4323 seconds
File Contains: 106000 entries.
NMiss: 453713 | NFake: 742388 | NMatch: 11743979
Processing file 142 of 817: /eos/cms/store/group/phys_heavyions/hbossi/mc_productions/QCD-dijet_pThat15-event-weighted_TuneCP5_5p36TeV_pythia8/OO_MC_DijetEmbedded_pThat-15to1200_TuneCP5_5p36TeV_pythia8/260306_002843/0000/HiForestMiniAOD_228.root
Time elapsed: 4348 seconds
File Contains: 112000 entries.
NMiss: 456551 | NFake: 747117 | NMatch: 11818955
Processing file 143 of 817: /eos/cms/store/group/phys_heavyions/hbossi/mc_productions/QCD-dijet_pThat15-event-weighted_TuneCP5_5p36TeV_pythia8/OO_MC_DijetEmbedded_pThat-15to1200_TuneCP5_5p36TeV_pythia8/260306_002843/0000/HiForestMiniAOD_229.root
Time elapsed: 4405 seconds
File Contains: 90000 entries.
NMiss: 458821 | NFake: 750887 | NMatch: 11879382
Processing file 144 of 817: /eos/cms/store/group/phys_heavyions/hbossi/mc_productions/QCD-dijet_pThat15-event-weighted_TuneCP5_5p36TeV_pythia8/OO_MC_DijetEmbedded_pThat-15to1200_TuneCP5_5p36TeV_pythia8/260306_002843/0000/HiForestMiniAOD_23.root
Time elapsed: 4442 seconds
File Contains: 101000 entries.
NMiss: 461318 | NFake: 755053 | NMatch: 11947045
Processing file 145 of 817: /eos/cms/store/group/phys_heavyions/hbossi/mc_productions/QCD-dijet_pThat15-event-weighted_TuneCP5_5p36TeV_pythia8/OO_MC_DijetEmbedded_pThat-15to1200_TuneCP5_5p36TeV_pythia8/260306_002843/0000/HiForestMiniAOD_230.root
Time elapsed: 4461 seconds
File Contains: 121000 entries.
NMiss: 464391 | NFake: 760287 | NMatch: 12027900
Processing file 146 of 817: /eos/cms/store/group/phys_heavyions/hbossi/mc_productions/QCD-dijet_pThat15-event-weighted_TuneCP5_5p36TeV_pythia8/OO_MC_DijetEmbedded_pThat-15to1200_TuneCP5_5p36TeV_pythia8/260306_002843/0000/HiForestMiniAOD_231.root
Time elapsed: 4480 seconds
File Contains: 106000 entries.
NMiss: 467164 | NFake: 764652 | NMatch: 12098725
Processing file 147 of 817: /eos/cms/store/group/phys_heavyions/hbossi/mc_productions/QCD-dijet_pThat15-event-weighted_TuneCP5_5p36TeV_pythia8/OO_MC_DijetEmbedded_pThat-15to1200_TuneCP5_5p36TeV_pythia8/260306_002843/0000/HiForestMiniAOD_232.root
Time elapsed: 4500 seconds
File Contains: 157000 entries.
NMiss: 471179 | NFake: 771314 | NMatch: 12204092
Processing file 148 of 817: /eos/cms/store/group/phys_heavyions/hbossi/mc_productions/QCD-dijet_pThat15-event-weighted_TuneCP5_5p36TeV_pythia8/OO_MC_DijetEmbedded_pThat-15to1200_TuneCP5_5p36TeV_pythia8/260306_002843/0000/HiForestMiniAOD_233.root
Time elapsed: 4538 seconds
File Contains: 131000 entries.
NMiss: 474516 | NFake: 776892 | NMatch: 12292024
Processing file 149 of 817: /eos/cms/store/group/phys_heavyions/hbossi/mc_productions/QCD-dijet_pThat15-event-weighted_TuneCP5_5p36TeV_pythia8/OO_MC_DijetEmbedded_pThat-15to1200_TuneCP5_5p36TeV_pythia8/260306_002843/0000/HiForestMiniAOD_234.root
Time elapsed: 4562 seconds
File Contains: 129000 entries.
NMiss: 477897 | NFake: 782217 | NMatch: 12378681
Processing file 150 of 817: /eos/cms/store/group/phys_heavyions/hbossi/mc_productions/QCD-dijet_pThat15-event-weighted_TuneCP5_5p36TeV_pythia8/OO_MC_DijetEmbedded_pThat-15to1200_TuneCP5_5p36TeV_pythia8/260306_002843/0000/HiForestMiniAOD_235.root
Time elapsed: 4586 seconds
File Contains: 104000 entries.
NMiss: 480722 | NFake: 786541 | NMatch: 12448243
Processing file 151 of 817: /eos/cms/store/group/phys_heavyions/hbossi/mc_productions/QCD-dijet_pThat15-event-weighted_TuneCP5_5p36TeV_pythia8/OO_MC_DijetEmbedded_pThat-15to1200_TuneCP5_5p36TeV_pythia8/260306_002843/0000/HiForestMiniAOD_236.root
Time elapsed: 4606 seconds
File Contains: 133000 entries.
NMiss: 484191 | NFake: 792127 | NMatch: 12536970
Processing file 152 of 817: /eos/cms/store/group/phys_heavyions/hbossi/mc_productions/QCD-dijet_pThat15-event-weighted_TuneCP5_5p36TeV_pythia8/OO_MC_DijetEmbedded_pThat-15to1200_TuneCP5_5p36TeV_pythia8/260306_002843/0000/HiForestMiniAOD_237.root
Time elapsed: 4654 seconds
File Contains: 116000 entries.
NMiss: 487154 | NFake: 796990 | NMatch: 12614487
Processing file 153 of 817: /eos/cms/store/group/phys_heavyions/hbossi/mc_productions/QCD-dijet_pThat15-event-weighted_TuneCP5_5p36TeV_pythia8/OO_MC_DijetEmbedded_pThat-15to1200_TuneCP5_5p36TeV_pythia8/260306_002843/0000/HiForestMiniAOD_238.root
Time elapsed: 4678 seconds
File Contains: 111000 entries.
NMiss: 490012 | NFake: 801837 | NMatch: 12688937
Processing file 154 of 817: /eos/cms/store/group/phys_heavyions/hbossi/mc_productions/QCD-dijet_pThat15-event-weighted_TuneCP5_5p36TeV_pythia8/OO_MC_DijetEmbedded_pThat-15to1200_TuneCP5_5p36TeV_pythia8/260306_002843/0000/HiForestMiniAOD_239.root
Time elapsed: 4698 seconds
File Contains: 154000 entries.
NMiss: 494011 | NFake: 808338 | NMatch: 12792337
Processing file 155 of 817: /eos/cms/store/group/phys_heavyions/hbossi/mc_productions/QCD-dijet_pThat15-event-weighted_TuneCP5_5p36TeV_pythia8/OO_MC_DijetEmbedded_pThat-15to1200_TuneCP5_5p36TeV_pythia8/260306_002843/0000/HiForestMiniAOD_24.root
Time elapsed: 4725 seconds
File Contains: 112000 entries.
NMiss: 496816 | NFake: 813132 | NMatch: 12867518
Processing file 156 of 817: /eos/cms/store/group/phys_heavyions/hbossi/mc_productions/QCD-dijet_pThat15-event-weighted_TuneCP5_5p36TeV_pythia8/OO_MC_DijetEmbedded_pThat-15to1200_TuneCP5_5p36TeV_pythia8/260306_002843/0000/HiForestMiniAOD_240.root
Time elapsed: 4750 seconds
File Contains: 119000 entries.
NMiss: 499964 | NFake: 818185 | NMatch: 12947623
Processing file 157 of 817: /eos/cms/store/group/phys_heavyions/hbossi/mc_productions/QCD-dijet_pThat15-event-weighted_TuneCP5_5p36TeV_pythia8/OO_MC_DijetEmbedded_pThat-15to1200_TuneCP5_5p36TeV_pythia8/260306_002843/0000/HiForestMiniAOD_241.root
Time elapsed: 4777 seconds
File Contains: 106000 entries.
NMiss: 502734 | NFake: 822556 | NMatch: 13018533
Processing file 158 of 817: /eos/cms/store/group/phys_heavyions/hbossi/mc_productions/QCD-dijet_pThat15-event-weighted_TuneCP5_5p36TeV_pythia8/OO_MC_DijetEmbedded_pThat-15to1200_TuneCP5_5p36TeV_pythia8/260306_002843/0000/HiForestMiniAOD_242.root
Time elapsed: 4798 seconds
File Contains: 108000 entries.
NMiss: 505513 | NFake: 827221 | NMatch: 13090347
Processing file 159 of 817: /eos/cms/store/group/phys_heavyions/hbossi/mc_productions/QCD-dijet_pThat15-event-weighted_TuneCP5_5p36TeV_pythia8/OO_MC_DijetEmbedded_pThat-15to1200_TuneCP5_5p36TeV_pythia8/260306_002843/0000/HiForestMiniAOD_243.root
Time elapsed: 4820 seconds
File Contains: 142000 entries.
NMiss: 509160 | NFake: 833172 | NMatch: 13185263
Processing file 160 of 817: /eos/cms/store/group/phys_heavyions/hbossi/mc_productions/QCD-dijet_pThat15-event-weighted_TuneCP5_5p36TeV_pythia8/OO_MC_DijetEmbedded_pThat-15to1200_TuneCP5_5p36TeV_pythia8/260306_002843/0000/HiForestMiniAOD_244.root
Time elapsed: 4842 seconds
File Contains: 166000 entries.
NMiss: 513549 | NFake: 840296 | NMatch: 13296534
Processing file 161 of 817: /eos/cms/store/group/phys_heavyions/hbossi/mc_productions/QCD-dijet_pThat15-event-weighted_TuneCP5_5p36TeV_pythia8/OO_MC_DijetEmbedded_pThat-15to1200_TuneCP5_5p36TeV_pythia8/260306_002843/0000/HiForestMiniAOD_245.root
Time elapsed: 4916 seconds
File Contains: 88000 entries.
NMiss: 515846 | NFake: 844178 | NMatch: 13355472
Processing file 162 of 817: /eos/cms/store/group/phys_heavyions/hbossi/mc_productions/QCD-dijet_pThat15-event-weighted_TuneCP5_5p36TeV_pythia8/OO_MC_DijetEmbedded_pThat-15to1200_TuneCP5_5p36TeV_pythia8/260306_002843/0000/HiForestMiniAOD_246.root
Time elapsed: 4953 seconds
File Contains: 121000 entries.
NMiss: 519010 | NFake: 849238 | NMatch: 13436653
Processing file 163 of 817: /eos/cms/store/group/phys_heavyions/hbossi/mc_productions/QCD-dijet_pThat15-event-weighted_TuneCP5_5p36TeV_pythia8/OO_MC_DijetEmbedded_pThat-15to1200_TuneCP5_5p36TeV_pythia8/260306_002843/0000/HiForestMiniAOD_247.root
Time elapsed: 4977 seconds
File Contains: 127000 entries.
NMiss: 522392 | NFake: 854648 | NMatch: 13522118
Processing file 164 of 817: /eos/cms/store/group/phys_heavyions/hbossi/mc_productions/QCD-dijet_pThat15-event-weighted_TuneCP5_5p36TeV_pythia8/OO_MC_DijetEmbedded_pThat-15to1200_TuneCP5_5p36TeV_pythia8/260306_002843/0000/HiForestMiniAOD_248.root
Time elapsed: 5003 seconds
File Contains: 119000 entries.
NMiss: 525592 | NFake: 859691 | NMatch: 13601746
Processing file 165 of 817: /eos/cms/store/group/phys_heavyions/hbossi/mc_productions/QCD-dijet_pThat15-event-weighted_TuneCP5_5p36TeV_pythia8/OO_MC_DijetEmbedded_pThat-15to1200_TuneCP5_5p36TeV_pythia8/260306_002843/0000/HiForestMiniAOD_249.root
Time elapsed: 5082 seconds
File Contains: 147000 entries.
NMiss: 529385 | NFake: 865957 | NMatch: 13700109
Processing file 166 of 817: /eos/cms/store/group/phys_heavyions/hbossi/mc_productions/QCD-dijet_pThat15-event-weighted_TuneCP5_5p36TeV_pythia8/OO_MC_DijetEmbedded_pThat-15to1200_TuneCP5_5p36TeV_pythia8/260306_002843/0000/HiForestMiniAOD_25.root
Time elapsed: 5150 seconds
File Contains: 101000 entries.
NMiss: 532028 | NFake: 870278 | NMatch: 13768445
Processing file 167 of 817: /eos/cms/store/group/phys_heavyions/hbossi/mc_productions/QCD-dijet_pThat15-event-weighted_TuneCP5_5p36TeV_pythia8/OO_MC_DijetEmbedded_pThat-15to1200_TuneCP5_5p36TeV_pythia8/260306_002843/0000/HiForestMiniAOD_250.root
Time elapsed: 5193 seconds
File Contains: 126000 entries.
NMiss: 535238 | NFake: 875682 | NMatch: 13853280
Processing file 168 of 817: /eos/cms/store/group/phys_heavyions/hbossi/mc_productions/QCD-dijet_pThat15-event-weighted_TuneCP5_5p36TeV_pythia8/OO_MC_DijetEmbedded_pThat-15to1200_TuneCP5_5p36TeV_pythia8/260306_002843/0000/HiForestMiniAOD_251.root
Time elapsed: 5214 seconds
File Contains: 107000 entries.
NMiss: 537993 | NFake: 880183 | NMatch: 13924850
Processing file 169 of 817: /eos/cms/store/group/phys_heavyions/hbossi/mc_productions/QCD-dijet_pThat15-event-weighted_TuneCP5_5p36TeV_pythia8/OO_MC_DijetEmbedded_pThat-15to1200_TuneCP5_5p36TeV_pythia8/260306_002843/0000/HiForestMiniAOD_252.root
Time elapsed: 5258 seconds
File Contains: 128000 entries.
NMiss: 541283 | NFake: 885446 | NMatch: 14010363
Processing file 170 of 817: /eos/cms/store/group/phys_heavyions/hbossi/mc_productions/QCD-dijet_pThat15-event-weighted_TuneCP5_5p36TeV_pythia8/OO_MC_DijetEmbedded_pThat-15to1200_TuneCP5_5p36TeV_pythia8/260306_002843/0000/HiForestMiniAOD_253.root
Time elapsed: 5284 seconds
File Contains: 143000 entries.
NMiss: 544948 | NFake: 891479 | NMatch: 14106571
Processing file 171 of 817: /eos/cms/store/group/phys_heavyions/hbossi/mc_productions/QCD-dijet_pThat15-event-weighted_TuneCP5_5p36TeV_pythia8/OO_MC_DijetEmbedded_pThat-15to1200_TuneCP5_5p36TeV_pythia8/260306_002843/0000/HiForestMiniAOD_254.root
Time elapsed: 5342 seconds
File Contains: 167000 entries.
NMiss: 549303 | NFake: 898568 | NMatch: 14218649
Processing file 172 of 817: /eos/cms/store/group/phys_heavyions/hbossi/mc_productions/QCD-dijet_pThat15-event-weighted_TuneCP5_5p36TeV_pythia8/OO_MC_DijetEmbedded_pThat-15to1200_TuneCP5_5p36TeV_pythia8/260306_002843/0000/HiForestMiniAOD_255.root
Time elapsed: 5365 seconds
File Contains: 119000 entries.
NMiss: 552433 | NFake: 903640 | NMatch: 14298068
Processing file 173 of 817: /eos/cms/store/group/phys_heavyions/hbossi/mc_productions/QCD-dijet_pThat15-event-weighted_TuneCP5_5p36TeV_pythia8/OO_MC_DijetEmbedded_pThat-15to1200_TuneCP5_5p36TeV_pythia8/260306_002843/0000/HiForestMiniAOD_256.root
Time elapsed: 5427 seconds
File Contains: 102000 entries.
NMiss: 555149 | NFake: 907903 | NMatch: 14366198
Processing file 174 of 817: /eos/cms/store/group/phys_heavyions/hbossi/mc_productions/QCD-dijet_pThat15-event-weighted_TuneCP5_5p36TeV_pythia8/OO_MC_DijetEmbedded_pThat-15to1200_TuneCP5_5p36TeV_pythia8/260306_002843/0000/HiForestMiniAOD_257.root
Time elapsed: 5450 seconds
File Contains: 134000 entries.
NMiss: 558605 | NFake: 913558 | NMatch: 14456385
Processing file 175 of 817: /eos/cms/store/group/phys_heavyions/hbossi/mc_productions/QCD-dijet_pThat15-event-weighted_TuneCP5_5p36TeV_pythia8/OO_MC_DijetEmbedded_pThat-15to1200_TuneCP5_5p36TeV_pythia8/260306_002843/0000/HiForestMiniAOD_258.root
Time elapsed: 5475 seconds
File Contains: 162000 entries.
NMiss: 562774 | NFake: 920420 | NMatch: 14565889
Processing file 176 of 817: /eos/cms/store/group/phys_heavyions/hbossi/mc_productions/QCD-dijet_pThat15-event-weighted_TuneCP5_5p36TeV_pythia8/OO_MC_DijetEmbedded_pThat-15to1200_TuneCP5_5p36TeV_pythia8/260306_002843/0000/HiForestMiniAOD_259.root
Time elapsed: 5511 seconds
File Contains: 123000 entries.
NMiss: 565975 | NFake: 925555 | NMatch: 14649117
Processing file 177 of 817: /eos/cms/store/group/phys_heavyions/hbossi/mc_productions/QCD-dijet_pThat15-event-weighted_TuneCP5_5p36TeV_pythia8/OO_MC_DijetEmbedded_pThat-15to1200_TuneCP5_5p36TeV_pythia8/260306_002843/0000/HiForestMiniAOD_26.root
Time elapsed: 5540 seconds
File Contains: 96000 entries.
NMiss: 568417 | NFake: 929617 | NMatch: 14713027
Processing file 178 of 817: /eos/cms/store/group/phys_heavyions/hbossi/mc_productions/QCD-dijet_pThat15-event-weighted_TuneCP5_5p36TeV_pythia8/OO_MC_DijetEmbedded_pThat-15to1200_TuneCP5_5p36TeV_pythia8/260306_002843/0000/HiForestMiniAOD_260.root
Time elapsed: 5560 seconds
File Contains: 141000 entries.
NMiss: 572036 | NFake: 935595 | NMatch: 14807790
Processing file 179 of 817: /eos/cms/store/group/phys_heavyions/hbossi/mc_productions/QCD-dijet_pThat15-event-weighted_TuneCP5_5p36TeV_pythia8/OO_MC_DijetEmbedded_pThat-15to1200_TuneCP5_5p36TeV_pythia8/260306_002843/0000/HiForestMiniAOD_261.root
Time elapsed: 5582 seconds
File Contains: 112000 entries.
NMiss: 574827 | NFake: 940257 | NMatch: 14883198
Processing file 180 of 817: /eos/cms/store/group/phys_heavyions/hbossi/mc_productions/QCD-dijet_pThat15-event-weighted_TuneCP5_5p36TeV_pythia8/OO_MC_DijetEmbedded_pThat-15to1200_TuneCP5_5p36TeV_pythia8/260306_002843/0000/HiForestMiniAOD_262.root
Time elapsed: 5618 seconds
File Contains: 114000 entries.
NMiss: 577783 | NFake: 945075 | NMatch: 14959644
Processing file 181 of 817: /eos/cms/store/group/phys_heavyions/hbossi/mc_productions/QCD-dijet_pThat15-event-weighted_TuneCP5_5p36TeV_pythia8/OO_MC_DijetEmbedded_pThat-15to1200_TuneCP5_5p36TeV_pythia8/260306_002843/0000/HiForestMiniAOD_263.root
Time elapsed: 5635 seconds
File Contains: 162000 entries.
NMiss: 581892 | NFake: 951966 | NMatch: 15068085
Processing file 182 of 817: /eos/cms/store/group/phys_heavyions/hbossi/mc_productions/QCD-dijet_pThat15-event-weighted_TuneCP5_5p36TeV_pythia8/OO_MC_DijetEmbedded_pThat-15to1200_TuneCP5_5p36TeV_pythia8/260306_002843/0000/HiForestMiniAOD_264.root
Time elapsed: 5666 seconds
File Contains: 127000 entries.
NMiss: 585258 | NFake: 957467 | NMatch: 15153607
Processing file 183 of 817: /eos/cms/store/group/phys_heavyions/hbossi/mc_productions/QCD-dijet_pThat15-event-weighted_TuneCP5_5p36TeV_pythia8/OO_MC_DijetEmbedded_pThat-15to1200_TuneCP5_5p36TeV_pythia8/260306_002843/0000/HiForestMiniAOD_265.root
Time elapsed: 5696 seconds
File Contains: 104000 entries.
NMiss: 587926 | NFake: 961830 | NMatch: 15223655
Processing file 184 of 817: /eos/cms/store/group/phys_heavyions/hbossi/mc_productions/QCD-dijet_pThat15-event-weighted_TuneCP5_5p36TeV_pythia8/OO_MC_DijetEmbedded_pThat-15to1200_TuneCP5_5p36TeV_pythia8/260306_002843/0000/HiForestMiniAOD_266.root
Time elapsed: 5712 seconds
File Contains: 106000 entries.
NMiss: 590808 | NFake: 966356 | NMatch: 15294856
Processing file 185 of 817: /eos/cms/store/group/phys_heavyions/hbossi/mc_productions/QCD-dijet_pThat15-event-weighted_TuneCP5_5p36TeV_pythia8/OO_MC_DijetEmbedded_pThat-15to1200_TuneCP5_5p36TeV_pythia8/260306_002843/0000/HiForestMiniAOD_267.root
Time elapsed: 5732 seconds
File Contains: 131000 entries.
NMiss: 594126 | NFake: 971902 | NMatch: 15382267
Processing file 186 of 817: /eos/cms/store/group/phys_heavyions/hbossi/mc_productions/QCD-dijet_pThat15-event-weighted_TuneCP5_5p36TeV_pythia8/OO_MC_DijetEmbedded_pThat-15to1200_TuneCP5_5p36TeV_pythia8/260306_002843/0000/HiForestMiniAOD_268.root
Time elapsed: 5773 seconds
File Contains: 125000 entries.
NMiss: 597158 | NFake: 977243 | NMatch: 15465633
Processing file 187 of 817: /eos/cms/store/group/phys_heavyions/hbossi/mc_productions/QCD-dijet_pThat15-event-weighted_TuneCP5_5p36TeV_pythia8/OO_MC_DijetEmbedded_pThat-15to1200_TuneCP5_5p36TeV_pythia8/260306_002843/0000/HiForestMiniAOD_269.root
Time elapsed: 5792 seconds
File Contains: 124000 entries.
NMiss: 600397 | NFake: 982567 | NMatch: 15548917
Processing file 188 of 817: /eos/cms/store/group/phys_heavyions/hbossi/mc_productions/QCD-dijet_pThat15-event-weighted_TuneCP5_5p36TeV_pythia8/OO_MC_DijetEmbedded_pThat-15to1200_TuneCP5_5p36TeV_pythia8/260306_002843/0000/HiForestMiniAOD_27.root
Time elapsed: 5821 seconds
File Contains: 101000 entries.
NMiss: 602910 | NFake: 986896 | NMatch: 15616512
Processing file 189 of 817: /eos/cms/store/group/phys_heavyions/hbossi/mc_productions/QCD-dijet_pThat15-event-weighted_TuneCP5_5p36TeV_pythia8/OO_MC_DijetEmbedded_pThat-15to1200_TuneCP5_5p36TeV_pythia8/260306_002843/0000/HiForestMiniAOD_270.root
Time elapsed: 5840 seconds
File Contains: 123000 entries.
NMiss: 606129 | NFake: 991979 | NMatch: 15699366
Processing file 190 of 817: /eos/cms/store/group/phys_heavyions/hbossi/mc_productions/QCD-dijet_pThat15-event-weighted_TuneCP5_5p36TeV_pythia8/OO_MC_DijetEmbedded_pThat-15to1200_TuneCP5_5p36TeV_pythia8/260306_002843/0000/HiForestMiniAOD_271.root
Time elapsed: 5862 seconds
File Contains: 163000 entries.
NMiss: 610459 | NFake: 998890 | NMatch: 15809555
Processing file 191 of 817: /eos/cms/store/group/phys_heavyions/hbossi/mc_productions/QCD-dijet_pThat15-event-weighted_TuneCP5_5p36TeV_pythia8/OO_MC_DijetEmbedded_pThat-15to1200_TuneCP5_5p36TeV_pythia8/260306_002843/0000/HiForestMiniAOD_272.root
Time elapsed: 5886 seconds
File Contains: 122000 entries.
NMiss: 613585 | NFake: 1004036 | NMatch: 15891338
Processing file 192 of 817: /eos/cms/store/group/phys_heavyions/hbossi/mc_productions/QCD-dijet_pThat15-event-weighted_TuneCP5_5p36TeV_pythia8/OO_MC_DijetEmbedded_pThat-15to1200_TuneCP5_5p36TeV_pythia8/260306_002843/0000/HiForestMiniAOD_273.root
Time elapsed: 5910 seconds
File Contains: 111000 entries.
NMiss: 616440 | NFake: 1008759 | NMatch: 15965459
Processing file 193 of 817: /eos/cms/store/group/phys_heavyions/hbossi/mc_productions/QCD-dijet_pThat15-event-weighted_TuneCP5_5p36TeV_pythia8/OO_MC_DijetEmbedded_pThat-15to1200_TuneCP5_5p36TeV_pythia8/260306_002843/0000/HiForestMiniAOD_274.root
Time elapsed: 5937 seconds
File Contains: 133000 entries.
NMiss: 619797 | NFake: 1014266 | NMatch: 16054940
Processing file 194 of 817: /eos/cms/store/group/phys_heavyions/hbossi/mc_productions/QCD-dijet_pThat15-event-weighted_TuneCP5_5p36TeV_pythia8/OO_MC_DijetEmbedded_pThat-15to1200_TuneCP5_5p36TeV_pythia8/260306_002843/0000/HiForestMiniAOD_275.root
Time elapsed: 5963 seconds
File Contains: 118000 entries.
NMiss: 622850 | NFake: 1019240 | NMatch: 16134471
Processing file 195 of 817: /eos/cms/store/group/phys_heavyions/hbossi/mc_productions/QCD-dijet_pThat15-event-weighted_TuneCP5_5p36TeV_pythia8/OO_MC_DijetEmbedded_pThat-15to1200_TuneCP5_5p36TeV_pythia8/260306_002843/0000/HiForestMiniAOD_276.root
Time elapsed: 5993 seconds
File Contains: 165000 entries.
NMiss: 627117 | NFake: 1026160 | NMatch: 16245102
Processing file 196 of 817: /eos/cms/store/group/phys_heavyions/hbossi/mc_productions/QCD-dijet_pThat15-event-weighted_TuneCP5_5p36TeV_pythia8/OO_MC_DijetEmbedded_pThat-15to1200_TuneCP5_5p36TeV_pythia8/260306_002843/0000/HiForestMiniAOD_277.root
Time elapsed: 6024 seconds
File Contains: 126000 entries.
NMiss: 630291 | NFake: 1031518 | NMatch: 16329664
Processing file 197 of 817: /eos/cms/store/group/phys_heavyions/hbossi/mc_productions/QCD-dijet_pThat15-event-weighted_TuneCP5_5p36TeV_pythia8/OO_MC_DijetEmbedded_pThat-15to1200_TuneCP5_5p36TeV_pythia8/260306_002843/0000/HiForestMiniAOD_278.root
Time elapsed: 6049 seconds
File Contains: 97000 entries.
NMiss: 632782 | NFake: 1035713 | NMatch: 16394557
Processing file 198 of 817: /eos/cms/store/group/phys_heavyions/hbossi/mc_productions/QCD-dijet_pThat15-event-weighted_TuneCP5_5p36TeV_pythia8/OO_MC_DijetEmbedded_pThat-15to1200_TuneCP5_5p36TeV_pythia8/260306_002843/0000/HiForestMiniAOD_279.root
Time elapsed: 6076 seconds
File Contains: 85000 entries.
NMiss: 634973 | NFake: 1039404 | NMatch: 16451267
Processing file 199 of 817: /eos/cms/store/group/phys_heavyions/hbossi/mc_productions/QCD-dijet_pThat15-event-weighted_TuneCP5_5p36TeV_pythia8/OO_MC_DijetEmbedded_pThat-15to1200_TuneCP5_5p36TeV_pythia8/260306_002843/0000/HiForestMiniAOD_28.root
Time elapsed: 6093 seconds
File Contains: 110000 entries.
NMiss: 637946 | NFake: 1043964 | NMatch: 16524743
Processing file 200 of 817: /eos/cms/store/group/phys_heavyions/hbossi/mc_productions/QCD-dijet_pThat15-event-weighted_TuneCP5_5p36TeV_pythia8/OO_MC_DijetEmbedded_pThat-15to1200_TuneCP5_5p36TeV_pythia8/260306_002843/0000/HiForestMiniAOD_280.root
Time elapsed: 6119 seconds
File Contains: 98000 entries.
NMiss: 640556 | NFake: 1048228 | NMatch: 16590634
Processing file 201 of 817: /eos/cms/store/group/phys_heavyions/hbossi/mc_productions/QCD-dijet_pThat15-event-weighted_TuneCP5_5p36TeV_pythia8/OO_MC_DijetEmbedded_pThat-15to1200_TuneCP5_5p36TeV_pythia8/260306_002843/0000/HiForestMiniAOD_281.root
Time elapsed: 6145 seconds
File Contains: 115000 entries.
NMiss: 643495 | NFake: 1053174 | NMatch: 16667481
Processing file 202 of 817: /eos/cms/store/group/phys_heavyions/hbossi/mc_productions/QCD-dijet_pThat15-event-weighted_TuneCP5_5p36TeV_pythia8/OO_MC_DijetEmbedded_pThat-15to1200_TuneCP5_5p36TeV_pythia8/260306_002843/0000/HiForestMiniAOD_282.root
Time elapsed: 6172 seconds
File Contains: 99000 entries.
NMiss: 646011 | NFake: 1057310 | NMatch: 16733864
Processing file 203 of 817: /eos/cms/store/group/phys_heavyions/hbossi/mc_productions/QCD-dijet_pThat15-event-weighted_TuneCP5_5p36TeV_pythia8/OO_MC_DijetEmbedded_pThat-15to1200_TuneCP5_5p36TeV_pythia8/260306_002843/0000/HiForestMiniAOD_283.root
Time elapsed: 6188 seconds
File Contains: 155000 entries.
NMiss: 650044 | NFake: 1063691 | NMatch: 16838115
Processing file 204 of 817: /eos/cms/store/group/phys_heavyions/hbossi/mc_productions/QCD-dijet_pThat15-event-weighted_TuneCP5_5p36TeV_pythia8/OO_MC_DijetEmbedded_pThat-15to1200_TuneCP5_5p36TeV_pythia8/260306_002843/0000/HiForestMiniAOD_284.root
Time elapsed: 6216 seconds
File Contains: 94000 entries.
NMiss: 652438 | NFake: 1067753 | NMatch: 16900772
Processing file 205 of 817: /eos/cms/store/group/phys_heavyions/hbossi/mc_productions/QCD-dijet_pThat15-event-weighted_TuneCP5_5p36TeV_pythia8/OO_MC_DijetEmbedded_pThat-15to1200_TuneCP5_5p36TeV_pythia8/260306_002843/0000/HiForestMiniAOD_285.root
Time elapsed: 6237 seconds
File Contains: 91000 entries.
NMiss: 654733 | NFake: 1071646 | NMatch: 16961774
Processing file 206 of 817: /eos/cms/store/group/phys_heavyions/hbossi/mc_productions/QCD-dijet_pThat15-event-weighted_TuneCP5_5p36TeV_pythia8/OO_MC_DijetEmbedded_pThat-15to1200_TuneCP5_5p36TeV_pythia8/260306_002843/0000/HiForestMiniAOD_286.root
Time elapsed: 6268 seconds
File Contains: 130000 entries.
NMiss: 658083 | NFake: 1077266 | NMatch: 17049164
Processing file 207 of 817: /eos/cms/store/group/phys_heavyions/hbossi/mc_productions/QCD-dijet_pThat15-event-weighted_TuneCP5_5p36TeV_pythia8/OO_MC_DijetEmbedded_pThat-15to1200_TuneCP5_5p36TeV_pythia8/260306_002843/0000/HiForestMiniAOD_287.root
Time elapsed: 6297 seconds
File Contains: 111000 entries.
NMiss: 660939 | NFake: 1082051 | NMatch: 17123606
Processing file 208 of 817: /eos/cms/store/group/phys_heavyions/hbossi/mc_productions/QCD-dijet_pThat15-event-weighted_TuneCP5_5p36TeV_pythia8/OO_MC_DijetEmbedded_pThat-15to1200_TuneCP5_5p36TeV_pythia8/260306_002843/0000/HiForestMiniAOD_288.root
Time elapsed: 6319 seconds
File Contains: 126000 entries.
NMiss: 664198 | NFake: 1087331 | NMatch: 17207764
Processing file 209 of 817: /eos/cms/store/group/phys_heavyions/hbossi/mc_productions/QCD-dijet_pThat15-event-weighted_TuneCP5_5p36TeV_pythia8/OO_MC_DijetEmbedded_pThat-15to1200_TuneCP5_5p36TeV_pythia8/260306_002843/0000/HiForestMiniAOD_289.root
Time elapsed: 6343 seconds
File Contains: 115000 entries.
NMiss: 667082 | NFake: 1092234 | NMatch: 17284817
Processing file 210 of 817: /eos/cms/store/group/phys_heavyions/hbossi/mc_productions/QCD-dijet_pThat15-event-weighted_TuneCP5_5p36TeV_pythia8/OO_MC_DijetEmbedded_pThat-15to1200_TuneCP5_5p36TeV_pythia8/260306_002843/0000/HiForestMiniAOD_29.root
Time elapsed: 6366 seconds
File Contains: 100000 entries.
NMiss: 669598 | NFake: 1096451 | NMatch: 17351905
Processing file 211 of 817: /eos/cms/store/group/phys_heavyions/hbossi/mc_productions/QCD-dijet_pThat15-event-weighted_TuneCP5_5p36TeV_pythia8/OO_MC_DijetEmbedded_pThat-15to1200_TuneCP5_5p36TeV_pythia8/260306_002843/0000/HiForestMiniAOD_290.root
Time elapsed: 6387 seconds
File Contains: 107000 entries.
NMiss: 672422 | NFake: 1101060 | NMatch: 17423353
Processing file 212 of 817: /eos/cms/store/group/phys_heavyions/hbossi/mc_productions/QCD-dijet_pThat15-event-weighted_TuneCP5_5p36TeV_pythia8/OO_MC_DijetEmbedded_pThat-15to1200_TuneCP5_5p36TeV_pythia8/260306_002843/0000/HiForestMiniAOD_291.root
Time elapsed: 6407 seconds
File Contains: 107000 entries.
NMiss: 675204 | NFake: 1105550 | NMatch: 17495219
Processing file 213 of 817: /eos/cms/store/group/phys_heavyions/hbossi/mc_productions/QCD-dijet_pThat15-event-weighted_TuneCP5_5p36TeV_pythia8/OO_MC_DijetEmbedded_pThat-15to1200_TuneCP5_5p36TeV_pythia8/260306_002843/0000/HiForestMiniAOD_292.root
Time elapsed: 6457 seconds
File Contains: 151000 entries.
NMiss: 679085 | NFake: 1111869 | NMatch: 17596062
Processing file 214 of 817: /eos/cms/store/group/phys_heavyions/hbossi/mc_productions/QCD-dijet_pThat15-event-weighted_TuneCP5_5p36TeV_pythia8/OO_MC_DijetEmbedded_pThat-15to1200_TuneCP5_5p36TeV_pythia8/260306_002843/0000/HiForestMiniAOD_293.root
Time elapsed: 6502 seconds
File Contains: 134000 entries.
NMiss: 682464 | NFake: 1117599 | NMatch: 17684941
Processing file 215 of 817: /eos/cms/store/group/phys_heavyions/hbossi/mc_productions/QCD-dijet_pThat15-event-weighted_TuneCP5_5p36TeV_pythia8/OO_MC_DijetEmbedded_pThat-15to1200_TuneCP5_5p36TeV_pythia8/260306_002843/0000/HiForestMiniAOD_294.root
Time elapsed: 6577 seconds
File Contains: 126000 entries.
NMiss: 685798 | NFake: 1122920 | NMatch: 17768550
Processing file 216 of 817: /eos/cms/store/group/phys_heavyions/hbossi/mc_productions/QCD-dijet_pThat15-event-weighted_TuneCP5_5p36TeV_pythia8/OO_MC_DijetEmbedded_pThat-15to1200_TuneCP5_5p36TeV_pythia8/260306_002843/0000/HiForestMiniAOD_295.root
Time elapsed: 6617 seconds
File Contains: 107000 entries.
NMiss: 688611 | NFake: 1127469 | NMatch: 17840260
Processing file 217 of 817: /eos/cms/store/group/phys_heavyions/hbossi/mc_productions/QCD-dijet_pThat15-event-weighted_TuneCP5_5p36TeV_pythia8/OO_MC_DijetEmbedded_pThat-15to1200_TuneCP5_5p36TeV_pythia8/260306_002843/0000/HiForestMiniAOD_296.root
Time elapsed: 6655 seconds
File Contains: 166000 entries.
NMiss: 692931 | NFake: 1134557 | NMatch: 17951533
Processing file 218 of 817: /eos/cms/store/group/phys_heavyions/hbossi/mc_productions/QCD-dijet_pThat15-event-weighted_TuneCP5_5p36TeV_pythia8/OO_MC_DijetEmbedded_pThat-15to1200_TuneCP5_5p36TeV_pythia8/260306_002843/0000/HiForestMiniAOD_297.root
Time elapsed: 6704 seconds
File Contains: 139000 entries.
NMiss: 696489 | NFake: 1140497 | NMatch: 18044407
Processing file 219 of 817: /eos/cms/store/group/phys_heavyions/hbossi/mc_productions/QCD-dijet_pThat15-event-weighted_TuneCP5_5p36TeV_pythia8/OO_MC_DijetEmbedded_pThat-15to1200_TuneCP5_5p36TeV_pythia8/260306_002843/0000/HiForestMiniAOD_298.root
Time elapsed: 6734 seconds
File Contains: 161000 entries.
NMiss: 700727 | NFake: 1147202 | NMatch: 18152712
Processing file 220 of 817: /eos/cms/store/group/phys_heavyions/hbossi/mc_productions/QCD-dijet_pThat15-event-weighted_TuneCP5_5p36TeV_pythia8/OO_MC_DijetEmbedded_pThat-15to1200_TuneCP5_5p36TeV_pythia8/260306_002843/0000/HiForestMiniAOD_299.root
Time elapsed: 6756 seconds
File Contains: 144000 entries.
NMiss: 704504 | NFake: 1153385 | NMatch: 18249513
Processing file 221 of 817: /eos/cms/store/group/phys_heavyions/hbossi/mc_productions/QCD-dijet_pThat15-event-weighted_TuneCP5_5p36TeV_pythia8/OO_MC_DijetEmbedded_pThat-15to1200_TuneCP5_5p36TeV_pythia8/260306_002843/0000/HiForestMiniAOD_3.root
Time elapsed: 6781 seconds
File Contains: 122000 entries.
NMiss: 707685 | NFake: 1158481 | NMatch: 18331130
Processing file 222 of 817: /eos/cms/store/group/phys_heavyions/hbossi/mc_productions/QCD-dijet_pThat15-event-weighted_TuneCP5_5p36TeV_pythia8/OO_MC_DijetEmbedded_pThat-15to1200_TuneCP5_5p36TeV_pythia8/260306_002843/0000/HiForestMiniAOD_30.root
Time elapsed: 6805 seconds
File Contains: 118000 entries.
NMiss: 710749 | NFake: 1163414 | NMatch: 18410014
Processing file 223 of 817: /eos/cms/store/group/phys_heavyions/hbossi/mc_productions/QCD-dijet_pThat15-event-weighted_TuneCP5_5p36TeV_pythia8/OO_MC_DijetEmbedded_pThat-15to1200_TuneCP5_5p36TeV_pythia8/260306_002843/0000/HiForestMiniAOD_300.root
Time elapsed: 6828 seconds
File Contains: 118000 entries.
NMiss: 713767 | NFake: 1168460 | NMatch: 18488848
Processing file 224 of 817: /eos/cms/store/group/phys_heavyions/hbossi/mc_productions/QCD-dijet_pThat15-event-weighted_TuneCP5_5p36TeV_pythia8/OO_MC_DijetEmbedded_pThat-15to1200_TuneCP5_5p36TeV_pythia8/260306_002843/0000/HiForestMiniAOD_301.root
Time elapsed: 6847 seconds
File Contains: 139000 entries.
NMiss: 717338 | NFake: 1174401 | NMatch: 18582445
Processing file 225 of 817: /eos/cms/store/group/phys_heavyions/hbossi/mc_productions/QCD-dijet_pThat15-event-weighted_TuneCP5_5p36TeV_pythia8/OO_MC_DijetEmbedded_pThat-15to1200_TuneCP5_5p36TeV_pythia8/260306_002843/0000/HiForestMiniAOD_302.root
Time elapsed: 6885 seconds
File Contains: 155000 entries.
NMiss: 721386 | NFake: 1180827 | NMatch: 18686248
Processing file 226 of 817: /eos/cms/store/group/phys_heavyions/hbossi/mc_productions/QCD-dijet_pThat15-event-weighted_TuneCP5_5p36TeV_pythia8/OO_MC_DijetEmbedded_pThat-15to1200_TuneCP5_5p36TeV_pythia8/260306_002843/0000/HiForestMiniAOD_303.root
Time elapsed: 6907 seconds
File Contains: 164000 entries.
NMiss: 725652 | NFake: 1187605 | NMatch: 18796390
Processing file 227 of 817: /eos/cms/store/group/phys_heavyions/hbossi/mc_productions/QCD-dijet_pThat15-event-weighted_TuneCP5_5p36TeV_pythia8/OO_MC_DijetEmbedded_pThat-15to1200_TuneCP5_5p36TeV_pythia8/260306_002843/0000/HiForestMiniAOD_304.root
Time elapsed: 6937 seconds
File Contains: 127000 entries.
NMiss: 728967 | NFake: 1192950 | NMatch: 18880945
Processing file 228 of 817: /eos/cms/store/group/phys_heavyions/hbossi/mc_productions/QCD-dijet_pThat15-event-weighted_TuneCP5_5p36TeV_pythia8/OO_MC_DijetEmbedded_pThat-15to1200_TuneCP5_5p36TeV_pythia8/260306_002843/0000/HiForestMiniAOD_305.root
Time elapsed: 7033 seconds
File Contains: 59000 entries.
NMiss: 730452 | NFake: 1195448 | NMatch: 18920407
Processing file 229 of 817: /eos/cms/store/group/phys_heavyions/hbossi/mc_productions/QCD-dijet_pThat15-event-weighted_TuneCP5_5p36TeV_pythia8/OO_MC_DijetEmbedded_pThat-15to1200_TuneCP5_5p36TeV_pythia8/260306_002843/0000/HiForestMiniAOD_306.root
Time elapsed: 7048 seconds
File Contains: 148000 entries.
NMiss: 734345 | NFake: 1201807 | NMatch: 19019279
Processing file 230 of 817: /eos/cms/store/group/phys_heavyions/hbossi/mc_productions/QCD-dijet_pThat15-event-weighted_TuneCP5_5p36TeV_pythia8/OO_MC_DijetEmbedded_pThat-15to1200_TuneCP5_5p36TeV_pythia8/260306_002843/0000/HiForestMiniAOD_307.root
Time elapsed: 7073 seconds
File Contains: 147000 entries.
NMiss: 738153 | NFake: 1208023 | NMatch: 19117872
Processing file 231 of 817: /eos/cms/store/group/phys_heavyions/hbossi/mc_productions/QCD-dijet_pThat15-event-weighted_TuneCP5_5p36TeV_pythia8/OO_MC_DijetEmbedded_pThat-15to1200_TuneCP5_5p36TeV_pythia8/260306_002843/0000/HiForestMiniAOD_308.root
Time elapsed: 7138 seconds
File Contains: 97000 entries.
NMiss: 740708 | NFake: 1212123 | NMatch: 19183444
Processing file 232 of 817: /eos/cms/store/group/phys_heavyions/hbossi/mc_productions/QCD-dijet_pThat15-event-weighted_TuneCP5_5p36TeV_pythia8/OO_MC_DijetEmbedded_pThat-15to1200_TuneCP5_5p36TeV_pythia8/260306_002843/0000/HiForestMiniAOD_309.root
Time elapsed: 7184 seconds
File Contains: 153000 entries.
NMiss: 744701 | NFake: 1218540 | NMatch: 19285988
Processing file 233 of 817: /eos/cms/store/group/phys_heavyions/hbossi/mc_productions/QCD-dijet_pThat15-event-weighted_TuneCP5_5p36TeV_pythia8/OO_MC_DijetEmbedded_pThat-15to1200_TuneCP5_5p36TeV_pythia8/260306_002843/0000/HiForestMiniAOD_31.root
Time elapsed: 7211 seconds
File Contains: 115000 entries.
NMiss: 747672 | NFake: 1223522 | NMatch: 19362927
Processing file 234 of 817: /eos/cms/store/group/phys_heavyions/hbossi/mc_productions/QCD-dijet_pThat15-event-weighted_TuneCP5_5p36TeV_pythia8/OO_MC_DijetEmbedded_pThat-15to1200_TuneCP5_5p36TeV_pythia8/260306_002843/0000/HiForestMiniAOD_310.root
Time elapsed: 7239 seconds
File Contains: 135000 entries.
NMiss: 751153 | NFake: 1229365 | NMatch: 19453701
Processing file 235 of 817: /eos/cms/store/group/phys_heavyions/hbossi/mc_productions/QCD-dijet_pThat15-event-weighted_TuneCP5_5p36TeV_pythia8/OO_MC_DijetEmbedded_pThat-15to1200_TuneCP5_5p36TeV_pythia8/260306_002843/0000/HiForestMiniAOD_311.root
Time elapsed: 7296 seconds
File Contains: 145000 entries.
NMiss: 754969 | NFake: 1235424 | NMatch: 19551047
Processing file 236 of 817: /eos/cms/store/group/phys_heavyions/hbossi/mc_productions/QCD-dijet_pThat15-event-weighted_TuneCP5_5p36TeV_pythia8/OO_MC_DijetEmbedded_pThat-15to1200_TuneCP5_5p36TeV_pythia8/260306_002843/0000/HiForestMiniAOD_312.root
Time elapsed: 7316 seconds
File Contains: 119000 entries.
NMiss: 758134 | NFake: 1240393 | NMatch: 19630733
Processing file 237 of 817: /eos/cms/store/group/phys_heavyions/hbossi/mc_productions/QCD-dijet_pThat15-event-weighted_TuneCP5_5p36TeV_pythia8/OO_MC_DijetEmbedded_pThat-15to1200_TuneCP5_5p36TeV_pythia8/260306_002843/0000/HiForestMiniAOD_313.root
Time elapsed: 7332 seconds
File Contains: 118000 entries.
NMiss: 761205 | NFake: 1245417 | NMatch: 19710018
Processing file 238 of 817: /eos/cms/store/group/phys_heavyions/hbossi/mc_productions/QCD-dijet_pThat15-event-weighted_TuneCP5_5p36TeV_pythia8/OO_MC_DijetEmbedded_pThat-15to1200_TuneCP5_5p36TeV_pythia8/260306_002843/0000/HiForestMiniAOD_314.root
Time elapsed: 7350 seconds
File Contains: 148000 entries.
NMiss: 764998 | NFake: 1251660 | NMatch: 19809034
Processing file 239 of 817: /eos/cms/store/group/phys_heavyions/hbossi/mc_productions/QCD-dijet_pThat15-event-weighted_TuneCP5_5p36TeV_pythia8/OO_MC_DijetEmbedded_pThat-15to1200_TuneCP5_5p36TeV_pythia8/260306_002843/0000/HiForestMiniAOD_315.root
Time elapsed: 7384 seconds
File Contains: 149000 entries.
NMiss: 768843 | NFake: 1257932 | NMatch: 19908300
Processing file 240 of 817: /eos/cms/store/group/phys_heavyions/hbossi/mc_productions/QCD-dijet_pThat15-event-weighted_TuneCP5_5p36TeV_pythia8/OO_MC_DijetEmbedded_pThat-15to1200_TuneCP5_5p36TeV_pythia8/260306_002843/0000/HiForestMiniAOD_316.root
Time elapsed: 7427 seconds
File Contains: 131000 entries.
NMiss: 772291 | NFake: 1263396 | NMatch: 19995994
Processing file 241 of 817: /eos/cms/store/group/phys_heavyions/hbossi/mc_productions/QCD-dijet_pThat15-event-weighted_TuneCP5_5p36TeV_pythia8/OO_MC_DijetEmbedded_pThat-15to1200_TuneCP5_5p36TeV_pythia8/260306_002843/0000/HiForestMiniAOD_317.root
Time elapsed: 7449 seconds
File Contains: 98000 entries.
NMiss: 774868 | NFake: 1267627 | NMatch: 20061898
Processing file 242 of 817: /eos/cms/store/group/phys_heavyions/hbossi/mc_productions/QCD-dijet_pThat15-event-weighted_TuneCP5_5p36TeV_pythia8/OO_MC_DijetEmbedded_pThat-15to1200_TuneCP5_5p36TeV_pythia8/260306_002843/0000/HiForestMiniAOD_318.root
Time elapsed: 7466 seconds
File Contains: 162000 entries.
NMiss: 778994 | NFake: 1274472 | NMatch: 20169855
Processing file 243 of 817: /eos/cms/store/group/phys_heavyions/hbossi/mc_productions/QCD-dijet_pThat15-event-weighted_TuneCP5_5p36TeV_pythia8/OO_MC_DijetEmbedded_pThat-15to1200_TuneCP5_5p36TeV_pythia8/260306_002843/0000/HiForestMiniAOD_319.root
Time elapsed: 7490 seconds
File Contains: 151000 entries.
NMiss: 782915 | NFake: 1280741 | NMatch: 20271265
Processing file 244 of 817: /eos/cms/store/group/phys_heavyions/hbossi/mc_productions/QCD-dijet_pThat15-event-weighted_TuneCP5_5p36TeV_pythia8/OO_MC_DijetEmbedded_pThat-15to1200_TuneCP5_5p36TeV_pythia8/260306_002843/0000/HiForestMiniAOD_32.root
Time elapsed: 7557 seconds
File Contains: 137000 entries.
NMiss: 786501 | NFake: 1286534 | NMatch: 20362870
Processing file 245 of 817: /eos/cms/store/group/phys_heavyions/hbossi/mc_productions/QCD-dijet_pThat15-event-weighted_TuneCP5_5p36TeV_pythia8/OO_MC_DijetEmbedded_pThat-15to1200_TuneCP5_5p36TeV_pythia8/260306_002843/0000/HiForestMiniAOD_320.root
Time elapsed: 7584 seconds
File Contains: 132000 entries.
NMiss: 790060 | NFake: 1292183 | NMatch: 20450825
Processing file 246 of 817: /eos/cms/store/group/phys_heavyions/hbossi/mc_productions/QCD-dijet_pThat15-event-weighted_TuneCP5_5p36TeV_pythia8/OO_MC_DijetEmbedded_pThat-15to1200_TuneCP5_5p36TeV_pythia8/260306_002843/0000/HiForestMiniAOD_321.root
Time elapsed: 7606 seconds
File Contains: 151000 entries.
NMiss: 793997 | NFake: 1298645 | NMatch: 20551573
Processing file 247 of 817: /eos/cms/store/group/phys_heavyions/hbossi/mc_productions/QCD-dijet_pThat15-event-weighted_TuneCP5_5p36TeV_pythia8/OO_MC_DijetEmbedded_pThat-15to1200_TuneCP5_5p36TeV_pythia8/260306_002843/0000/HiForestMiniAOD_322.root
Time elapsed: 7631 seconds
File Contains: 136000 entries.
NMiss: 797491 | NFake: 1304371 | NMatch: 20642879
Processing file 248 of 817: /eos/cms/store/group/phys_heavyions/hbossi/mc_productions/QCD-dijet_pThat15-event-weighted_TuneCP5_5p36TeV_pythia8/OO_MC_DijetEmbedded_pThat-15to1200_TuneCP5_5p36TeV_pythia8/260306_002843/0000/HiForestMiniAOD_323.root
Time elapsed: 7674 seconds
File Contains: 133000 entries.
NMiss: 800843 | NFake: 1309981 | NMatch: 20732067
Processing file 249 of 817: /eos/cms/store/group/phys_heavyions/hbossi/mc_productions/QCD-dijet_pThat15-event-weighted_TuneCP5_5p36TeV_pythia8/OO_MC_DijetEmbedded_pThat-15to1200_TuneCP5_5p36TeV_pythia8/260306_002843/0000/HiForestMiniAOD_324.root
Time elapsed: 7707 seconds
File Contains: 121000 entries.
NMiss: 803956 | NFake: 1315108 | NMatch: 20813584
Processing file 250 of 817: /eos/cms/store/group/phys_heavyions/hbossi/mc_productions/QCD-dijet_pThat15-event-weighted_TuneCP5_5p36TeV_pythia8/OO_MC_DijetEmbedded_pThat-15to1200_TuneCP5_5p36TeV_pythia8/260306_002843/0000/HiForestMiniAOD_325.root
Time elapsed: 7731 seconds
File Contains: 131000 entries.
NMiss: 807349 | NFake: 1320616 | NMatch: 20901243
Processing file 251 of 817: /eos/cms/store/group/phys_heavyions/hbossi/mc_productions/QCD-dijet_pThat15-event-weighted_TuneCP5_5p36TeV_pythia8/OO_MC_DijetEmbedded_pThat-15to1200_TuneCP5_5p36TeV_pythia8/260306_002843/0000/HiForestMiniAOD_326.root
Time elapsed: 7754 seconds
File Contains: 144000 entries.
NMiss: 811028 | NFake: 1326747 | NMatch: 20998020
Processing file 252 of 817: /eos/cms/store/group/phys_heavyions/hbossi/mc_productions/QCD-dijet_pThat15-event-weighted_TuneCP5_5p36TeV_pythia8/OO_MC_DijetEmbedded_pThat-15to1200_TuneCP5_5p36TeV_pythia8/260306_002843/0000/HiForestMiniAOD_327.root
Time elapsed: 7783 seconds
File Contains: 126000 entries.
NMiss: 814289 | NFake: 1332091 | NMatch: 21082193
Processing file 253 of 817: /eos/cms/store/group/phys_heavyions/hbossi/mc_productions/QCD-dijet_pThat15-event-weighted_TuneCP5_5p36TeV_pythia8/OO_MC_DijetEmbedded_pThat-15to1200_TuneCP5_5p36TeV_pythia8/260306_002843/0000/HiForestMiniAOD_328.root
Time elapsed: 7801 seconds
File Contains: 109000 entries.
NMiss: 817111 | NFake: 1336743 | NMatch: 21155446
Processing file 254 of 817: /eos/cms/store/group/phys_heavyions/hbossi/mc_productions/QCD-dijet_pThat15-event-weighted_TuneCP5_5p36TeV_pythia8/OO_MC_DijetEmbedded_pThat-15to1200_TuneCP5_5p36TeV_pythia8/260306_002843/0000/HiForestMiniAOD_329.root
Time elapsed: 7829 seconds
File Contains: 88000 entries.
NMiss: 819390 | NFake: 1340564 | NMatch: 21213835
Processing file 255 of 817: /eos/cms/store/group/phys_heavyions/hbossi/mc_productions/QCD-dijet_pThat15-event-weighted_TuneCP5_5p36TeV_pythia8/OO_MC_DijetEmbedded_pThat-15to1200_TuneCP5_5p36TeV_pythia8/260306_002843/0000/HiForestMiniAOD_33.root
Time elapsed: 7854 seconds
File Contains: 127000 entries.
NMiss: 822603 | NFake: 1345955 | NMatch: 21299044
Processing file 256 of 817: /eos/cms/store/group/phys_heavyions/hbossi/mc_productions/QCD-dijet_pThat15-event-weighted_TuneCP5_5p36TeV_pythia8/OO_MC_DijetEmbedded_pThat-15to1200_TuneCP5_5p36TeV_pythia8/260306_002843/0000/HiForestMiniAOD_330.root
Time elapsed: 7874 seconds
File Contains: 135000 entries.
NMiss: 826064 | NFake: 1351795 | NMatch: 21389926
Processing file 257 of 817: /eos/cms/store/group/phys_heavyions/hbossi/mc_productions/QCD-dijet_pThat15-event-weighted_TuneCP5_5p36TeV_pythia8/OO_MC_DijetEmbedded_pThat-15to1200_TuneCP5_5p36TeV_pythia8/260306_002843/0000/HiForestMiniAOD_331.root
Time elapsed: 7902 seconds
File Contains: 127000 entries.
NMiss: 829318 | NFake: 1357244 | NMatch: 21475100
Processing file 258 of 817: /eos/cms/store/group/phys_heavyions/hbossi/mc_productions/QCD-dijet_pThat15-event-weighted_TuneCP5_5p36TeV_pythia8/OO_MC_DijetEmbedded_pThat-15to1200_TuneCP5_5p36TeV_pythia8/260306_002843/0000/HiForestMiniAOD_332.root
Time elapsed: 7933 seconds
File Contains: 113000 entries.
NMiss: 832242 | NFake: 1362091 | NMatch: 21550258
Processing file 259 of 817: /eos/cms/store/group/phys_heavyions/hbossi/mc_productions/QCD-dijet_pThat15-event-weighted_TuneCP5_5p36TeV_pythia8/OO_MC_DijetEmbedded_pThat-15to1200_TuneCP5_5p36TeV_pythia8/260306_002843/0000/HiForestMiniAOD_333.root
Time elapsed: 7957 seconds
File Contains: 146000 entries.
NMiss: 835985 | NFake: 1368341 | NMatch: 21648083
Processing file 260 of 817: /eos/cms/store/group/phys_heavyions/hbossi/mc_productions/QCD-dijet_pThat15-event-weighted_TuneCP5_5p36TeV_pythia8/OO_MC_DijetEmbedded_pThat-15to1200_TuneCP5_5p36TeV_pythia8/260306_002843/0000/HiForestMiniAOD_334.root
Time elapsed: 8001 seconds
File Contains: 131000 entries.
NMiss: 839357 | NFake: 1373899 | NMatch: 21736130
Processing file 261 of 817: /eos/cms/store/group/phys_heavyions/hbossi/mc_productions/QCD-dijet_pThat15-event-weighted_TuneCP5_5p36TeV_pythia8/OO_MC_DijetEmbedded_pThat-15to1200_TuneCP5_5p36TeV_pythia8/260306_002843/0000/HiForestMiniAOD_335.root
Time elapsed: 8051 seconds
File Contains: 134000 entries.
NMiss: 842873 | NFake: 1379459 | NMatch: 21825708
Processing file 262 of 817: /eos/cms/store/group/phys_heavyions/hbossi/mc_productions/QCD-dijet_pThat15-event-weighted_TuneCP5_5p36TeV_pythia8/OO_MC_DijetEmbedded_pThat-15to1200_TuneCP5_5p36TeV_pythia8/260306_002843/0000/HiForestMiniAOD_336.root
Time elapsed: 8092 seconds
File Contains: 111000 entries.
NMiss: 845705 | NFake: 1384093 | NMatch: 21900497
Processing file 263 of 817: /eos/cms/store/group/phys_heavyions/hbossi/mc_productions/QCD-dijet_pThat15-event-weighted_TuneCP5_5p36TeV_pythia8/OO_MC_DijetEmbedded_pThat-15to1200_TuneCP5_5p36TeV_pythia8/260306_002843/0000/HiForestMiniAOD_337.root
Time elapsed: 8130 seconds
File Contains: 108000 entries.
NMiss: 848473 | NFake: 1388640 | NMatch: 21972902
Processing file 264 of 817: /eos/cms/store/group/phys_heavyions/hbossi/mc_productions/QCD-dijet_pThat15-event-weighted_TuneCP5_5p36TeV_pythia8/OO_MC_DijetEmbedded_pThat-15to1200_TuneCP5_5p36TeV_pythia8/260306_002843/0000/HiForestMiniAOD_338.root
Time elapsed: 8175 seconds
File Contains: 115000 entries.
NMiss: 851505 | NFake: 1393378 | NMatch: 22049825
Processing file 265 of 817: /eos/cms/store/group/phys_heavyions/hbossi/mc_productions/QCD-dijet_pThat15-event-weighted_TuneCP5_5p36TeV_pythia8/OO_MC_DijetEmbedded_pThat-15to1200_TuneCP5_5p36TeV_pythia8/260306_002843/0000/HiForestMiniAOD_339.root
Time elapsed: 8227 seconds
File Contains: 147000 entries.
NMiss: 855199 | NFake: 1399570 | NMatch: 22148333
Processing file 266 of 817: /eos/cms/store/group/phys_heavyions/hbossi/mc_productions/QCD-dijet_pThat15-event-weighted_TuneCP5_5p36TeV_pythia8/OO_MC_DijetEmbedded_pThat-15to1200_TuneCP5_5p36TeV_pythia8/260306_002843/0000/HiForestMiniAOD_34.root
Time elapsed: 8311 seconds
File Contains: 85000 entries.
NMiss: 857384 | NFake: 1403166 | NMatch: 22205508
Processing file 267 of 817: /eos/cms/store/group/phys_heavyions/hbossi/mc_productions/QCD-dijet_pThat15-event-weighted_TuneCP5_5p36TeV_pythia8/OO_MC_DijetEmbedded_pThat-15to1200_TuneCP5_5p36TeV_pythia8/260306_002843/0000/HiForestMiniAOD_340.root
Time elapsed: 8338 seconds
File Contains: 127000 entries.
NMiss: 860650 | NFake: 1408452 | NMatch: 22290637
Processing file 268 of 817: /eos/cms/store/group/phys_heavyions/hbossi/mc_productions/QCD-dijet_pThat15-event-weighted_TuneCP5_5p36TeV_pythia8/OO_MC_DijetEmbedded_pThat-15to1200_TuneCP5_5p36TeV_pythia8/260306_002843/0000/HiForestMiniAOD_341.root
Time elapsed: 8364 seconds
File Contains: 99000 entries.
NMiss: 863291 | NFake: 1412553 | NMatch: 22357421
Processing file 269 of 817: /eos/cms/store/group/phys_heavyions/hbossi/mc_productions/QCD-dijet_pThat15-event-weighted_TuneCP5_5p36TeV_pythia8/OO_MC_DijetEmbedded_pThat-15to1200_TuneCP5_5p36TeV_pythia8/260306_002843/0000/HiForestMiniAOD_342.root
Time elapsed: 8379 seconds
File Contains: 134000 entries.
NMiss: 866762 | NFake: 1418213 | NMatch: 22446561
Processing file 270 of 817: /eos/cms/store/group/phys_heavyions/hbossi/mc_productions/QCD-dijet_pThat15-event-weighted_TuneCP5_5p36TeV_pythia8/OO_MC_DijetEmbedded_pThat-15to1200_TuneCP5_5p36TeV_pythia8/260306_002843/0000/HiForestMiniAOD_343.root
Time elapsed: 8431 seconds
File Contains: 124000 entries.
NMiss: 870073 | NFake: 1423521 | NMatch: 22529511
Processing file 271 of 817: /eos/cms/store/group/phys_heavyions/hbossi/mc_productions/QCD-dijet_pThat15-event-weighted_TuneCP5_5p36TeV_pythia8/OO_MC_DijetEmbedded_pThat-15to1200_TuneCP5_5p36TeV_pythia8/260306_002843/0000/HiForestMiniAOD_344.root
Time elapsed: 8492 seconds
File Contains: 113000 entries.
NMiss: 872948 | NFake: 1428421 | NMatch: 22604754
Processing file 272 of 817: /eos/cms/store/group/phys_heavyions/hbossi/mc_productions/QCD-dijet_pThat15-event-weighted_TuneCP5_5p36TeV_pythia8/OO_MC_DijetEmbedded_pThat-15to1200_TuneCP5_5p36TeV_pythia8/260306_002843/0000/HiForestMiniAOD_345.root
Time elapsed: 8520 seconds
File Contains: 87000 entries.
NMiss: 875198 | NFake: 1432078 | NMatch: 22663055
Processing file 273 of 817: /eos/cms/store/group/phys_heavyions/hbossi/mc_productions/QCD-dijet_pThat15-event-weighted_TuneCP5_5p36TeV_pythia8/OO_MC_DijetEmbedded_pThat-15to1200_TuneCP5_5p36TeV_pythia8/260306_002843/0000/HiForestMiniAOD_346.root
Time elapsed: 8540 seconds
File Contains: 121000 entries.
NMiss: 878311 | NFake: 1437097 | NMatch: 22743926
Processing file 274 of 817: /eos/cms/store/group/phys_heavyions/hbossi/mc_productions/QCD-dijet_pThat15-event-weighted_TuneCP5_5p36TeV_pythia8/OO_MC_DijetEmbedded_pThat-15to1200_TuneCP5_5p36TeV_pythia8/260306_002843/0000/HiForestMiniAOD_347.root
Time elapsed: 8563 seconds
File Contains: 102000 entries.
NMiss: 880954 | NFake: 1441360 | NMatch: 22812591
Processing file 275 of 817: /eos/cms/store/group/phys_heavyions/hbossi/mc_productions/QCD-dijet_pThat15-event-weighted_TuneCP5_5p36TeV_pythia8/OO_MC_DijetEmbedded_pThat-15to1200_TuneCP5_5p36TeV_pythia8/260306_002843/0000/HiForestMiniAOD_348.root
Time elapsed: 8580 seconds
File Contains: 159000 entries.
NMiss: 884997 | NFake: 1448184 | NMatch: 22919673
Processing file 276 of 817: /eos/cms/store/group/phys_heavyions/hbossi/mc_productions/QCD-dijet_pThat15-event-weighted_TuneCP5_5p36TeV_pythia8/OO_MC_DijetEmbedded_pThat-15to1200_TuneCP5_5p36TeV_pythia8/260306_002843/0000/HiForestMiniAOD_349.root
Time elapsed: 8660 seconds
File Contains: 149000 entries.
NMiss: 888837 | NFake: 1454407 | NMatch: 23019258
Processing file 277 of 817: /eos/cms/store/group/phys_heavyions/hbossi/mc_productions/QCD-dijet_pThat15-event-weighted_TuneCP5_5p36TeV_pythia8/OO_MC_DijetEmbedded_pThat-15to1200_TuneCP5_5p36TeV_pythia8/260306_002843/0000/HiForestMiniAOD_35.root
Time elapsed: 8682 seconds
File Contains: 110000 entries.
NMiss: 891642 | NFake: 1459064 | NMatch: 23092895
Processing file 278 of 817: /eos/cms/store/group/phys_heavyions/hbossi/mc_productions/QCD-dijet_pThat15-event-weighted_TuneCP5_5p36TeV_pythia8/OO_MC_DijetEmbedded_pThat-15to1200_TuneCP5_5p36TeV_pythia8/260306_002843/0000/HiForestMiniAOD_350.root
Time elapsed: 8707 seconds
File Contains: 135000 entries.
NMiss: 895153 | NFake: 1464711 | NMatch: 23183457
Processing file 279 of 817: /eos/cms/store/group/phys_heavyions/hbossi/mc_productions/QCD-dijet_pThat15-event-weighted_TuneCP5_5p36TeV_pythia8/OO_MC_DijetEmbedded_pThat-15to1200_TuneCP5_5p36TeV_pythia8/260306_002843/0000/HiForestMiniAOD_351.root
Time elapsed: 8732 seconds
File Contains: 111000 entries.
NMiss: 897975 | NFake: 1469254 | NMatch: 23257757
Processing file 280 of 817: /eos/cms/store/group/phys_heavyions/hbossi/mc_productions/QCD-dijet_pThat15-event-weighted_TuneCP5_5p36TeV_pythia8/OO_MC_DijetEmbedded_pThat-15to1200_TuneCP5_5p36TeV_pythia8/260306_002843/0000/HiForestMiniAOD_352.root
Time elapsed: 8757 seconds
File Contains: 151000 entries.
NMiss: 901859 | NFake: 1475621 | NMatch: 23359128
Processing file 281 of 817: /eos/cms/store/group/phys_heavyions/hbossi/mc_productions/QCD-dijet_pThat15-event-weighted_TuneCP5_5p36TeV_pythia8/OO_MC_DijetEmbedded_pThat-15to1200_TuneCP5_5p36TeV_pythia8/260306_002843/0000/HiForestMiniAOD_353.root
Time elapsed: 8790 seconds
File Contains: 144000 entries.
NMiss: 905614 | NFake: 1481767 | NMatch: 23455602
Processing file 282 of 817: /eos/cms/store/group/phys_heavyions/hbossi/mc_productions/QCD-dijet_pThat15-event-weighted_TuneCP5_5p36TeV_pythia8/OO_MC_DijetEmbedded_pThat-15to1200_TuneCP5_5p36TeV_pythia8/260306_002843/0000/HiForestMiniAOD_354.root
Time elapsed: 8813 seconds
File Contains: 117000 entries.
NMiss: 908638 | NFake: 1486687 | NMatch: 23534284
Processing file 283 of 817: /eos/cms/store/group/phys_heavyions/hbossi/mc_productions/QCD-dijet_pThat15-event-weighted_TuneCP5_5p36TeV_pythia8/OO_MC_DijetEmbedded_pThat-15to1200_TuneCP5_5p36TeV_pythia8/260306_002843/0000/HiForestMiniAOD_355.root
Time elapsed: 8838 seconds
File Contains: 166000 entries.
NMiss: 913001 | NFake: 1493669 | NMatch: 23645878
Processing file 284 of 817: /eos/cms/store/group/phys_heavyions/hbossi/mc_productions/QCD-dijet_pThat15-event-weighted_TuneCP5_5p36TeV_pythia8/OO_MC_DijetEmbedded_pThat-15to1200_TuneCP5_5p36TeV_pythia8/260306_002843/0000/HiForestMiniAOD_356.root
Time elapsed: 8864 seconds
File Contains: 141000 entries.
NMiss: 916733 | NFake: 1499454 | NMatch: 23740368
Processing file 285 of 817: /eos/cms/store/group/phys_heavyions/hbossi/mc_productions/QCD-dijet_pThat15-event-weighted_TuneCP5_5p36TeV_pythia8/OO_MC_DijetEmbedded_pThat-15to1200_TuneCP5_5p36TeV_pythia8/260306_002843/0000/HiForestMiniAOD_357.root
Time elapsed: 8888 seconds
File Contains: 129000 entries.
NMiss: 919981 | NFake: 1504914 | NMatch: 23826514
Processing file 286 of 817: /eos/cms/store/group/phys_heavyions/hbossi/mc_productions/QCD-dijet_pThat15-event-weighted_TuneCP5_5p36TeV_pythia8/OO_MC_DijetEmbedded_pThat-15to1200_TuneCP5_5p36TeV_pythia8/260306_002843/0000/HiForestMiniAOD_358.root
Time elapsed: 8939 seconds
File Contains: 151000 entries.
NMiss: 923849 | NFake: 1511234 | NMatch: 23927687
Processing file 287 of 817: /eos/cms/store/group/phys_heavyions/hbossi/mc_productions/QCD-dijet_pThat15-event-weighted_TuneCP5_5p36TeV_pythia8/OO_MC_DijetEmbedded_pThat-15to1200_TuneCP5_5p36TeV_pythia8/260306_002843/0000/HiForestMiniAOD_359.root
Time elapsed: 8988 seconds
File Contains: 147000 entries.
NMiss: 927621 | NFake: 1517490 | NMatch: 24025758
Processing file 288 of 817: /eos/cms/store/group/phys_heavyions/hbossi/mc_productions/QCD-dijet_pThat15-event-weighted_TuneCP5_5p36TeV_pythia8/OO_MC_DijetEmbedded_pThat-15to1200_TuneCP5_5p36TeV_pythia8/260306_002843/0000/HiForestMiniAOD_36.root
Time elapsed: 9017 seconds
File Contains: 109000 entries.
NMiss: 930485 | NFake: 1522106 | NMatch: 24098850
Processing file 289 of 817: /eos/cms/store/group/phys_heavyions/hbossi/mc_productions/QCD-dijet_pThat15-event-weighted_TuneCP5_5p36TeV_pythia8/OO_MC_DijetEmbedded_pThat-15to1200_TuneCP5_5p36TeV_pythia8/260306_002843/0000/HiForestMiniAOD_360.root
Time elapsed: 9039 seconds
File Contains: 136000 entries.
NMiss: 934036 | NFake: 1527746 | NMatch: 24189955
Processing file 290 of 817: /eos/cms/store/group/phys_heavyions/hbossi/mc_productions/QCD-dijet_pThat15-event-weighted_TuneCP5_5p36TeV_pythia8/OO_MC_DijetEmbedded_pThat-15to1200_TuneCP5_5p36TeV_pythia8/260306_002843/0000/HiForestMiniAOD_361.root
Time elapsed: 9064 seconds
File Contains: 102000 entries.
NMiss: 936647 | NFake: 1532035 | NMatch: 24258229
Processing file 291 of 817: /eos/cms/store/group/phys_heavyions/hbossi/mc_productions/QCD-dijet_pThat15-event-weighted_TuneCP5_5p36TeV_pythia8/OO_MC_DijetEmbedded_pThat-15to1200_TuneCP5_5p36TeV_pythia8/260306_002843/0000/HiForestMiniAOD_362.root
Time elapsed: 9089 seconds
File Contains: 127000 entries.
NMiss: 939836 | NFake: 1537381 | NMatch: 24343493
Processing file 292 of 817: /eos/cms/store/group/phys_heavyions/hbossi/mc_productions/QCD-dijet_pThat15-event-weighted_TuneCP5_5p36TeV_pythia8/OO_MC_DijetEmbedded_pThat-15to1200_TuneCP5_5p36TeV_pythia8/260306_002843/0000/HiForestMiniAOD_363.root
Time elapsed: 9134 seconds
File Contains: 151000 entries.
NMiss: 943831 | NFake: 1543830 | NMatch: 24444229
Processing file 293 of 817: /eos/cms/store/group/phys_heavyions/hbossi/mc_productions/QCD-dijet_pThat15-event-weighted_TuneCP5_5p36TeV_pythia8/OO_MC_DijetEmbedded_pThat-15to1200_TuneCP5_5p36TeV_pythia8/260306_002843/0000/HiForestMiniAOD_364.root
Time elapsed: 9181 seconds
File Contains: 96000 entries.
NMiss: 946296 | NFake: 1547801 | NMatch: 24508276
Processing file 294 of 817: /eos/cms/store/group/phys_heavyions/hbossi/mc_productions/QCD-dijet_pThat15-event-weighted_TuneCP5_5p36TeV_pythia8/OO_MC_DijetEmbedded_pThat-15to1200_TuneCP5_5p36TeV_pythia8/260306_002843/0000/HiForestMiniAOD_365.root
Time elapsed: 9205 seconds
File Contains: 140000 entries.
NMiss: 949891 | NFake: 1553621 | NMatch: 24602112
Processing file 295 of 817: /eos/cms/store/group/phys_heavyions/hbossi/mc_productions/QCD-dijet_pThat15-event-weighted_TuneCP5_5p36TeV_pythia8/OO_MC_DijetEmbedded_pThat-15to1200_TuneCP5_5p36TeV_pythia8/260306_002843/0000/HiForestMiniAOD_366.root
Time elapsed: 9242 seconds
File Contains: 137000 entries.
NMiss: 953453 | NFake: 1559430 | NMatch: 24693657
Processing file 296 of 817: /eos/cms/store/group/phys_heavyions/hbossi/mc_productions/QCD-dijet_pThat15-event-weighted_TuneCP5_5p36TeV_pythia8/OO_MC_DijetEmbedded_pThat-15to1200_TuneCP5_5p36TeV_pythia8/260306_002843/0000/HiForestMiniAOD_367.root
Time elapsed: 9293 seconds
File Contains: 95000 entries.
NMiss: 955922 | NFake: 1563546 | NMatch: 24757298
Processing file 297 of 817: /eos/cms/store/group/phys_heavyions/hbossi/mc_productions/QCD-dijet_pThat15-event-weighted_TuneCP5_5p36TeV_pythia8/OO_MC_DijetEmbedded_pThat-15to1200_TuneCP5_5p36TeV_pythia8/260306_002843/0000/HiForestMiniAOD_368.root
Time elapsed: 9321 seconds
File Contains: 139000 entries.
NMiss: 959656 | NFake: 1569421 | NMatch: 24850968
Processing file 298 of 817: /eos/cms/store/group/phys_heavyions/hbossi/mc_productions/QCD-dijet_pThat15-event-weighted_TuneCP5_5p36TeV_pythia8/OO_MC_DijetEmbedded_pThat-15to1200_TuneCP5_5p36TeV_pythia8/260306_002843/0000/HiForestMiniAOD_369.root
Time elapsed: 9346 seconds
File Contains: 113000 entries.
NMiss: 962517 | NFake: 1574257 | NMatch: 24926989
Processing file 299 of 817: /eos/cms/store/group/phys_heavyions/hbossi/mc_productions/QCD-dijet_pThat15-event-weighted_TuneCP5_5p36TeV_pythia8/OO_MC_DijetEmbedded_pThat-15to1200_TuneCP5_5p36TeV_pythia8/260306_002843/0000/HiForestMiniAOD_37.root
Time elapsed: 9368 seconds
File Contains: 127000 entries.
NMiss: 965799 | NFake: 1579634 | NMatch: 25011952
Processing file 300 of 817: /eos/cms/store/group/phys_heavyions/hbossi/mc_productions/QCD-dijet_pThat15-event-weighted_TuneCP5_5p36TeV_pythia8/OO_MC_DijetEmbedded_pThat-15to1200_TuneCP5_5p36TeV_pythia8/260306_002843/0000/HiForestMiniAOD_370.root
Time elapsed: 9396 seconds
File Contains: 135000 entries.
NMiss: 969277 | NFake: 1585396 | NMatch: 25102174
Processing file 301 of 817: /eos/cms/store/group/phys_heavyions/hbossi/mc_productions/QCD-dijet_pThat15-event-weighted_TuneCP5_5p36TeV_pythia8/OO_MC_DijetEmbedded_pThat-15to1200_TuneCP5_5p36TeV_pythia8/260306_002843/0000/HiForestMiniAOD_371.root
Time elapsed: 9431 seconds
File Contains: 138000 entries.
NMiss: 972896 | NFake: 1591311 | NMatch: 25194070
Processing file 302 of 817: /eos/cms/store/group/phys_heavyions/hbossi/mc_productions/QCD-dijet_pThat15-event-weighted_TuneCP5_5p36TeV_pythia8/OO_MC_DijetEmbedded_pThat-15to1200_TuneCP5_5p36TeV_pythia8/260306_002843/0000/HiForestMiniAOD_372.root
Time elapsed: 9478 seconds
File Contains: 145000 entries.
NMiss: 976719 | NFake: 1597410 | NMatch: 25290990
Processing file 303 of 817: /eos/cms/store/group/phys_heavyions/hbossi/mc_productions/QCD-dijet_pThat15-event-weighted_TuneCP5_5p36TeV_pythia8/OO_MC_DijetEmbedded_pThat-15to1200_TuneCP5_5p36TeV_pythia8/260306_002843/0000/HiForestMiniAOD_373.root
Time elapsed: 9541 seconds
File Contains: 95000 entries.
NMiss: 979108 | NFake: 1601473 | NMatch: 25355180
Processing file 304 of 817: /eos/cms/store/group/phys_heavyions/hbossi/mc_productions/QCD-dijet_pThat15-event-weighted_TuneCP5_5p36TeV_pythia8/OO_MC_DijetEmbedded_pThat-15to1200_TuneCP5_5p36TeV_pythia8/260306_002843/0000/HiForestMiniAOD_374.root
Time elapsed: 9566 seconds
File Contains: 130000 entries.
NMiss: 982379 | NFake: 1606938 | NMatch: 25442307
Processing file 305 of 817: /eos/cms/store/group/phys_heavyions/hbossi/mc_productions/QCD-dijet_pThat15-event-weighted_TuneCP5_5p36TeV_pythia8/OO_MC_DijetEmbedded_pThat-15to1200_TuneCP5_5p36TeV_pythia8/260306_002843/0000/HiForestMiniAOD_375.root
Time elapsed: 9596 seconds
File Contains: 99000 entries.
NMiss: 984922 | NFake: 1611142 | NMatch: 25508625
Processing file 306 of 817: /eos/cms/store/group/phys_heavyions/hbossi/mc_productions/QCD-dijet_pThat15-event-weighted_TuneCP5_5p36TeV_pythia8/OO_MC_DijetEmbedded_pThat-15to1200_TuneCP5_5p36TeV_pythia8/260306_002843/0000/HiForestMiniAOD_376.root
Time elapsed: 9627 seconds
File Contains: 100000 entries.
NMiss: 987457 | NFake: 1615435 | NMatch: 25575540
Processing file 307 of 817: /eos/cms/store/group/phys_heavyions/hbossi/mc_productions/QCD-dijet_pThat15-event-weighted_TuneCP5_5p36TeV_pythia8/OO_MC_DijetEmbedded_pThat-15to1200_TuneCP5_5p36TeV_pythia8/260306_002843/0000/HiForestMiniAOD_377.root
Time elapsed: 9648 seconds
File Contains: 106000 entries.
NMiss: 990152 | NFake: 1619812 | NMatch: 25646871
Processing file 308 of 817: /eos/cms/store/group/phys_heavyions/hbossi/mc_productions/QCD-dijet_pThat15-event-weighted_TuneCP5_5p36TeV_pythia8/OO_MC_DijetEmbedded_pThat-15to1200_TuneCP5_5p36TeV_pythia8/260306_002843/0000/HiForestMiniAOD_378.root
Time elapsed: 9670 seconds
File Contains: 137000 entries.
NMiss: 993657 | NFake: 1625558 | NMatch: 25738965
Processing file 309 of 817: /eos/cms/store/group/phys_heavyions/hbossi/mc_productions/QCD-dijet_pThat15-event-weighted_TuneCP5_5p36TeV_pythia8/OO_MC_DijetEmbedded_pThat-15to1200_TuneCP5_5p36TeV_pythia8/260306_002843/0000/HiForestMiniAOD_379.root
Time elapsed: 9693 seconds
File Contains: 102000 entries.
NMiss: 996350 | NFake: 1629915 | NMatch: 25806935
Processing file 310 of 817: /eos/cms/store/group/phys_heavyions/hbossi/mc_productions/QCD-dijet_pThat15-event-weighted_TuneCP5_5p36TeV_pythia8/OO_MC_DijetEmbedded_pThat-15to1200_TuneCP5_5p36TeV_pythia8/260306_002843/0000/HiForestMiniAOD_38.root
Time elapsed: 9712 seconds
File Contains: 131000 entries.
NMiss: 999665 | NFake: 1635471 | NMatch: 25894617
Processing file 311 of 817: /eos/cms/store/group/phys_heavyions/hbossi/mc_productions/QCD-dijet_pThat15-event-weighted_TuneCP5_5p36TeV_pythia8/OO_MC_DijetEmbedded_pThat-15to1200_TuneCP5_5p36TeV_pythia8/260306_002843/0000/HiForestMiniAOD_380.root
Time elapsed: 9743 seconds
File Contains: 98000 entries.
NMiss: 1002249 | NFake: 1639616 | NMatch: 25960845
Processing file 312 of 817: /eos/cms/store/group/phys_heavyions/hbossi/mc_productions/QCD-dijet_pThat15-event-weighted_TuneCP5_5p36TeV_pythia8/OO_MC_DijetEmbedded_pThat-15to1200_TuneCP5_5p36TeV_pythia8/260306_002843/0000/HiForestMiniAOD_381.root
Time elapsed: 9796 seconds
File Contains: 135000 entries.
NMiss: 1005764 | NFake: 1645383 | NMatch: 26051052
Processing file 313 of 817: /eos/cms/store/group/phys_heavyions/hbossi/mc_productions/QCD-dijet_pThat15-event-weighted_TuneCP5_5p36TeV_pythia8/OO_MC_DijetEmbedded_pThat-15to1200_TuneCP5_5p36TeV_pythia8/260306_002843/0000/HiForestMiniAOD_382.root
Time elapsed: 9836 seconds
File Contains: 123000 entries.
NMiss: 1008949 | NFake: 1650582 | NMatch: 26133520
Processing file 314 of 817: /eos/cms/store/group/phys_heavyions/hbossi/mc_productions/QCD-dijet_pThat15-event-weighted_TuneCP5_5p36TeV_pythia8/OO_MC_DijetEmbedded_pThat-15to1200_TuneCP5_5p36TeV_pythia8/260306_002843/0000/HiForestMiniAOD_383.root
Time elapsed: 9911 seconds
File Contains: 130000 entries.
NMiss: 1012338 | NFake: 1656079 | NMatch: 26220213
Processing file 315 of 817: /eos/cms/store/group/phys_heavyions/hbossi/mc_productions/QCD-dijet_pThat15-event-weighted_TuneCP5_5p36TeV_pythia8/OO_MC_DijetEmbedded_pThat-15to1200_TuneCP5_5p36TeV_pythia8/260306_002843/0000/HiForestMiniAOD_384.root
Time elapsed: 9998 seconds
File Contains: 126000 entries.
NMiss: 1015589 | NFake: 1661259 | NMatch: 26305125
Processing file 316 of 817: /eos/cms/store/group/phys_heavyions/hbossi/mc_productions/QCD-dijet_pThat15-event-weighted_TuneCP5_5p36TeV_pythia8/OO_MC_DijetEmbedded_pThat-15to1200_TuneCP5_5p36TeV_pythia8/260306_002843/0000/HiForestMiniAOD_385.root
Time elapsed: 10022 seconds
File Contains: 125000 entries.
NMiss: 1018865 | NFake: 1666462 | NMatch: 26388984
Processing file 317 of 817: /eos/cms/store/group/phys_heavyions/hbossi/mc_productions/QCD-dijet_pThat15-event-weighted_TuneCP5_5p36TeV_pythia8/OO_MC_DijetEmbedded_pThat-15to1200_TuneCP5_5p36TeV_pythia8/260306_002843/0000/HiForestMiniAOD_386.root
Time elapsed: 10047 seconds
File Contains: 150000 entries.
NMiss: 1022697 | NFake: 1672770 | NMatch: 26489505
Processing file 318 of 817: /eos/cms/store/group/phys_heavyions/hbossi/mc_productions/QCD-dijet_pThat15-event-weighted_TuneCP5_5p36TeV_pythia8/OO_MC_DijetEmbedded_pThat-15to1200_TuneCP5_5p36TeV_pythia8/260306_002843/0000/HiForestMiniAOD_387.root
Time elapsed: 10069 seconds
File Contains: 144000 entries.
NMiss: 1026301 | NFake: 1678825 | NMatch: 26586020
Processing file 319 of 817: /eos/cms/store/group/phys_heavyions/hbossi/mc_productions/QCD-dijet_pThat15-event-weighted_TuneCP5_5p36TeV_pythia8/OO_MC_DijetEmbedded_pThat-15to1200_TuneCP5_5p36TeV_pythia8/260306_002843/0000/HiForestMiniAOD_388.root
Time elapsed: 10098 seconds
File Contains: 102000 entries.
NMiss: 1028943 | NFake: 1682996 | NMatch: 26654118
Processing file 320 of 817: /eos/cms/store/group/phys_heavyions/hbossi/mc_productions/QCD-dijet_pThat15-event-weighted_TuneCP5_5p36TeV_pythia8/OO_MC_DijetEmbedded_pThat-15to1200_TuneCP5_5p36TeV_pythia8/260306_002843/0000/HiForestMiniAOD_389.root
Time elapsed: 10130 seconds
File Contains: 125000 entries.
NMiss: 1032191 | NFake: 1688297 | NMatch: 26738010
Processing file 321 of 817: /eos/cms/store/group/phys_heavyions/hbossi/mc_productions/QCD-dijet_pThat15-event-weighted_TuneCP5_5p36TeV_pythia8/OO_MC_DijetEmbedded_pThat-15to1200_TuneCP5_5p36TeV_pythia8/260306_002843/0000/HiForestMiniAOD_39.root
Time elapsed: 10151 seconds
File Contains: 117000 entries.
NMiss: 1035061 | NFake: 1693306 | NMatch: 26817156
Processing file 322 of 817: /eos/cms/store/group/phys_heavyions/hbossi/mc_productions/QCD-dijet_pThat15-event-weighted_TuneCP5_5p36TeV_pythia8/OO_MC_DijetEmbedded_pThat-15to1200_TuneCP5_5p36TeV_pythia8/260306_002843/0000/HiForestMiniAOD_390.root
Time elapsed: 10189 seconds
File Contains: 146000 entries.
NMiss: 1038925 | NFake: 1699499 | NMatch: 26914571
Processing file 323 of 817: /eos/cms/store/group/phys_heavyions/hbossi/mc_productions/QCD-dijet_pThat15-event-weighted_TuneCP5_5p36TeV_pythia8/OO_MC_DijetEmbedded_pThat-15to1200_TuneCP5_5p36TeV_pythia8/260306_002843/0000/HiForestMiniAOD_391.root
Time elapsed: 10218 seconds
File Contains: 122000 entries.
NMiss: 1042130 | NFake: 1704656 | NMatch: 26996169
Processing file 324 of 817: /eos/cms/store/group/phys_heavyions/hbossi/mc_productions/QCD-dijet_pThat15-event-weighted_TuneCP5_5p36TeV_pythia8/OO_MC_DijetEmbedded_pThat-15to1200_TuneCP5_5p36TeV_pythia8/260306_002843/0000/HiForestMiniAOD_392.root
Time elapsed: 10248 seconds
File Contains: 128000 entries.
NMiss: 1045439 | NFake: 1710063 | NMatch: 27081963
Processing file 325 of 817: /eos/cms/store/group/phys_heavyions/hbossi/mc_productions/QCD-dijet_pThat15-event-weighted_TuneCP5_5p36TeV_pythia8/OO_MC_DijetEmbedded_pThat-15to1200_TuneCP5_5p36TeV_pythia8/260306_002843/0000/HiForestMiniAOD_393.root
Time elapsed: 10316 seconds
File Contains: 127000 entries.
NMiss: 1048729 | NFake: 1715481 | NMatch: 27166863
Processing file 326 of 817: /eos/cms/store/group/phys_heavyions/hbossi/mc_productions/QCD-dijet_pThat15-event-weighted_TuneCP5_5p36TeV_pythia8/OO_MC_DijetEmbedded_pThat-15to1200_TuneCP5_5p36TeV_pythia8/260306_002843/0000/HiForestMiniAOD_394.root
Time elapsed: 10339 seconds
File Contains: 154000 entries.
NMiss: 1052754 | NFake: 1721924 | NMatch: 27269857
Processing file 327 of 817: /eos/cms/store/group/phys_heavyions/hbossi/mc_productions/QCD-dijet_pThat15-event-weighted_TuneCP5_5p36TeV_pythia8/OO_MC_DijetEmbedded_pThat-15to1200_TuneCP5_5p36TeV_pythia8/260306_002843/0000/HiForestMiniAOD_395.root
Time elapsed: 10367 seconds
File Contains: 132000 entries.
NMiss: 1056217 | NFake: 1727597 | NMatch: 27358243
Processing file 328 of 817: /eos/cms/store/group/phys_heavyions/hbossi/mc_productions/QCD-dijet_pThat15-event-weighted_TuneCP5_5p36TeV_pythia8/OO_MC_DijetEmbedded_pThat-15to1200_TuneCP5_5p36TeV_pythia8/260306_002843/0000/HiForestMiniAOD_396.root
Time elapsed: 10391 seconds
File Contains: 100000 entries.
NMiss: 1058847 | NFake: 1731904 | NMatch: 27424821
Processing file 329 of 817: /eos/cms/store/group/phys_heavyions/hbossi/mc_productions/QCD-dijet_pThat15-event-weighted_TuneCP5_5p36TeV_pythia8/OO_MC_DijetEmbedded_pThat-15to1200_TuneCP5_5p36TeV_pythia8/260306_002843/0000/HiForestMiniAOD_397.root
Time elapsed: 10425 seconds
File Contains: 119000 entries.
NMiss: 1061954 | NFake: 1736930 | NMatch: 27504829
Processing file 330 of 817: /eos/cms/store/group/phys_heavyions/hbossi/mc_productions/QCD-dijet_pThat15-event-weighted_TuneCP5_5p36TeV_pythia8/OO_MC_DijetEmbedded_pThat-15to1200_TuneCP5_5p36TeV_pythia8/260306_002843/0000/HiForestMiniAOD_398.root
Time elapsed: 10444 seconds
File Contains: 118000 entries.
NMiss: 1065009 | NFake: 1742020 | NMatch: 27583861
Processing file 331 of 817: /eos/cms/store/group/phys_heavyions/hbossi/mc_productions/QCD-dijet_pThat15-event-weighted_TuneCP5_5p36TeV_pythia8/OO_MC_DijetEmbedded_pThat-15to1200_TuneCP5_5p36TeV_pythia8/260306_002843/0000/HiForestMiniAOD_399.root
Time elapsed: 10468 seconds
File Contains: 149000 entries.
NMiss: 1068819 | NFake: 1748259 | NMatch: 27683491
Processing file 332 of 817: /eos/cms/store/group/phys_heavyions/hbossi/mc_productions/QCD-dijet_pThat15-event-weighted_TuneCP5_5p36TeV_pythia8/OO_MC_DijetEmbedded_pThat-15to1200_TuneCP5_5p36TeV_pythia8/260306_002843/0000/HiForestMiniAOD_4.root
Time elapsed: 10493 seconds
File Contains: 137000 entries.
NMiss: 1072443 | NFake: 1754143 | NMatch: 27775420
Processing file 333 of 817: /eos/cms/store/group/phys_heavyions/hbossi/mc_productions/QCD-dijet_pThat15-event-weighted_TuneCP5_5p36TeV_pythia8/OO_MC_DijetEmbedded_pThat-15to1200_TuneCP5_5p36TeV_pythia8/260306_002843/0000/HiForestMiniAOD_40.root
Time elapsed: 10524 seconds
File Contains: 149000 entries.
NMiss: 1076267 | NFake: 1760612 | NMatch: 27874679
Processing file 334 of 817: /eos/cms/store/group/phys_heavyions/hbossi/mc_productions/QCD-dijet_pThat15-event-weighted_TuneCP5_5p36TeV_pythia8/OO_MC_DijetEmbedded_pThat-15to1200_TuneCP5_5p36TeV_pythia8/260306_002843/0000/HiForestMiniAOD_400.root
Time elapsed: 10557 seconds
File Contains: 146000 entries.
NMiss: 1079877 | NFake: 1766776 | NMatch: 27972934
Processing file 335 of 817: /eos/cms/store/group/phys_heavyions/hbossi/mc_productions/QCD-dijet_pThat15-event-weighted_TuneCP5_5p36TeV_pythia8/OO_MC_DijetEmbedded_pThat-15to1200_TuneCP5_5p36TeV_pythia8/260306_002843/0000/HiForestMiniAOD_401.root
Time elapsed: 10587 seconds
File Contains: 92000 entries.
NMiss: 1082241 | NFake: 1770709 | NMatch: 28034758
Processing file 336 of 817: /eos/cms/store/group/phys_heavyions/hbossi/mc_productions/QCD-dijet_pThat15-event-weighted_TuneCP5_5p36TeV_pythia8/OO_MC_DijetEmbedded_pThat-15to1200_TuneCP5_5p36TeV_pythia8/260306_002843/0000/HiForestMiniAOD_402.root
Time elapsed: 10661 seconds
File Contains: 89000 entries.
NMiss: 1084519 | NFake: 1774431 | NMatch: 28094343
Processing file 337 of 817: /eos/cms/store/group/phys_heavyions/hbossi/mc_productions/QCD-dijet_pThat15-event-weighted_TuneCP5_5p36TeV_pythia8/OO_MC_DijetEmbedded_pThat-15to1200_TuneCP5_5p36TeV_pythia8/260306_002843/0000/HiForestMiniAOD_403.root
Time elapsed: 10677 seconds
File Contains: 162000 entries.
NMiss: 1088630 | NFake: 1781243 | NMatch: 28203242
Processing file 338 of 817: /eos/cms/store/group/phys_heavyions/hbossi/mc_productions/QCD-dijet_pThat15-event-weighted_TuneCP5_5p36TeV_pythia8/OO_MC_DijetEmbedded_pThat-15to1200_TuneCP5_5p36TeV_pythia8/260306_002843/0000/HiForestMiniAOD_404.root
Time elapsed: 10705 seconds
File Contains: 117000 entries.
NMiss: 1091631 | NFake: 1786302 | NMatch: 28281613
Processing file 339 of 817: /eos/cms/store/group/phys_heavyions/hbossi/mc_productions/QCD-dijet_pThat15-event-weighted_TuneCP5_5p36TeV_pythia8/OO_MC_DijetEmbedded_pThat-15to1200_TuneCP5_5p36TeV_pythia8/260306_002843/0000/HiForestMiniAOD_405.root
Time elapsed: 10734 seconds
File Contains: 128000 entries.
NMiss: 1094940 | NFake: 1791665 | NMatch: 28367451
Processing file 340 of 817: /eos/cms/store/group/phys_heavyions/hbossi/mc_productions/QCD-dijet_pThat15-event-weighted_TuneCP5_5p36TeV_pythia8/OO_MC_DijetEmbedded_pThat-15to1200_TuneCP5_5p36TeV_pythia8/260306_002843/0000/HiForestMiniAOD_406.root
Time elapsed: 10762 seconds
File Contains: 109000 entries.
NMiss: 1097776 | NFake: 1796216 | NMatch: 28440608
Processing file 341 of 817: /eos/cms/store/group/phys_heavyions/hbossi/mc_productions/QCD-dijet_pThat15-event-weighted_TuneCP5_5p36TeV_pythia8/OO_MC_DijetEmbedded_pThat-15to1200_TuneCP5_5p36TeV_pythia8/260306_002843/0000/HiForestMiniAOD_407.root
Time elapsed: 10786 seconds
File Contains: 138000 entries.
NMiss: 1101407 | NFake: 1802225 | NMatch: 28532740
Processing file 342 of 817: /eos/cms/store/group/phys_heavyions/hbossi/mc_productions/QCD-dijet_pThat15-event-weighted_TuneCP5_5p36TeV_pythia8/OO_MC_DijetEmbedded_pThat-15to1200_TuneCP5_5p36TeV_pythia8/260306_002843/0000/HiForestMiniAOD_408.root
Time elapsed: 10809 seconds
File Contains: 127000 entries.
NMiss: 1104635 | NFake: 1807604 | NMatch: 28617546
Processing file 343 of 817: /eos/cms/store/group/phys_heavyions/hbossi/mc_productions/QCD-dijet_pThat15-event-weighted_TuneCP5_5p36TeV_pythia8/OO_MC_DijetEmbedded_pThat-15to1200_TuneCP5_5p36TeV_pythia8/260306_002843/0000/HiForestMiniAOD_409.root
Time elapsed: 10866 seconds
File Contains: 153000 entries.
NMiss: 1108626 | NFake: 1814100 | NMatch: 28719944
Processing file 344 of 817: /eos/cms/store/group/phys_heavyions/hbossi/mc_productions/QCD-dijet_pThat15-event-weighted_TuneCP5_5p36TeV_pythia8/OO_MC_DijetEmbedded_pThat-15to1200_TuneCP5_5p36TeV_pythia8/260306_002843/0000/HiForestMiniAOD_41.root
Time elapsed: 10889 seconds
File Contains: 78000 entries.
NMiss: 1110650 | NFake: 1817451 | NMatch: 28772080
Processing file 345 of 817: /eos/cms/store/group/phys_heavyions/hbossi/mc_productions/QCD-dijet_pThat15-event-weighted_TuneCP5_5p36TeV_pythia8/OO_MC_DijetEmbedded_pThat-15to1200_TuneCP5_5p36TeV_pythia8/260306_002843/0000/HiForestMiniAOD_410.root
Time elapsed: 10926 seconds
File Contains: 166000 entries.
NMiss: 1114902 | NFake: 1824477 | NMatch: 28883365
Processing file 346 of 817: /eos/cms/store/group/phys_heavyions/hbossi/mc_productions/QCD-dijet_pThat15-event-weighted_TuneCP5_5p36TeV_pythia8/OO_MC_DijetEmbedded_pThat-15to1200_TuneCP5_5p36TeV_pythia8/260306_002843/0000/HiForestMiniAOD_411.root
Time elapsed: 10999 seconds
File Contains: 88000 entries.
NMiss: 1117203 | NFake: 1828229 | NMatch: 28942375
Processing file 347 of 817: /eos/cms/store/group/phys_heavyions/hbossi/mc_productions/QCD-dijet_pThat15-event-weighted_TuneCP5_5p36TeV_pythia8/OO_MC_DijetEmbedded_pThat-15to1200_TuneCP5_5p36TeV_pythia8/260306_002843/0000/HiForestMiniAOD_412.root
Time elapsed: 11020 seconds
File Contains: 158000 entries.
NMiss: 1121359 | NFake: 1834823 | NMatch: 29048582
Processing file 348 of 817: /eos/cms/store/group/phys_heavyions/hbossi/mc_productions/QCD-dijet_pThat15-event-weighted_TuneCP5_5p36TeV_pythia8/OO_MC_DijetEmbedded_pThat-15to1200_TuneCP5_5p36TeV_pythia8/260306_002843/0000/HiForestMiniAOD_413.root
Time elapsed: 11074 seconds
File Contains: 116000 entries.
NMiss: 1124458 | NFake: 1839816 | NMatch: 29126673
Processing file 349 of 817: /eos/cms/store/group/phys_heavyions/hbossi/mc_productions/QCD-dijet_pThat15-event-weighted_TuneCP5_5p36TeV_pythia8/OO_MC_DijetEmbedded_pThat-15to1200_TuneCP5_5p36TeV_pythia8/260306_002843/0000/HiForestMiniAOD_414.root
Time elapsed: 11099 seconds
File Contains: 95000 entries.
NMiss: 1126901 | NFake: 1843905 | NMatch: 29190530
Processing file 350 of 817: /eos/cms/store/group/phys_heavyions/hbossi/mc_productions/QCD-dijet_pThat15-event-weighted_TuneCP5_5p36TeV_pythia8/OO_MC_DijetEmbedded_pThat-15to1200_TuneCP5_5p36TeV_pythia8/260306_002843/0000/HiForestMiniAOD_415.root
Time elapsed: 11119 seconds
File Contains: 105000 entries.
NMiss: 1129530 | NFake: 1848387 | NMatch: 29260582
Processing file 351 of 817: /eos/cms/store/group/phys_heavyions/hbossi/mc_productions/QCD-dijet_pThat15-event-weighted_TuneCP5_5p36TeV_pythia8/OO_MC_DijetEmbedded_pThat-15to1200_TuneCP5_5p36TeV_pythia8/260306_002843/0000/HiForestMiniAOD_416.root
Time elapsed: 11153 seconds
File Contains: 110000 entries.
NMiss: 1132380 | NFake: 1853067 | NMatch: 29333972
Processing file 352 of 817: /eos/cms/store/group/phys_heavyions/hbossi/mc_productions/QCD-dijet_pThat15-event-weighted_TuneCP5_5p36TeV_pythia8/OO_MC_DijetEmbedded_pThat-15to1200_TuneCP5_5p36TeV_pythia8/260306_002843/0000/HiForestMiniAOD_417.root
Time elapsed: 11208 seconds
File Contains: 97000 entries.
NMiss: 1134882 | NFake: 1857141 | NMatch: 29398907
Processing file 353 of 817: /eos/cms/store/group/phys_heavyions/hbossi/mc_productions/QCD-dijet_pThat15-event-weighted_TuneCP5_5p36TeV_pythia8/OO_MC_DijetEmbedded_pThat-15to1200_TuneCP5_5p36TeV_pythia8/260306_002843/0000/HiForestMiniAOD_418.root
Time elapsed: 11224 seconds
File Contains: 130000 entries.
NMiss: 1138213 | NFake: 1862682 | NMatch: 29486002
Processing file 354 of 817: /eos/cms/store/group/phys_heavyions/hbossi/mc_productions/QCD-dijet_pThat15-event-weighted_TuneCP5_5p36TeV_pythia8/OO_MC_DijetEmbedded_pThat-15to1200_TuneCP5_5p36TeV_pythia8/260306_002843/0000/HiForestMiniAOD_419.root
Time elapsed: 11288 seconds
File Contains: 119000 entries.
NMiss: 1141281 | NFake: 1867784 | NMatch: 29565923
Processing file 355 of 817: /eos/cms/store/group/phys_heavyions/hbossi/mc_productions/QCD-dijet_pThat15-event-weighted_TuneCP5_5p36TeV_pythia8/OO_MC_DijetEmbedded_pThat-15to1200_TuneCP5_5p36TeV_pythia8/260306_002843/0000/HiForestMiniAOD_42.root
Time elapsed: 11310 seconds
File Contains: 93000 entries.
NMiss: 1143662 | NFake: 1871758 | NMatch: 29627902
Processing file 356 of 817: /eos/cms/store/group/phys_heavyions/hbossi/mc_productions/QCD-dijet_pThat15-event-weighted_TuneCP5_5p36TeV_pythia8/OO_MC_DijetEmbedded_pThat-15to1200_TuneCP5_5p36TeV_pythia8/260306_002843/0000/HiForestMiniAOD_420.root
Time elapsed: 11331 seconds
File Contains: 166000 entries.
NMiss: 1147975 | NFake: 1878781 | NMatch: 29738966
Processing file 357 of 817: /eos/cms/store/group/phys_heavyions/hbossi/mc_productions/QCD-dijet_pThat15-event-weighted_TuneCP5_5p36TeV_pythia8/OO_MC_DijetEmbedded_pThat-15to1200_TuneCP5_5p36TeV_pythia8/260306_002843/0000/HiForestMiniAOD_421.root
Time elapsed: 11361 seconds
File Contains: 108000 entries.
NMiss: 1150791 | NFake: 1883342 | NMatch: 29811189
Processing file 358 of 817: /eos/cms/store/group/phys_heavyions/hbossi/mc_productions/QCD-dijet_pThat15-event-weighted_TuneCP5_5p36TeV_pythia8/OO_MC_DijetEmbedded_pThat-15to1200_TuneCP5_5p36TeV_pythia8/260306_002843/0000/HiForestMiniAOD_422.root
Time elapsed: 11432 seconds
File Contains: 150000 entries.
NMiss: 1154701 | NFake: 1889665 | NMatch: 29911834
Processing file 359 of 817: /eos/cms/store/group/phys_heavyions/hbossi/mc_productions/QCD-dijet_pThat15-event-weighted_TuneCP5_5p36TeV_pythia8/OO_MC_DijetEmbedded_pThat-15to1200_TuneCP5_5p36TeV_pythia8/260306_002843/0000/HiForestMiniAOD_423.root
Time elapsed: 11458 seconds
File Contains: 140000 entries.
NMiss: 1158305 | NFake: 1895541 | NMatch: 30005606
Processing file 360 of 817: /eos/cms/store/group/phys_heavyions/hbossi/mc_productions/QCD-dijet_pThat15-event-weighted_TuneCP5_5p36TeV_pythia8/OO_MC_DijetEmbedded_pThat-15to1200_TuneCP5_5p36TeV_pythia8/260306_002843/0000/HiForestMiniAOD_424.root
Time elapsed: 11483 seconds
File Contains: 114000 entries.
NMiss: 1161243 | NFake: 1900460 | NMatch: 30082065
Processing file 361 of 817: /eos/cms/store/group/phys_heavyions/hbossi/mc_productions/QCD-dijet_pThat15-event-weighted_TuneCP5_5p36TeV_pythia8/OO_MC_DijetEmbedded_pThat-15to1200_TuneCP5_5p36TeV_pythia8/260306_002843/0000/HiForestMiniAOD_425.root
Time elapsed: 11550 seconds
File Contains: 106000 entries.
NMiss: 1163957 | NFake: 1904940 | NMatch: 30153039
Processing file 362 of 817: /eos/cms/store/group/phys_heavyions/hbossi/mc_productions/QCD-dijet_pThat15-event-weighted_TuneCP5_5p36TeV_pythia8/OO_MC_DijetEmbedded_pThat-15to1200_TuneCP5_5p36TeV_pythia8/260306_002843/0000/HiForestMiniAOD_426.root
Time elapsed: 11582 seconds
File Contains: 124000 entries.
NMiss: 1167195 | NFake: 1910143 | NMatch: 30236066
Processing file 363 of 817: /eos/cms/store/group/phys_heavyions/hbossi/mc_productions/QCD-dijet_pThat15-event-weighted_TuneCP5_5p36TeV_pythia8/OO_MC_DijetEmbedded_pThat-15to1200_TuneCP5_5p36TeV_pythia8/260306_002843/0000/HiForestMiniAOD_427.root
Time elapsed: 11614 seconds
File Contains: 108000 entries.
NMiss: 1169936 | NFake: 1914674 | NMatch: 30308492
Processing file 364 of 817: /eos/cms/store/group/phys_heavyions/hbossi/mc_productions/QCD-dijet_pThat15-event-weighted_TuneCP5_5p36TeV_pythia8/OO_MC_DijetEmbedded_pThat-15to1200_TuneCP5_5p36TeV_pythia8/260306_002843/0000/HiForestMiniAOD_428.root
Time elapsed: 11664 seconds
File Contains: 167000 entries.
NMiss: 1174315 | NFake: 1921754 | NMatch: 30420203
Processing file 365 of 817: /eos/cms/store/group/phys_heavyions/hbossi/mc_productions/QCD-dijet_pThat15-event-weighted_TuneCP5_5p36TeV_pythia8/OO_MC_DijetEmbedded_pThat-15to1200_TuneCP5_5p36TeV_pythia8/260306_002843/0000/HiForestMiniAOD_429.root
Time elapsed: 11687 seconds
File Contains: 123000 entries.
NMiss: 1177539 | NFake: 1926922 | NMatch: 30502852
Processing file 366 of 817: /eos/cms/store/group/phys_heavyions/hbossi/mc_productions/QCD-dijet_pThat15-event-weighted_TuneCP5_5p36TeV_pythia8/OO_MC_DijetEmbedded_pThat-15to1200_TuneCP5_5p36TeV_pythia8/260306_002843/0000/HiForestMiniAOD_43.root
Time elapsed: 11714 seconds
File Contains: 128000 entries.
NMiss: 1180806 | NFake: 1932359 | NMatch: 30588745
Processing file 367 of 817: /eos/cms/store/group/phys_heavyions/hbossi/mc_productions/QCD-dijet_pThat15-event-weighted_TuneCP5_5p36TeV_pythia8/OO_MC_DijetEmbedded_pThat-15to1200_TuneCP5_5p36TeV_pythia8/260306_002843/0000/HiForestMiniAOD_430.root
Time elapsed: 11741 seconds
File Contains: 146000 entries.
NMiss: 1184558 | NFake: 1938597 | NMatch: 30686559
Processing file 368 of 817: /eos/cms/store/group/phys_heavyions/hbossi/mc_productions/QCD-dijet_pThat15-event-weighted_TuneCP5_5p36TeV_pythia8/OO_MC_DijetEmbedded_pThat-15to1200_TuneCP5_5p36TeV_pythia8/260306_002843/0000/HiForestMiniAOD_431.root
Time elapsed: 11790 seconds
File Contains: 128000 entries.
NMiss: 1187784 | NFake: 1944068 | NMatch: 30772299
Processing file 369 of 817: /eos/cms/store/group/phys_heavyions/hbossi/mc_productions/QCD-dijet_pThat15-event-weighted_TuneCP5_5p36TeV_pythia8/OO_MC_DijetEmbedded_pThat-15to1200_TuneCP5_5p36TeV_pythia8/260306_002843/0000/HiForestMiniAOD_432.root
Time elapsed: 11815 seconds
File Contains: 167000 entries.
NMiss: 1191952 | NFake: 1951044 | NMatch: 30883986
Processing file 370 of 817: /eos/cms/store/group/phys_heavyions/hbossi/mc_productions/QCD-dijet_pThat15-event-weighted_TuneCP5_5p36TeV_pythia8/OO_MC_DijetEmbedded_pThat-15to1200_TuneCP5_5p36TeV_pythia8/260306_002843/0000/HiForestMiniAOD_433.root
Time elapsed: 11839 seconds
File Contains: 108000 entries.
NMiss: 1194799 | NFake: 1955497 | NMatch: 30956324
Processing file 371 of 817: /eos/cms/store/group/phys_heavyions/hbossi/mc_productions/QCD-dijet_pThat15-event-weighted_TuneCP5_5p36TeV_pythia8/OO_MC_DijetEmbedded_pThat-15to1200_TuneCP5_5p36TeV_pythia8/260306_002843/0000/HiForestMiniAOD_434.root
Time elapsed: 11857 seconds
File Contains: 129000 entries.
NMiss: 1198133 | NFake: 1961127 | NMatch: 31042678
Processing file 372 of 817: /eos/cms/store/group/phys_heavyions/hbossi/mc_productions/QCD-dijet_pThat15-event-weighted_TuneCP5_5p36TeV_pythia8/OO_MC_DijetEmbedded_pThat-15to1200_TuneCP5_5p36TeV_pythia8/260306_002843/0000/HiForestMiniAOD_435.root
Time elapsed: 11877 seconds
File Contains: 139000 entries.
NMiss: 1201719 | NFake: 1967199 | NMatch: 31135367
Processing file 373 of 817: /eos/cms/store/group/phys_heavyions/hbossi/mc_productions/QCD-dijet_pThat15-event-weighted_TuneCP5_5p36TeV_pythia8/OO_MC_DijetEmbedded_pThat-15to1200_TuneCP5_5p36TeV_pythia8/260306_002843/0000/HiForestMiniAOD_436.root
Time elapsed: 11907 seconds
File Contains: 125000 entries.
NMiss: 1204880 | NFake: 1972465 | NMatch: 31219411
Processing file 374 of 817: /eos/cms/store/group/phys_heavyions/hbossi/mc_productions/QCD-dijet_pThat15-event-weighted_TuneCP5_5p36TeV_pythia8/OO_MC_DijetEmbedded_pThat-15to1200_TuneCP5_5p36TeV_pythia8/260306_002843/0000/HiForestMiniAOD_437.root
Time elapsed: 11935 seconds
File Contains: 115000 entries.
NMiss: 1207954 | NFake: 1977162 | NMatch: 31296323
Processing file 375 of 817: /eos/cms/store/group/phys_heavyions/hbossi/mc_productions/QCD-dijet_pThat15-event-weighted_TuneCP5_5p36TeV_pythia8/OO_MC_DijetEmbedded_pThat-15to1200_TuneCP5_5p36TeV_pythia8/260306_002843/0000/HiForestMiniAOD_438.root
Time elapsed: 11959 seconds
File Contains: 132000 entries.
NMiss: 1211331 | NFake: 1982681 | NMatch: 31384638
Processing file 376 of 817: /eos/cms/store/group/phys_heavyions/hbossi/mc_productions/QCD-dijet_pThat15-event-weighted_TuneCP5_5p36TeV_pythia8/OO_MC_DijetEmbedded_pThat-15to1200_TuneCP5_5p36TeV_pythia8/260306_002843/0000/HiForestMiniAOD_439.root
Time elapsed: 11982 seconds
File Contains: 126000 entries.
NMiss: 1214572 | NFake: 1987987 | NMatch: 31469725
Processing file 377 of 817: /eos/cms/store/group/phys_heavyions/hbossi/mc_productions/QCD-dijet_pThat15-event-weighted_TuneCP5_5p36TeV_pythia8/OO_MC_DijetEmbedded_pThat-15to1200_TuneCP5_5p36TeV_pythia8/260306_002843/0000/HiForestMiniAOD_44.root
Time elapsed: 12008 seconds
File Contains: 99000 entries.
NMiss: 1217144 | NFake: 1992180 | NMatch: 31535744
Processing file 378 of 817: /eos/cms/store/group/phys_heavyions/hbossi/mc_productions/QCD-dijet_pThat15-event-weighted_TuneCP5_5p36TeV_pythia8/OO_MC_DijetEmbedded_pThat-15to1200_TuneCP5_5p36TeV_pythia8/260306_002843/0000/HiForestMiniAOD_440.root
Time elapsed: 12024 seconds
File Contains: 128000 entries.
NMiss: 1220596 | NFake: 1997701 | NMatch: 31621627
Processing file 379 of 817: /eos/cms/store/group/phys_heavyions/hbossi/mc_productions/QCD-dijet_pThat15-event-weighted_TuneCP5_5p36TeV_pythia8/OO_MC_DijetEmbedded_pThat-15to1200_TuneCP5_5p36TeV_pythia8/260306_002843/0000/HiForestMiniAOD_441.root
Time elapsed: 12050 seconds
File Contains: 107000 entries.
NMiss: 1223502 | NFake: 2002446 | NMatch: 31693575
Processing file 380 of 817: /eos/cms/store/group/phys_heavyions/hbossi/mc_productions/QCD-dijet_pThat15-event-weighted_TuneCP5_5p36TeV_pythia8/OO_MC_DijetEmbedded_pThat-15to1200_TuneCP5_5p36TeV_pythia8/260306_002843/0000/HiForestMiniAOD_442.root
Time elapsed: 12081 seconds
File Contains: 76000 entries.
NMiss: 1225483 | NFake: 2005595 | NMatch: 31744396
Processing file 381 of 817: /eos/cms/store/group/phys_heavyions/hbossi/mc_productions/QCD-dijet_pThat15-event-weighted_TuneCP5_5p36TeV_pythia8/OO_MC_DijetEmbedded_pThat-15to1200_TuneCP5_5p36TeV_pythia8/260306_002843/0000/HiForestMiniAOD_443.root
Time elapsed: 12105 seconds
File Contains: 105000 entries.
NMiss: 1228135 | NFake: 2009978 | NMatch: 31814529
Processing file 382 of 817: /eos/cms/store/group/phys_heavyions/hbossi/mc_productions/QCD-dijet_pThat15-event-weighted_TuneCP5_5p36TeV_pythia8/OO_MC_DijetEmbedded_pThat-15to1200_TuneCP5_5p36TeV_pythia8/260306_002843/0000/HiForestMiniAOD_444.root
Time elapsed: 12128 seconds
File Contains: 122000 entries.
NMiss: 1231307 | NFake: 2015160 | NMatch: 31896237
Processing file 383 of 817: /eos/cms/store/group/phys_heavyions/hbossi/mc_productions/QCD-dijet_pThat15-event-weighted_TuneCP5_5p36TeV_pythia8/OO_MC_DijetEmbedded_pThat-15to1200_TuneCP5_5p36TeV_pythia8/260306_002843/0000/HiForestMiniAOD_445.root
Time elapsed: 12152 seconds
File Contains: 130000 entries.
NMiss: 1234580 | NFake: 2020596 | NMatch: 31983824
Processing file 384 of 817: /eos/cms/store/group/phys_heavyions/hbossi/mc_productions/QCD-dijet_pThat15-event-weighted_TuneCP5_5p36TeV_pythia8/OO_MC_DijetEmbedded_pThat-15to1200_TuneCP5_5p36TeV_pythia8/260306_002843/0000/HiForestMiniAOD_446.root
Time elapsed: 12171 seconds
File Contains: 106000 entries.
NMiss: 1237284 | NFake: 2025145 | NMatch: 32054554
Processing file 385 of 817: /eos/cms/store/group/phys_heavyions/hbossi/mc_productions/QCD-dijet_pThat15-event-weighted_TuneCP5_5p36TeV_pythia8/OO_MC_DijetEmbedded_pThat-15to1200_TuneCP5_5p36TeV_pythia8/260306_002843/0000/HiForestMiniAOD_447.root
Time elapsed: 12203 seconds
File Contains: 109000 entries.
NMiss: 1240139 | NFake: 2029745 | NMatch: 32127385
Processing file 386 of 817: /eos/cms/store/group/phys_heavyions/hbossi/mc_productions/QCD-dijet_pThat15-event-weighted_TuneCP5_5p36TeV_pythia8/OO_MC_DijetEmbedded_pThat-15to1200_TuneCP5_5p36TeV_pythia8/260306_002843/0000/HiForestMiniAOD_448.root
Time elapsed: 12220 seconds
File Contains: 126000 entries.
NMiss: 1243296 | NFake: 2035073 | NMatch: 32211229
Processing file 387 of 817: /eos/cms/store/group/phys_heavyions/hbossi/mc_productions/QCD-dijet_pThat15-event-weighted_TuneCP5_5p36TeV_pythia8/OO_MC_DijetEmbedded_pThat-15to1200_TuneCP5_5p36TeV_pythia8/260306_002843/0000/HiForestMiniAOD_449.root
Time elapsed: 12239 seconds
File Contains: 127000 entries.
NMiss: 1246535 | NFake: 2040509 | NMatch: 32296871
Processing file 388 of 817: /eos/cms/store/group/phys_heavyions/hbossi/mc_productions/QCD-dijet_pThat15-event-weighted_TuneCP5_5p36TeV_pythia8/OO_MC_DijetEmbedded_pThat-15to1200_TuneCP5_5p36TeV_pythia8/260306_002843/0000/HiForestMiniAOD_45.root
Time elapsed: 12259 seconds
File Contains: 111000 entries.
NMiss: 1249452 | NFake: 2045280 | NMatch: 32371452
Processing file 389 of 817: /eos/cms/store/group/phys_heavyions/hbossi/mc_productions/QCD-dijet_pThat15-event-weighted_TuneCP5_5p36TeV_pythia8/OO_MC_DijetEmbedded_pThat-15to1200_TuneCP5_5p36TeV_pythia8/260306_002843/0000/HiForestMiniAOD_450.root
Time elapsed: 12293 seconds
File Contains: 149000 entries.
NMiss: 1253426 | NFake: 2051320 | NMatch: 32471092
Processing file 390 of 817: /eos/cms/store/group/phys_heavyions/hbossi/mc_productions/QCD-dijet_pThat15-event-weighted_TuneCP5_5p36TeV_pythia8/OO_MC_DijetEmbedded_pThat-15to1200_TuneCP5_5p36TeV_pythia8/260306_002843/0000/HiForestMiniAOD_451.root
Time elapsed: 12320 seconds
File Contains: 110000 entries.
NMiss: 1256233 | NFake: 2056090 | NMatch: 32544593
Processing file 391 of 817: /eos/cms/store/group/phys_heavyions/hbossi/mc_productions/QCD-dijet_pThat15-event-weighted_TuneCP5_5p36TeV_pythia8/OO_MC_DijetEmbedded_pThat-15to1200_TuneCP5_5p36TeV_pythia8/260306_002843/0000/HiForestMiniAOD_452.root
Time elapsed: 12349 seconds
File Contains: 117000 entries.
NMiss: 1259242 | NFake: 2061067 | NMatch: 32623399
Processing file 392 of 817: /eos/cms/store/group/phys_heavyions/hbossi/mc_productions/QCD-dijet_pThat15-event-weighted_TuneCP5_5p36TeV_pythia8/OO_MC_DijetEmbedded_pThat-15to1200_TuneCP5_5p36TeV_pythia8/260306_002843/0000/HiForestMiniAOD_453.root
Time elapsed: 12375 seconds
File Contains: 139000 entries.
NMiss: 1262845 | NFake: 2066923 | NMatch: 32716381
Processing file 393 of 817: /eos/cms/store/group/phys_heavyions/hbossi/mc_productions/QCD-dijet_pThat15-event-weighted_TuneCP5_5p36TeV_pythia8/OO_MC_DijetEmbedded_pThat-15to1200_TuneCP5_5p36TeV_pythia8/260306_002843/0000/HiForestMiniAOD_454.root
Time elapsed: 12401 seconds
File Contains: 102000 entries.
NMiss: 1265507 | NFake: 2071247 | NMatch: 32784050
Processing file 394 of 817: /eos/cms/store/group/phys_heavyions/hbossi/mc_productions/QCD-dijet_pThat15-event-weighted_TuneCP5_5p36TeV_pythia8/OO_MC_DijetEmbedded_pThat-15to1200_TuneCP5_5p36TeV_pythia8/260306_002843/0000/HiForestMiniAOD_455.root
Time elapsed: 12423 seconds
File Contains: 141000 entries.
NMiss: 1269140 | NFake: 2077222 | NMatch: 32878734
Processing file 395 of 817: /eos/cms/store/group/phys_heavyions/hbossi/mc_productions/QCD-dijet_pThat15-event-weighted_TuneCP5_5p36TeV_pythia8/OO_MC_DijetEmbedded_pThat-15to1200_TuneCP5_5p36TeV_pythia8/260306_002843/0000/HiForestMiniAOD_456.root
Time elapsed: 12446 seconds
File Contains: 123000 entries.
NMiss: 1272413 | NFake: 2082402 | NMatch: 32960771
Processing file 396 of 817: /eos/cms/store/group/phys_heavyions/hbossi/mc_productions/QCD-dijet_pThat15-event-weighted_TuneCP5_5p36TeV_pythia8/OO_MC_DijetEmbedded_pThat-15to1200_TuneCP5_5p36TeV_pythia8/260306_002843/0000/HiForestMiniAOD_457.root
Time elapsed: 12493 seconds
File Contains: 121000 entries.
NMiss: 1275510 | NFake: 2087516 | NMatch: 33042257
Processing file 397 of 817: /eos/cms/store/group/phys_heavyions/hbossi/mc_productions/QCD-dijet_pThat15-event-weighted_TuneCP5_5p36TeV_pythia8/OO_MC_DijetEmbedded_pThat-15to1200_TuneCP5_5p36TeV_pythia8/260306_002843/0000/HiForestMiniAOD_458.root
Time elapsed: 12527 seconds
File Contains: 116000 entries.
NMiss: 1278417 | NFake: 2092457 | NMatch: 33119583
Processing file 398 of 817: /eos/cms/store/group/phys_heavyions/hbossi/mc_productions/QCD-dijet_pThat15-event-weighted_TuneCP5_5p36TeV_pythia8/OO_MC_DijetEmbedded_pThat-15to1200_TuneCP5_5p36TeV_pythia8/260306_002843/0000/HiForestMiniAOD_459.root
Time elapsed: 12549 seconds
File Contains: 99000 entries.
NMiss: 1281048 | NFake: 2096637 | NMatch: 33185860
Processing file 399 of 817: /eos/cms/store/group/phys_heavyions/hbossi/mc_productions/QCD-dijet_pThat15-event-weighted_TuneCP5_5p36TeV_pythia8/OO_MC_DijetEmbedded_pThat-15to1200_TuneCP5_5p36TeV_pythia8/260306_002843/0000/HiForestMiniAOD_46.root
Time elapsed: 12569 seconds
File Contains: 129000 entries.
NMiss: 1284360 | NFake: 2102257 | NMatch: 33272804
Processing file 400 of 817: /eos/cms/store/group/phys_heavyions/hbossi/mc_productions/QCD-dijet_pThat15-event-weighted_TuneCP5_5p36TeV_pythia8/OO_MC_DijetEmbedded_pThat-15to1200_TuneCP5_5p36TeV_pythia8/260306_002843/0000/HiForestMiniAOD_460.root
Time elapsed: 12608 seconds
File Contains: 94000 entries.
NMiss: 1286894 | NFake: 2106136 | NMatch: 33336176
Processing file 401 of 817: /eos/cms/store/group/phys_heavyions/hbossi/mc_productions/QCD-dijet_pThat15-event-weighted_TuneCP5_5p36TeV_pythia8/OO_MC_DijetEmbedded_pThat-15to1200_TuneCP5_5p36TeV_pythia8/260306_002843/0000/HiForestMiniAOD_461.root
Time elapsed: 12635 seconds
File Contains: 113000 entries.
NMiss: 1289874 | NFake: 2110873 | NMatch: 33411518
Processing file 402 of 817: /eos/cms/store/group/phys_heavyions/hbossi/mc_productions/QCD-dijet_pThat15-event-weighted_TuneCP5_5p36TeV_pythia8/OO_MC_DijetEmbedded_pThat-15to1200_TuneCP5_5p36TeV_pythia8/260306_002843/0000/HiForestMiniAOD_462.root
Time elapsed: 12672 seconds
File Contains: 137000 entries.
NMiss: 1293376 | NFake: 2116738 | NMatch: 33503579
Processing file 403 of 817: /eos/cms/store/group/phys_heavyions/hbossi/mc_productions/QCD-dijet_pThat15-event-weighted_TuneCP5_5p36TeV_pythia8/OO_MC_DijetEmbedded_pThat-15to1200_TuneCP5_5p36TeV_pythia8/260306_002843/0000/HiForestMiniAOD_463.root
Time elapsed: 12739 seconds
File Contains: 88000 entries.
NMiss: 1295663 | NFake: 2120400 | NMatch: 33563056
Processing file 404 of 817: /eos/cms/store/group/phys_heavyions/hbossi/mc_productions/QCD-dijet_pThat15-event-weighted_TuneCP5_5p36TeV_pythia8/OO_MC_DijetEmbedded_pThat-15to1200_TuneCP5_5p36TeV_pythia8/260306_002843/0000/HiForestMiniAOD_464.root
Time elapsed: 12758 seconds
File Contains: 117000 entries.
NMiss: 1298743 | NFake: 2125522 | NMatch: 33641588
Processing file 405 of 817: /eos/cms/store/group/phys_heavyions/hbossi/mc_productions/QCD-dijet_pThat15-event-weighted_TuneCP5_5p36TeV_pythia8/OO_MC_DijetEmbedded_pThat-15to1200_TuneCP5_5p36TeV_pythia8/260306_002843/0000/HiForestMiniAOD_465.root
Time elapsed: 12824 seconds
File Contains: 166000 entries.
NMiss: 1302980 | NFake: 2132433 | NMatch: 33752563
Processing file 406 of 817: /eos/cms/store/group/phys_heavyions/hbossi/mc_productions/QCD-dijet_pThat15-event-weighted_TuneCP5_5p36TeV_pythia8/OO_MC_DijetEmbedded_pThat-15to1200_TuneCP5_5p36TeV_pythia8/260306_002843/0000/HiForestMiniAOD_466.root
Time elapsed: 12894 seconds
File Contains: 135000 entries.
NMiss: 1306416 | NFake: 2138010 | NMatch: 33842982
Processing file 407 of 817: /eos/cms/store/group/phys_heavyions/hbossi/mc_productions/QCD-dijet_pThat15-event-weighted_TuneCP5_5p36TeV_pythia8/OO_MC_DijetEmbedded_pThat-15to1200_TuneCP5_5p36TeV_pythia8/260306_002843/0000/HiForestMiniAOD_467.root
Time elapsed: 12929 seconds
File Contains: 156000 entries.
NMiss: 1310298 | NFake: 2144656 | NMatch: 33947336
Processing file 408 of 817: /eos/cms/store/group/phys_heavyions/hbossi/mc_productions/QCD-dijet_pThat15-event-weighted_TuneCP5_5p36TeV_pythia8/OO_MC_DijetEmbedded_pThat-15to1200_TuneCP5_5p36TeV_pythia8/260306_002843/0000/HiForestMiniAOD_468.root
Time elapsed: 12960 seconds
File Contains: 134000 entries.
NMiss: 1313720 | NFake: 2150401 | NMatch: 34037605
Processing file 409 of 817: /eos/cms/store/group/phys_heavyions/hbossi/mc_productions/QCD-dijet_pThat15-event-weighted_TuneCP5_5p36TeV_pythia8/OO_MC_DijetEmbedded_pThat-15to1200_TuneCP5_5p36TeV_pythia8/260306_002843/0000/HiForestMiniAOD_469.root
Time elapsed: 12979 seconds
File Contains: 126000 entries.
NMiss: 1317068 | NFake: 2155755 | NMatch: 34122465
Processing file 410 of 817: /eos/cms/store/group/phys_heavyions/hbossi/mc_productions/QCD-dijet_pThat15-event-weighted_TuneCP5_5p36TeV_pythia8/OO_MC_DijetEmbedded_pThat-15to1200_TuneCP5_5p36TeV_pythia8/260306_002843/0000/HiForestMiniAOD_47.root
Time elapsed: 13006 seconds
File Contains: 104000 entries.
NMiss: 1319742 | NFake: 2160217 | NMatch: 34192356
Processing file 411 of 817: /eos/cms/store/group/phys_heavyions/hbossi/mc_productions/QCD-dijet_pThat15-event-weighted_TuneCP5_5p36TeV_pythia8/OO_MC_DijetEmbedded_pThat-15to1200_TuneCP5_5p36TeV_pythia8/260306_002843/0000/HiForestMiniAOD_470.root
Time elapsed: 13031 seconds
File Contains: 124000 entries.
NMiss: 1322997 | NFake: 2165407 | NMatch: 34275750
Processing file 412 of 817: /eos/cms/store/group/phys_heavyions/hbossi/mc_productions/QCD-dijet_pThat15-event-weighted_TuneCP5_5p36TeV_pythia8/OO_MC_DijetEmbedded_pThat-15to1200_TuneCP5_5p36TeV_pythia8/260306_002843/0000/HiForestMiniAOD_471.root
Time elapsed: 13051 seconds
File Contains: 127000 entries.
NMiss: 1326240 | NFake: 2170881 | NMatch: 34360690
Processing file 413 of 817: /eos/cms/store/group/phys_heavyions/hbossi/mc_productions/QCD-dijet_pThat15-event-weighted_TuneCP5_5p36TeV_pythia8/OO_MC_DijetEmbedded_pThat-15to1200_TuneCP5_5p36TeV_pythia8/260306_002843/0000/HiForestMiniAOD_472.root
Time elapsed: 13088 seconds
File Contains: 109000 entries.
NMiss: 1329111 | NFake: 2175495 | NMatch: 34434233
Processing file 414 of 817: /eos/cms/store/group/phys_heavyions/hbossi/mc_productions/QCD-dijet_pThat15-event-weighted_TuneCP5_5p36TeV_pythia8/OO_MC_DijetEmbedded_pThat-15to1200_TuneCP5_5p36TeV_pythia8/260306_002843/0000/HiForestMiniAOD_473.root
Time elapsed: 13108 seconds
File Contains: 133000 entries.
NMiss: 1332509 | NFake: 2181027 | NMatch: 34523223
Processing file 415 of 817: /eos/cms/store/group/phys_heavyions/hbossi/mc_productions/QCD-dijet_pThat15-event-weighted_TuneCP5_5p36TeV_pythia8/OO_MC_DijetEmbedded_pThat-15to1200_TuneCP5_5p36TeV_pythia8/260306_002843/0000/HiForestMiniAOD_474.root
Time elapsed: 13133 seconds
File Contains: 111000 entries.
NMiss: 1335427 | NFake: 2185814 | NMatch: 34597938
Processing file 416 of 817: /eos/cms/store/group/phys_heavyions/hbossi/mc_productions/QCD-dijet_pThat15-event-weighted_TuneCP5_5p36TeV_pythia8/OO_MC_DijetEmbedded_pThat-15to1200_TuneCP5_5p36TeV_pythia8/260306_002843/0000/HiForestMiniAOD_475.root
Time elapsed: 13152 seconds
File Contains: 114000 entries.
NMiss: 1338354 | NFake: 2190555 | NMatch: 34674279
Processing file 417 of 817: /eos/cms/store/group/phys_heavyions/hbossi/mc_productions/QCD-dijet_pThat15-event-weighted_TuneCP5_5p36TeV_pythia8/OO_MC_DijetEmbedded_pThat-15to1200_TuneCP5_5p36TeV_pythia8/260306_002843/0000/HiForestMiniAOD_476.root
Time elapsed: 13175 seconds
File Contains: 145000 entries.
NMiss: 1342083 | NFake: 2196669 | NMatch: 34771286
Processing file 418 of 817: /eos/cms/store/group/phys_heavyions/hbossi/mc_productions/QCD-dijet_pThat15-event-weighted_TuneCP5_5p36TeV_pythia8/OO_MC_DijetEmbedded_pThat-15to1200_TuneCP5_5p36TeV_pythia8/260306_002843/0000/HiForestMiniAOD_477.root
Time elapsed: 13196 seconds
File Contains: 120000 entries.
NMiss: 1345213 | NFake: 2201755 | NMatch: 34852044
Processing file 419 of 817: /eos/cms/store/group/phys_heavyions/hbossi/mc_productions/QCD-dijet_pThat15-event-weighted_TuneCP5_5p36TeV_pythia8/OO_MC_DijetEmbedded_pThat-15to1200_TuneCP5_5p36TeV_pythia8/260306_002843/0000/HiForestMiniAOD_478.root
Time elapsed: 13236 seconds
File Contains: 124000 entries.
NMiss: 1348483 | NFake: 2207077 | NMatch: 34935583
Processing file 420 of 817: /eos/cms/store/group/phys_heavyions/hbossi/mc_productions/QCD-dijet_pThat15-event-weighted_TuneCP5_5p36TeV_pythia8/OO_MC_DijetEmbedded_pThat-15to1200_TuneCP5_5p36TeV_pythia8/260306_002843/0000/HiForestMiniAOD_479.root
Time elapsed: 13261 seconds
File Contains: 149000 entries.
NMiss: 1352342 | NFake: 2213295 | NMatch: 35035831
Processing file 421 of 817: /eos/cms/store/group/phys_heavyions/hbossi/mc_productions/QCD-dijet_pThat15-event-weighted_TuneCP5_5p36TeV_pythia8/OO_MC_DijetEmbedded_pThat-15to1200_TuneCP5_5p36TeV_pythia8/260306_002843/0000/HiForestMiniAOD_48.root
Time elapsed: 13285 seconds
File Contains: 102000 entries.
NMiss: 1354964 | NFake: 2217720 | NMatch: 35104262
Processing file 422 of 817: /eos/cms/store/group/phys_heavyions/hbossi/mc_productions/QCD-dijet_pThat15-event-weighted_TuneCP5_5p36TeV_pythia8/OO_MC_DijetEmbedded_pThat-15to1200_TuneCP5_5p36TeV_pythia8/260306_002843/0000/HiForestMiniAOD_480.root
Time elapsed: 13308 seconds
File Contains: 89000 entries.
NMiss: 1357291 | NFake: 2221525 | NMatch: 35163811
Processing file 423 of 817: /eos/cms/store/group/phys_heavyions/hbossi/mc_productions/QCD-dijet_pThat15-event-weighted_TuneCP5_5p36TeV_pythia8/OO_MC_DijetEmbedded_pThat-15to1200_TuneCP5_5p36TeV_pythia8/260306_002843/0000/HiForestMiniAOD_481.root
Time elapsed: 13327 seconds
File Contains: 150000 entries.
NMiss: 1361163 | NFake: 2227904 | NMatch: 35264302
Processing file 424 of 817: /eos/cms/store/group/phys_heavyions/hbossi/mc_productions/QCD-dijet_pThat15-event-weighted_TuneCP5_5p36TeV_pythia8/OO_MC_DijetEmbedded_pThat-15to1200_TuneCP5_5p36TeV_pythia8/260306_002843/0000/HiForestMiniAOD_482.root
Time elapsed: 13356 seconds
File Contains: 151000 entries.
NMiss: 1365182 | NFake: 2234238 | NMatch: 35365983
Processing file 425 of 817: /eos/cms/store/group/phys_heavyions/hbossi/mc_productions/QCD-dijet_pThat15-event-weighted_TuneCP5_5p36TeV_pythia8/OO_MC_DijetEmbedded_pThat-15to1200_TuneCP5_5p36TeV_pythia8/260306_002843/0000/HiForestMiniAOD_483.root
Time elapsed: 13386 seconds
File Contains: 134000 entries.
NMiss: 1368612 | NFake: 2239843 | NMatch: 35455218
Processing file 426 of 817: /eos/cms/store/group/phys_heavyions/hbossi/mc_productions/QCD-dijet_pThat15-event-weighted_TuneCP5_5p36TeV_pythia8/OO_MC_DijetEmbedded_pThat-15to1200_TuneCP5_5p36TeV_pythia8/260306_002843/0000/HiForestMiniAOD_484.root
Time elapsed: 13418 seconds
File Contains: 110000 entries.
NMiss: 1371446 | NFake: 2244508 | NMatch: 35528233
Processing file 427 of 817: /eos/cms/store/group/phys_heavyions/hbossi/mc_productions/QCD-dijet_pThat15-event-weighted_TuneCP5_5p36TeV_pythia8/OO_MC_DijetEmbedded_pThat-15to1200_TuneCP5_5p36TeV_pythia8/260306_002843/0000/HiForestMiniAOD_485.root
Time elapsed: 13438 seconds
File Contains: 110000 entries.
NMiss: 1374279 | NFake: 2249026 | NMatch: 35602443
Processing file 428 of 817: /eos/cms/store/group/phys_heavyions/hbossi/mc_productions/QCD-dijet_pThat15-event-weighted_TuneCP5_5p36TeV_pythia8/OO_MC_DijetEmbedded_pThat-15to1200_TuneCP5_5p36TeV_pythia8/260306_002843/0000/HiForestMiniAOD_486.root
Time elapsed: 13458 seconds
File Contains: 93000 entries.
NMiss: 1376665 | NFake: 2253021 | NMatch: 35664750
Processing file 429 of 817: /eos/cms/store/group/phys_heavyions/hbossi/mc_productions/QCD-dijet_pThat15-event-weighted_TuneCP5_5p36TeV_pythia8/OO_MC_DijetEmbedded_pThat-15to1200_TuneCP5_5p36TeV_pythia8/260306_002843/0000/HiForestMiniAOD_487.root
Time elapsed: 13478 seconds
File Contains: 134000 entries.
NMiss: 1380081 | NFake: 2258633 | NMatch: 35754206
Processing file 430 of 817: /eos/cms/store/group/phys_heavyions/hbossi/mc_productions/QCD-dijet_pThat15-event-weighted_TuneCP5_5p36TeV_pythia8/OO_MC_DijetEmbedded_pThat-15to1200_TuneCP5_5p36TeV_pythia8/260306_002843/0000/HiForestMiniAOD_488.root
Time elapsed: 13499 seconds
File Contains: 151000 entries.
NMiss: 1384078 | NFake: 2264999 | NMatch: 35854933
Processing file 431 of 817: /eos/cms/store/group/phys_heavyions/hbossi/mc_productions/QCD-dijet_pThat15-event-weighted_TuneCP5_5p36TeV_pythia8/OO_MC_DijetEmbedded_pThat-15to1200_TuneCP5_5p36TeV_pythia8/260306_002843/0000/HiForestMiniAOD_489.root
Time elapsed: 13530 seconds
File Contains: 128000 entries.
NMiss: 1387475 | NFake: 2270444 | NMatch: 35940088
Processing file 432 of 817: /eos/cms/store/group/phys_heavyions/hbossi/mc_productions/QCD-dijet_pThat15-event-weighted_TuneCP5_5p36TeV_pythia8/OO_MC_DijetEmbedded_pThat-15to1200_TuneCP5_5p36TeV_pythia8/260306_002843/0000/HiForestMiniAOD_49.root
Time elapsed: 13551 seconds
File Contains: 133000 entries.
NMiss: 1390897 | NFake: 2276033 | NMatch: 36029028
Processing file 433 of 817: /eos/cms/store/group/phys_heavyions/hbossi/mc_productions/QCD-dijet_pThat15-event-weighted_TuneCP5_5p36TeV_pythia8/OO_MC_DijetEmbedded_pThat-15to1200_TuneCP5_5p36TeV_pythia8/260306_002843/0000/HiForestMiniAOD_490.root
Time elapsed: 13576 seconds
File Contains: 95000 entries.
NMiss: 1393433 | NFake: 2280077 | NMatch: 36092634
Processing file 434 of 817: /eos/cms/store/group/phys_heavyions/hbossi/mc_productions/QCD-dijet_pThat15-event-weighted_TuneCP5_5p36TeV_pythia8/OO_MC_DijetEmbedded_pThat-15to1200_TuneCP5_5p36TeV_pythia8/260306_002843/0000/HiForestMiniAOD_491.root
Time elapsed: 13608 seconds
File Contains: 136000 entries.
NMiss: 1396846 | NFake: 2285884 | NMatch: 36184202
Processing file 435 of 817: /eos/cms/store/group/phys_heavyions/hbossi/mc_productions/QCD-dijet_pThat15-event-weighted_TuneCP5_5p36TeV_pythia8/OO_MC_DijetEmbedded_pThat-15to1200_TuneCP5_5p36TeV_pythia8/260306_002843/0000/HiForestMiniAOD_492.root
Time elapsed: 13640 seconds
File Contains: 125000 entries.
NMiss: 1400005 | NFake: 2291213 | NMatch: 36268417
Processing file 436 of 817: /eos/cms/store/group/phys_heavyions/hbossi/mc_productions/QCD-dijet_pThat15-event-weighted_TuneCP5_5p36TeV_pythia8/OO_MC_DijetEmbedded_pThat-15to1200_TuneCP5_5p36TeV_pythia8/260306_002843/0000/HiForestMiniAOD_493.root
Time elapsed: 13662 seconds
File Contains: 121000 entries.
NMiss: 1403226 | NFake: 2296237 | NMatch: 36349560
Processing file 437 of 817: /eos/cms/store/group/phys_heavyions/hbossi/mc_productions/QCD-dijet_pThat15-event-weighted_TuneCP5_5p36TeV_pythia8/OO_MC_DijetEmbedded_pThat-15to1200_TuneCP5_5p36TeV_pythia8/260306_002843/0000/HiForestMiniAOD_494.root
Time elapsed: 13687 seconds
File Contains: 127000 entries.
NMiss: 1406490 | NFake: 2301550 | NMatch: 36434054
Processing file 438 of 817: /eos/cms/store/group/phys_heavyions/hbossi/mc_productions/QCD-dijet_pThat15-event-weighted_TuneCP5_5p36TeV_pythia8/OO_MC_DijetEmbedded_pThat-15to1200_TuneCP5_5p36TeV_pythia8/260306_002843/0000/HiForestMiniAOD_495.root
Time elapsed: 13721 seconds
File Contains: 132000 entries.
NMiss: 1409829 | NFake: 2307111 | NMatch: 36522604
Processing file 439 of 817: /eos/cms/store/group/phys_heavyions/hbossi/mc_productions/QCD-dijet_pThat15-event-weighted_TuneCP5_5p36TeV_pythia8/OO_MC_DijetEmbedded_pThat-15to1200_TuneCP5_5p36TeV_pythia8/260306_002843/0000/HiForestMiniAOD_496.root
Time elapsed: 13747 seconds
File Contains: 114000 entries.
NMiss: 1412717 | NFake: 2311884 | NMatch: 36599212
Processing file 440 of 817: /eos/cms/store/group/phys_heavyions/hbossi/mc_productions/QCD-dijet_pThat15-event-weighted_TuneCP5_5p36TeV_pythia8/OO_MC_DijetEmbedded_pThat-15to1200_TuneCP5_5p36TeV_pythia8/260306_002843/0000/HiForestMiniAOD_497.root
Time elapsed: 13768 seconds
File Contains: 121000 entries.
NMiss: 1415875 | NFake: 2316995 | NMatch: 36680120
Processing file 441 of 817: /eos/cms/store/group/phys_heavyions/hbossi/mc_productions/QCD-dijet_pThat15-event-weighted_TuneCP5_5p36TeV_pythia8/OO_MC_DijetEmbedded_pThat-15to1200_TuneCP5_5p36TeV_pythia8/260306_002843/0000/HiForestMiniAOD_498.root
Time elapsed: 13789 seconds
File Contains: 125000 entries.
NMiss: 1419126 | NFake: 2322221 | NMatch: 36763814
Processing file 442 of 817: /eos/cms/store/group/phys_heavyions/hbossi/mc_productions/QCD-dijet_pThat15-event-weighted_TuneCP5_5p36TeV_pythia8/OO_MC_DijetEmbedded_pThat-15to1200_TuneCP5_5p36TeV_pythia8/260306_002843/0000/HiForestMiniAOD_499.root
Time elapsed: 13825 seconds
File Contains: 119000 entries.
NMiss: 1422242 | NFake: 2327216 | NMatch: 36843615
Processing file 443 of 817: /eos/cms/store/group/phys_heavyions/hbossi/mc_productions/QCD-dijet_pThat15-event-weighted_TuneCP5_5p36TeV_pythia8/OO_MC_DijetEmbedded_pThat-15to1200_TuneCP5_5p36TeV_pythia8/260306_002843/0000/HiForestMiniAOD_5.root
Time elapsed: 13845 seconds
File Contains: 105000 entries.
NMiss: 1424979 | NFake: 2331716 | NMatch: 36914173
Processing file 444 of 817: /eos/cms/store/group/phys_heavyions/hbossi/mc_productions/QCD-dijet_pThat15-event-weighted_TuneCP5_5p36TeV_pythia8/OO_MC_DijetEmbedded_pThat-15to1200_TuneCP5_5p36TeV_pythia8/260306_002843/0000/HiForestMiniAOD_50.root
Time elapsed: 13870 seconds
File Contains: 165000 entries.
NMiss: 1429328 | NFake: 2338774 | NMatch: 37023947
Processing file 445 of 817: /eos/cms/store/group/phys_heavyions/hbossi/mc_productions/QCD-dijet_pThat15-event-weighted_TuneCP5_5p36TeV_pythia8/OO_MC_DijetEmbedded_pThat-15to1200_TuneCP5_5p36TeV_pythia8/260306_002843/0000/HiForestMiniAOD_500.root
Time elapsed: 13936 seconds
File Contains: 148000 entries.
NMiss: 1433191 | NFake: 2345163 | NMatch: 37123462
Processing file 446 of 817: /eos/cms/store/group/phys_heavyions/hbossi/mc_productions/QCD-dijet_pThat15-event-weighted_TuneCP5_5p36TeV_pythia8/OO_MC_DijetEmbedded_pThat-15to1200_TuneCP5_5p36TeV_pythia8/260306_002843/0000/HiForestMiniAOD_501.root
Time elapsed: 13964 seconds
File Contains: 123000 entries.
NMiss: 1436411 | NFake: 2350379 | NMatch: 37205751
Processing file 447 of 817: /eos/cms/store/group/phys_heavyions/hbossi/mc_productions/QCD-dijet_pThat15-event-weighted_TuneCP5_5p36TeV_pythia8/OO_MC_DijetEmbedded_pThat-15to1200_TuneCP5_5p36TeV_pythia8/260306_002843/0000/HiForestMiniAOD_502.root
Time elapsed: 13989 seconds
File Contains: 168000 entries.
NMiss: 1440753 | NFake: 2357358 | NMatch: 37318145
Processing file 448 of 817: /eos/cms/store/group/phys_heavyions/hbossi/mc_productions/QCD-dijet_pThat15-event-weighted_TuneCP5_5p36TeV_pythia8/OO_MC_DijetEmbedded_pThat-15to1200_TuneCP5_5p36TeV_pythia8/260306_002843/0000/HiForestMiniAOD_503.root
Time elapsed: 14016 seconds
File Contains: 98000 entries.
NMiss: 1443231 | NFake: 2361493 | NMatch: 37383857
Processing file 449 of 817: /eos/cms/store/group/phys_heavyions/hbossi/mc_productions/QCD-dijet_pThat15-event-weighted_TuneCP5_5p36TeV_pythia8/OO_MC_DijetEmbedded_pThat-15to1200_TuneCP5_5p36TeV_pythia8/260306_002843/0000/HiForestMiniAOD_504.root
Time elapsed: 14039 seconds
File Contains: 126000 entries.
NMiss: 1446440 | NFake: 2366824 | NMatch: 37468046
Processing file 450 of 817: /eos/cms/store/group/phys_heavyions/hbossi/mc_productions/QCD-dijet_pThat15-event-weighted_TuneCP5_5p36TeV_pythia8/OO_MC_DijetEmbedded_pThat-15to1200_TuneCP5_5p36TeV_pythia8/260306_002843/0000/HiForestMiniAOD_505.root
Time elapsed: 14064 seconds
File Contains: 105000 entries.
NMiss: 1449220 | NFake: 2371198 | NMatch: 37538427
Processing file 451 of 817: /eos/cms/store/group/phys_heavyions/hbossi/mc_productions/QCD-dijet_pThat15-event-weighted_TuneCP5_5p36TeV_pythia8/OO_MC_DijetEmbedded_pThat-15to1200_TuneCP5_5p36TeV_pythia8/260306_002843/0000/HiForestMiniAOD_506.root
Time elapsed: 14079 seconds
File Contains: 147000 entries.
NMiss: 1453074 | NFake: 2377319 | NMatch: 37636730
Processing file 452 of 817: /eos/cms/store/group/phys_heavyions/hbossi/mc_productions/QCD-dijet_pThat15-event-weighted_TuneCP5_5p36TeV_pythia8/OO_MC_DijetEmbedded_pThat-15to1200_TuneCP5_5p36TeV_pythia8/260306_002843/0000/HiForestMiniAOD_507.root
Time elapsed: 14124 seconds
File Contains: 129000 entries.
NMiss: 1456527 | NFake: 2382624 | NMatch: 37723180
Processing file 453 of 817: /eos/cms/store/group/phys_heavyions/hbossi/mc_productions/QCD-dijet_pThat15-event-weighted_TuneCP5_5p36TeV_pythia8/OO_MC_DijetEmbedded_pThat-15to1200_TuneCP5_5p36TeV_pythia8/260306_002843/0000/HiForestMiniAOD_508.root
Time elapsed: 14197 seconds
File Contains: 107000 entries.
NMiss: 1459252 | NFake: 2387205 | NMatch: 37794945
Processing file 454 of 817: /eos/cms/store/group/phys_heavyions/hbossi/mc_productions/QCD-dijet_pThat15-event-weighted_TuneCP5_5p36TeV_pythia8/OO_MC_DijetEmbedded_pThat-15to1200_TuneCP5_5p36TeV_pythia8/260306_002843/0000/HiForestMiniAOD_509.root
Time elapsed: 14265 seconds
File Contains: 120000 entries.
NMiss: 1462338 | NFake: 2392284 | NMatch: 37875451
Processing file 455 of 817: /eos/cms/store/group/phys_heavyions/hbossi/mc_productions/QCD-dijet_pThat15-event-weighted_TuneCP5_5p36TeV_pythia8/OO_MC_DijetEmbedded_pThat-15to1200_TuneCP5_5p36TeV_pythia8/260306_002843/0000/HiForestMiniAOD_51.root
Time elapsed: 14289 seconds
File Contains: 106000 entries.
NMiss: 1465059 | NFake: 2396732 | NMatch: 37946960
Processing file 456 of 817: /eos/cms/store/group/phys_heavyions/hbossi/mc_productions/QCD-dijet_pThat15-event-weighted_TuneCP5_5p36TeV_pythia8/OO_MC_DijetEmbedded_pThat-15to1200_TuneCP5_5p36TeV_pythia8/260306_002843/0000/HiForestMiniAOD_510.root
Time elapsed: 14313 seconds
File Contains: 134000 entries.
NMiss: 1468449 | NFake: 2402381 | NMatch: 38037188
Processing file 457 of 817: /eos/cms/store/group/phys_heavyions/hbossi/mc_productions/QCD-dijet_pThat15-event-weighted_TuneCP5_5p36TeV_pythia8/OO_MC_DijetEmbedded_pThat-15to1200_TuneCP5_5p36TeV_pythia8/260306_002843/0000/HiForestMiniAOD_511.root
Time elapsed: 14360 seconds
File Contains: 98000 entries.
NMiss: 1470930 | NFake: 2406485 | NMatch: 38102596
Processing file 458 of 817: /eos/cms/store/group/phys_heavyions/hbossi/mc_productions/QCD-dijet_pThat15-event-weighted_TuneCP5_5p36TeV_pythia8/OO_MC_DijetEmbedded_pThat-15to1200_TuneCP5_5p36TeV_pythia8/260306_002843/0000/HiForestMiniAOD_512.root
Time elapsed: 14377 seconds
File Contains: 114000 entries.
NMiss: 1473867 | NFake: 2411377 | NMatch: 38178685
Processing file 459 of 817: /eos/cms/store/group/phys_heavyions/hbossi/mc_productions/QCD-dijet_pThat15-event-weighted_TuneCP5_5p36TeV_pythia8/OO_MC_DijetEmbedded_pThat-15to1200_TuneCP5_5p36TeV_pythia8/260306_002843/0000/HiForestMiniAOD_513.root
Time elapsed: 14403 seconds
File Contains: 127000 entries.
NMiss: 1477163 | NFake: 2416711 | NMatch: 38264243
Processing file 460 of 817: /eos/cms/store/group/phys_heavyions/hbossi/mc_productions/QCD-dijet_pThat15-event-weighted_TuneCP5_5p36TeV_pythia8/OO_MC_DijetEmbedded_pThat-15to1200_TuneCP5_5p36TeV_pythia8/260306_002843/0000/HiForestMiniAOD_514.root
Time elapsed: 14423 seconds
File Contains: 137000 entries.
NMiss: 1480631 | NFake: 2422552 | NMatch: 38355998
Processing file 461 of 817: /eos/cms/store/group/phys_heavyions/hbossi/mc_productions/QCD-dijet_pThat15-event-weighted_TuneCP5_5p36TeV_pythia8/OO_MC_DijetEmbedded_pThat-15to1200_TuneCP5_5p36TeV_pythia8/260306_002843/0000/HiForestMiniAOD_515.root
Time elapsed: 14445 seconds
File Contains: 115000 entries.
NMiss: 1483531 | NFake: 2427465 | NMatch: 38433181
Processing file 462 of 817: /eos/cms/store/group/phys_heavyions/hbossi/mc_productions/QCD-dijet_pThat15-event-weighted_TuneCP5_5p36TeV_pythia8/OO_MC_DijetEmbedded_pThat-15to1200_TuneCP5_5p36TeV_pythia8/260306_002843/0000/HiForestMiniAOD_516.root
Time elapsed: 14526 seconds
File Contains: 115000 entries.
NMiss: 1486571 | NFake: 2432343 | NMatch: 38510287
Processing file 463 of 817: /eos/cms/store/group/phys_heavyions/hbossi/mc_productions/QCD-dijet_pThat15-event-weighted_TuneCP5_5p36TeV_pythia8/OO_MC_DijetEmbedded_pThat-15to1200_TuneCP5_5p36TeV_pythia8/260306_002843/0000/HiForestMiniAOD_517.root
Time elapsed: 14547 seconds
File Contains: 148000 entries.
NMiss: 1490458 | NFake: 2438636 | NMatch: 38608708
Processing file 464 of 817: /eos/cms/store/group/phys_heavyions/hbossi/mc_productions/QCD-dijet_pThat15-event-weighted_TuneCP5_5p36TeV_pythia8/OO_MC_DijetEmbedded_pThat-15to1200_TuneCP5_5p36TeV_pythia8/260306_002843/0000/HiForestMiniAOD_518.root
Time elapsed: 14598 seconds
File Contains: 151000 entries.
NMiss: 1494346 | NFake: 2445006 | NMatch: 38710713
Processing file 465 of 817: /eos/cms/store/group/phys_heavyions/hbossi/mc_productions/QCD-dijet_pThat15-event-weighted_TuneCP5_5p36TeV_pythia8/OO_MC_DijetEmbedded_pThat-15to1200_TuneCP5_5p36TeV_pythia8/260306_002843/0000/HiForestMiniAOD_519.root
Time elapsed: 14635 seconds
File Contains: 99000 entries.
NMiss: 1496947 | NFake: 2449202 | NMatch: 38777220
Processing file 466 of 817: /eos/cms/store/group/phys_heavyions/hbossi/mc_productions/QCD-dijet_pThat15-event-weighted_TuneCP5_5p36TeV_pythia8/OO_MC_DijetEmbedded_pThat-15to1200_TuneCP5_5p36TeV_pythia8/260306_002843/0000/HiForestMiniAOD_52.root
Time elapsed: 14660 seconds
File Contains: 93000 entries.
NMiss: 1499303 | NFake: 2453125 | NMatch: 38839500
Processing file 467 of 817: /eos/cms/store/group/phys_heavyions/hbossi/mc_productions/QCD-dijet_pThat15-event-weighted_TuneCP5_5p36TeV_pythia8/OO_MC_DijetEmbedded_pThat-15to1200_TuneCP5_5p36TeV_pythia8/260306_002843/0000/HiForestMiniAOD_520.root
Time elapsed: 14706 seconds
File Contains: 144000 entries.
NMiss: 1503066 | NFake: 2459125 | NMatch: 38935893
Processing file 468 of 817: /eos/cms/store/group/phys_heavyions/hbossi/mc_productions/QCD-dijet_pThat15-event-weighted_TuneCP5_5p36TeV_pythia8/OO_MC_DijetEmbedded_pThat-15to1200_TuneCP5_5p36TeV_pythia8/260306_002843/0000/HiForestMiniAOD_521.root
Time elapsed: 14729 seconds
File Contains: 127000 entries.
NMiss: 1506315 | NFake: 2464523 | NMatch: 39021115
Processing file 469 of 817: /eos/cms/store/group/phys_heavyions/hbossi/mc_productions/QCD-dijet_pThat15-event-weighted_TuneCP5_5p36TeV_pythia8/OO_MC_DijetEmbedded_pThat-15to1200_TuneCP5_5p36TeV_pythia8/260306_002843/0000/HiForestMiniAOD_522.root
Time elapsed: 14806 seconds
File Contains: 96000 entries.
NMiss: 1508882 | NFake: 2468578 | NMatch: 39085645
Processing file 470 of 817: /eos/cms/store/group/phys_heavyions/hbossi/mc_productions/QCD-dijet_pThat15-event-weighted_TuneCP5_5p36TeV_pythia8/OO_MC_DijetEmbedded_pThat-15to1200_TuneCP5_5p36TeV_pythia8/260306_002843/0000/HiForestMiniAOD_523.root
Time elapsed: 14826 seconds
File Contains: 93000 entries.
NMiss: 1511336 | NFake: 2472498 | NMatch: 39147601
Processing file 471 of 817: /eos/cms/store/group/phys_heavyions/hbossi/mc_productions/QCD-dijet_pThat15-event-weighted_TuneCP5_5p36TeV_pythia8/OO_MC_DijetEmbedded_pThat-15to1200_TuneCP5_5p36TeV_pythia8/260306_002843/0000/HiForestMiniAOD_524.root
Time elapsed: 14855 seconds
File Contains: 91000 entries.
NMiss: 1513658 | NFake: 2476395 | NMatch: 39209164
Processing file 472 of 817: /eos/cms/store/group/phys_heavyions/hbossi/mc_productions/QCD-dijet_pThat15-event-weighted_TuneCP5_5p36TeV_pythia8/OO_MC_DijetEmbedded_pThat-15to1200_TuneCP5_5p36TeV_pythia8/260306_002843/0000/HiForestMiniAOD_525.root
Time elapsed: 14875 seconds
File Contains: 90000 entries.
NMiss: 1516027 | NFake: 2480098 | NMatch: 39269630
Processing file 473 of 817: /eos/cms/store/group/phys_heavyions/hbossi/mc_productions/QCD-dijet_pThat15-event-weighted_TuneCP5_5p36TeV_pythia8/OO_MC_DijetEmbedded_pThat-15to1200_TuneCP5_5p36TeV_pythia8/260306_002843/0000/HiForestMiniAOD_526.root
Time elapsed: 14893 seconds
File Contains: 115000 entries.
NMiss: 1518965 | NFake: 2485056 | NMatch: 39346724
Processing file 474 of 817: /eos/cms/store/group/phys_heavyions/hbossi/mc_productions/QCD-dijet_pThat15-event-weighted_TuneCP5_5p36TeV_pythia8/OO_MC_DijetEmbedded_pThat-15to1200_TuneCP5_5p36TeV_pythia8/260306_002843/0000/HiForestMiniAOD_527.root
Time elapsed: 14928 seconds
File Contains: 90000 entries.
NMiss: 1521236 | NFake: 2488871 | NMatch: 39406955
Processing file 475 of 817: /eos/cms/store/group/phys_heavyions/hbossi/mc_productions/QCD-dijet_pThat15-event-weighted_TuneCP5_5p36TeV_pythia8/OO_MC_DijetEmbedded_pThat-15to1200_TuneCP5_5p36TeV_pythia8/260306_002843/0000/HiForestMiniAOD_528.root
Time elapsed: 14952 seconds
File Contains: 111000 entries.
NMiss: 1524128 | NFake: 2493680 | NMatch: 39481444
Processing file 476 of 817: /eos/cms/store/group/phys_heavyions/hbossi/mc_productions/QCD-dijet_pThat15-event-weighted_TuneCP5_5p36TeV_pythia8/OO_MC_DijetEmbedded_pThat-15to1200_TuneCP5_5p36TeV_pythia8/260306_002843/0000/HiForestMiniAOD_529.root
Time elapsed: 15016 seconds
File Contains: 130000 entries.
NMiss: 1527490 | NFake: 2499258 | NMatch: 39567831
Processing file 477 of 817: /eos/cms/store/group/phys_heavyions/hbossi/mc_productions/QCD-dijet_pThat15-event-weighted_TuneCP5_5p36TeV_pythia8/OO_MC_DijetEmbedded_pThat-15to1200_TuneCP5_5p36TeV_pythia8/260306_002843/0000/HiForestMiniAOD_53.root
Time elapsed: 15039 seconds
File Contains: 113000 entries.
NMiss: 1530388 | NFake: 2504015 | NMatch: 39643396
Processing file 478 of 817: /eos/cms/store/group/phys_heavyions/hbossi/mc_productions/QCD-dijet_pThat15-event-weighted_TuneCP5_5p36TeV_pythia8/OO_MC_DijetEmbedded_pThat-15to1200_TuneCP5_5p36TeV_pythia8/260306_002843/0000/HiForestMiniAOD_530.root
Time elapsed: 15063 seconds
File Contains: 131000 entries.
NMiss: 1533812 | NFake: 2509550 | NMatch: 39731694
Processing file 479 of 817: /eos/cms/store/group/phys_heavyions/hbossi/mc_productions/QCD-dijet_pThat15-event-weighted_TuneCP5_5p36TeV_pythia8/OO_MC_DijetEmbedded_pThat-15to1200_TuneCP5_5p36TeV_pythia8/260306_002843/0000/HiForestMiniAOD_531.root
Time elapsed: 15095 seconds
File Contains: 126000 entries.
NMiss: 1537044 | NFake: 2514876 | NMatch: 39816534
Processing file 480 of 817: /eos/cms/store/group/phys_heavyions/hbossi/mc_productions/QCD-dijet_pThat15-event-weighted_TuneCP5_5p36TeV_pythia8/OO_MC_DijetEmbedded_pThat-15to1200_TuneCP5_5p36TeV_pythia8/260306_002843/0000/HiForestMiniAOD_532.root
Time elapsed: 15154 seconds
File Contains: 148000 entries.
NMiss: 1540912 | NFake: 2521036 | NMatch: 39915849
Processing file 481 of 817: /eos/cms/store/group/phys_heavyions/hbossi/mc_productions/QCD-dijet_pThat15-event-weighted_TuneCP5_5p36TeV_pythia8/OO_MC_DijetEmbedded_pThat-15to1200_TuneCP5_5p36TeV_pythia8/260306_002843/0000/HiForestMiniAOD_533.root
Time elapsed: 15185 seconds
File Contains: 141000 entries.
NMiss: 1544414 | NFake: 2526908 | NMatch: 40009723
Processing file 482 of 817: /eos/cms/store/group/phys_heavyions/hbossi/mc_productions/QCD-dijet_pThat15-event-weighted_TuneCP5_5p36TeV_pythia8/OO_MC_DijetEmbedded_pThat-15to1200_TuneCP5_5p36TeV_pythia8/260306_002843/0000/HiForestMiniAOD_534.root
Time elapsed: 15213 seconds
File Contains: 70000 entries.
NMiss: 1546218 | NFake: 2529942 | NMatch: 40056913
Processing file 483 of 817: /eos/cms/store/group/phys_heavyions/hbossi/mc_productions/QCD-dijet_pThat15-event-weighted_TuneCP5_5p36TeV_pythia8/OO_MC_DijetEmbedded_pThat-15to1200_TuneCP5_5p36TeV_pythia8/260306_002843/0000/HiForestMiniAOD_535.root
Time elapsed: 15235 seconds
File Contains: 121000 entries.
NMiss: 1549273 | NFake: 2535079 | NMatch: 40138057
Processing file 484 of 817: /eos/cms/store/group/phys_heavyions/hbossi/mc_productions/QCD-dijet_pThat15-event-weighted_TuneCP5_5p36TeV_pythia8/OO_MC_DijetEmbedded_pThat-15to1200_TuneCP5_5p36TeV_pythia8/260306_002843/0000/HiForestMiniAOD_536.root
Time elapsed: 15260 seconds
File Contains: 134000 entries.
NMiss: 1552688 | NFake: 2540885 | NMatch: 40227825
Processing file 485 of 817: /eos/cms/store/group/phys_heavyions/hbossi/mc_productions/QCD-dijet_pThat15-event-weighted_TuneCP5_5p36TeV_pythia8/OO_MC_DijetEmbedded_pThat-15to1200_TuneCP5_5p36TeV_pythia8/260306_002843/0000/HiForestMiniAOD_537.root
Time elapsed: 15295 seconds
File Contains: 167000 entries.
NMiss: 1557063 | NFake: 2547926 | NMatch: 40339435
Processing file 486 of 817: /eos/cms/store/group/phys_heavyions/hbossi/mc_productions/QCD-dijet_pThat15-event-weighted_TuneCP5_5p36TeV_pythia8/OO_MC_DijetEmbedded_pThat-15to1200_TuneCP5_5p36TeV_pythia8/260306_002843/0000/HiForestMiniAOD_538.root
Time elapsed: 15322 seconds
File Contains: 131000 entries.
NMiss: 1560568 | NFake: 2553453 | NMatch: 40427520
Processing file 487 of 817: /eos/cms/store/group/phys_heavyions/hbossi/mc_productions/QCD-dijet_pThat15-event-weighted_TuneCP5_5p36TeV_pythia8/OO_MC_DijetEmbedded_pThat-15to1200_TuneCP5_5p36TeV_pythia8/260306_002843/0000/HiForestMiniAOD_539.root
Time elapsed: 15356 seconds
File Contains: 153000 entries.
NMiss: 1564472 | NFake: 2559828 | NMatch: 40530674
Processing file 488 of 817: /eos/cms/store/group/phys_heavyions/hbossi/mc_productions/QCD-dijet_pThat15-event-weighted_TuneCP5_5p36TeV_pythia8/OO_MC_DijetEmbedded_pThat-15to1200_TuneCP5_5p36TeV_pythia8/260306_002843/0000/HiForestMiniAOD_54.root
Time elapsed: 15400 seconds
File Contains: 163000 entries.
NMiss: 1568606 | NFake: 2566684 | NMatch: 40639789
Processing file 489 of 817: /eos/cms/store/group/phys_heavyions/hbossi/mc_productions/QCD-dijet_pThat15-event-weighted_TuneCP5_5p36TeV_pythia8/OO_MC_DijetEmbedded_pThat-15to1200_TuneCP5_5p36TeV_pythia8/260306_002843/0000/HiForestMiniAOD_540.root
Time elapsed: 15434 seconds
File Contains: 108000 entries.
NMiss: 1571379 | NFake: 2571339 | NMatch: 40712172
Processing file 490 of 817: /eos/cms/store/group/phys_heavyions/hbossi/mc_productions/QCD-dijet_pThat15-event-weighted_TuneCP5_5p36TeV_pythia8/OO_MC_DijetEmbedded_pThat-15to1200_TuneCP5_5p36TeV_pythia8/260306_002843/0000/HiForestMiniAOD_541.root
Time elapsed: 15454 seconds
File Contains: 154000 entries.
NMiss: 1575320 | NFake: 2577759 | NMatch: 40815425
Processing file 491 of 817: /eos/cms/store/group/phys_heavyions/hbossi/mc_productions/QCD-dijet_pThat15-event-weighted_TuneCP5_5p36TeV_pythia8/OO_MC_DijetEmbedded_pThat-15to1200_TuneCP5_5p36TeV_pythia8/260306_002843/0000/HiForestMiniAOD_542.root
Time elapsed: 15477 seconds
File Contains: 146000 entries.
NMiss: 1579073 | NFake: 2583900 | NMatch: 40913228
Processing file 492 of 817: /eos/cms/store/group/phys_heavyions/hbossi/mc_productions/QCD-dijet_pThat15-event-weighted_TuneCP5_5p36TeV_pythia8/OO_MC_DijetEmbedded_pThat-15to1200_TuneCP5_5p36TeV_pythia8/260306_002843/0000/HiForestMiniAOD_543.root
Time elapsed: 15510 seconds
File Contains: 101000 entries.
NMiss: 1581723 | NFake: 2588162 | NMatch: 40980909
Processing file 493 of 817: /eos/cms/store/group/phys_heavyions/hbossi/mc_productions/QCD-dijet_pThat15-event-weighted_TuneCP5_5p36TeV_pythia8/OO_MC_DijetEmbedded_pThat-15to1200_TuneCP5_5p36TeV_pythia8/260306_002843/0000/HiForestMiniAOD_544.root
Time elapsed: 15530 seconds
File Contains: 133000 entries.
NMiss: 1585204 | NFake: 2593858 | NMatch: 41069935
Processing file 494 of 817: /eos/cms/store/group/phys_heavyions/hbossi/mc_productions/QCD-dijet_pThat15-event-weighted_TuneCP5_5p36TeV_pythia8/OO_MC_DijetEmbedded_pThat-15to1200_TuneCP5_5p36TeV_pythia8/260306_002843/0000/HiForestMiniAOD_545.root
Time elapsed: 15552 seconds
File Contains: 106000 entries.
NMiss: 1587928 | NFake: 2598385 | NMatch: 41141271
Processing file 495 of 817: /eos/cms/store/group/phys_heavyions/hbossi/mc_productions/QCD-dijet_pThat15-event-weighted_TuneCP5_5p36TeV_pythia8/OO_MC_DijetEmbedded_pThat-15to1200_TuneCP5_5p36TeV_pythia8/260306_002843/0000/HiForestMiniAOD_546.root
Time elapsed: 15576 seconds
File Contains: 108000 entries.
NMiss: 1590678 | NFake: 2602929 | NMatch: 41214143
Processing file 496 of 817: /eos/cms/store/group/phys_heavyions/hbossi/mc_productions/QCD-dijet_pThat15-event-weighted_TuneCP5_5p36TeV_pythia8/OO_MC_DijetEmbedded_pThat-15to1200_TuneCP5_5p36TeV_pythia8/260306_002843/0000/HiForestMiniAOD_547.root
Time elapsed: 15592 seconds
File Contains: 147000 entries.
NMiss: 1594531 | NFake: 2609104 | NMatch: 41312625
Processing file 497 of 817: /eos/cms/store/group/phys_heavyions/hbossi/mc_productions/QCD-dijet_pThat15-event-weighted_TuneCP5_5p36TeV_pythia8/OO_MC_DijetEmbedded_pThat-15to1200_TuneCP5_5p36TeV_pythia8/260306_002843/0000/HiForestMiniAOD_548.root
Time elapsed: 15618 seconds
File Contains: 125000 entries.
NMiss: 1597833 | NFake: 2614209 | NMatch: 41395945
Processing file 498 of 817: /eos/cms/store/group/phys_heavyions/hbossi/mc_productions/QCD-dijet_pThat15-event-weighted_TuneCP5_5p36TeV_pythia8/OO_MC_DijetEmbedded_pThat-15to1200_TuneCP5_5p36TeV_pythia8/260306_002843/0000/HiForestMiniAOD_549.root
Time elapsed: 15643 seconds
File Contains: 100000 entries.
NMiss: 1600451 | NFake: 2618422 | NMatch: 41463457
Processing file 499 of 817: /eos/cms/store/group/phys_heavyions/hbossi/mc_productions/QCD-dijet_pThat15-event-weighted_TuneCP5_5p36TeV_pythia8/OO_MC_DijetEmbedded_pThat-15to1200_TuneCP5_5p36TeV_pythia8/260306_002843/0000/HiForestMiniAOD_55.root
Time elapsed: 15659 seconds
File Contains: 90000 entries.
NMiss: 1602791 | NFake: 2622341 | NMatch: 41523959
Processing file 500 of 817: /eos/cms/store/group/phys_heavyions/hbossi/mc_productions/QCD-dijet_pThat15-event-weighted_TuneCP5_5p36TeV_pythia8/OO_MC_DijetEmbedded_pThat-15to1200_TuneCP5_5p36TeV_pythia8/260306_002843/0000/HiForestMiniAOD_550.root
Time elapsed: 15709 seconds
File Contains: 114000 entries.
NMiss: 1605771 | NFake: 2627136 | NMatch: 41599827
Processing file 501 of 817: /eos/cms/store/group/phys_heavyions/hbossi/mc_productions/QCD-dijet_pThat15-event-weighted_TuneCP5_5p36TeV_pythia8/OO_MC_DijetEmbedded_pThat-15to1200_TuneCP5_5p36TeV_pythia8/260306_002843/0000/HiForestMiniAOD_551.root
Time elapsed: 15749 seconds
File Contains: 108000 entries.
NMiss: 1608538 | NFake: 2631692 | NMatch: 41672257
Processing file 502 of 817: /eos/cms/store/group/phys_heavyions/hbossi/mc_productions/QCD-dijet_pThat15-event-weighted_TuneCP5_5p36TeV_pythia8/OO_MC_DijetEmbedded_pThat-15to1200_TuneCP5_5p36TeV_pythia8/260306_002843/0000/HiForestMiniAOD_552.root
Time elapsed: 15771 seconds
File Contains: 108000 entries.
NMiss: 1611274 | NFake: 2636369 | NMatch: 41744366
Processing file 503 of 817: /eos/cms/store/group/phys_heavyions/hbossi/mc_productions/QCD-dijet_pThat15-event-weighted_TuneCP5_5p36TeV_pythia8/OO_MC_DijetEmbedded_pThat-15to1200_TuneCP5_5p36TeV_pythia8/260306_002843/0000/HiForestMiniAOD_553.root
Time elapsed: 15788 seconds
File Contains: 116000 entries.
NMiss: 1614315 | NFake: 2641341 | NMatch: 41822090
Processing file 504 of 817: /eos/cms/store/group/phys_heavyions/hbossi/mc_productions/QCD-dijet_pThat15-event-weighted_TuneCP5_5p36TeV_pythia8/OO_MC_DijetEmbedded_pThat-15to1200_TuneCP5_5p36TeV_pythia8/260306_002843/0000/HiForestMiniAOD_554.root
Time elapsed: 15817 seconds
File Contains: 167000 entries.
NMiss: 1618591 | NFake: 2648370 | NMatch: 41934429
Processing file 505 of 817: /eos/cms/store/group/phys_heavyions/hbossi/mc_productions/QCD-dijet_pThat15-event-weighted_TuneCP5_5p36TeV_pythia8/OO_MC_DijetEmbedded_pThat-15to1200_TuneCP5_5p36TeV_pythia8/260306_002843/0000/HiForestMiniAOD_555.root
Time elapsed: 15843 seconds
File Contains: 140000 entries.
NMiss: 1622197 | NFake: 2654181 | NMatch: 42028131
Processing file 506 of 817: /eos/cms/store/group/phys_heavyions/hbossi/mc_productions/QCD-dijet_pThat15-event-weighted_TuneCP5_5p36TeV_pythia8/OO_MC_DijetEmbedded_pThat-15to1200_TuneCP5_5p36TeV_pythia8/260306_002843/0000/HiForestMiniAOD_556.root
Time elapsed: 15871 seconds
File Contains: 90000 entries.
NMiss: 1624503 | NFake: 2657970 | NMatch: 42088707
Processing file 507 of 817: /eos/cms/store/group/phys_heavyions/hbossi/mc_productions/QCD-dijet_pThat15-event-weighted_TuneCP5_5p36TeV_pythia8/OO_MC_DijetEmbedded_pThat-15to1200_TuneCP5_5p36TeV_pythia8/260306_002843/0000/HiForestMiniAOD_557.root
Time elapsed: 15920 seconds
File Contains: 110000 entries.
NMiss: 1627328 | NFake: 2662689 | NMatch: 42162630
Processing file 508 of 817: /eos/cms/store/group/phys_heavyions/hbossi/mc_productions/QCD-dijet_pThat15-event-weighted_TuneCP5_5p36TeV_pythia8/OO_MC_DijetEmbedded_pThat-15to1200_TuneCP5_5p36TeV_pythia8/260306_002843/0000/HiForestMiniAOD_558.root
Time elapsed: 15947 seconds
File Contains: 165000 entries.
NMiss: 1631595 | NFake: 2669750 | NMatch: 42272648
Processing file 509 of 817: /eos/cms/store/group/phys_heavyions/hbossi/mc_productions/QCD-dijet_pThat15-event-weighted_TuneCP5_5p36TeV_pythia8/OO_MC_DijetEmbedded_pThat-15to1200_TuneCP5_5p36TeV_pythia8/260306_002843/0000/HiForestMiniAOD_559.root
Time elapsed: 15976 seconds
File Contains: 136000 entries.
NMiss: 1635050 | NFake: 2675431 | NMatch: 42363917
Processing file 510 of 817: /eos/cms/store/group/phys_heavyions/hbossi/mc_productions/QCD-dijet_pThat15-event-weighted_TuneCP5_5p36TeV_pythia8/OO_MC_DijetEmbedded_pThat-15to1200_TuneCP5_5p36TeV_pythia8/260306_002843/0000/HiForestMiniAOD_56.root
Time elapsed: 16010 seconds
File Contains: 103000 entries.
NMiss: 1637672 | NFake: 2679828 | NMatch: 42433054
Processing file 511 of 817: /eos/cms/store/group/phys_heavyions/hbossi/mc_productions/QCD-dijet_pThat15-event-weighted_TuneCP5_5p36TeV_pythia8/OO_MC_DijetEmbedded_pThat-15to1200_TuneCP5_5p36TeV_pythia8/260306_002843/0000/HiForestMiniAOD_560.root
Time elapsed: 16093 seconds
File Contains: 112000 entries.
NMiss: 1640483 | NFake: 2684539 | NMatch: 42508204
Processing file 512 of 817: /eos/cms/store/group/phys_heavyions/hbossi/mc_productions/QCD-dijet_pThat15-event-weighted_TuneCP5_5p36TeV_pythia8/OO_MC_DijetEmbedded_pThat-15to1200_TuneCP5_5p36TeV_pythia8/260306_002843/0000/HiForestMiniAOD_561.root
Time elapsed: 16136 seconds
File Contains: 128000 entries.
NMiss: 1643771 | NFake: 2689939 | NMatch: 42594511
Processing file 513 of 817: /eos/cms/store/group/phys_heavyions/hbossi/mc_productions/QCD-dijet_pThat15-event-weighted_TuneCP5_5p36TeV_pythia8/OO_MC_DijetEmbedded_pThat-15to1200_TuneCP5_5p36TeV_pythia8/260306_002843/0000/HiForestMiniAOD_562.root
Time elapsed: 16170 seconds
File Contains: 165000 entries.
NMiss: 1648040 | NFake: 2696907 | NMatch: 42704590
Processing file 514 of 817: /eos/cms/store/group/phys_heavyions/hbossi/mc_productions/QCD-dijet_pThat15-event-weighted_TuneCP5_5p36TeV_pythia8/OO_MC_DijetEmbedded_pThat-15to1200_TuneCP5_5p36TeV_pythia8/260306_002843/0000/HiForestMiniAOD_563.root
Time elapsed: 16199 seconds
File Contains: 149000 entries.
NMiss: 1651866 | NFake: 2703247 | NMatch: 42804416
Processing file 515 of 817: /eos/cms/store/group/phys_heavyions/hbossi/mc_productions/QCD-dijet_pThat15-event-weighted_TuneCP5_5p36TeV_pythia8/OO_MC_DijetEmbedded_pThat-15to1200_TuneCP5_5p36TeV_pythia8/260306_002843/0000/HiForestMiniAOD_564.root
Time elapsed: 16235 seconds
File Contains: 93000 entries.
NMiss: 1654203 | NFake: 2707188 | NMatch: 42866580
Processing file 516 of 817: /eos/cms/store/group/phys_heavyions/hbossi/mc_productions/QCD-dijet_pThat15-event-weighted_TuneCP5_5p36TeV_pythia8/OO_MC_DijetEmbedded_pThat-15to1200_TuneCP5_5p36TeV_pythia8/260306_002843/0000/HiForestMiniAOD_565.root
Time elapsed: 16261 seconds
File Contains: 95000 entries.
NMiss: 1656671 | NFake: 2711241 | NMatch: 42930065
Processing file 517 of 817: /eos/cms/store/group/phys_heavyions/hbossi/mc_productions/QCD-dijet_pThat15-event-weighted_TuneCP5_5p36TeV_pythia8/OO_MC_DijetEmbedded_pThat-15to1200_TuneCP5_5p36TeV_pythia8/260306_002843/0000/HiForestMiniAOD_566.root
Time elapsed: 16278 seconds
File Contains: 159000 entries.
NMiss: 1660791 | NFake: 2717868 | NMatch: 43036685
Processing file 518 of 817: /eos/cms/store/group/phys_heavyions/hbossi/mc_productions/QCD-dijet_pThat15-event-weighted_TuneCP5_5p36TeV_pythia8/OO_MC_DijetEmbedded_pThat-15to1200_TuneCP5_5p36TeV_pythia8/260306_002843/0000/HiForestMiniAOD_567.root
Time elapsed: 16313 seconds
File Contains: 155000 entries.
NMiss: 1664761 | NFake: 2724394 | NMatch: 43140197
Processing file 519 of 817: /eos/cms/store/group/phys_heavyions/hbossi/mc_productions/QCD-dijet_pThat15-event-weighted_TuneCP5_5p36TeV_pythia8/OO_MC_DijetEmbedded_pThat-15to1200_TuneCP5_5p36TeV_pythia8/260306_002843/0000/HiForestMiniAOD_568.root
Time elapsed: 16353 seconds
File Contains: 165000 entries.
NMiss: 1669044 | NFake: 2731482 | NMatch: 43250605
Processing file 520 of 817: /eos/cms/store/group/phys_heavyions/hbossi/mc_productions/QCD-dijet_pThat15-event-weighted_TuneCP5_5p36TeV_pythia8/OO_MC_DijetEmbedded_pThat-15to1200_TuneCP5_5p36TeV_pythia8/260306_002843/0000/HiForestMiniAOD_569.root
Time elapsed: 16383 seconds
File Contains: 129000 entries.
NMiss: 1672365 | NFake: 2736868 | NMatch: 43336957
Processing file 521 of 817: /eos/cms/store/group/phys_heavyions/hbossi/mc_productions/QCD-dijet_pThat15-event-weighted_TuneCP5_5p36TeV_pythia8/OO_MC_DijetEmbedded_pThat-15to1200_TuneCP5_5p36TeV_pythia8/260306_002843/0000/HiForestMiniAOD_57.root
Time elapsed: 16422 seconds
File Contains: 122000 entries.
NMiss: 1675584 | NFake: 2742048 | NMatch: 43419033
Processing file 522 of 817: /eos/cms/store/group/phys_heavyions/hbossi/mc_productions/QCD-dijet_pThat15-event-weighted_TuneCP5_5p36TeV_pythia8/OO_MC_DijetEmbedded_pThat-15to1200_TuneCP5_5p36TeV_pythia8/260306_002843/0000/HiForestMiniAOD_570.root
Time elapsed: 16450 seconds
File Contains: 129000 entries.
NMiss: 1678952 | NFake: 2747402 | NMatch: 43505543
Processing file 523 of 817: /eos/cms/store/group/phys_heavyions/hbossi/mc_productions/QCD-dijet_pThat15-event-weighted_TuneCP5_5p36TeV_pythia8/OO_MC_DijetEmbedded_pThat-15to1200_TuneCP5_5p36TeV_pythia8/260306_002843/0000/HiForestMiniAOD_571.root
Time elapsed: 16472 seconds
File Contains: 120000 entries.
NMiss: 1682059 | NFake: 2752520 | NMatch: 43585773
Processing file 524 of 817: /eos/cms/store/group/phys_heavyions/hbossi/mc_productions/QCD-dijet_pThat15-event-weighted_TuneCP5_5p36TeV_pythia8/OO_MC_DijetEmbedded_pThat-15to1200_TuneCP5_5p36TeV_pythia8/260306_002843/0000/HiForestMiniAOD_572.root
Time elapsed: 16499 seconds
File Contains: 143000 entries.
NMiss: 1685789 | NFake: 2758586 | NMatch: 43682077
Processing file 525 of 817: /eos/cms/store/group/phys_heavyions/hbossi/mc_productions/QCD-dijet_pThat15-event-weighted_TuneCP5_5p36TeV_pythia8/OO_MC_DijetEmbedded_pThat-15to1200_TuneCP5_5p36TeV_pythia8/260306_002843/0000/HiForestMiniAOD_573.root
Time elapsed: 16541 seconds
File Contains: 113000 entries.
NMiss: 1688683 | NFake: 2763349 | NMatch: 43757532
Processing file 526 of 817: /eos/cms/store/group/phys_heavyions/hbossi/mc_productions/QCD-dijet_pThat15-event-weighted_TuneCP5_5p36TeV_pythia8/OO_MC_DijetEmbedded_pThat-15to1200_TuneCP5_5p36TeV_pythia8/260306_002843/0000/HiForestMiniAOD_574.root
Time elapsed: 16565 seconds
File Contains: 115000 entries.
NMiss: 1691742 | NFake: 2768202 | NMatch: 43834163
Processing file 527 of 817: /eos/cms/store/group/phys_heavyions/hbossi/mc_productions/QCD-dijet_pThat15-event-weighted_TuneCP5_5p36TeV_pythia8/OO_MC_DijetEmbedded_pThat-15to1200_TuneCP5_5p36TeV_pythia8/260306_002843/0000/HiForestMiniAOD_575.root
Time elapsed: 16585 seconds
File Contains: 102000 entries.
NMiss: 1694285 | NFake: 2772446 | NMatch: 43902547
Processing file 528 of 817: /eos/cms/store/group/phys_heavyions/hbossi/mc_productions/QCD-dijet_pThat15-event-weighted_TuneCP5_5p36TeV_pythia8/OO_MC_DijetEmbedded_pThat-15to1200_TuneCP5_5p36TeV_pythia8/260306_002843/0000/HiForestMiniAOD_576.root
Time elapsed: 16612 seconds
File Contains: 143000 entries.
NMiss: 1697938 | NFake: 2778474 | NMatch: 43998209
Processing file 529 of 817: /eos/cms/store/group/phys_heavyions/hbossi/mc_productions/QCD-dijet_pThat15-event-weighted_TuneCP5_5p36TeV_pythia8/OO_MC_DijetEmbedded_pThat-15to1200_TuneCP5_5p36TeV_pythia8/260306_002843/0000/HiForestMiniAOD_577.root
Time elapsed: 16639 seconds
File Contains: 114000 entries.
NMiss: 1700878 | NFake: 2783249 | NMatch: 44074825
Processing file 530 of 817: /eos/cms/store/group/phys_heavyions/hbossi/mc_productions/QCD-dijet_pThat15-event-weighted_TuneCP5_5p36TeV_pythia8/OO_MC_DijetEmbedded_pThat-15to1200_TuneCP5_5p36TeV_pythia8/260306_002843/0000/HiForestMiniAOD_578.root
Time elapsed: 16672 seconds
File Contains: 114000 entries.
NMiss: 1703873 | NFake: 2788071 | NMatch: 44150863
Processing file 531 of 817: /eos/cms/store/group/phys_heavyions/hbossi/mc_productions/QCD-dijet_pThat15-event-weighted_TuneCP5_5p36TeV_pythia8/OO_MC_DijetEmbedded_pThat-15to1200_TuneCP5_5p36TeV_pythia8/260306_002843/0000/HiForestMiniAOD_579.root
Time elapsed: 16697 seconds
File Contains: 145000 entries.
NMiss: 1707588 | NFake: 2794271 | NMatch: 44247786
Processing file 532 of 817: /eos/cms/store/group/phys_heavyions/hbossi/mc_productions/QCD-dijet_pThat15-event-weighted_TuneCP5_5p36TeV_pythia8/OO_MC_DijetEmbedded_pThat-15to1200_TuneCP5_5p36TeV_pythia8/260306_002843/0000/HiForestMiniAOD_58.root
Time elapsed: 16724 seconds
File Contains: 97000 entries.
NMiss: 1710172 | NFake: 2798388 | NMatch: 44313502
Processing file 533 of 817: /eos/cms/store/group/phys_heavyions/hbossi/mc_productions/QCD-dijet_pThat15-event-weighted_TuneCP5_5p36TeV_pythia8/OO_MC_DijetEmbedded_pThat-15to1200_TuneCP5_5p36TeV_pythia8/260306_002843/0000/HiForestMiniAOD_580.root
Time elapsed: 16750 seconds
File Contains: 94000 entries.
NMiss: 1712574 | NFake: 2802321 | NMatch: 44376265
Processing file 534 of 817: /eos/cms/store/group/phys_heavyions/hbossi/mc_productions/QCD-dijet_pThat15-event-weighted_TuneCP5_5p36TeV_pythia8/OO_MC_DijetEmbedded_pThat-15to1200_TuneCP5_5p36TeV_pythia8/260306_002843/0000/HiForestMiniAOD_581.root
Time elapsed: 16767 seconds
File Contains: 116000 entries.
NMiss: 1715501 | NFake: 2807285 | NMatch: 44453595
Processing file 535 of 817: /eos/cms/store/group/phys_heavyions/hbossi/mc_productions/QCD-dijet_pThat15-event-weighted_TuneCP5_5p36TeV_pythia8/OO_MC_DijetEmbedded_pThat-15to1200_TuneCP5_5p36TeV_pythia8/260306_002843/0000/HiForestMiniAOD_582.root
Time elapsed: 16815 seconds
File Contains: 142000 entries.
NMiss: 1719200 | NFake: 2813145 | NMatch: 44548450
Processing file 536 of 817: /eos/cms/store/group/phys_heavyions/hbossi/mc_productions/QCD-dijet_pThat15-event-weighted_TuneCP5_5p36TeV_pythia8/OO_MC_DijetEmbedded_pThat-15to1200_TuneCP5_5p36TeV_pythia8/260306_002843/0000/HiForestMiniAOD_583.root
Time elapsed: 16852 seconds
File Contains: 118000 entries.
NMiss: 1722257 | NFake: 2818179 | NMatch: 44627322
Processing file 537 of 817: /eos/cms/store/group/phys_heavyions/hbossi/mc_productions/QCD-dijet_pThat15-event-weighted_TuneCP5_5p36TeV_pythia8/OO_MC_DijetEmbedded_pThat-15to1200_TuneCP5_5p36TeV_pythia8/260306_002843/0000/HiForestMiniAOD_584.root
Time elapsed: 16876 seconds
File Contains: 105000 entries.
NMiss: 1724905 | NFake: 2822650 | NMatch: 44698133
Processing file 538 of 817: /eos/cms/store/group/phys_heavyions/hbossi/mc_productions/QCD-dijet_pThat15-event-weighted_TuneCP5_5p36TeV_pythia8/OO_MC_DijetEmbedded_pThat-15to1200_TuneCP5_5p36TeV_pythia8/260306_002843/0000/HiForestMiniAOD_585.root
Time elapsed: 16903 seconds
File Contains: 97000 entries.
NMiss: 1727483 | NFake: 2826710 | NMatch: 44763004
Processing file 539 of 817: /eos/cms/store/group/phys_heavyions/hbossi/mc_productions/QCD-dijet_pThat15-event-weighted_TuneCP5_5p36TeV_pythia8/OO_MC_DijetEmbedded_pThat-15to1200_TuneCP5_5p36TeV_pythia8/260306_002843/0000/HiForestMiniAOD_586.root
Time elapsed: 16961 seconds
File Contains: 167000 entries.
NMiss: 1731795 | NFake: 2833907 | NMatch: 44875194
Processing file 540 of 817: /eos/cms/store/group/phys_heavyions/hbossi/mc_productions/QCD-dijet_pThat15-event-weighted_TuneCP5_5p36TeV_pythia8/OO_MC_DijetEmbedded_pThat-15to1200_TuneCP5_5p36TeV_pythia8/260306_002843/0000/HiForestMiniAOD_587.root
Time elapsed: 17044 seconds
File Contains: 103000 entries.
NMiss: 1734384 | NFake: 2838200 | NMatch: 44943879
Processing file 541 of 817: /eos/cms/store/group/phys_heavyions/hbossi/mc_productions/QCD-dijet_pThat15-event-weighted_TuneCP5_5p36TeV_pythia8/OO_MC_DijetEmbedded_pThat-15to1200_TuneCP5_5p36TeV_pythia8/260306_002843/0000/HiForestMiniAOD_588.root
Time elapsed: 17082 seconds
File Contains: 106000 entries.
NMiss: 1737150 | NFake: 2842786 | NMatch: 45015224
Processing file 542 of 817: /eos/cms/store/group/phys_heavyions/hbossi/mc_productions/QCD-dijet_pThat15-event-weighted_TuneCP5_5p36TeV_pythia8/OO_MC_DijetEmbedded_pThat-15to1200_TuneCP5_5p36TeV_pythia8/260306_002843/0000/HiForestMiniAOD_589.root
Time elapsed: 17102 seconds
File Contains: 115000 entries.
NMiss: 1740143 | NFake: 2847646 | NMatch: 45091523
Processing file 543 of 817: /eos/cms/store/group/phys_heavyions/hbossi/mc_productions/QCD-dijet_pThat15-event-weighted_TuneCP5_5p36TeV_pythia8/OO_MC_DijetEmbedded_pThat-15to1200_TuneCP5_5p36TeV_pythia8/260306_002843/0000/HiForestMiniAOD_59.root
Time elapsed: 17129 seconds
File Contains: 106000 entries.
NMiss: 1742890 | NFake: 2852208 | NMatch: 45162914
Processing file 544 of 817: /eos/cms/store/group/phys_heavyions/hbossi/mc_productions/QCD-dijet_pThat15-event-weighted_TuneCP5_5p36TeV_pythia8/OO_MC_DijetEmbedded_pThat-15to1200_TuneCP5_5p36TeV_pythia8/260306_002843/0000/HiForestMiniAOD_590.root
Time elapsed: 17147 seconds
File Contains: 128000 entries.
NMiss: 1746217 | NFake: 2857673 | NMatch: 45248518
Processing file 545 of 817: /eos/cms/store/group/phys_heavyions/hbossi/mc_productions/QCD-dijet_pThat15-event-weighted_TuneCP5_5p36TeV_pythia8/OO_MC_DijetEmbedded_pThat-15to1200_TuneCP5_5p36TeV_pythia8/260306_002843/0000/HiForestMiniAOD_591.root
Time elapsed: 17176 seconds
File Contains: 123000 entries.
NMiss: 1749439 | NFake: 2862960 | NMatch: 45330988
Processing file 546 of 817: /eos/cms/store/group/phys_heavyions/hbossi/mc_productions/QCD-dijet_pThat15-event-weighted_TuneCP5_5p36TeV_pythia8/OO_MC_DijetEmbedded_pThat-15to1200_TuneCP5_5p36TeV_pythia8/260306_002843/0000/HiForestMiniAOD_592.root
Time elapsed: 17225 seconds
File Contains: 108000 entries.
NMiss: 1752231 | NFake: 2867525 | NMatch: 45403717
Processing file 547 of 817: /eos/cms/store/group/phys_heavyions/hbossi/mc_productions/QCD-dijet_pThat15-event-weighted_TuneCP5_5p36TeV_pythia8/OO_MC_DijetEmbedded_pThat-15to1200_TuneCP5_5p36TeV_pythia8/260306_002843/0000/HiForestMiniAOD_593.root
Time elapsed: 17258 seconds
File Contains: 139000 entries.
NMiss: 1755743 | NFake: 2873384 | NMatch: 45497099
Processing file 548 of 817: /eos/cms/store/group/phys_heavyions/hbossi/mc_productions/QCD-dijet_pThat15-event-weighted_TuneCP5_5p36TeV_pythia8/OO_MC_DijetEmbedded_pThat-15to1200_TuneCP5_5p36TeV_pythia8/260306_002843/0000/HiForestMiniAOD_594.root
Time elapsed: 17285 seconds
File Contains: 119000 entries.
NMiss: 1758853 | NFake: 2878461 | NMatch: 45577070
Processing file 549 of 817: /eos/cms/store/group/phys_heavyions/hbossi/mc_productions/QCD-dijet_pThat15-event-weighted_TuneCP5_5p36TeV_pythia8/OO_MC_DijetEmbedded_pThat-15to1200_TuneCP5_5p36TeV_pythia8/260306_002843/0000/HiForestMiniAOD_595.root
Time elapsed: 17314 seconds
File Contains: 108000 entries.
NMiss: 1761668 | NFake: 2882946 | NMatch: 45649972
Processing file 550 of 817: /eos/cms/store/group/phys_heavyions/hbossi/mc_productions/QCD-dijet_pThat15-event-weighted_TuneCP5_5p36TeV_pythia8/OO_MC_DijetEmbedded_pThat-15to1200_TuneCP5_5p36TeV_pythia8/260306_002843/0000/HiForestMiniAOD_596.root
Time elapsed: 17337 seconds
File Contains: 112000 entries.
NMiss: 1764461 | NFake: 2887700 | NMatch: 45724777
Processing file 551 of 817: /eos/cms/store/group/phys_heavyions/hbossi/mc_productions/QCD-dijet_pThat15-event-weighted_TuneCP5_5p36TeV_pythia8/OO_MC_DijetEmbedded_pThat-15to1200_TuneCP5_5p36TeV_pythia8/260306_002843/0000/HiForestMiniAOD_597.root
Time elapsed: 17371 seconds
File Contains: 128000 entries.
NMiss: 1767876 | NFake: 2893100 | NMatch: 45810912
Processing file 552 of 817: /eos/cms/store/group/phys_heavyions/hbossi/mc_productions/QCD-dijet_pThat15-event-weighted_TuneCP5_5p36TeV_pythia8/OO_MC_DijetEmbedded_pThat-15to1200_TuneCP5_5p36TeV_pythia8/260306_002843/0000/HiForestMiniAOD_598.root
Time elapsed: 17396 seconds
File Contains: 142000 entries.
NMiss: 1771575 | NFake: 2899034 | NMatch: 45906052
Processing file 553 of 817: /eos/cms/store/group/phys_heavyions/hbossi/mc_productions/QCD-dijet_pThat15-event-weighted_TuneCP5_5p36TeV_pythia8/OO_MC_DijetEmbedded_pThat-15to1200_TuneCP5_5p36TeV_pythia8/260306_002843/0000/HiForestMiniAOD_599.root
Time elapsed: 17430 seconds
File Contains: 138000 entries.
NMiss: 1775121 | NFake: 2904945 | NMatch: 45998702
Processing file 554 of 817: /eos/cms/store/group/phys_heavyions/hbossi/mc_productions/QCD-dijet_pThat15-event-weighted_TuneCP5_5p36TeV_pythia8/OO_MC_DijetEmbedded_pThat-15to1200_TuneCP5_5p36TeV_pythia8/260306_002843/0000/HiForestMiniAOD_6.root
Time elapsed: 17456 seconds
File Contains: 163000 entries.
NMiss: 1779348 | NFake: 2911659 | NMatch: 46107574
Processing file 555 of 817: /eos/cms/store/group/phys_heavyions/hbossi/mc_productions/QCD-dijet_pThat15-event-weighted_TuneCP5_5p36TeV_pythia8/OO_MC_DijetEmbedded_pThat-15to1200_TuneCP5_5p36TeV_pythia8/260306_002843/0000/HiForestMiniAOD_60.root
Time elapsed: 17486 seconds
File Contains: 133000 entries.
NMiss: 1782829 | NFake: 2917232 | NMatch: 46196532
Processing file 556 of 817: /eos/cms/store/group/phys_heavyions/hbossi/mc_productions/QCD-dijet_pThat15-event-weighted_TuneCP5_5p36TeV_pythia8/OO_MC_DijetEmbedded_pThat-15to1200_TuneCP5_5p36TeV_pythia8/260306_002843/0000/HiForestMiniAOD_600.root
Time elapsed: 17508 seconds
File Contains: 91000 entries.
NMiss: 1785273 | NFake: 2921058 | NMatch: 46257592
Processing file 557 of 817: /eos/cms/store/group/phys_heavyions/hbossi/mc_productions/QCD-dijet_pThat15-event-weighted_TuneCP5_5p36TeV_pythia8/OO_MC_DijetEmbedded_pThat-15to1200_TuneCP5_5p36TeV_pythia8/260306_002843/0000/HiForestMiniAOD_601.root
Time elapsed: 17536 seconds
File Contains: 137000 entries.
NMiss: 1788796 | NFake: 2926960 | NMatch: 46349085
Processing file 558 of 817: /eos/cms/store/group/phys_heavyions/hbossi/mc_productions/QCD-dijet_pThat15-event-weighted_TuneCP5_5p36TeV_pythia8/OO_MC_DijetEmbedded_pThat-15to1200_TuneCP5_5p36TeV_pythia8/260306_002843/0000/HiForestMiniAOD_602.root
Time elapsed: 17570 seconds
File Contains: 92000 entries.
NMiss: 1791240 | NFake: 2930778 | NMatch: 46410315
Processing file 559 of 817: /eos/cms/store/group/phys_heavyions/hbossi/mc_productions/QCD-dijet_pThat15-event-weighted_TuneCP5_5p36TeV_pythia8/OO_MC_DijetEmbedded_pThat-15to1200_TuneCP5_5p36TeV_pythia8/260306_002843/0000/HiForestMiniAOD_603.root
Time elapsed: 17589 seconds
File Contains: 140000 entries.
NMiss: 1794881 | NFake: 2936657 | NMatch: 46503921
Processing file 560 of 817: /eos/cms/store/group/phys_heavyions/hbossi/mc_productions/QCD-dijet_pThat15-event-weighted_TuneCP5_5p36TeV_pythia8/OO_MC_DijetEmbedded_pThat-15to1200_TuneCP5_5p36TeV_pythia8/260306_002843/0000/HiForestMiniAOD_604.root
Time elapsed: 17629 seconds
File Contains: 137000 entries.
NMiss: 1798333 | NFake: 2942592 | NMatch: 46595736
Processing file 561 of 817: /eos/cms/store/group/phys_heavyions/hbossi/mc_productions/QCD-dijet_pThat15-event-weighted_TuneCP5_5p36TeV_pythia8/OO_MC_DijetEmbedded_pThat-15to1200_TuneCP5_5p36TeV_pythia8/260306_002843/0000/HiForestMiniAOD_605.root
Time elapsed: 17666 seconds
File Contains: 111000 entries.
NMiss: 1801213 | NFake: 2947356 | NMatch: 46670198
Processing file 562 of 817: /eos/cms/store/group/phys_heavyions/hbossi/mc_productions/QCD-dijet_pThat15-event-weighted_TuneCP5_5p36TeV_pythia8/OO_MC_DijetEmbedded_pThat-15to1200_TuneCP5_5p36TeV_pythia8/260306_002843/0000/HiForestMiniAOD_606.root
Time elapsed: 17692 seconds
File Contains: 134000 entries.
NMiss: 1804825 | NFake: 2953120 | NMatch: 46759542
Processing file 563 of 817: /eos/cms/store/group/phys_heavyions/hbossi/mc_productions/QCD-dijet_pThat15-event-weighted_TuneCP5_5p36TeV_pythia8/OO_MC_DijetEmbedded_pThat-15to1200_TuneCP5_5p36TeV_pythia8/260306_002843/0000/HiForestMiniAOD_607.root
Time elapsed: 17742 seconds
File Contains: 112000 entries.
NMiss: 1807758 | NFake: 2957852 | NMatch: 46834584
Processing file 564 of 817: /eos/cms/store/group/phys_heavyions/hbossi/mc_productions/QCD-dijet_pThat15-event-weighted_TuneCP5_5p36TeV_pythia8/OO_MC_DijetEmbedded_pThat-15to1200_TuneCP5_5p36TeV_pythia8/260306_002843/0000/HiForestMiniAOD_608.root
Time elapsed: 17765 seconds
File Contains: 139000 entries.
NMiss: 1811299 | NFake: 2963687 | NMatch: 46928184
Processing file 565 of 817: /eos/cms/store/group/phys_heavyions/hbossi/mc_productions/QCD-dijet_pThat15-event-weighted_TuneCP5_5p36TeV_pythia8/OO_MC_DijetEmbedded_pThat-15to1200_TuneCP5_5p36TeV_pythia8/260306_002843/0000/HiForestMiniAOD_609.root
Time elapsed: 17796 seconds
File Contains: 94000 entries.
NMiss: 1813744 | NFake: 2967665 | NMatch: 46991317
Processing file 566 of 817: /eos/cms/store/group/phys_heavyions/hbossi/mc_productions/QCD-dijet_pThat15-event-weighted_TuneCP5_5p36TeV_pythia8/OO_MC_DijetEmbedded_pThat-15to1200_TuneCP5_5p36TeV_pythia8/260306_002843/0000/HiForestMiniAOD_61.root
Time elapsed: 17815 seconds
File Contains: 130000 entries.
NMiss: 1817015 | NFake: 2972937 | NMatch: 47078701
Processing file 567 of 817: /eos/cms/store/group/phys_heavyions/hbossi/mc_productions/QCD-dijet_pThat15-event-weighted_TuneCP5_5p36TeV_pythia8/OO_MC_DijetEmbedded_pThat-15to1200_TuneCP5_5p36TeV_pythia8/260306_002843/0000/HiForestMiniAOD_610.root
Time elapsed: 17854 seconds
File Contains: 126000 entries.
NMiss: 1820228 | NFake: 2978292 | NMatch: 47163387
Processing file 568 of 817: /eos/cms/store/group/phys_heavyions/hbossi/mc_productions/QCD-dijet_pThat15-event-weighted_TuneCP5_5p36TeV_pythia8/OO_MC_DijetEmbedded_pThat-15to1200_TuneCP5_5p36TeV_pythia8/260306_002843/0000/HiForestMiniAOD_611.root
Time elapsed: 17887 seconds
File Contains: 130000 entries.
NMiss: 1823636 | NFake: 2983882 | NMatch: 47250535
Processing file 569 of 817: /eos/cms/store/group/phys_heavyions/hbossi/mc_productions/QCD-dijet_pThat15-event-weighted_TuneCP5_5p36TeV_pythia8/OO_MC_DijetEmbedded_pThat-15to1200_TuneCP5_5p36TeV_pythia8/260306_002843/0000/HiForestMiniAOD_612.root
Time elapsed: 18019 seconds
File Contains: 97000 entries.
NMiss: 1826139 | NFake: 2987910 | NMatch: 47315593
Processing file 570 of 817: /eos/cms/store/group/phys_heavyions/hbossi/mc_productions/QCD-dijet_pThat15-event-weighted_TuneCP5_5p36TeV_pythia8/OO_MC_DijetEmbedded_pThat-15to1200_TuneCP5_5p36TeV_pythia8/260306_002843/0000/HiForestMiniAOD_613.root
Time elapsed: 18041 seconds
File Contains: 148000 entries.
NMiss: 1829992 | NFake: 2994086 | NMatch: 47415011
Processing file 571 of 817: /eos/cms/store/group/phys_heavyions/hbossi/mc_productions/QCD-dijet_pThat15-event-weighted_TuneCP5_5p36TeV_pythia8/OO_MC_DijetEmbedded_pThat-15to1200_TuneCP5_5p36TeV_pythia8/260306_002843/0000/HiForestMiniAOD_614.root
Time elapsed: 18147 seconds
File Contains: 110000 entries.
NMiss: 1832898 | NFake: 2998783 | NMatch: 47488400
Processing file 572 of 817: /eos/cms/store/group/phys_heavyions/hbossi/mc_productions/QCD-dijet_pThat15-event-weighted_TuneCP5_5p36TeV_pythia8/OO_MC_DijetEmbedded_pThat-15to1200_TuneCP5_5p36TeV_pythia8/260306_002843/0000/HiForestMiniAOD_615.root
Time elapsed: 18169 seconds
File Contains: 159000 entries.
NMiss: 1836899 | NFake: 3005373 | NMatch: 47594714
Processing file 573 of 817: /eos/cms/store/group/phys_heavyions/hbossi/mc_productions/QCD-dijet_pThat15-event-weighted_TuneCP5_5p36TeV_pythia8/OO_MC_DijetEmbedded_pThat-15to1200_TuneCP5_5p36TeV_pythia8/260306_002843/0000/HiForestMiniAOD_616.root
Time elapsed: 18205 seconds
File Contains: 101000 entries.
NMiss: 1839516 | NFake: 3009721 | NMatch: 47662417
Processing file 574 of 817: /eos/cms/store/group/phys_heavyions/hbossi/mc_productions/QCD-dijet_pThat15-event-weighted_TuneCP5_5p36TeV_pythia8/OO_MC_DijetEmbedded_pThat-15to1200_TuneCP5_5p36TeV_pythia8/260306_002843/0000/HiForestMiniAOD_617.root
Time elapsed: 18232 seconds
File Contains: 114000 entries.
NMiss: 1842428 | NFake: 3014551 | NMatch: 47739312
Processing file 575 of 817: /eos/cms/store/group/phys_heavyions/hbossi/mc_productions/QCD-dijet_pThat15-event-weighted_TuneCP5_5p36TeV_pythia8/OO_MC_DijetEmbedded_pThat-15to1200_TuneCP5_5p36TeV_pythia8/260306_002843/0000/HiForestMiniAOD_618.root
Time elapsed: 18277 seconds
File Contains: 129000 entries.
NMiss: 1845769 | NFake: 3019934 | NMatch: 47825530
Processing file 576 of 817: /eos/cms/store/group/phys_heavyions/hbossi/mc_productions/QCD-dijet_pThat15-event-weighted_TuneCP5_5p36TeV_pythia8/OO_MC_DijetEmbedded_pThat-15to1200_TuneCP5_5p36TeV_pythia8/260306_002843/0000/HiForestMiniAOD_619.root
Time elapsed: 18295 seconds
File Contains: 135000 entries.
NMiss: 1849190 | NFake: 3025589 | NMatch: 47916052
Processing file 577 of 817: /eos/cms/store/group/phys_heavyions/hbossi/mc_productions/QCD-dijet_pThat15-event-weighted_TuneCP5_5p36TeV_pythia8/OO_MC_DijetEmbedded_pThat-15to1200_TuneCP5_5p36TeV_pythia8/260306_002843/0000/HiForestMiniAOD_62.root
Time elapsed: 18326 seconds
File Contains: 127000 entries.
NMiss: 1852439 | NFake: 3030948 | NMatch: 48001057
Processing file 578 of 817: /eos/cms/store/group/phys_heavyions/hbossi/mc_productions/QCD-dijet_pThat15-event-weighted_TuneCP5_5p36TeV_pythia8/OO_MC_DijetEmbedded_pThat-15to1200_TuneCP5_5p36TeV_pythia8/260306_002843/0000/HiForestMiniAOD_620.root
Time elapsed: 18358 seconds
File Contains: 137000 entries.
NMiss: 1855891 | NFake: 3036650 | NMatch: 48092876
Processing file 579 of 817: /eos/cms/store/group/phys_heavyions/hbossi/mc_productions/QCD-dijet_pThat15-event-weighted_TuneCP5_5p36TeV_pythia8/OO_MC_DijetEmbedded_pThat-15to1200_TuneCP5_5p36TeV_pythia8/260306_002843/0000/HiForestMiniAOD_621.root
Time elapsed: 18443 seconds
File Contains: 113000 entries.
NMiss: 1858819 | NFake: 3041375 | NMatch: 48168504
Processing file 580 of 817: /eos/cms/store/group/phys_heavyions/hbossi/mc_productions/QCD-dijet_pThat15-event-weighted_TuneCP5_5p36TeV_pythia8/OO_MC_DijetEmbedded_pThat-15to1200_TuneCP5_5p36TeV_pythia8/260306_002843/0000/HiForestMiniAOD_622.root
Time elapsed: 18465 seconds
File Contains: 165000 entries.
NMiss: 1863142 | NFake: 3048338 | NMatch: 48278832
Processing file 581 of 817: /eos/cms/store/group/phys_heavyions/hbossi/mc_productions/QCD-dijet_pThat15-event-weighted_TuneCP5_5p36TeV_pythia8/OO_MC_DijetEmbedded_pThat-15to1200_TuneCP5_5p36TeV_pythia8/260306_002843/0000/HiForestMiniAOD_623.root
Time elapsed: 18494 seconds
File Contains: 119000 entries.
NMiss: 1866191 | NFake: 3053350 | NMatch: 48358623
Processing file 582 of 817: /eos/cms/store/group/phys_heavyions/hbossi/mc_productions/QCD-dijet_pThat15-event-weighted_TuneCP5_5p36TeV_pythia8/OO_MC_DijetEmbedded_pThat-15to1200_TuneCP5_5p36TeV_pythia8/260306_002843/0000/HiForestMiniAOD_624.root
Time elapsed: 18524 seconds
File Contains: 137000 entries.
NMiss: 1869810 | NFake: 3059047 | NMatch: 48450680
Processing file 583 of 817: /eos/cms/store/group/phys_heavyions/hbossi/mc_productions/QCD-dijet_pThat15-event-weighted_TuneCP5_5p36TeV_pythia8/OO_MC_DijetEmbedded_pThat-15to1200_TuneCP5_5p36TeV_pythia8/260306_002843/0000/HiForestMiniAOD_625.root
Time elapsed: 18547 seconds
File Contains: 101000 entries.
NMiss: 1872478 | NFake: 3063225 | NMatch: 48518882
Processing file 584 of 817: /eos/cms/store/group/phys_heavyions/hbossi/mc_productions/QCD-dijet_pThat15-event-weighted_TuneCP5_5p36TeV_pythia8/OO_MC_DijetEmbedded_pThat-15to1200_TuneCP5_5p36TeV_pythia8/260306_002843/0000/HiForestMiniAOD_626.root
Time elapsed: 18571 seconds
File Contains: 123000 entries.
NMiss: 1875672 | NFake: 3068214 | NMatch: 48601068
Processing file 585 of 817: /eos/cms/store/group/phys_heavyions/hbossi/mc_productions/QCD-dijet_pThat15-event-weighted_TuneCP5_5p36TeV_pythia8/OO_MC_DijetEmbedded_pThat-15to1200_TuneCP5_5p36TeV_pythia8/260306_002843/0000/HiForestMiniAOD_627.root
Time elapsed: 18597 seconds
File Contains: 113000 entries.
NMiss: 1878593 | NFake: 3072969 | NMatch: 48676843
Processing file 586 of 817: /eos/cms/store/group/phys_heavyions/hbossi/mc_productions/QCD-dijet_pThat15-event-weighted_TuneCP5_5p36TeV_pythia8/OO_MC_DijetEmbedded_pThat-15to1200_TuneCP5_5p36TeV_pythia8/260306_002843/0000/HiForestMiniAOD_628.root
Time elapsed: 18622 seconds
File Contains: 115000 entries.
NMiss: 1881589 | NFake: 3077946 | NMatch: 48753635
Processing file 587 of 817: /eos/cms/store/group/phys_heavyions/hbossi/mc_productions/QCD-dijet_pThat15-event-weighted_TuneCP5_5p36TeV_pythia8/OO_MC_DijetEmbedded_pThat-15to1200_TuneCP5_5p36TeV_pythia8/260306_002843/0000/HiForestMiniAOD_629.root
Time elapsed: 18667 seconds
File Contains: 128000 entries.
NMiss: 1884886 | NFake: 3083289 | NMatch: 48839305
Processing file 588 of 817: /eos/cms/store/group/phys_heavyions/hbossi/mc_productions/QCD-dijet_pThat15-event-weighted_TuneCP5_5p36TeV_pythia8/OO_MC_DijetEmbedded_pThat-15to1200_TuneCP5_5p36TeV_pythia8/260306_002843/0000/HiForestMiniAOD_63.root
Time elapsed: 18691 seconds
File Contains: 124000 entries.
NMiss: 1888086 | NFake: 3088575 | NMatch: 48922193
Processing file 589 of 817: /eos/cms/store/group/phys_heavyions/hbossi/mc_productions/QCD-dijet_pThat15-event-weighted_TuneCP5_5p36TeV_pythia8/OO_MC_DijetEmbedded_pThat-15to1200_TuneCP5_5p36TeV_pythia8/260306_002843/0000/HiForestMiniAOD_630.root
Time elapsed: 18779 seconds
File Contains: 164000 entries.
NMiss: 1892347 | NFake: 3095521 | NMatch: 49031993
Processing file 590 of 817: /eos/cms/store/group/phys_heavyions/hbossi/mc_productions/QCD-dijet_pThat15-event-weighted_TuneCP5_5p36TeV_pythia8/OO_MC_DijetEmbedded_pThat-15to1200_TuneCP5_5p36TeV_pythia8/260306_002843/0000/HiForestMiniAOD_631.root
Time elapsed: 18800 seconds
File Contains: 142000 entries.
NMiss: 1896052 | NFake: 3101477 | NMatch: 49127497
Processing file 591 of 817: /eos/cms/store/group/phys_heavyions/hbossi/mc_productions/QCD-dijet_pThat15-event-weighted_TuneCP5_5p36TeV_pythia8/OO_MC_DijetEmbedded_pThat-15to1200_TuneCP5_5p36TeV_pythia8/260306_002843/0000/HiForestMiniAOD_632.root
Time elapsed: 18819 seconds
File Contains: 107000 entries.
NMiss: 1898834 | NFake: 3105989 | NMatch: 49199264
Processing file 592 of 817: /eos/cms/store/group/phys_heavyions/hbossi/mc_productions/QCD-dijet_pThat15-event-weighted_TuneCP5_5p36TeV_pythia8/OO_MC_DijetEmbedded_pThat-15to1200_TuneCP5_5p36TeV_pythia8/260306_002843/0000/HiForestMiniAOD_633.root
Time elapsed: 18844 seconds
File Contains: 88000 entries.
NMiss: 1900960 | NFake: 3109700 | NMatch: 49258113
Processing file 593 of 817: /eos/cms/store/group/phys_heavyions/hbossi/mc_productions/QCD-dijet_pThat15-event-weighted_TuneCP5_5p36TeV_pythia8/OO_MC_DijetEmbedded_pThat-15to1200_TuneCP5_5p36TeV_pythia8/260306_002843/0000/HiForestMiniAOD_634.root
Time elapsed: 18858 seconds
File Contains: 106000 entries.
NMiss: 1903769 | NFake: 3114256 | NMatch: 49329420
Processing file 594 of 817: /eos/cms/store/group/phys_heavyions/hbossi/mc_productions/QCD-dijet_pThat15-event-weighted_TuneCP5_5p36TeV_pythia8/OO_MC_DijetEmbedded_pThat-15to1200_TuneCP5_5p36TeV_pythia8/260306_002843/0000/HiForestMiniAOD_635.root
Time elapsed: 18893 seconds
File Contains: 138000 entries.
NMiss: 1907461 | NFake: 3120125 | NMatch: 49421664
Processing file 595 of 817: /eos/cms/store/group/phys_heavyions/hbossi/mc_productions/QCD-dijet_pThat15-event-weighted_TuneCP5_5p36TeV_pythia8/OO_MC_DijetEmbedded_pThat-15to1200_TuneCP5_5p36TeV_pythia8/260306_002843/0000/HiForestMiniAOD_636.root
Time elapsed: 18926 seconds
File Contains: 128000 entries.
NMiss: 1910767 | NFake: 3125529 | NMatch: 49507760
Processing file 596 of 817: /eos/cms/store/group/phys_heavyions/hbossi/mc_productions/QCD-dijet_pThat15-event-weighted_TuneCP5_5p36TeV_pythia8/OO_MC_DijetEmbedded_pThat-15to1200_TuneCP5_5p36TeV_pythia8/260306_002843/0000/HiForestMiniAOD_637.root
Time elapsed: 18976 seconds
File Contains: 108000 entries.
NMiss: 1913553 | NFake: 3130144 | NMatch: 49579978
Processing file 597 of 817: /eos/cms/store/group/phys_heavyions/hbossi/mc_productions/QCD-dijet_pThat15-event-weighted_TuneCP5_5p36TeV_pythia8/OO_MC_DijetEmbedded_pThat-15to1200_TuneCP5_5p36TeV_pythia8/260306_002843/0000/HiForestMiniAOD_638.root
Time elapsed: 18992 seconds
File Contains: 129000 entries.
NMiss: 1916901 | NFake: 3135614 | NMatch: 49666625
Processing file 598 of 817: /eos/cms/store/group/phys_heavyions/hbossi/mc_productions/QCD-dijet_pThat15-event-weighted_TuneCP5_5p36TeV_pythia8/OO_MC_DijetEmbedded_pThat-15to1200_TuneCP5_5p36TeV_pythia8/260306_002843/0000/HiForestMiniAOD_639.root
Time elapsed: 19028 seconds
File Contains: 116000 entries.
NMiss: 1919804 | NFake: 3140500 | NMatch: 49744425
Processing file 599 of 817: /eos/cms/store/group/phys_heavyions/hbossi/mc_productions/QCD-dijet_pThat15-event-weighted_TuneCP5_5p36TeV_pythia8/OO_MC_DijetEmbedded_pThat-15to1200_TuneCP5_5p36TeV_pythia8/260306_002843/0000/HiForestMiniAOD_64.root
Time elapsed: 19051 seconds
File Contains: 138000 entries.
NMiss: 1923423 | NFake: 3146472 | NMatch: 49837024
Processing file 600 of 817: /eos/cms/store/group/phys_heavyions/hbossi/mc_productions/QCD-dijet_pThat15-event-weighted_TuneCP5_5p36TeV_pythia8/OO_MC_DijetEmbedded_pThat-15to1200_TuneCP5_5p36TeV_pythia8/260306_002843/0000/HiForestMiniAOD_640.root
Time elapsed: 19094 seconds
File Contains: 113000 entries.
NMiss: 1926341 | NFake: 3151233 | NMatch: 49912843
Processing file 601 of 817: /eos/cms/store/group/phys_heavyions/hbossi/mc_productions/QCD-dijet_pThat15-event-weighted_TuneCP5_5p36TeV_pythia8/OO_MC_DijetEmbedded_pThat-15to1200_TuneCP5_5p36TeV_pythia8/260306_002843/0000/HiForestMiniAOD_641.root
Time elapsed: 19127 seconds
File Contains: 117000 entries.
NMiss: 1929425 | NFake: 3156171 | NMatch: 49991392
Processing file 602 of 817: /eos/cms/store/group/phys_heavyions/hbossi/mc_productions/QCD-dijet_pThat15-event-weighted_TuneCP5_5p36TeV_pythia8/OO_MC_DijetEmbedded_pThat-15to1200_TuneCP5_5p36TeV_pythia8/260306_002843/0000/HiForestMiniAOD_642.root
Time elapsed: 19185 seconds
File Contains: 97000 entries.
NMiss: 1931959 | NFake: 3160298 | NMatch: 50055817
Processing file 603 of 817: /eos/cms/store/group/phys_heavyions/hbossi/mc_productions/QCD-dijet_pThat15-event-weighted_TuneCP5_5p36TeV_pythia8/OO_MC_DijetEmbedded_pThat-15to1200_TuneCP5_5p36TeV_pythia8/260306_002843/0000/HiForestMiniAOD_643.root
Time elapsed: 19203 seconds
File Contains: 126000 entries.
NMiss: 1935182 | NFake: 3165638 | NMatch: 50140136
Processing file 604 of 817: /eos/cms/store/group/phys_heavyions/hbossi/mc_productions/QCD-dijet_pThat15-event-weighted_TuneCP5_5p36TeV_pythia8/OO_MC_DijetEmbedded_pThat-15to1200_TuneCP5_5p36TeV_pythia8/260306_002843/0000/HiForestMiniAOD_644.root
Time elapsed: 19222 seconds
File Contains: 154000 entries.
NMiss: 1939197 | NFake: 3172183 | NMatch: 50243162
Processing file 605 of 817: /eos/cms/store/group/phys_heavyions/hbossi/mc_productions/QCD-dijet_pThat15-event-weighted_TuneCP5_5p36TeV_pythia8/OO_MC_DijetEmbedded_pThat-15to1200_TuneCP5_5p36TeV_pythia8/260306_002843/0000/HiForestMiniAOD_645.root
Time elapsed: 19240 seconds
File Contains: 120000 entries.
NMiss: 1942237 | NFake: 3177151 | NMatch: 50323374
Processing file 606 of 817: /eos/cms/store/group/phys_heavyions/hbossi/mc_productions/QCD-dijet_pThat15-event-weighted_TuneCP5_5p36TeV_pythia8/OO_MC_DijetEmbedded_pThat-15to1200_TuneCP5_5p36TeV_pythia8/260306_002843/0000/HiForestMiniAOD_646.root
Time elapsed: 19264 seconds
File Contains: 101000 entries.
NMiss: 1944855 | NFake: 3181331 | NMatch: 50390997
Processing file 607 of 817: /eos/cms/store/group/phys_heavyions/hbossi/mc_productions/QCD-dijet_pThat15-event-weighted_TuneCP5_5p36TeV_pythia8/OO_MC_DijetEmbedded_pThat-15to1200_TuneCP5_5p36TeV_pythia8/260306_002843/0000/HiForestMiniAOD_647.root
Time elapsed: 19282 seconds
File Contains: 135000 entries.
NMiss: 1948327 | NFake: 3187050 | NMatch: 50481336
Processing file 608 of 817: /eos/cms/store/group/phys_heavyions/hbossi/mc_productions/QCD-dijet_pThat15-event-weighted_TuneCP5_5p36TeV_pythia8/OO_MC_DijetEmbedded_pThat-15to1200_TuneCP5_5p36TeV_pythia8/260306_002843/0000/HiForestMiniAOD_648.root
Time elapsed: 19331 seconds
File Contains: 143000 entries.
NMiss: 1952000 | NFake: 3193146 | NMatch: 50577369
Processing file 609 of 817: /eos/cms/store/group/phys_heavyions/hbossi/mc_productions/QCD-dijet_pThat15-event-weighted_TuneCP5_5p36TeV_pythia8/OO_MC_DijetEmbedded_pThat-15to1200_TuneCP5_5p36TeV_pythia8/260306_002843/0000/HiForestMiniAOD_649.root
Time elapsed: 19371 seconds
File Contains: 106000 entries.
NMiss: 1954726 | NFake: 3197589 | NMatch: 50648600
Processing file 610 of 817: /eos/cms/store/group/phys_heavyions/hbossi/mc_productions/QCD-dijet_pThat15-event-weighted_TuneCP5_5p36TeV_pythia8/OO_MC_DijetEmbedded_pThat-15to1200_TuneCP5_5p36TeV_pythia8/260306_002843/0000/HiForestMiniAOD_65.root
Time elapsed: 19405 seconds
File Contains: 88000 entries.
NMiss: 1956922 | NFake: 3201264 | NMatch: 50707323
Processing file 611 of 817: /eos/cms/store/group/phys_heavyions/hbossi/mc_productions/QCD-dijet_pThat15-event-weighted_TuneCP5_5p36TeV_pythia8/OO_MC_DijetEmbedded_pThat-15to1200_TuneCP5_5p36TeV_pythia8/260306_002843/0000/HiForestMiniAOD_650.root
Time elapsed: 19426 seconds
File Contains: 138000 entries.
NMiss: 1960428 | NFake: 3207099 | NMatch: 50799880
Processing file 612 of 817: /eos/cms/store/group/phys_heavyions/hbossi/mc_productions/QCD-dijet_pThat15-event-weighted_TuneCP5_5p36TeV_pythia8/OO_MC_DijetEmbedded_pThat-15to1200_TuneCP5_5p36TeV_pythia8/260306_002843/0000/HiForestMiniAOD_651.root
Time elapsed: 19454 seconds
File Contains: 122000 entries.
NMiss: 1963474 | NFake: 3212274 | NMatch: 50882196
Processing file 613 of 817: /eos/cms/store/group/phys_heavyions/hbossi/mc_productions/QCD-dijet_pThat15-event-weighted_TuneCP5_5p36TeV_pythia8/OO_MC_DijetEmbedded_pThat-15to1200_TuneCP5_5p36TeV_pythia8/260306_002843/0000/HiForestMiniAOD_652.root
Time elapsed: 19474 seconds
File Contains: 111000 entries.
NMiss: 1966389 | NFake: 3216947 | NMatch: 50956515
Processing file 614 of 817: /eos/cms/store/group/phys_heavyions/hbossi/mc_productions/QCD-dijet_pThat15-event-weighted_TuneCP5_5p36TeV_pythia8/OO_MC_DijetEmbedded_pThat-15to1200_TuneCP5_5p36TeV_pythia8/260306_002843/0000/HiForestMiniAOD_653.root
Time elapsed: 19497 seconds
File Contains: 87000 entries.
NMiss: 1968640 | NFake: 3220654 | NMatch: 51015035
Processing file 615 of 817: /eos/cms/store/group/phys_heavyions/hbossi/mc_productions/QCD-dijet_pThat15-event-weighted_TuneCP5_5p36TeV_pythia8/OO_MC_DijetEmbedded_pThat-15to1200_TuneCP5_5p36TeV_pythia8/260306_002843/0000/HiForestMiniAOD_654.root
Time elapsed: 19516 seconds
File Contains: 110000 entries.
NMiss: 1971412 | NFake: 3225283 | NMatch: 51088867
Processing file 616 of 817: /eos/cms/store/group/phys_heavyions/hbossi/mc_productions/QCD-dijet_pThat15-event-weighted_TuneCP5_5p36TeV_pythia8/OO_MC_DijetEmbedded_pThat-15to1200_TuneCP5_5p36TeV_pythia8/260306_002843/0000/HiForestMiniAOD_655.root
Time elapsed: 19546 seconds
File Contains: 114000 entries.
NMiss: 1974373 | NFake: 3230121 | NMatch: 51165484
Processing file 617 of 817: /eos/cms/store/group/phys_heavyions/hbossi/mc_productions/QCD-dijet_pThat15-event-weighted_TuneCP5_5p36TeV_pythia8/OO_MC_DijetEmbedded_pThat-15to1200_TuneCP5_5p36TeV_pythia8/260306_002843/0000/HiForestMiniAOD_656.root
Time elapsed: 19567 seconds
File Contains: 105000 entries.
NMiss: 1977104 | NFake: 3234499 | NMatch: 51235516
Processing file 618 of 817: /eos/cms/store/group/phys_heavyions/hbossi/mc_productions/QCD-dijet_pThat15-event-weighted_TuneCP5_5p36TeV_pythia8/OO_MC_DijetEmbedded_pThat-15to1200_TuneCP5_5p36TeV_pythia8/260306_002843/0000/HiForestMiniAOD_657.root
Time elapsed: 19657 seconds
File Contains: 132000 entries.
NMiss: 1980503 | NFake: 3240212 | NMatch: 51323729
Processing file 619 of 817: /eos/cms/store/group/phys_heavyions/hbossi/mc_productions/QCD-dijet_pThat15-event-weighted_TuneCP5_5p36TeV_pythia8/OO_MC_DijetEmbedded_pThat-15to1200_TuneCP5_5p36TeV_pythia8/260306_002843/0000/HiForestMiniAOD_658.root
Time elapsed: 19704 seconds
File Contains: 115000 entries.
NMiss: 1983497 | NFake: 3245083 | NMatch: 51400724
Processing file 620 of 817: /eos/cms/store/group/phys_heavyions/hbossi/mc_productions/QCD-dijet_pThat15-event-weighted_TuneCP5_5p36TeV_pythia8/OO_MC_DijetEmbedded_pThat-15to1200_TuneCP5_5p36TeV_pythia8/260306_002843/0000/HiForestMiniAOD_659.root
Time elapsed: 19767 seconds
File Contains: 114000 entries.
NMiss: 1986382 | NFake: 3249736 | NMatch: 51476981
Processing file 621 of 817: /eos/cms/store/group/phys_heavyions/hbossi/mc_productions/QCD-dijet_pThat15-event-weighted_TuneCP5_5p36TeV_pythia8/OO_MC_DijetEmbedded_pThat-15to1200_TuneCP5_5p36TeV_pythia8/260306_002843/0000/HiForestMiniAOD_66.root
Time elapsed: 19808 seconds
File Contains: 101000 entries.
NMiss: 1989056 | NFake: 3254018 | NMatch: 51544378
Processing file 622 of 817: /eos/cms/store/group/phys_heavyions/hbossi/mc_productions/QCD-dijet_pThat15-event-weighted_TuneCP5_5p36TeV_pythia8/OO_MC_DijetEmbedded_pThat-15to1200_TuneCP5_5p36TeV_pythia8/260306_002843/0000/HiForestMiniAOD_660.root
Time elapsed: 19842 seconds
File Contains: 87000 entries.
NMiss: 1991365 | NFake: 3257718 | NMatch: 51602505
Processing file 623 of 817: /eos/cms/store/group/phys_heavyions/hbossi/mc_productions/QCD-dijet_pThat15-event-weighted_TuneCP5_5p36TeV_pythia8/OO_MC_DijetEmbedded_pThat-15to1200_TuneCP5_5p36TeV_pythia8/260306_002843/0000/HiForestMiniAOD_661.root
Time elapsed: 19858 seconds
File Contains: 160000 entries.
NMiss: 1995571 | NFake: 3264522 | NMatch: 51710091
Processing file 624 of 817: /eos/cms/store/group/phys_heavyions/hbossi/mc_productions/QCD-dijet_pThat15-event-weighted_TuneCP5_5p36TeV_pythia8/OO_MC_DijetEmbedded_pThat-15to1200_TuneCP5_5p36TeV_pythia8/260306_002843/0000/HiForestMiniAOD_662.root
Time elapsed: 19883 seconds
File Contains: 109000 entries.
NMiss: 1998398 | NFake: 3269100 | NMatch: 51783371
Processing file 625 of 817: /eos/cms/store/group/phys_heavyions/hbossi/mc_productions/QCD-dijet_pThat15-event-weighted_TuneCP5_5p36TeV_pythia8/OO_MC_DijetEmbedded_pThat-15to1200_TuneCP5_5p36TeV_pythia8/260306_002843/0000/HiForestMiniAOD_663.root
Time elapsed: 19906 seconds
File Contains: 105000 entries.
NMiss: 2001142 | NFake: 3273559 | NMatch: 51853732
Processing file 626 of 817: /eos/cms/store/group/phys_heavyions/hbossi/mc_productions/QCD-dijet_pThat15-event-weighted_TuneCP5_5p36TeV_pythia8/OO_MC_DijetEmbedded_pThat-15to1200_TuneCP5_5p36TeV_pythia8/260306_002843/0000/HiForestMiniAOD_664.root
Time elapsed: 19925 seconds
File Contains: 142000 entries.
NMiss: 2004794 | NFake: 3279521 | NMatch: 51948284
Processing file 627 of 817: /eos/cms/store/group/phys_heavyions/hbossi/mc_productions/QCD-dijet_pThat15-event-weighted_TuneCP5_5p36TeV_pythia8/OO_MC_DijetEmbedded_pThat-15to1200_TuneCP5_5p36TeV_pythia8/260306_002843/0000/HiForestMiniAOD_665.root
Time elapsed: 19954 seconds
File Contains: 109000 entries.
NMiss: 2007684 | NFake: 3284128 | NMatch: 52020774
Processing file 628 of 817: /eos/cms/store/group/phys_heavyions/hbossi/mc_productions/QCD-dijet_pThat15-event-weighted_TuneCP5_5p36TeV_pythia8/OO_MC_DijetEmbedded_pThat-15to1200_TuneCP5_5p36TeV_pythia8/260306_002843/0000/HiForestMiniAOD_666.root
Time elapsed: 19977 seconds
File Contains: 97000 entries.
NMiss: 2010196 | NFake: 3288196 | NMatch: 52086480
Processing file 629 of 817: /eos/cms/store/group/phys_heavyions/hbossi/mc_productions/QCD-dijet_pThat15-event-weighted_TuneCP5_5p36TeV_pythia8/OO_MC_DijetEmbedded_pThat-15to1200_TuneCP5_5p36TeV_pythia8/260306_002843/0000/HiForestMiniAOD_667.root
Time elapsed: 19996 seconds
File Contains: 133000 entries.
NMiss: 2013592 | NFake: 3293735 | NMatch: 52176111
Processing file 630 of 817: /eos/cms/store/group/phys_heavyions/hbossi/mc_productions/QCD-dijet_pThat15-event-weighted_TuneCP5_5p36TeV_pythia8/OO_MC_DijetEmbedded_pThat-15to1200_TuneCP5_5p36TeV_pythia8/260306_002843/0000/HiForestMiniAOD_668.root
Time elapsed: 20027 seconds
File Contains: 94000 entries.
NMiss: 2016043 | NFake: 3297661 | NMatch: 52239445
Processing file 631 of 817: /eos/cms/store/group/phys_heavyions/hbossi/mc_productions/QCD-dijet_pThat15-event-weighted_TuneCP5_5p36TeV_pythia8/OO_MC_DijetEmbedded_pThat-15to1200_TuneCP5_5p36TeV_pythia8/260306_002843/0000/HiForestMiniAOD_669.root
Time elapsed: 20054 seconds
File Contains: 96000 entries.
NMiss: 2018579 | NFake: 3301729 | NMatch: 52303658
Processing file 632 of 817: /eos/cms/store/group/phys_heavyions/hbossi/mc_productions/QCD-dijet_pThat15-event-weighted_TuneCP5_5p36TeV_pythia8/OO_MC_DijetEmbedded_pThat-15to1200_TuneCP5_5p36TeV_pythia8/260306_002843/0000/HiForestMiniAOD_67.root
Time elapsed: 20080 seconds
File Contains: 167000 entries.
NMiss: 2022809 | NFake: 3308731 | NMatch: 52415269
Processing file 633 of 817: /eos/cms/store/group/phys_heavyions/hbossi/mc_productions/QCD-dijet_pThat15-event-weighted_TuneCP5_5p36TeV_pythia8/OO_MC_DijetEmbedded_pThat-15to1200_TuneCP5_5p36TeV_pythia8/260306_002843/0000/HiForestMiniAOD_670.root
Time elapsed: 20112 seconds
File Contains: 120000 entries.
NMiss: 2025917 | NFake: 3313835 | NMatch: 52495793
Processing file 634 of 817: /eos/cms/store/group/phys_heavyions/hbossi/mc_productions/QCD-dijet_pThat15-event-weighted_TuneCP5_5p36TeV_pythia8/OO_MC_DijetEmbedded_pThat-15to1200_TuneCP5_5p36TeV_pythia8/260306_002843/0000/HiForestMiniAOD_671.root
Time elapsed: 20139 seconds
File Contains: 103000 entries.
NMiss: 2028546 | NFake: 3318305 | NMatch: 52565166
Processing file 635 of 817: /eos/cms/store/group/phys_heavyions/hbossi/mc_productions/QCD-dijet_pThat15-event-weighted_TuneCP5_5p36TeV_pythia8/OO_MC_DijetEmbedded_pThat-15to1200_TuneCP5_5p36TeV_pythia8/260306_002843/0000/HiForestMiniAOD_672.root
Time elapsed: 20160 seconds
File Contains: 114000 entries.
NMiss: 2031540 | NFake: 3323062 | NMatch: 52641898
Processing file 636 of 817: /eos/cms/store/group/phys_heavyions/hbossi/mc_productions/QCD-dijet_pThat15-event-weighted_TuneCP5_5p36TeV_pythia8/OO_MC_DijetEmbedded_pThat-15to1200_TuneCP5_5p36TeV_pythia8/260306_002843/0000/HiForestMiniAOD_673.root
Time elapsed: 20208 seconds
File Contains: 105000 entries.
NMiss: 2034207 | NFake: 3327546 | NMatch: 52711954
Processing file 637 of 817: /eos/cms/store/group/phys_heavyions/hbossi/mc_productions/QCD-dijet_pThat15-event-weighted_TuneCP5_5p36TeV_pythia8/OO_MC_DijetEmbedded_pThat-15to1200_TuneCP5_5p36TeV_pythia8/260306_002843/0000/HiForestMiniAOD_674.root
Time elapsed: 20223 seconds
File Contains: 115000 entries.
NMiss: 2037188 | NFake: 3332537 | NMatch: 52788846
Processing file 638 of 817: /eos/cms/store/group/phys_heavyions/hbossi/mc_productions/QCD-dijet_pThat15-event-weighted_TuneCP5_5p36TeV_pythia8/OO_MC_DijetEmbedded_pThat-15to1200_TuneCP5_5p36TeV_pythia8/260306_002843/0000/HiForestMiniAOD_675.root
Time elapsed: 20261 seconds
File Contains: 122000 entries.
NMiss: 2040343 | NFake: 3337660 | NMatch: 52871185
Processing file 639 of 817: /eos/cms/store/group/phys_heavyions/hbossi/mc_productions/QCD-dijet_pThat15-event-weighted_TuneCP5_5p36TeV_pythia8/OO_MC_DijetEmbedded_pThat-15to1200_TuneCP5_5p36TeV_pythia8/260306_002843/0000/HiForestMiniAOD_676.root
Time elapsed: 20283 seconds
File Contains: 141000 entries.
NMiss: 2044013 | NFake: 3343658 | NMatch: 52964896
Processing file 640 of 817: /eos/cms/store/group/phys_heavyions/hbossi/mc_productions/QCD-dijet_pThat15-event-weighted_TuneCP5_5p36TeV_pythia8/OO_MC_DijetEmbedded_pThat-15to1200_TuneCP5_5p36TeV_pythia8/260306_002843/0000/HiForestMiniAOD_677.root
Time elapsed: 20308 seconds
File Contains: 105000 entries.
NMiss: 2046701 | NFake: 3348157 | NMatch: 53035221
Processing file 641 of 817: /eos/cms/store/group/phys_heavyions/hbossi/mc_productions/QCD-dijet_pThat15-event-weighted_TuneCP5_5p36TeV_pythia8/OO_MC_DijetEmbedded_pThat-15to1200_TuneCP5_5p36TeV_pythia8/260306_002843/0000/HiForestMiniAOD_678.root
Time elapsed: 20349 seconds
File Contains: 111000 entries.
NMiss: 2049571 | NFake: 3352945 | NMatch: 53109850
Processing file 642 of 817: /eos/cms/store/group/phys_heavyions/hbossi/mc_productions/QCD-dijet_pThat15-event-weighted_TuneCP5_5p36TeV_pythia8/OO_MC_DijetEmbedded_pThat-15to1200_TuneCP5_5p36TeV_pythia8/260306_002843/0000/HiForestMiniAOD_679.root
Time elapsed: 20367 seconds
File Contains: 128000 entries.
NMiss: 2052796 | NFake: 3358343 | NMatch: 53195809
Processing file 643 of 817: /eos/cms/store/group/phys_heavyions/hbossi/mc_productions/QCD-dijet_pThat15-event-weighted_TuneCP5_5p36TeV_pythia8/OO_MC_DijetEmbedded_pThat-15to1200_TuneCP5_5p36TeV_pythia8/260306_002843/0000/HiForestMiniAOD_68.root
Time elapsed: 20390 seconds
File Contains: 99000 entries.
NMiss: 2055299 | NFake: 3362642 | NMatch: 53262338
Processing file 644 of 817: /eos/cms/store/group/phys_heavyions/hbossi/mc_productions/QCD-dijet_pThat15-event-weighted_TuneCP5_5p36TeV_pythia8/OO_MC_DijetEmbedded_pThat-15to1200_TuneCP5_5p36TeV_pythia8/260306_002843/0000/HiForestMiniAOD_680.root
Time elapsed: 20421 seconds
File Contains: 122000 entries.
NMiss: 2058453 | NFake: 3368012 | NMatch: 53343790
Processing file 645 of 817: /eos/cms/store/group/phys_heavyions/hbossi/mc_productions/QCD-dijet_pThat15-event-weighted_TuneCP5_5p36TeV_pythia8/OO_MC_DijetEmbedded_pThat-15to1200_TuneCP5_5p36TeV_pythia8/260306_002843/0000/HiForestMiniAOD_681.root
Time elapsed: 20463 seconds
File Contains: 97000 entries.
NMiss: 2060989 | NFake: 3371966 | NMatch: 53409277
Processing file 646 of 817: /eos/cms/store/group/phys_heavyions/hbossi/mc_productions/QCD-dijet_pThat15-event-weighted_TuneCP5_5p36TeV_pythia8/OO_MC_DijetEmbedded_pThat-15to1200_TuneCP5_5p36TeV_pythia8/260306_002843/0000/HiForestMiniAOD_682.root
Time elapsed: 20498 seconds
File Contains: 140000 entries.
NMiss: 2064540 | NFake: 3378069 | NMatch: 53502672
Processing file 647 of 817: /eos/cms/store/group/phys_heavyions/hbossi/mc_productions/QCD-dijet_pThat15-event-weighted_TuneCP5_5p36TeV_pythia8/OO_MC_DijetEmbedded_pThat-15to1200_TuneCP5_5p36TeV_pythia8/260306_002843/0000/HiForestMiniAOD_683.root
Time elapsed: 20519 seconds
File Contains: 118000 entries.
NMiss: 2067665 | NFake: 3383213 | NMatch: 53581347
Processing file 648 of 817: /eos/cms/store/group/phys_heavyions/hbossi/mc_productions/QCD-dijet_pThat15-event-weighted_TuneCP5_5p36TeV_pythia8/OO_MC_DijetEmbedded_pThat-15to1200_TuneCP5_5p36TeV_pythia8/260306_002843/0000/HiForestMiniAOD_684.root
Time elapsed: 20538 seconds
File Contains: 167000 entries.
NMiss: 2072072 | NFake: 3390337 | NMatch: 53693907
Processing file 649 of 817: /eos/cms/store/group/phys_heavyions/hbossi/mc_productions/QCD-dijet_pThat15-event-weighted_TuneCP5_5p36TeV_pythia8/OO_MC_DijetEmbedded_pThat-15to1200_TuneCP5_5p36TeV_pythia8/260306_002843/0000/HiForestMiniAOD_685.root
Time elapsed: 20562 seconds
File Contains: 134000 entries.
NMiss: 2075580 | NFake: 3396089 | NMatch: 53783789
Processing file 650 of 817: /eos/cms/store/group/phys_heavyions/hbossi/mc_productions/QCD-dijet_pThat15-event-weighted_TuneCP5_5p36TeV_pythia8/OO_MC_DijetEmbedded_pThat-15to1200_TuneCP5_5p36TeV_pythia8/260306_002843/0000/HiForestMiniAOD_686.root
Time elapsed: 20584 seconds
File Contains: 144000 entries.
NMiss: 2079363 | NFake: 3402090 | NMatch: 53879697
Processing file 651 of 817: /eos/cms/store/group/phys_heavyions/hbossi/mc_productions/QCD-dijet_pThat15-event-weighted_TuneCP5_5p36TeV_pythia8/OO_MC_DijetEmbedded_pThat-15to1200_TuneCP5_5p36TeV_pythia8/260306_002843/0000/HiForestMiniAOD_687.root
Time elapsed: 20612 seconds
File Contains: 147000 entries.
NMiss: 2083234 | NFake: 3408461 | NMatch: 53977858
Processing file 652 of 817: /eos/cms/store/group/phys_heavyions/hbossi/mc_productions/QCD-dijet_pThat15-event-weighted_TuneCP5_5p36TeV_pythia8/OO_MC_DijetEmbedded_pThat-15to1200_TuneCP5_5p36TeV_pythia8/260306_002843/0000/HiForestMiniAOD_688.root
Time elapsed: 20639 seconds
File Contains: 92000 entries.
NMiss: 2085617 | NFake: 3412444 | NMatch: 54039449
Processing file 653 of 817: /eos/cms/store/group/phys_heavyions/hbossi/mc_productions/QCD-dijet_pThat15-event-weighted_TuneCP5_5p36TeV_pythia8/OO_MC_DijetEmbedded_pThat-15to1200_TuneCP5_5p36TeV_pythia8/260306_002843/0000/HiForestMiniAOD_689.root
Time elapsed: 20662 seconds
File Contains: 122000 entries.
NMiss: 2088813 | NFake: 3417683 | NMatch: 54120707
Processing file 654 of 817: /eos/cms/store/group/phys_heavyions/hbossi/mc_productions/QCD-dijet_pThat15-event-weighted_TuneCP5_5p36TeV_pythia8/OO_MC_DijetEmbedded_pThat-15to1200_TuneCP5_5p36TeV_pythia8/260306_002843/0000/HiForestMiniAOD_69.root
Time elapsed: 20680 seconds
File Contains: 92000 entries.
NMiss: 2091270 | NFake: 3421513 | NMatch: 54182495
Processing file 655 of 817: /eos/cms/store/group/phys_heavyions/hbossi/mc_productions/QCD-dijet_pThat15-event-weighted_TuneCP5_5p36TeV_pythia8/OO_MC_DijetEmbedded_pThat-15to1200_TuneCP5_5p36TeV_pythia8/260306_002843/0000/HiForestMiniAOD_690.root
Time elapsed: 20718 seconds
File Contains: 124000 entries.
NMiss: 2094532 | NFake: 3426703 | NMatch: 54265796
Processing file 656 of 817: /eos/cms/store/group/phys_heavyions/hbossi/mc_productions/QCD-dijet_pThat15-event-weighted_TuneCP5_5p36TeV_pythia8/OO_MC_DijetEmbedded_pThat-15to1200_TuneCP5_5p36TeV_pythia8/260306_002843/0000/HiForestMiniAOD_691.root
Time elapsed: 20742 seconds
File Contains: 141000 entries.
NMiss: 2098050 | NFake: 3432740 | NMatch: 54360475
Processing file 657 of 817: /eos/cms/store/group/phys_heavyions/hbossi/mc_productions/QCD-dijet_pThat15-event-weighted_TuneCP5_5p36TeV_pythia8/OO_MC_DijetEmbedded_pThat-15to1200_TuneCP5_5p36TeV_pythia8/260306_002843/0000/HiForestMiniAOD_692.root
Time elapsed: 20782 seconds
File Contains: 113000 entries.
NMiss: 2100933 | NFake: 3437626 | NMatch: 54436162
Processing file 658 of 817: /eos/cms/store/group/phys_heavyions/hbossi/mc_productions/QCD-dijet_pThat15-event-weighted_TuneCP5_5p36TeV_pythia8/OO_MC_DijetEmbedded_pThat-15to1200_TuneCP5_5p36TeV_pythia8/260306_002843/0000/HiForestMiniAOD_693.root
Time elapsed: 20823 seconds
File Contains: 133000 entries.
NMiss: 2104425 | NFake: 3443245 | NMatch: 54524417
Processing file 659 of 817: /eos/cms/store/group/phys_heavyions/hbossi/mc_productions/QCD-dijet_pThat15-event-weighted_TuneCP5_5p36TeV_pythia8/OO_MC_DijetEmbedded_pThat-15to1200_TuneCP5_5p36TeV_pythia8/260306_002843/0000/HiForestMiniAOD_694.root
Time elapsed: 20848 seconds
File Contains: 138000 entries.
NMiss: 2108007 | NFake: 3449105 | NMatch: 54617295
Processing file 660 of 817: /eos/cms/store/group/phys_heavyions/hbossi/mc_productions/QCD-dijet_pThat15-event-weighted_TuneCP5_5p36TeV_pythia8/OO_MC_DijetEmbedded_pThat-15to1200_TuneCP5_5p36TeV_pythia8/260306_002843/0000/HiForestMiniAOD_695.root
Time elapsed: 20897 seconds
File Contains: 165000 entries.
NMiss: 2112281 | NFake: 3456043 | NMatch: 54728610
Processing file 661 of 817: /eos/cms/store/group/phys_heavyions/hbossi/mc_productions/QCD-dijet_pThat15-event-weighted_TuneCP5_5p36TeV_pythia8/OO_MC_DijetEmbedded_pThat-15to1200_TuneCP5_5p36TeV_pythia8/260306_002843/0000/HiForestMiniAOD_696.root
Time elapsed: 20940 seconds
File Contains: 146000 entries.
NMiss: 2116094 | NFake: 3462068 | NMatch: 54826297
Processing file 662 of 817: /eos/cms/store/group/phys_heavyions/hbossi/mc_productions/QCD-dijet_pThat15-event-weighted_TuneCP5_5p36TeV_pythia8/OO_MC_DijetEmbedded_pThat-15to1200_TuneCP5_5p36TeV_pythia8/260306_002843/0000/HiForestMiniAOD_697.root
Time elapsed: 20966 seconds
File Contains: 124000 entries.
NMiss: 2119326 | NFake: 3467279 | NMatch: 54909591
Processing file 663 of 817: /eos/cms/store/group/phys_heavyions/hbossi/mc_productions/QCD-dijet_pThat15-event-weighted_TuneCP5_5p36TeV_pythia8/OO_MC_DijetEmbedded_pThat-15to1200_TuneCP5_5p36TeV_pythia8/260306_002843/0000/HiForestMiniAOD_698.root
Time elapsed: 20986 seconds
File Contains: 121000 entries.
NMiss: 2122439 | NFake: 3472426 | NMatch: 54991083
Processing file 664 of 817: /eos/cms/store/group/phys_heavyions/hbossi/mc_productions/QCD-dijet_pThat15-event-weighted_TuneCP5_5p36TeV_pythia8/OO_MC_DijetEmbedded_pThat-15to1200_TuneCP5_5p36TeV_pythia8/260306_002843/0000/HiForestMiniAOD_699.root
Time elapsed: 21002 seconds
File Contains: 138000 entries.
NMiss: 2126115 | NFake: 3478314 | NMatch: 55083342
Processing file 665 of 817: /eos/cms/store/group/phys_heavyions/hbossi/mc_productions/QCD-dijet_pThat15-event-weighted_TuneCP5_5p36TeV_pythia8/OO_MC_DijetEmbedded_pThat-15to1200_TuneCP5_5p36TeV_pythia8/260306_002843/0000/HiForestMiniAOD_7.root
Time elapsed: 21026 seconds
File Contains: 126000 entries.
NMiss: 2129386 | NFake: 3483594 | NMatch: 55167458
Processing file 666 of 817: /eos/cms/store/group/phys_heavyions/hbossi/mc_productions/QCD-dijet_pThat15-event-weighted_TuneCP5_5p36TeV_pythia8/OO_MC_DijetEmbedded_pThat-15to1200_TuneCP5_5p36TeV_pythia8/260306_002843/0000/HiForestMiniAOD_70.root
Time elapsed: 21048 seconds
File Contains: 97000 entries.
NMiss: 2131882 | NFake: 3487791 | NMatch: 55232313
Processing file 667 of 817: /eos/cms/store/group/phys_heavyions/hbossi/mc_productions/QCD-dijet_pThat15-event-weighted_TuneCP5_5p36TeV_pythia8/OO_MC_DijetEmbedded_pThat-15to1200_TuneCP5_5p36TeV_pythia8/260306_002843/0000/HiForestMiniAOD_700.root
Time elapsed: 21067 seconds
File Contains: 103000 entries.
NMiss: 2134553 | NFake: 3492117 | NMatch: 55301181
Processing file 668 of 817: /eos/cms/store/group/phys_heavyions/hbossi/mc_productions/QCD-dijet_pThat15-event-weighted_TuneCP5_5p36TeV_pythia8/OO_MC_DijetEmbedded_pThat-15to1200_TuneCP5_5p36TeV_pythia8/260306_002843/0000/HiForestMiniAOD_701.root
Time elapsed: 21111 seconds
File Contains: 100000 entries.
NMiss: 2137154 | NFake: 3496387 | NMatch: 55368328
Processing file 669 of 817: /eos/cms/store/group/phys_heavyions/hbossi/mc_productions/QCD-dijet_pThat15-event-weighted_TuneCP5_5p36TeV_pythia8/OO_MC_DijetEmbedded_pThat-15to1200_TuneCP5_5p36TeV_pythia8/260306_002843/0000/HiForestMiniAOD_702.root
Time elapsed: 21132 seconds
File Contains: 112000 entries.
NMiss: 2140062 | NFake: 3501184 | NMatch: 55443457
Processing file 670 of 817: /eos/cms/store/group/phys_heavyions/hbossi/mc_productions/QCD-dijet_pThat15-event-weighted_TuneCP5_5p36TeV_pythia8/OO_MC_DijetEmbedded_pThat-15to1200_TuneCP5_5p36TeV_pythia8/260306_002843/0000/HiForestMiniAOD_703.root
Time elapsed: 21217 seconds
File Contains: 95000 entries.
NMiss: 2142624 | NFake: 3505052 | NMatch: 55507119
Processing file 671 of 817: /eos/cms/store/group/phys_heavyions/hbossi/mc_productions/QCD-dijet_pThat15-event-weighted_TuneCP5_5p36TeV_pythia8/OO_MC_DijetEmbedded_pThat-15to1200_TuneCP5_5p36TeV_pythia8/260306_002843/0000/HiForestMiniAOD_704.root
Time elapsed: 21235 seconds
File Contains: 139000 entries.
NMiss: 2146239 | NFake: 3510896 | NMatch: 55600657
Processing file 672 of 817: /eos/cms/store/group/phys_heavyions/hbossi/mc_productions/QCD-dijet_pThat15-event-weighted_TuneCP5_5p36TeV_pythia8/OO_MC_DijetEmbedded_pThat-15to1200_TuneCP5_5p36TeV_pythia8/260306_002843/0000/HiForestMiniAOD_705.root
Time elapsed: 21255 seconds
File Contains: 114000 entries.
NMiss: 2149235 | NFake: 3515793 | NMatch: 55677259
Processing file 673 of 817: /eos/cms/store/group/phys_heavyions/hbossi/mc_productions/QCD-dijet_pThat15-event-weighted_TuneCP5_5p36TeV_pythia8/OO_MC_DijetEmbedded_pThat-15to1200_TuneCP5_5p36TeV_pythia8/260306_002843/0000/HiForestMiniAOD_706.root
Time elapsed: 21274 seconds
File Contains: 133000 entries.
NMiss: 2152689 | NFake: 3521458 | NMatch: 55766341
Processing file 674 of 817: /eos/cms/store/group/phys_heavyions/hbossi/mc_productions/QCD-dijet_pThat15-event-weighted_TuneCP5_5p36TeV_pythia8/OO_MC_DijetEmbedded_pThat-15to1200_TuneCP5_5p36TeV_pythia8/260306_002843/0000/HiForestMiniAOD_707.root
Time elapsed: 21309 seconds
File Contains: 111000 entries.
NMiss: 2155625 | NFake: 3526098 | NMatch: 55840794
Processing file 675 of 817: /eos/cms/store/group/phys_heavyions/hbossi/mc_productions/QCD-dijet_pThat15-event-weighted_TuneCP5_5p36TeV_pythia8/OO_MC_DijetEmbedded_pThat-15to1200_TuneCP5_5p36TeV_pythia8/260306_002843/0000/HiForestMiniAOD_708.root
Time elapsed: 21329 seconds
File Contains: 98000 entries.
NMiss: 2158051 | NFake: 3530267 | NMatch: 55906170
Processing file 676 of 817: /eos/cms/store/group/phys_heavyions/hbossi/mc_productions/QCD-dijet_pThat15-event-weighted_TuneCP5_5p36TeV_pythia8/OO_MC_DijetEmbedded_pThat-15to1200_TuneCP5_5p36TeV_pythia8/260306_002843/0000/HiForestMiniAOD_709.root
Time elapsed: 21350 seconds
File Contains: 128000 entries.
NMiss: 2161319 | NFake: 3535568 | NMatch: 55992437
Processing file 677 of 817: /eos/cms/store/group/phys_heavyions/hbossi/mc_productions/QCD-dijet_pThat15-event-weighted_TuneCP5_5p36TeV_pythia8/OO_MC_DijetEmbedded_pThat-15to1200_TuneCP5_5p36TeV_pythia8/260306_002843/0000/HiForestMiniAOD_71.root
Time elapsed: 21376 seconds
File Contains: 104000 entries.
NMiss: 2164095 | NFake: 3539888 | NMatch: 56061958
Processing file 678 of 817: /eos/cms/store/group/phys_heavyions/hbossi/mc_productions/QCD-dijet_pThat15-event-weighted_TuneCP5_5p36TeV_pythia8/OO_MC_DijetEmbedded_pThat-15to1200_TuneCP5_5p36TeV_pythia8/260306_002843/0000/HiForestMiniAOD_710.root
Time elapsed: 21392 seconds
File Contains: 117000 entries.
NMiss: 2167103 | NFake: 3544774 | NMatch: 56140872
Processing file 679 of 817: /eos/cms/store/group/phys_heavyions/hbossi/mc_productions/QCD-dijet_pThat15-event-weighted_TuneCP5_5p36TeV_pythia8/OO_MC_DijetEmbedded_pThat-15to1200_TuneCP5_5p36TeV_pythia8/260306_002843/0000/HiForestMiniAOD_711.root
Time elapsed: 21415 seconds
File Contains: 110000 entries.
NMiss: 2170012 | NFake: 3549415 | NMatch: 56215036
Processing file 680 of 817: /eos/cms/store/group/phys_heavyions/hbossi/mc_productions/QCD-dijet_pThat15-event-weighted_TuneCP5_5p36TeV_pythia8/OO_MC_DijetEmbedded_pThat-15to1200_TuneCP5_5p36TeV_pythia8/260306_002843/0000/HiForestMiniAOD_712.root
Time elapsed: 21451 seconds
File Contains: 90000 entries.
NMiss: 2172403 | NFake: 3553278 | NMatch: 56275531
Processing file 681 of 817: /eos/cms/store/group/phys_heavyions/hbossi/mc_productions/QCD-dijet_pThat15-event-weighted_TuneCP5_5p36TeV_pythia8/OO_MC_DijetEmbedded_pThat-15to1200_TuneCP5_5p36TeV_pythia8/260306_002843/0000/HiForestMiniAOD_713.root
Time elapsed: 21484 seconds
File Contains: 123000 entries.
NMiss: 2175585 | NFake: 3558449 | NMatch: 56358081
Processing file 682 of 817: /eos/cms/store/group/phys_heavyions/hbossi/mc_productions/QCD-dijet_pThat15-event-weighted_TuneCP5_5p36TeV_pythia8/OO_MC_DijetEmbedded_pThat-15to1200_TuneCP5_5p36TeV_pythia8/260306_002843/0000/HiForestMiniAOD_714.root
Time elapsed: 21525 seconds
File Contains: 101000 entries.
NMiss: 2178178 | NFake: 3562702 | NMatch: 56425561
Processing file 683 of 817: /eos/cms/store/group/phys_heavyions/hbossi/mc_productions/QCD-dijet_pThat15-event-weighted_TuneCP5_5p36TeV_pythia8/OO_MC_DijetEmbedded_pThat-15to1200_TuneCP5_5p36TeV_pythia8/260306_002843/0000/HiForestMiniAOD_715.root
Time elapsed: 21557 seconds
File Contains: 129000 entries.
NMiss: 2181577 | NFake: 3568208 | NMatch: 56512232
Processing file 684 of 817: /eos/cms/store/group/phys_heavyions/hbossi/mc_productions/QCD-dijet_pThat15-event-weighted_TuneCP5_5p36TeV_pythia8/OO_MC_DijetEmbedded_pThat-15to1200_TuneCP5_5p36TeV_pythia8/260306_002843/0000/HiForestMiniAOD_716.root
Time elapsed: 21597 seconds
File Contains: 119000 entries.
NMiss: 2184645 | NFake: 3573194 | NMatch: 56592308
Processing file 685 of 817: /eos/cms/store/group/phys_heavyions/hbossi/mc_productions/QCD-dijet_pThat15-event-weighted_TuneCP5_5p36TeV_pythia8/OO_MC_DijetEmbedded_pThat-15to1200_TuneCP5_5p36TeV_pythia8/260306_002843/0000/HiForestMiniAOD_717.root
Time elapsed: 21620 seconds
File Contains: 111000 entries.
NMiss: 2187518 | NFake: 3577915 | NMatch: 56666696
Processing file 686 of 817: /eos/cms/store/group/phys_heavyions/hbossi/mc_productions/QCD-dijet_pThat15-event-weighted_TuneCP5_5p36TeV_pythia8/OO_MC_DijetEmbedded_pThat-15to1200_TuneCP5_5p36TeV_pythia8/260306_002843/0000/HiForestMiniAOD_718.root
Time elapsed: 21639 seconds
File Contains: 105000 entries.
NMiss: 2190247 | NFake: 3582364 | NMatch: 56737156
Processing file 687 of 817: /eos/cms/store/group/phys_heavyions/hbossi/mc_productions/QCD-dijet_pThat15-event-weighted_TuneCP5_5p36TeV_pythia8/OO_MC_DijetEmbedded_pThat-15to1200_TuneCP5_5p36TeV_pythia8/260306_002843/0000/HiForestMiniAOD_719.root
Time elapsed: 21657 seconds
File Contains: 113000 entries.
NMiss: 2193138 | NFake: 3587115 | NMatch: 56812764
Processing file 688 of 817: /eos/cms/store/group/phys_heavyions/hbossi/mc_productions/QCD-dijet_pThat15-event-weighted_TuneCP5_5p36TeV_pythia8/OO_MC_DijetEmbedded_pThat-15to1200_TuneCP5_5p36TeV_pythia8/260306_002843/0000/HiForestMiniAOD_72.root
Time elapsed: 21675 seconds
File Contains: 112000 entries.
NMiss: 2196001 | NFake: 3591789 | NMatch: 56887964
Processing file 689 of 817: /eos/cms/store/group/phys_heavyions/hbossi/mc_productions/QCD-dijet_pThat15-event-weighted_TuneCP5_5p36TeV_pythia8/OO_MC_DijetEmbedded_pThat-15to1200_TuneCP5_5p36TeV_pythia8/260306_002843/0000/HiForestMiniAOD_720.root
Time elapsed: 21698 seconds
File Contains: 102000 entries.
NMiss: 2198666 | NFake: 3596114 | NMatch: 56956421
Processing file 690 of 817: /eos/cms/store/group/phys_heavyions/hbossi/mc_productions/QCD-dijet_pThat15-event-weighted_TuneCP5_5p36TeV_pythia8/OO_MC_DijetEmbedded_pThat-15to1200_TuneCP5_5p36TeV_pythia8/260306_002843/0000/HiForestMiniAOD_721.root
Time elapsed: 21723 seconds
File Contains: 130000 entries.
NMiss: 2202035 | NFake: 3601560 | NMatch: 57043502
Processing file 691 of 817: /eos/cms/store/group/phys_heavyions/hbossi/mc_productions/QCD-dijet_pThat15-event-weighted_TuneCP5_5p36TeV_pythia8/OO_MC_DijetEmbedded_pThat-15to1200_TuneCP5_5p36TeV_pythia8/260306_002843/0000/HiForestMiniAOD_722.root
Time elapsed: 21747 seconds
File Contains: 122000 entries.
NMiss: 2205188 | NFake: 3606663 | NMatch: 57125035
Processing file 692 of 817: /eos/cms/store/group/phys_heavyions/hbossi/mc_productions/QCD-dijet_pThat15-event-weighted_TuneCP5_5p36TeV_pythia8/OO_MC_DijetEmbedded_pThat-15to1200_TuneCP5_5p36TeV_pythia8/260306_002843/0000/HiForestMiniAOD_723.root
Time elapsed: 21777 seconds
File Contains: 164000 entries.
NMiss: 2209511 | NFake: 3613642 | NMatch: 57235036
Processing file 693 of 817: /eos/cms/store/group/phys_heavyions/hbossi/mc_productions/QCD-dijet_pThat15-event-weighted_TuneCP5_5p36TeV_pythia8/OO_MC_DijetEmbedded_pThat-15to1200_TuneCP5_5p36TeV_pythia8/260306_002843/0000/HiForestMiniAOD_724.root
Time elapsed: 21803 seconds
File Contains: 128000 entries.
NMiss: 2212787 | NFake: 3619019 | NMatch: 57320657
Processing file 694 of 817: /eos/cms/store/group/phys_heavyions/hbossi/mc_productions/QCD-dijet_pThat15-event-weighted_TuneCP5_5p36TeV_pythia8/OO_MC_DijetEmbedded_pThat-15to1200_TuneCP5_5p36TeV_pythia8/260306_002843/0000/HiForestMiniAOD_725.root
Time elapsed: 21826 seconds
File Contains: 135000 entries.
NMiss: 2216310 | NFake: 3624724 | NMatch: 57411209
Processing file 695 of 817: /eos/cms/store/group/phys_heavyions/hbossi/mc_productions/QCD-dijet_pThat15-event-weighted_TuneCP5_5p36TeV_pythia8/OO_MC_DijetEmbedded_pThat-15to1200_TuneCP5_5p36TeV_pythia8/260306_002843/0000/HiForestMiniAOD_726.root
Time elapsed: 21857 seconds
File Contains: 134000 entries.
NMiss: 2219759 | NFake: 3630341 | NMatch: 57500975
Processing file 696 of 817: /eos/cms/store/group/phys_heavyions/hbossi/mc_productions/QCD-dijet_pThat15-event-weighted_TuneCP5_5p36TeV_pythia8/OO_MC_DijetEmbedded_pThat-15to1200_TuneCP5_5p36TeV_pythia8/260306_002843/0000/HiForestMiniAOD_727.root
Time elapsed: 21879 seconds
File Contains: 123000 entries.
NMiss: 2222950 | NFake: 3635651 | NMatch: 57583564
Processing file 697 of 817: /eos/cms/store/group/phys_heavyions/hbossi/mc_productions/QCD-dijet_pThat15-event-weighted_TuneCP5_5p36TeV_pythia8/OO_MC_DijetEmbedded_pThat-15to1200_TuneCP5_5p36TeV_pythia8/260306_002843/0000/HiForestMiniAOD_728.root
Time elapsed: 21897 seconds
File Contains: 129000 entries.
NMiss: 2226326 | NFake: 3641022 | NMatch: 57670024
Processing file 698 of 817: /eos/cms/store/group/phys_heavyions/hbossi/mc_productions/QCD-dijet_pThat15-event-weighted_TuneCP5_5p36TeV_pythia8/OO_MC_DijetEmbedded_pThat-15to1200_TuneCP5_5p36TeV_pythia8/260306_002843/0000/HiForestMiniAOD_729.root
Time elapsed: 21920 seconds
File Contains: 165000 entries.
NMiss: 2230674 | NFake: 3647902 | NMatch: 57780453
Processing file 699 of 817: /eos/cms/store/group/phys_heavyions/hbossi/mc_productions/QCD-dijet_pThat15-event-weighted_TuneCP5_5p36TeV_pythia8/OO_MC_DijetEmbedded_pThat-15to1200_TuneCP5_5p36TeV_pythia8/260306_002843/0000/HiForestMiniAOD_73.root
Time elapsed: 21945 seconds
File Contains: 99000 entries.
NMiss: 2233255 | NFake: 3652077 | NMatch: 57846627
Processing file 700 of 817: /eos/cms/store/group/phys_heavyions/hbossi/mc_productions/QCD-dijet_pThat15-event-weighted_TuneCP5_5p36TeV_pythia8/OO_MC_DijetEmbedded_pThat-15to1200_TuneCP5_5p36TeV_pythia8/260306_002843/0000/HiForestMiniAOD_730.root
Time elapsed: 21964 seconds
File Contains: 131000 entries.
NMiss: 2236641 | NFake: 3657510 | NMatch: 57934353
Processing file 701 of 817: /eos/cms/store/group/phys_heavyions/hbossi/mc_productions/QCD-dijet_pThat15-event-weighted_TuneCP5_5p36TeV_pythia8/OO_MC_DijetEmbedded_pThat-15to1200_TuneCP5_5p36TeV_pythia8/260306_002843/0000/HiForestMiniAOD_731.root
Time elapsed: 22006 seconds
File Contains: 69000 entries.
NMiss: 2238411 | NFake: 3660439 | NMatch: 57980513
Processing file 702 of 817: /eos/cms/store/group/phys_heavyions/hbossi/mc_productions/QCD-dijet_pThat15-event-weighted_TuneCP5_5p36TeV_pythia8/OO_MC_DijetEmbedded_pThat-15to1200_TuneCP5_5p36TeV_pythia8/260306_002843/0000/HiForestMiniAOD_732.root
Time elapsed: 22024 seconds
File Contains: 129000 entries.
NMiss: 2241631 | NFake: 3665954 | NMatch: 58066626
Processing file 703 of 817: /eos/cms/store/group/phys_heavyions/hbossi/mc_productions/QCD-dijet_pThat15-event-weighted_TuneCP5_5p36TeV_pythia8/OO_MC_DijetEmbedded_pThat-15to1200_TuneCP5_5p36TeV_pythia8/260306_002843/0000/HiForestMiniAOD_733.root
Time elapsed: 22049 seconds
File Contains: 114000 entries.
NMiss: 2244569 | NFake: 3670772 | NMatch: 58143078
Processing file 704 of 817: /eos/cms/store/group/phys_heavyions/hbossi/mc_productions/QCD-dijet_pThat15-event-weighted_TuneCP5_5p36TeV_pythia8/OO_MC_DijetEmbedded_pThat-15to1200_TuneCP5_5p36TeV_pythia8/260306_002843/0000/HiForestMiniAOD_734.root
Time elapsed: 22075 seconds
File Contains: 87000 entries.
NMiss: 2246819 | NFake: 3674469 | NMatch: 58201634
Processing file 705 of 817: /eos/cms/store/group/phys_heavyions/hbossi/mc_productions/QCD-dijet_pThat15-event-weighted_TuneCP5_5p36TeV_pythia8/OO_MC_DijetEmbedded_pThat-15to1200_TuneCP5_5p36TeV_pythia8/260306_002843/0000/HiForestMiniAOD_735.root
Time elapsed: 22100 seconds
File Contains: 117000 entries.
NMiss: 2249878 | NFake: 3679503 | NMatch: 58279887
Processing file 706 of 817: /eos/cms/store/group/phys_heavyions/hbossi/mc_productions/QCD-dijet_pThat15-event-weighted_TuneCP5_5p36TeV_pythia8/OO_MC_DijetEmbedded_pThat-15to1200_TuneCP5_5p36TeV_pythia8/260306_002843/0000/HiForestMiniAOD_736.root
Time elapsed: 22130 seconds
File Contains: 136000 entries.
NMiss: 2253331 | NFake: 3685284 | NMatch: 58371013
Processing file 707 of 817: /eos/cms/store/group/phys_heavyions/hbossi/mc_productions/QCD-dijet_pThat15-event-weighted_TuneCP5_5p36TeV_pythia8/OO_MC_DijetEmbedded_pThat-15to1200_TuneCP5_5p36TeV_pythia8/260306_002843/0000/HiForestMiniAOD_737.root
Time elapsed: 22153 seconds
File Contains: 100000 entries.
NMiss: 2255941 | NFake: 3689477 | NMatch: 58438113
Processing file 708 of 817: /eos/cms/store/group/phys_heavyions/hbossi/mc_productions/QCD-dijet_pThat15-event-weighted_TuneCP5_5p36TeV_pythia8/OO_MC_DijetEmbedded_pThat-15to1200_TuneCP5_5p36TeV_pythia8/260306_002843/0000/HiForestMiniAOD_738.root
Time elapsed: 22195 seconds
File Contains: 114000 entries.
NMiss: 2258769 | NFake: 3694387 | NMatch: 58514438
Processing file 709 of 817: /eos/cms/store/group/phys_heavyions/hbossi/mc_productions/QCD-dijet_pThat15-event-weighted_TuneCP5_5p36TeV_pythia8/OO_MC_DijetEmbedded_pThat-15to1200_TuneCP5_5p36TeV_pythia8/260306_002843/0000/HiForestMiniAOD_739.root
Time elapsed: 22224 seconds
File Contains: 100000 entries.
NMiss: 2261350 | NFake: 3698522 | NMatch: 58581673
Processing file 710 of 817: /eos/cms/store/group/phys_heavyions/hbossi/mc_productions/QCD-dijet_pThat15-event-weighted_TuneCP5_5p36TeV_pythia8/OO_MC_DijetEmbedded_pThat-15to1200_TuneCP5_5p36TeV_pythia8/260306_002843/0000/HiForestMiniAOD_74.root
Time elapsed: 22247 seconds
File Contains: 116000 entries.
NMiss: 2264318 | NFake: 3703503 | NMatch: 58659791
Processing file 711 of 817: /eos/cms/store/group/phys_heavyions/hbossi/mc_productions/QCD-dijet_pThat15-event-weighted_TuneCP5_5p36TeV_pythia8/OO_MC_DijetEmbedded_pThat-15to1200_TuneCP5_5p36TeV_pythia8/260306_002843/0000/HiForestMiniAOD_740.root
Time elapsed: 22268 seconds
File Contains: 110000 entries.
NMiss: 2267142 | NFake: 3708238 | NMatch: 58733594
Processing file 712 of 817: /eos/cms/store/group/phys_heavyions/hbossi/mc_productions/QCD-dijet_pThat15-event-weighted_TuneCP5_5p36TeV_pythia8/OO_MC_DijetEmbedded_pThat-15to1200_TuneCP5_5p36TeV_pythia8/260306_002843/0000/HiForestMiniAOD_741.root
Time elapsed: 22295 seconds
File Contains: 109000 entries.
NMiss: 2269966 | NFake: 3712811 | NMatch: 58806830
Processing file 713 of 817: /eos/cms/store/group/phys_heavyions/hbossi/mc_productions/QCD-dijet_pThat15-event-weighted_TuneCP5_5p36TeV_pythia8/OO_MC_DijetEmbedded_pThat-15to1200_TuneCP5_5p36TeV_pythia8/260306_002843/0000/HiForestMiniAOD_742.root
Time elapsed: 22319 seconds
File Contains: 133000 entries.
NMiss: 2273361 | NFake: 3718488 | NMatch: 58895574
Processing file 714 of 817: /eos/cms/store/group/phys_heavyions/hbossi/mc_productions/QCD-dijet_pThat15-event-weighted_TuneCP5_5p36TeV_pythia8/OO_MC_DijetEmbedded_pThat-15to1200_TuneCP5_5p36TeV_pythia8/260306_002843/0000/HiForestMiniAOD_743.root
Time elapsed: 22346 seconds
File Contains: 118000 entries.
NMiss: 2276399 | NFake: 3723579 | NMatch: 58974943
Processing file 715 of 817: /eos/cms/store/group/phys_heavyions/hbossi/mc_productions/QCD-dijet_pThat15-event-weighted_TuneCP5_5p36TeV_pythia8/OO_MC_DijetEmbedded_pThat-15to1200_TuneCP5_5p36TeV_pythia8/260306_002843/0000/HiForestMiniAOD_744.root
Time elapsed: 22365 seconds
File Contains: 114000 entries.
NMiss: 2279372 | NFake: 3728320 | NMatch: 59051192
Processing file 716 of 817: /eos/cms/store/group/phys_heavyions/hbossi/mc_productions/QCD-dijet_pThat15-event-weighted_TuneCP5_5p36TeV_pythia8/OO_MC_DijetEmbedded_pThat-15to1200_TuneCP5_5p36TeV_pythia8/260306_002843/0000/HiForestMiniAOD_745.root
Time elapsed: 22399 seconds
File Contains: 123000 entries.
NMiss: 2282614 | NFake: 3733325 | NMatch: 59133905
Processing file 717 of 817: /eos/cms/store/group/phys_heavyions/hbossi/mc_productions/QCD-dijet_pThat15-event-weighted_TuneCP5_5p36TeV_pythia8/OO_MC_DijetEmbedded_pThat-15to1200_TuneCP5_5p36TeV_pythia8/260306_002843/0000/HiForestMiniAOD_746.root
Time elapsed: 22421 seconds
File Contains: 119000 entries.
NMiss: 2285764 | NFake: 3738362 | NMatch: 59213935
Processing file 718 of 817: /eos/cms/store/group/phys_heavyions/hbossi/mc_productions/QCD-dijet_pThat15-event-weighted_TuneCP5_5p36TeV_pythia8/OO_MC_DijetEmbedded_pThat-15to1200_TuneCP5_5p36TeV_pythia8/260306_002843/0000/HiForestMiniAOD_747.root
Time elapsed: 22450 seconds
File Contains: 101000 entries.
NMiss: 2288406 | NFake: 3742538 | NMatch: 59282304
Processing file 719 of 817: /eos/cms/store/group/phys_heavyions/hbossi/mc_productions/QCD-dijet_pThat15-event-weighted_TuneCP5_5p36TeV_pythia8/OO_MC_DijetEmbedded_pThat-15to1200_TuneCP5_5p36TeV_pythia8/260306_002843/0000/HiForestMiniAOD_748.root
Time elapsed: 22473 seconds
File Contains: 112000 entries.
NMiss: 2291341 | NFake: 3747149 | NMatch: 59357623
Processing file 720 of 817: /eos/cms/store/group/phys_heavyions/hbossi/mc_productions/QCD-dijet_pThat15-event-weighted_TuneCP5_5p36TeV_pythia8/OO_MC_DijetEmbedded_pThat-15to1200_TuneCP5_5p36TeV_pythia8/260306_002843/0000/HiForestMiniAOD_749.root
Time elapsed: 22495 seconds
File Contains: 100000 entries.
NMiss: 2293857 | NFake: 3751373 | NMatch: 59424881
Processing file 721 of 817: /eos/cms/store/group/phys_heavyions/hbossi/mc_productions/QCD-dijet_pThat15-event-weighted_TuneCP5_5p36TeV_pythia8/OO_MC_DijetEmbedded_pThat-15to1200_TuneCP5_5p36TeV_pythia8/260306_002843/0000/HiForestMiniAOD_75.root
Time elapsed: 22521 seconds
File Contains: 131000 entries.
NMiss: 2297356 | NFake: 3756937 | NMatch: 59512417
Processing file 722 of 817: /eos/cms/store/group/phys_heavyions/hbossi/mc_productions/QCD-dijet_pThat15-event-weighted_TuneCP5_5p36TeV_pythia8/OO_MC_DijetEmbedded_pThat-15to1200_TuneCP5_5p36TeV_pythia8/260306_002843/0000/HiForestMiniAOD_750.root
Time elapsed: 22556 seconds
File Contains: 90000 entries.
NMiss: 2299752 | NFake: 3760784 | NMatch: 59572272
Processing file 723 of 817: /eos/cms/store/group/phys_heavyions/hbossi/mc_productions/QCD-dijet_pThat15-event-weighted_TuneCP5_5p36TeV_pythia8/OO_MC_DijetEmbedded_pThat-15to1200_TuneCP5_5p36TeV_pythia8/260306_002843/0000/HiForestMiniAOD_751.root
Time elapsed: 22576 seconds
File Contains: 119000 entries.
NMiss: 2302801 | NFake: 3765839 | NMatch: 59652101
Processing file 724 of 817: /eos/cms/store/group/phys_heavyions/hbossi/mc_productions/QCD-dijet_pThat15-event-weighted_TuneCP5_5p36TeV_pythia8/OO_MC_DijetEmbedded_pThat-15to1200_TuneCP5_5p36TeV_pythia8/260306_002843/0000/HiForestMiniAOD_752.root
Time elapsed: 22607 seconds
File Contains: 130000 entries.
NMiss: 2306206 | NFake: 3771337 | NMatch: 59739281
Processing file 725 of 817: /eos/cms/store/group/phys_heavyions/hbossi/mc_productions/QCD-dijet_pThat15-event-weighted_TuneCP5_5p36TeV_pythia8/OO_MC_DijetEmbedded_pThat-15to1200_TuneCP5_5p36TeV_pythia8/260306_002843/0000/HiForestMiniAOD_753.root
Time elapsed: 22627 seconds
File Contains: 131000 entries.
NMiss: 2309537 | NFake: 3776835 | NMatch: 59826641
Processing file 726 of 817: /eos/cms/store/group/phys_heavyions/hbossi/mc_productions/QCD-dijet_pThat15-event-weighted_TuneCP5_5p36TeV_pythia8/OO_MC_DijetEmbedded_pThat-15to1200_TuneCP5_5p36TeV_pythia8/260306_002843/0000/HiForestMiniAOD_754.root
Time elapsed: 22653 seconds
File Contains: 101000 entries.
NMiss: 2312214 | NFake: 3781108 | NMatch: 59894036
Processing file 727 of 817: /eos/cms/store/group/phys_heavyions/hbossi/mc_productions/QCD-dijet_pThat15-event-weighted_TuneCP5_5p36TeV_pythia8/OO_MC_DijetEmbedded_pThat-15to1200_TuneCP5_5p36TeV_pythia8/260306_002843/0000/HiForestMiniAOD_755.root
Time elapsed: 22675 seconds
File Contains: 122000 entries.
NMiss: 2315422 | NFake: 3786329 | NMatch: 59975462
Processing file 728 of 817: /eos/cms/store/group/phys_heavyions/hbossi/mc_productions/QCD-dijet_pThat15-event-weighted_TuneCP5_5p36TeV_pythia8/OO_MC_DijetEmbedded_pThat-15to1200_TuneCP5_5p36TeV_pythia8/260306_002843/0000/HiForestMiniAOD_756.root
Time elapsed: 22707 seconds
File Contains: 144000 entries.
NMiss: 2319221 | NFake: 3792414 | NMatch: 60071908
Processing file 729 of 817: /eos/cms/store/group/phys_heavyions/hbossi/mc_productions/QCD-dijet_pThat15-event-weighted_TuneCP5_5p36TeV_pythia8/OO_MC_DijetEmbedded_pThat-15to1200_TuneCP5_5p36TeV_pythia8/260306_002843/0000/HiForestMiniAOD_757.root
Time elapsed: 22743 seconds
File Contains: 107000 entries.
NMiss: 2322022 | NFake: 3796957 | NMatch: 60143623
Processing file 730 of 817: /eos/cms/store/group/phys_heavyions/hbossi/mc_productions/QCD-dijet_pThat15-event-weighted_TuneCP5_5p36TeV_pythia8/OO_MC_DijetEmbedded_pThat-15to1200_TuneCP5_5p36TeV_pythia8/260306_002843/0000/HiForestMiniAOD_758.root
Time elapsed: 22765 seconds
File Contains: 115000 entries.
NMiss: 2325040 | NFake: 3801711 | NMatch: 60220518
Processing file 731 of 817: /eos/cms/store/group/phys_heavyions/hbossi/mc_productions/QCD-dijet_pThat15-event-weighted_TuneCP5_5p36TeV_pythia8/OO_MC_DijetEmbedded_pThat-15to1200_TuneCP5_5p36TeV_pythia8/260306_002843/0000/HiForestMiniAOD_759.root
Time elapsed: 22788 seconds
File Contains: 96000 entries.
NMiss: 2327546 | NFake: 3805762 | NMatch: 60284537
Processing file 732 of 817: /eos/cms/store/group/phys_heavyions/hbossi/mc_productions/QCD-dijet_pThat15-event-weighted_TuneCP5_5p36TeV_pythia8/OO_MC_DijetEmbedded_pThat-15to1200_TuneCP5_5p36TeV_pythia8/260306_002843/0000/HiForestMiniAOD_76.root
Time elapsed: 22808 seconds
File Contains: 125000 entries.
NMiss: 2330818 | NFake: 3811007 | NMatch: 60368157
Processing file 733 of 817: /eos/cms/store/group/phys_heavyions/hbossi/mc_productions/QCD-dijet_pThat15-event-weighted_TuneCP5_5p36TeV_pythia8/OO_MC_DijetEmbedded_pThat-15to1200_TuneCP5_5p36TeV_pythia8/260306_002843/0000/HiForestMiniAOD_760.root
Time elapsed: 22829 seconds
File Contains: 116000 entries.
NMiss: 2333968 | NFake: 3815951 | NMatch: 60445520
Processing file 734 of 817: /eos/cms/store/group/phys_heavyions/hbossi/mc_productions/QCD-dijet_pThat15-event-weighted_TuneCP5_5p36TeV_pythia8/OO_MC_DijetEmbedded_pThat-15to1200_TuneCP5_5p36TeV_pythia8/260306_002843/0000/HiForestMiniAOD_761.root
Time elapsed: 22851 seconds
File Contains: 99000 entries.
NMiss: 2336499 | NFake: 3820030 | NMatch: 60512036
Processing file 735 of 817: /eos/cms/store/group/phys_heavyions/hbossi/mc_productions/QCD-dijet_pThat15-event-weighted_TuneCP5_5p36TeV_pythia8/OO_MC_DijetEmbedded_pThat-15to1200_TuneCP5_5p36TeV_pythia8/260306_002843/0000/HiForestMiniAOD_762.root
Time elapsed: 22873 seconds
File Contains: 110000 entries.
NMiss: 2339307 | NFake: 3824745 | NMatch: 60585897
Processing file 736 of 817: /eos/cms/store/group/phys_heavyions/hbossi/mc_productions/QCD-dijet_pThat15-event-weighted_TuneCP5_5p36TeV_pythia8/OO_MC_DijetEmbedded_pThat-15to1200_TuneCP5_5p36TeV_pythia8/260306_002843/0000/HiForestMiniAOD_763.root
Time elapsed: 22893 seconds
File Contains: 108000 entries.
NMiss: 2342123 | NFake: 3829253 | NMatch: 60658746
Processing file 737 of 817: /eos/cms/store/group/phys_heavyions/hbossi/mc_productions/QCD-dijet_pThat15-event-weighted_TuneCP5_5p36TeV_pythia8/OO_MC_DijetEmbedded_pThat-15to1200_TuneCP5_5p36TeV_pythia8/260306_002843/0000/HiForestMiniAOD_764.root
Time elapsed: 22912 seconds
File Contains: 109000 entries.
NMiss: 2344819 | NFake: 3833860 | NMatch: 60731617
Processing file 738 of 817: /eos/cms/store/group/phys_heavyions/hbossi/mc_productions/QCD-dijet_pThat15-event-weighted_TuneCP5_5p36TeV_pythia8/OO_MC_DijetEmbedded_pThat-15to1200_TuneCP5_5p36TeV_pythia8/260306_002843/0000/HiForestMiniAOD_765.root
Time elapsed: 22966 seconds
File Contains: 114000 entries.
NMiss: 2347871 | NFake: 3838598 | NMatch: 60807835
Processing file 739 of 817: /eos/cms/store/group/phys_heavyions/hbossi/mc_productions/QCD-dijet_pThat15-event-weighted_TuneCP5_5p36TeV_pythia8/OO_MC_DijetEmbedded_pThat-15to1200_TuneCP5_5p36TeV_pythia8/260306_002843/0000/HiForestMiniAOD_766.root
Time elapsed: 22987 seconds
File Contains: 104000 entries.
NMiss: 2350560 | NFake: 3843077 | NMatch: 60877463
Processing file 740 of 817: /eos/cms/store/group/phys_heavyions/hbossi/mc_productions/QCD-dijet_pThat15-event-weighted_TuneCP5_5p36TeV_pythia8/OO_MC_DijetEmbedded_pThat-15to1200_TuneCP5_5p36TeV_pythia8/260306_002843/0000/HiForestMiniAOD_767.root
Time elapsed: 23022 seconds
File Contains: 130000 entries.
NMiss: 2353895 | NFake: 3848538 | NMatch: 60964510
Processing file 741 of 817: /eos/cms/store/group/phys_heavyions/hbossi/mc_productions/QCD-dijet_pThat15-event-weighted_TuneCP5_5p36TeV_pythia8/OO_MC_DijetEmbedded_pThat-15to1200_TuneCP5_5p36TeV_pythia8/260306_002843/0000/HiForestMiniAOD_768.root
Time elapsed: 23049 seconds
File Contains: 84000 entries.
NMiss: 2356042 | NFake: 3852089 | NMatch: 61020655
Processing file 742 of 817: /eos/cms/store/group/phys_heavyions/hbossi/mc_productions/QCD-dijet_pThat15-event-weighted_TuneCP5_5p36TeV_pythia8/OO_MC_DijetEmbedded_pThat-15to1200_TuneCP5_5p36TeV_pythia8/260306_002843/0000/HiForestMiniAOD_769.root
Time elapsed: 23067 seconds
File Contains: 121000 entries.
NMiss: 2359179 | NFake: 3857139 | NMatch: 61101817
Processing file 743 of 817: /eos/cms/store/group/phys_heavyions/hbossi/mc_productions/QCD-dijet_pThat15-event-weighted_TuneCP5_5p36TeV_pythia8/OO_MC_DijetEmbedded_pThat-15to1200_TuneCP5_5p36TeV_pythia8/260306_002843/0000/HiForestMiniAOD_77.root
Time elapsed: 23118 seconds
File Contains: 105000 entries.
NMiss: 2361952 | NFake: 3861529 | NMatch: 61172521
Processing file 744 of 817: /eos/cms/store/group/phys_heavyions/hbossi/mc_productions/QCD-dijet_pThat15-event-weighted_TuneCP5_5p36TeV_pythia8/OO_MC_DijetEmbedded_pThat-15to1200_TuneCP5_5p36TeV_pythia8/260306_002843/0000/HiForestMiniAOD_770.root
Time elapsed: 23143 seconds
File Contains: 103000 entries.
NMiss: 2364664 | NFake: 3865862 | NMatch: 61242039
Processing file 745 of 817: /eos/cms/store/group/phys_heavyions/hbossi/mc_productions/QCD-dijet_pThat15-event-weighted_TuneCP5_5p36TeV_pythia8/OO_MC_DijetEmbedded_pThat-15to1200_TuneCP5_5p36TeV_pythia8/260306_002843/0000/HiForestMiniAOD_771.root
Time elapsed: 23161 seconds
File Contains: 119000 entries.
NMiss: 2367700 | NFake: 3870946 | NMatch: 61321914
Processing file 746 of 817: /eos/cms/store/group/phys_heavyions/hbossi/mc_productions/QCD-dijet_pThat15-event-weighted_TuneCP5_5p36TeV_pythia8/OO_MC_DijetEmbedded_pThat-15to1200_TuneCP5_5p36TeV_pythia8/260306_002843/0000/HiForestMiniAOD_772.root
Time elapsed: 23205 seconds
File Contains: 94000 entries.
NMiss: 2370142 | NFake: 3874950 | NMatch: 61384502
Processing file 747 of 817: /eos/cms/store/group/phys_heavyions/hbossi/mc_productions/QCD-dijet_pThat15-event-weighted_TuneCP5_5p36TeV_pythia8/OO_MC_DijetEmbedded_pThat-15to1200_TuneCP5_5p36TeV_pythia8/260306_002843/0000/HiForestMiniAOD_773.root
Time elapsed: 23229 seconds
File Contains: 108000 entries.
NMiss: 2372879 | NFake: 3879555 | NMatch: 61456932
Processing file 748 of 817: /eos/cms/store/group/phys_heavyions/hbossi/mc_productions/QCD-dijet_pThat15-event-weighted_TuneCP5_5p36TeV_pythia8/OO_MC_DijetEmbedded_pThat-15to1200_TuneCP5_5p36TeV_pythia8/260306_002843/0000/HiForestMiniAOD_774.root
Time elapsed: 23251 seconds
File Contains: 109000 entries.
NMiss: 2375711 | NFake: 3884215 | NMatch: 61530675
Processing file 749 of 817: /eos/cms/store/group/phys_heavyions/hbossi/mc_productions/QCD-dijet_pThat15-event-weighted_TuneCP5_5p36TeV_pythia8/OO_MC_DijetEmbedded_pThat-15to1200_TuneCP5_5p36TeV_pythia8/260306_002843/0000/HiForestMiniAOD_775.root
Time elapsed: 23280 seconds
File Contains: 91000 entries.
NMiss: 2378088 | NFake: 3887977 | NMatch: 61591690
Processing file 750 of 817: /eos/cms/store/group/phys_heavyions/hbossi/mc_productions/QCD-dijet_pThat15-event-weighted_TuneCP5_5p36TeV_pythia8/OO_MC_DijetEmbedded_pThat-15to1200_TuneCP5_5p36TeV_pythia8/260306_002843/0000/HiForestMiniAOD_776.root
Time elapsed: 23326 seconds
File Contains: 138000 entries.
NMiss: 2381543 | NFake: 3893784 | NMatch: 61683752
Processing file 751 of 817: /eos/cms/store/group/phys_heavyions/hbossi/mc_productions/QCD-dijet_pThat15-event-weighted_TuneCP5_5p36TeV_pythia8/OO_MC_DijetEmbedded_pThat-15to1200_TuneCP5_5p36TeV_pythia8/260306_002843/0000/HiForestMiniAOD_777.root
Time elapsed: 23379 seconds
File Contains: 117000 entries.
NMiss: 2384653 | NFake: 3898713 | NMatch: 61762134
Processing file 752 of 817: /eos/cms/store/group/phys_heavyions/hbossi/mc_productions/QCD-dijet_pThat15-event-weighted_TuneCP5_5p36TeV_pythia8/OO_MC_DijetEmbedded_pThat-15to1200_TuneCP5_5p36TeV_pythia8/260306_002843/0000/HiForestMiniAOD_778.root
Time elapsed: 23407 seconds
File Contains: 82000 entries.
NMiss: 2386831 | NFake: 3902266 | NMatch: 61817275
Processing file 753 of 817: /eos/cms/store/group/phys_heavyions/hbossi/mc_productions/QCD-dijet_pThat15-event-weighted_TuneCP5_5p36TeV_pythia8/OO_MC_DijetEmbedded_pThat-15to1200_TuneCP5_5p36TeV_pythia8/260306_002843/0000/HiForestMiniAOD_779.root
Time elapsed: 23428 seconds
File Contains: 125000 entries.
NMiss: 2390152 | NFake: 3907470 | NMatch: 61900985
Processing file 754 of 817: /eos/cms/store/group/phys_heavyions/hbossi/mc_productions/QCD-dijet_pThat15-event-weighted_TuneCP5_5p36TeV_pythia8/OO_MC_DijetEmbedded_pThat-15to1200_TuneCP5_5p36TeV_pythia8/260306_002843/0000/HiForestMiniAOD_78.root
Time elapsed: 23472 seconds
File Contains: 142000 entries.
NMiss: 2393846 | NFake: 3913431 | NMatch: 61996987
Processing file 755 of 817: /eos/cms/store/group/phys_heavyions/hbossi/mc_productions/QCD-dijet_pThat15-event-weighted_TuneCP5_5p36TeV_pythia8/OO_MC_DijetEmbedded_pThat-15to1200_TuneCP5_5p36TeV_pythia8/260306_002843/0000/HiForestMiniAOD_780.root
Time elapsed: 23507 seconds
File Contains: 114000 entries.
NMiss: 2396895 | NFake: 3918356 | NMatch: 62072859
Processing file 756 of 817: /eos/cms/store/group/phys_heavyions/hbossi/mc_productions/QCD-dijet_pThat15-event-weighted_TuneCP5_5p36TeV_pythia8/OO_MC_DijetEmbedded_pThat-15to1200_TuneCP5_5p36TeV_pythia8/260306_002843/0000/HiForestMiniAOD_781.root
Time elapsed: 23544 seconds
File Contains: 150000 entries.
NMiss: 2400685 | NFake: 3924594 | NMatch: 62174105
Processing file 757 of 817: /eos/cms/store/group/phys_heavyions/hbossi/mc_productions/QCD-dijet_pThat15-event-weighted_TuneCP5_5p36TeV_pythia8/OO_MC_DijetEmbedded_pThat-15to1200_TuneCP5_5p36TeV_pythia8/260306_002843/0000/HiForestMiniAOD_782.root
Time elapsed: 23570 seconds
File Contains: 134000 entries.
NMiss: 2404213 | NFake: 3930296 | NMatch: 62263811
Processing file 758 of 817: /eos/cms/store/group/phys_heavyions/hbossi/mc_productions/QCD-dijet_pThat15-event-weighted_TuneCP5_5p36TeV_pythia8/OO_MC_DijetEmbedded_pThat-15to1200_TuneCP5_5p36TeV_pythia8/260306_002843/0000/HiForestMiniAOD_783.root
Time elapsed: 23653 seconds
File Contains: 111000 entries.
NMiss: 2407137 | NFake: 3934953 | NMatch: 62338206
Processing file 759 of 817: /eos/cms/store/group/phys_heavyions/hbossi/mc_productions/QCD-dijet_pThat15-event-weighted_TuneCP5_5p36TeV_pythia8/OO_MC_DijetEmbedded_pThat-15to1200_TuneCP5_5p36TeV_pythia8/260306_002843/0000/HiForestMiniAOD_784.root
Time elapsed: 23683 seconds
File Contains: 96000 entries.
NMiss: 2409675 | NFake: 3939060 | NMatch: 62402497
Processing file 760 of 817: /eos/cms/store/group/phys_heavyions/hbossi/mc_productions/QCD-dijet_pThat15-event-weighted_TuneCP5_5p36TeV_pythia8/OO_MC_DijetEmbedded_pThat-15to1200_TuneCP5_5p36TeV_pythia8/260306_002843/0000/HiForestMiniAOD_785.root
Time elapsed: 23711 seconds
File Contains: 129000 entries.
NMiss: 2413037 | NFake: 3944537 | NMatch: 62488841
Processing file 761 of 817: /eos/cms/store/group/phys_heavyions/hbossi/mc_productions/QCD-dijet_pThat15-event-weighted_TuneCP5_5p36TeV_pythia8/OO_MC_DijetEmbedded_pThat-15to1200_TuneCP5_5p36TeV_pythia8/260306_002843/0000/HiForestMiniAOD_786.root
Time elapsed: 23732 seconds
File Contains: 88000 entries.
NMiss: 2415362 | NFake: 3948197 | NMatch: 62548159
Processing file 762 of 817: /eos/cms/store/group/phys_heavyions/hbossi/mc_productions/QCD-dijet_pThat15-event-weighted_TuneCP5_5p36TeV_pythia8/OO_MC_DijetEmbedded_pThat-15to1200_TuneCP5_5p36TeV_pythia8/260306_002843/0000/HiForestMiniAOD_787.root
Time elapsed: 23773 seconds
File Contains: 114000 entries.
NMiss: 2418353 | NFake: 3953015 | NMatch: 62624648
Processing file 763 of 817: /eos/cms/store/group/phys_heavyions/hbossi/mc_productions/QCD-dijet_pThat15-event-weighted_TuneCP5_5p36TeV_pythia8/OO_MC_DijetEmbedded_pThat-15to1200_TuneCP5_5p36TeV_pythia8/260306_002843/0000/HiForestMiniAOD_788.root
Time elapsed: 23788 seconds
File Contains: 136000 entries.
NMiss: 2421980 | NFake: 3958757 | NMatch: 62715749
Processing file 764 of 817: /eos/cms/store/group/phys_heavyions/hbossi/mc_productions/QCD-dijet_pThat15-event-weighted_TuneCP5_5p36TeV_pythia8/OO_MC_DijetEmbedded_pThat-15to1200_TuneCP5_5p36TeV_pythia8/260306_002843/0000/HiForestMiniAOD_789.root
Time elapsed: 23811 seconds
File Contains: 96000 entries.
NMiss: 2424514 | NFake: 3962738 | NMatch: 62780140
Processing file 765 of 817: /eos/cms/store/group/phys_heavyions/hbossi/mc_productions/QCD-dijet_pThat15-event-weighted_TuneCP5_5p36TeV_pythia8/OO_MC_DijetEmbedded_pThat-15to1200_TuneCP5_5p36TeV_pythia8/260306_002843/0000/HiForestMiniAOD_79.root
Time elapsed: 23832 seconds
File Contains: 130000 entries.
NMiss: 2427879 | NFake: 3968197 | NMatch: 62867714
Processing file 766 of 817: /eos/cms/store/group/phys_heavyions/hbossi/mc_productions/QCD-dijet_pThat15-event-weighted_TuneCP5_5p36TeV_pythia8/OO_MC_DijetEmbedded_pThat-15to1200_TuneCP5_5p36TeV_pythia8/260306_002843/0000/HiForestMiniAOD_790.root
Time elapsed: 23852 seconds
File Contains: 96000 entries.
NMiss: 2430396 | NFake: 3972299 | NMatch: 62932301
Processing file 767 of 817: /eos/cms/store/group/phys_heavyions/hbossi/mc_productions/QCD-dijet_pThat15-event-weighted_TuneCP5_5p36TeV_pythia8/OO_MC_DijetEmbedded_pThat-15to1200_TuneCP5_5p36TeV_pythia8/260306_002843/0000/HiForestMiniAOD_791.root
Time elapsed: 23909 seconds
File Contains: 126000 entries.
NMiss: 2433579 | NFake: 3977802 | NMatch: 63016544
Processing file 768 of 817: /eos/cms/store/group/phys_heavyions/hbossi/mc_productions/QCD-dijet_pThat15-event-weighted_TuneCP5_5p36TeV_pythia8/OO_MC_DijetEmbedded_pThat-15to1200_TuneCP5_5p36TeV_pythia8/260306_002843/0000/HiForestMiniAOD_792.root
Time elapsed: 23944 seconds
File Contains: 128000 entries.
NMiss: 2436932 | NFake: 3983120 | NMatch: 63102296
Processing file 769 of 817: /eos/cms/store/group/phys_heavyions/hbossi/mc_productions/QCD-dijet_pThat15-event-weighted_TuneCP5_5p36TeV_pythia8/OO_MC_DijetEmbedded_pThat-15to1200_TuneCP5_5p36TeV_pythia8/260306_002843/0000/HiForestMiniAOD_793.root
Time elapsed: 23973 seconds
File Contains: 104000 entries.
NMiss: 2439622 | NFake: 3987529 | NMatch: 63172745
Processing file 770 of 817: /eos/cms/store/group/phys_heavyions/hbossi/mc_productions/QCD-dijet_pThat15-event-weighted_TuneCP5_5p36TeV_pythia8/OO_MC_DijetEmbedded_pThat-15to1200_TuneCP5_5p36TeV_pythia8/260306_002843/0000/HiForestMiniAOD_794.root
Time elapsed: 23996 seconds
File Contains: 108000 entries.
NMiss: 2442418 | NFake: 3992182 | NMatch: 63245543
Processing file 771 of 817: /eos/cms/store/group/phys_heavyions/hbossi/mc_productions/QCD-dijet_pThat15-event-weighted_TuneCP5_5p36TeV_pythia8/OO_MC_DijetEmbedded_pThat-15to1200_TuneCP5_5p36TeV_pythia8/260306_002843/0000/HiForestMiniAOD_795.root
Time elapsed: 24009 seconds
File Contains: 122000 entries.
NMiss: 2445622 | NFake: 3997285 | NMatch: 63327378
Processing file 772 of 817: /eos/cms/store/group/phys_heavyions/hbossi/mc_productions/QCD-dijet_pThat15-event-weighted_TuneCP5_5p36TeV_pythia8/OO_MC_DijetEmbedded_pThat-15to1200_TuneCP5_5p36TeV_pythia8/260306_002843/0000/HiForestMiniAOD_796.root
Time elapsed: 24040 seconds
File Contains: 120000 entries.
NMiss: 2448730 | NFake: 4002368 | NMatch: 63407438
Processing file 773 of 817: /eos/cms/store/group/phys_heavyions/hbossi/mc_productions/QCD-dijet_pThat15-event-weighted_TuneCP5_5p36TeV_pythia8/OO_MC_DijetEmbedded_pThat-15to1200_TuneCP5_5p36TeV_pythia8/260306_002843/0000/HiForestMiniAOD_797.root
Time elapsed: 24064 seconds
File Contains: 133000 entries.
NMiss: 2452168 | NFake: 4008008 | NMatch: 63496514
Processing file 774 of 817: /eos/cms/store/group/phys_heavyions/hbossi/mc_productions/QCD-dijet_pThat15-event-weighted_TuneCP5_5p36TeV_pythia8/OO_MC_DijetEmbedded_pThat-15to1200_TuneCP5_5p36TeV_pythia8/260306_002843/0000/HiForestMiniAOD_798.root
Time elapsed: 24102 seconds
File Contains: 127000 entries.
NMiss: 2455325 | NFake: 4013398 | NMatch: 63581317
Processing file 775 of 817: /eos/cms/store/group/phys_heavyions/hbossi/mc_productions/QCD-dijet_pThat15-event-weighted_TuneCP5_5p36TeV_pythia8/OO_MC_DijetEmbedded_pThat-15to1200_TuneCP5_5p36TeV_pythia8/260306_002843/0000/HiForestMiniAOD_799.root
Time elapsed: 24142 seconds
File Contains: 114000 entries.
NMiss: 2458308 | NFake: 4018221 | NMatch: 63658211
Processing file 776 of 817: /eos/cms/store/group/phys_heavyions/hbossi/mc_productions/QCD-dijet_pThat15-event-weighted_TuneCP5_5p36TeV_pythia8/OO_MC_DijetEmbedded_pThat-15to1200_TuneCP5_5p36TeV_pythia8/260306_002843/0000/HiForestMiniAOD_8.root
Time elapsed: 24164 seconds
File Contains: 117000 entries.
NMiss: 2461315 | NFake: 4023088 | NMatch: 63736138
Processing file 777 of 817: /eos/cms/store/group/phys_heavyions/hbossi/mc_productions/QCD-dijet_pThat15-event-weighted_TuneCP5_5p36TeV_pythia8/OO_MC_DijetEmbedded_pThat-15to1200_TuneCP5_5p36TeV_pythia8/260306_002843/0000/HiForestMiniAOD_80.root
Time elapsed: 24191 seconds
File Contains: 119000 entries.
NMiss: 2464339 | NFake: 4028088 | NMatch: 63815400
Processing file 778 of 817: /eos/cms/store/group/phys_heavyions/hbossi/mc_productions/QCD-dijet_pThat15-event-weighted_TuneCP5_5p36TeV_pythia8/OO_MC_DijetEmbedded_pThat-15to1200_TuneCP5_5p36TeV_pythia8/260306_002843/0000/HiForestMiniAOD_800.root
Time elapsed: 24212 seconds
File Contains: 128000 entries.
NMiss: 2467455 | NFake: 4033469 | NMatch: 63900913
Processing file 779 of 817: /eos/cms/store/group/phys_heavyions/hbossi/mc_productions/QCD-dijet_pThat15-event-weighted_TuneCP5_5p36TeV_pythia8/OO_MC_DijetEmbedded_pThat-15to1200_TuneCP5_5p36TeV_pythia8/260306_002843/0000/HiForestMiniAOD_801.root
Time elapsed: 24236 seconds
File Contains: 129000 entries.
NMiss: 2470725 | NFake: 4039094 | NMatch: 63987540
Processing file 780 of 817: /eos/cms/store/group/phys_heavyions/hbossi/mc_productions/QCD-dijet_pThat15-event-weighted_TuneCP5_5p36TeV_pythia8/OO_MC_DijetEmbedded_pThat-15to1200_TuneCP5_5p36TeV_pythia8/260306_002843/0000/HiForestMiniAOD_802.root
Time elapsed: 24278 seconds
File Contains: 86000 entries.
NMiss: 2473020 | NFake: 4042800 | NMatch: 64044769
Processing file 781 of 817: /eos/cms/store/group/phys_heavyions/hbossi/mc_productions/QCD-dijet_pThat15-event-weighted_TuneCP5_5p36TeV_pythia8/OO_MC_DijetEmbedded_pThat-15to1200_TuneCP5_5p36TeV_pythia8/260306_002843/0000/HiForestMiniAOD_803.root
Time elapsed: 24302 seconds
File Contains: 125000 entries.
NMiss: 2476290 | NFake: 4048130 | NMatch: 64128607
Processing file 782 of 817: /eos/cms/store/group/phys_heavyions/hbossi/mc_productions/QCD-dijet_pThat15-event-weighted_TuneCP5_5p36TeV_pythia8/OO_MC_DijetEmbedded_pThat-15to1200_TuneCP5_5p36TeV_pythia8/260306_002843/0000/HiForestMiniAOD_804.root
Time elapsed: 24328 seconds
File Contains: 107000 entries.
NMiss: 2479031 | NFake: 4052675 | NMatch: 64200477
Processing file 783 of 817: /eos/cms/store/group/phys_heavyions/hbossi/mc_productions/QCD-dijet_pThat15-event-weighted_TuneCP5_5p36TeV_pythia8/OO_MC_DijetEmbedded_pThat-15to1200_TuneCP5_5p36TeV_pythia8/260306_002843/0000/HiForestMiniAOD_805.root
Time elapsed: 24352 seconds
File Contains: 146000 entries.
NMiss: 2482819 | NFake: 4059008 | NMatch: 64298388
Processing file 784 of 817: /eos/cms/store/group/phys_heavyions/hbossi/mc_productions/QCD-dijet_pThat15-event-weighted_TuneCP5_5p36TeV_pythia8/OO_MC_DijetEmbedded_pThat-15to1200_TuneCP5_5p36TeV_pythia8/260306_002843/0000/HiForestMiniAOD_806.root
Time elapsed: 24399 seconds
File Contains: 116000 entries.
NMiss: 2485759 | NFake: 4064059 | NMatch: 64376017
Processing file 785 of 817: /eos/cms/store/group/phys_heavyions/hbossi/mc_productions/QCD-dijet_pThat15-event-weighted_TuneCP5_5p36TeV_pythia8/OO_MC_DijetEmbedded_pThat-15to1200_TuneCP5_5p36TeV_pythia8/260306_002843/0000/HiForestMiniAOD_807.root
Time elapsed: 24432 seconds
File Contains: 119000 entries.
NMiss: 2488782 | NFake: 4069049 | NMatch: 64455256
Processing file 786 of 817: /eos/cms/store/group/phys_heavyions/hbossi/mc_productions/QCD-dijet_pThat15-event-weighted_TuneCP5_5p36TeV_pythia8/OO_MC_DijetEmbedded_pThat-15to1200_TuneCP5_5p36TeV_pythia8/260306_002843/0000/HiForestMiniAOD_808.root
Time elapsed: 24458 seconds
File Contains: 131000 entries.
NMiss: 2492140 | NFake: 4074538 | NMatch: 64543452
Processing file 787 of 817: /eos/cms/store/group/phys_heavyions/hbossi/mc_productions/QCD-dijet_pThat15-event-weighted_TuneCP5_5p36TeV_pythia8/OO_MC_DijetEmbedded_pThat-15to1200_TuneCP5_5p36TeV_pythia8/260306_002843/0000/HiForestMiniAOD_809.root
Time elapsed: 24489 seconds
File Contains: 104000 entries.
NMiss: 2494846 | NFake: 4078862 | NMatch: 64612882
Processing file 788 of 817: /eos/cms/store/group/phys_heavyions/hbossi/mc_productions/QCD-dijet_pThat15-event-weighted_TuneCP5_5p36TeV_pythia8/OO_MC_DijetEmbedded_pThat-15to1200_TuneCP5_5p36TeV_pythia8/260306_002843/0000/HiForestMiniAOD_81.root
Time elapsed: 24520 seconds
File Contains: 109000 entries.
NMiss: 2497673 | NFake: 4083495 | NMatch: 64685916
Processing file 789 of 817: /eos/cms/store/group/phys_heavyions/hbossi/mc_productions/QCD-dijet_pThat15-event-weighted_TuneCP5_5p36TeV_pythia8/OO_MC_DijetEmbedded_pThat-15to1200_TuneCP5_5p36TeV_pythia8/260306_002843/0000/HiForestMiniAOD_810.root
Time elapsed: 24556 seconds
File Contains: 118000 entries.
NMiss: 2500709 | NFake: 4088474 | NMatch: 64765017
Processing file 790 of 817: /eos/cms/store/group/phys_heavyions/hbossi/mc_productions/QCD-dijet_pThat15-event-weighted_TuneCP5_5p36TeV_pythia8/OO_MC_DijetEmbedded_pThat-15to1200_TuneCP5_5p36TeV_pythia8/260306_002843/0000/HiForestMiniAOD_811.root
Time elapsed: 24582 seconds
File Contains: 122000 entries.
NMiss: 2503865 | NFake: 4093596 | NMatch: 64846693
Processing file 791 of 817: /eos/cms/store/group/phys_heavyions/hbossi/mc_productions/QCD-dijet_pThat15-event-weighted_TuneCP5_5p36TeV_pythia8/OO_MC_DijetEmbedded_pThat-15to1200_TuneCP5_5p36TeV_pythia8/260306_002843/0000/HiForestMiniAOD_812.root
Time elapsed: 24605 seconds
File Contains: 104000 entries.
NMiss: 2506541 | NFake: 4098008 | NMatch: 64916574
Processing file 792 of 817: /eos/cms/store/group/phys_heavyions/hbossi/mc_productions/QCD-dijet_pThat15-event-weighted_TuneCP5_5p36TeV_pythia8/OO_MC_DijetEmbedded_pThat-15to1200_TuneCP5_5p36TeV_pythia8/260306_002843/0000/HiForestMiniAOD_813.root
Time elapsed: 24623 seconds
File Contains: 114000 entries.
NMiss: 2509464 | NFake: 4102884 | NMatch: 64992597
Processing file 793 of 817: /eos/cms/store/group/phys_heavyions/hbossi/mc_productions/QCD-dijet_pThat15-event-weighted_TuneCP5_5p36TeV_pythia8/OO_MC_DijetEmbedded_pThat-15to1200_TuneCP5_5p36TeV_pythia8/260306_002843/0000/HiForestMiniAOD_814.root
Time elapsed: 24649 seconds
File Contains: 104000 entries.
NMiss: 2512104 | NFake: 4107299 | NMatch: 65062690
Processing file 794 of 817: /eos/cms/store/group/phys_heavyions/hbossi/mc_productions/QCD-dijet_pThat15-event-weighted_TuneCP5_5p36TeV_pythia8/OO_MC_DijetEmbedded_pThat-15to1200_TuneCP5_5p36TeV_pythia8/260306_002843/0000/HiForestMiniAOD_815.root
Time elapsed: 24673 seconds
File Contains: 119000 entries.
NMiss: 2515136 | NFake: 4112299 | NMatch: 65142628
Processing file 795 of 817: /eos/cms/store/group/phys_heavyions/hbossi/mc_productions/QCD-dijet_pThat15-event-weighted_TuneCP5_5p36TeV_pythia8/OO_MC_DijetEmbedded_pThat-15to1200_TuneCP5_5p36TeV_pythia8/260306_002843/0000/HiForestMiniAOD_816.root
Time elapsed: 24697 seconds
File Contains: 109000 entries.
NMiss: 2517905 | NFake: 4116973 | NMatch: 65216163
Processing file 796 of 817: /eos/cms/store/group/phys_heavyions/hbossi/mc_productions/QCD-dijet_pThat15-event-weighted_TuneCP5_5p36TeV_pythia8/OO_MC_DijetEmbedded_pThat-15to1200_TuneCP5_5p36TeV_pythia8/260306_002843/0000/HiForestMiniAOD_817.root
Time elapsed: 24723 seconds
File Contains: 121000 entries.
NMiss: 2521066 | NFake: 4122009 | NMatch: 65297625
Processing file 797 of 817: /eos/cms/store/group/phys_heavyions/hbossi/mc_productions/QCD-dijet_pThat15-event-weighted_TuneCP5_5p36TeV_pythia8/OO_MC_DijetEmbedded_pThat-15to1200_TuneCP5_5p36TeV_pythia8/260306_002843/0000/HiForestMiniAOD_818.root
Time elapsed: 24745 seconds
File Contains: 128000 entries.
NMiss: 2524430 | NFake: 4127537 | NMatch: 65384440
Processing file 798 of 817: /eos/cms/store/group/phys_heavyions/hbossi/mc_productions/QCD-dijet_pThat15-event-weighted_TuneCP5_5p36TeV_pythia8/OO_MC_DijetEmbedded_pThat-15to1200_TuneCP5_5p36TeV_pythia8/260306_002843/0000/HiForestMiniAOD_819.root
Time elapsed: 24779 seconds
File Contains: 47000 entries.
NMiss: 2525594 | NFake: 4129521 | NMatch: 65415756
Processing file 799 of 817: /eos/cms/store/group/phys_heavyions/hbossi/mc_productions/QCD-dijet_pThat15-event-weighted_TuneCP5_5p36TeV_pythia8/OO_MC_DijetEmbedded_pThat-15to1200_TuneCP5_5p36TeV_pythia8/260306_002843/0000/HiForestMiniAOD_82.root
Time elapsed: 24793 seconds
File Contains: 98000 entries.
NMiss: 2528196 | NFake: 4133660 | NMatch: 65481426
Processing file 800 of 817: /eos/cms/store/group/phys_heavyions/hbossi/mc_productions/QCD-dijet_pThat15-event-weighted_TuneCP5_5p36TeV_pythia8/OO_MC_DijetEmbedded_pThat-15to1200_TuneCP5_5p36TeV_pythia8/260306_002843/0000/HiForestMiniAOD_83.root
Time elapsed: 24811 seconds
File Contains: 146000 entries.
NMiss: 2531832 | NFake: 4139779 | NMatch: 65579455
Processing file 801 of 817: /eos/cms/store/group/phys_heavyions/hbossi/mc_productions/QCD-dijet_pThat15-event-weighted_TuneCP5_5p36TeV_pythia8/OO_MC_DijetEmbedded_pThat-15to1200_TuneCP5_5p36TeV_pythia8/260306_002843/0000/HiForestMiniAOD_84.root
Time elapsed: 24834 seconds
File Contains: 109000 entries.
NMiss: 2534603 | NFake: 4144341 | NMatch: 65652778
Processing file 802 of 817: /eos/cms/store/group/phys_heavyions/hbossi/mc_productions/QCD-dijet_pThat15-event-weighted_TuneCP5_5p36TeV_pythia8/OO_MC_DijetEmbedded_pThat-15to1200_TuneCP5_5p36TeV_pythia8/260306_002843/0000/HiForestMiniAOD_85.root
Time elapsed: 24851 seconds
File Contains: 94000 entries.
NMiss: 2537030 | NFake: 4148321 | NMatch: 65715914
Processing file 803 of 817: /eos/cms/store/group/phys_heavyions/hbossi/mc_productions/QCD-dijet_pThat15-event-weighted_TuneCP5_5p36TeV_pythia8/OO_MC_DijetEmbedded_pThat-15to1200_TuneCP5_5p36TeV_pythia8/260306_002843/0000/HiForestMiniAOD_86.root
Time elapsed: 24872 seconds
File Contains: 125000 entries.
NMiss: 2540305 | NFake: 4153468 | NMatch: 65799405
Processing file 804 of 817: /eos/cms/store/group/phys_heavyions/hbossi/mc_productions/QCD-dijet_pThat15-event-weighted_TuneCP5_5p36TeV_pythia8/OO_MC_DijetEmbedded_pThat-15to1200_TuneCP5_5p36TeV_pythia8/260306_002843/0000/HiForestMiniAOD_87.root
Time elapsed: 24893 seconds
File Contains: 157000 entries.
NMiss: 2544312 | NFake: 4160022 | NMatch: 65904434
Processing file 805 of 817: /eos/cms/store/group/phys_heavyions/hbossi/mc_productions/QCD-dijet_pThat15-event-weighted_TuneCP5_5p36TeV_pythia8/OO_MC_DijetEmbedded_pThat-15to1200_TuneCP5_5p36TeV_pythia8/260306_002843/0000/HiForestMiniAOD_88.root
Time elapsed: 24920 seconds
File Contains: 126000 entries.
NMiss: 2547563 | NFake: 4165392 | NMatch: 65988920
Processing file 806 of 817: /eos/cms/store/group/phys_heavyions/hbossi/mc_productions/QCD-dijet_pThat15-event-weighted_TuneCP5_5p36TeV_pythia8/OO_MC_DijetEmbedded_pThat-15to1200_TuneCP5_5p36TeV_pythia8/260306_002843/0000/HiForestMiniAOD_89.root
Time elapsed: 24942 seconds
File Contains: 89000 entries.
NMiss: 2549975 | NFake: 4169044 | NMatch: 66048840
Processing file 807 of 817: /eos/cms/store/group/phys_heavyions/hbossi/mc_productions/QCD-dijet_pThat15-event-weighted_TuneCP5_5p36TeV_pythia8/OO_MC_DijetEmbedded_pThat-15to1200_TuneCP5_5p36TeV_pythia8/260306_002843/0000/HiForestMiniAOD_9.root
Time elapsed: 24969 seconds
File Contains: 91000 entries.
NMiss: 2552234 | NFake: 4172980 | NMatch: 66109825
Processing file 808 of 817: /eos/cms/store/group/phys_heavyions/hbossi/mc_productions/QCD-dijet_pThat15-event-weighted_TuneCP5_5p36TeV_pythia8/OO_MC_DijetEmbedded_pThat-15to1200_TuneCP5_5p36TeV_pythia8/260306_002843/0000/HiForestMiniAOD_90.root
Time elapsed: 25043 seconds
File Contains: 94000 entries.
NMiss: 2554615 | NFake: 4176984 | NMatch: 66173186
Processing file 809 of 817: /eos/cms/store/group/phys_heavyions/hbossi/mc_productions/QCD-dijet_pThat15-event-weighted_TuneCP5_5p36TeV_pythia8/OO_MC_DijetEmbedded_pThat-15to1200_TuneCP5_5p36TeV_pythia8/260306_002843/0000/HiForestMiniAOD_91.root
Time elapsed: 25076 seconds
File Contains: 115000 entries.
NMiss: 2557594 | NFake: 4181962 | NMatch: 66250328
Processing file 810 of 817: /eos/cms/store/group/phys_heavyions/hbossi/mc_productions/QCD-dijet_pThat15-event-weighted_TuneCP5_5p36TeV_pythia8/OO_MC_DijetEmbedded_pThat-15to1200_TuneCP5_5p36TeV_pythia8/260306_002843/0000/HiForestMiniAOD_92.root
Time elapsed: 25101 seconds
File Contains: 92000 entries.
NMiss: 2559913 | NFake: 4185967 | NMatch: 66311924
Processing file 811 of 817: /eos/cms/store/group/phys_heavyions/hbossi/mc_productions/QCD-dijet_pThat15-event-weighted_TuneCP5_5p36TeV_pythia8/OO_MC_DijetEmbedded_pThat-15to1200_TuneCP5_5p36TeV_pythia8/260306_002843/0000/HiForestMiniAOD_93.root
Time elapsed: 25121 seconds
File Contains: 119000 entries.
NMiss: 2562953 | NFake: 4191096 | NMatch: 66391538
Processing file 812 of 817: /eos/cms/store/group/phys_heavyions/hbossi/mc_productions/QCD-dijet_pThat15-event-weighted_TuneCP5_5p36TeV_pythia8/OO_MC_DijetEmbedded_pThat-15to1200_TuneCP5_5p36TeV_pythia8/260306_002843/0000/HiForestMiniAOD_94.root
Time elapsed: 25163 seconds
File Contains: 97000 entries.
NMiss: 2565409 | NFake: 4195251 | NMatch: 66456891
Processing file 813 of 817: /eos/cms/store/group/phys_heavyions/hbossi/mc_productions/QCD-dijet_pThat15-event-weighted_TuneCP5_5p36TeV_pythia8/OO_MC_DijetEmbedded_pThat-15to1200_TuneCP5_5p36TeV_pythia8/260306_002843/0000/HiForestMiniAOD_95.root
Time elapsed: 25197 seconds
File Contains: 103000 entries.
NMiss: 2567990 | NFake: 4199620 | NMatch: 66526198
Processing file 814 of 817: /eos/cms/store/group/phys_heavyions/hbossi/mc_productions/QCD-dijet_pThat15-event-weighted_TuneCP5_5p36TeV_pythia8/OO_MC_DijetEmbedded_pThat-15to1200_TuneCP5_5p36TeV_pythia8/260306_002843/0000/HiForestMiniAOD_96.root
Time elapsed: 25264 seconds
File Contains: 110000 entries.
NMiss: 2570790 | NFake: 4204219 | NMatch: 66599833
Processing file 815 of 817: /eos/cms/store/group/phys_heavyions/hbossi/mc_productions/QCD-dijet_pThat15-event-weighted_TuneCP5_5p36TeV_pythia8/OO_MC_DijetEmbedded_pThat-15to1200_TuneCP5_5p36TeV_pythia8/260306_002843/0000/HiForestMiniAOD_97.root
Time elapsed: 25296 seconds
File Contains: 133000 entries.
NMiss: 2574265 | NFake: 4209955 | NMatch: 66688449
Processing file 816 of 817: /eos/cms/store/group/phys_heavyions/hbossi/mc_productions/QCD-dijet_pThat15-event-weighted_TuneCP5_5p36TeV_pythia8/OO_MC_DijetEmbedded_pThat-15to1200_TuneCP5_5p36TeV_pythia8/260306_002843/0000/HiForestMiniAOD_98.root
Time elapsed: 25329 seconds
File Contains: 93000 entries.
NMiss: 2576715 | NFake: 4213782 | NMatch: 66751218
Processing file 817 of 817: /eos/cms/store/group/phys_heavyions/hbossi/mc_productions/QCD-dijet_pThat15-event-weighted_TuneCP5_5p36TeV_pythia8/OO_MC_DijetEmbedded_pThat-15to1200_TuneCP5_5p36TeV_pythia8/260306_002843/0000/HiForestMiniAOD_99.root
Time elapsed: 25349 seconds
File Contains: 138000 entries.
NMiss: 2580264 | NFake: 4219625 | NMatch: 66843732

=== PROCESSING SUMMARY ===
NMatches: 66843732
NMisses: 2580264
NFakes: 4219625
Train Counter: 44830898
Test Counter: 44823312
=======================

=== TIMING SUMMARY ===
Total processing time: 7h 2m 48.90s
Events processed per second: 3931.39 Hz
Average time per event: 0.254363 ms
=======================

=== MEMORY SUMMARY ===
Peak memory usage: 542.238 MB
Memory cleanup completed.
=======================
Cuts applied: L1 MinBias Trigger;Cluster Compatibility Filter;Primary Vertex Filter;HF E_{Max}+ AND HF E_{Max}- > 14;Jet PF CEF < 0.8;Jet PF NEF < 0.8;Jet PF MUF < 0.8;Jet PF CHM > 0;Match iff Reco&Gen pT > 80.0 GeV/c;Jet |eta| < 1.6;
General info: NEntries: 99.7M;Sample: MC;Tag: MC_FullPD_debug;EventsBeforeCuts: 99735000;EventsAfterCuts: 89654210;EventCutEfficiency: 89.89%;TotalJetsProcessed: 382395953;TotalProcessingTime: 7h 2m 48.90s;NMiss: 2580264;NFake: 4219625;NMatch: 66843732;MC: Yes;
Output written to: /home/xirong/JetStudiesOO/LynnsCode/RootFiles/0417HalfHalfDebug2/Response_MC_99.7MEvts_MC_FullPD_debug_20260418.root
