The system clock is currently at Fri Apr 17 16:34:53 2026
Scanning directory: /eos/cms/store/group/phys_heavyions/hbossi/mc_productions/QCD-dijet_pThat15-event-weighted_TuneCP5_5p36TeV_pythia8/OO_MC_DijetEmbedded_pThat-15to1200_TuneCP5_5p36TeV_pythia8/260306_002843/0000 for files matching pattern: *
Found 817 ROOT files matching pattern: /eos/cms/store/group/phys_heavyions/hbossi/mc_productions/QCD-dijet_pThat15-event-weighted_TuneCP5_5p36TeV_pythia8/OO_MC_DijetEmbedded_pThat-15to1200_TuneCP5_5p36TeV_pythia8/260306_002843/0000/*
Number of ROOT files to process: 817
Processing file 1 of 817: /eos/cms/store/group/phys_heavyions/hbossi/mc_productions/QCD-dijet_pThat15-event-weighted_TuneCP5_5p36TeV_pythia8/OO_MC_DijetEmbedded_pThat-15to1200_TuneCP5_5p36TeV_pythia8/260306_002843/0000/HiForestMiniAOD_1.root
Time elapsed: 0 seconds
File Contains: 145000 entries.
NMiss: 5231 | NFake: 17358 | NMatch: 191811
Processing file 2 of 817: /eos/cms/store/group/phys_heavyions/hbossi/mc_productions/QCD-dijet_pThat15-event-weighted_TuneCP5_5p36TeV_pythia8/OO_MC_DijetEmbedded_pThat-15to1200_TuneCP5_5p36TeV_pythia8/260306_002843/0000/HiForestMiniAOD_10.root
Time elapsed: 42 seconds
File Contains: 129000 entries.
NMiss: 9985 | NFake: 32438 | NMatch: 362511
Processing file 3 of 817: /eos/cms/store/group/phys_heavyions/hbossi/mc_productions/QCD-dijet_pThat15-event-weighted_TuneCP5_5p36TeV_pythia8/OO_MC_DijetEmbedded_pThat-15to1200_TuneCP5_5p36TeV_pythia8/260306_002843/0000/HiForestMiniAOD_100.root
Time elapsed: 61 seconds
File Contains: 106000 entries.
NMiss: 13749 | NFake: 45041 | NMatch: 502478
Processing file 4 of 817: /eos/cms/store/group/phys_heavyions/hbossi/mc_productions/QCD-dijet_pThat15-event-weighted_TuneCP5_5p36TeV_pythia8/OO_MC_DijetEmbedded_pThat-15to1200_TuneCP5_5p36TeV_pythia8/260306_002843/0000/HiForestMiniAOD_101.root
Time elapsed: 73 seconds
File Contains: 113000 entries.
NMiss: 17699 | NFake: 58256 | NMatch: 651728
Processing file 5 of 817: /eos/cms/store/group/phys_heavyions/hbossi/mc_productions/QCD-dijet_pThat15-event-weighted_TuneCP5_5p36TeV_pythia8/OO_MC_DijetEmbedded_pThat-15to1200_TuneCP5_5p36TeV_pythia8/260306_002843/0000/HiForestMiniAOD_102.root
Time elapsed: 92 seconds
File Contains: 112000 entries.
NMiss: 21651 | NFake: 71369 | NMatch: 799776
Processing file 6 of 817: /eos/cms/store/group/phys_heavyions/hbossi/mc_productions/QCD-dijet_pThat15-event-weighted_TuneCP5_5p36TeV_pythia8/OO_MC_DijetEmbedded_pThat-15to1200_TuneCP5_5p36TeV_pythia8/260306_002843/0000/HiForestMiniAOD_103.root
Time elapsed: 115 seconds
File Contains: 154000 entries.
NMiss: 27359 | NFake: 89719 | NMatch: 1002449
Processing file 7 of 817: /eos/cms/store/group/phys_heavyions/hbossi/mc_productions/QCD-dijet_pThat15-event-weighted_TuneCP5_5p36TeV_pythia8/OO_MC_DijetEmbedded_pThat-15to1200_TuneCP5_5p36TeV_pythia8/260306_002843/0000/HiForestMiniAOD_104.root
Time elapsed: 146 seconds
File Contains: 92000 entries.
NMiss: 30532 | NFake: 100554 | NMatch: 1123879
Processing file 8 of 817: /eos/cms/store/group/phys_heavyions/hbossi/mc_productions/QCD-dijet_pThat15-event-weighted_TuneCP5_5p36TeV_pythia8/OO_MC_DijetEmbedded_pThat-15to1200_TuneCP5_5p36TeV_pythia8/260306_002843/0000/HiForestMiniAOD_105.root
Time elapsed: 157 seconds
File Contains: 136000 entries.
NMiss: 35457 | NFake: 116649 | NMatch: 1303623
Processing file 9 of 817: /eos/cms/store/group/phys_heavyions/hbossi/mc_productions/QCD-dijet_pThat15-event-weighted_TuneCP5_5p36TeV_pythia8/OO_MC_DijetEmbedded_pThat-15to1200_TuneCP5_5p36TeV_pythia8/260306_002843/0000/HiForestMiniAOD_106.root
Time elapsed: 178 seconds
File Contains: 127000 entries.
NMiss: 39949 | NFake: 131612 | NMatch: 1471192
Processing file 10 of 817: /eos/cms/store/group/phys_heavyions/hbossi/mc_productions/QCD-dijet_pThat15-event-weighted_TuneCP5_5p36TeV_pythia8/OO_MC_DijetEmbedded_pThat-15to1200_TuneCP5_5p36TeV_pythia8/260306_002843/0000/HiForestMiniAOD_107.root
Time elapsed: 190 seconds
File Contains: 120000 entries.
NMiss: 44273 | NFake: 145823 | NMatch: 1630288
Processing file 11 of 817: /eos/cms/store/group/phys_heavyions/hbossi/mc_productions/QCD-dijet_pThat15-event-weighted_TuneCP5_5p36TeV_pythia8/OO_MC_DijetEmbedded_pThat-15to1200_TuneCP5_5p36TeV_pythia8/260306_002843/0000/HiForestMiniAOD_108.root
Time elapsed: 206 seconds
File Contains: 119000 entries.
NMiss: 48470 | NFake: 159939 | NMatch: 1787088
Processing file 12 of 817: /eos/cms/store/group/phys_heavyions/hbossi/mc_productions/QCD-dijet_pThat15-event-weighted_TuneCP5_5p36TeV_pythia8/OO_MC_DijetEmbedded_pThat-15to1200_TuneCP5_5p36TeV_pythia8/260306_002843/0000/HiForestMiniAOD_109.root
Time elapsed: 220 seconds
File Contains: 127000 entries.
NMiss: 53094 | NFake: 174981 | NMatch: 1955290
Processing file 13 of 817: /eos/cms/store/group/phys_heavyions/hbossi/mc_productions/QCD-dijet_pThat15-event-weighted_TuneCP5_5p36TeV_pythia8/OO_MC_DijetEmbedded_pThat-15to1200_TuneCP5_5p36TeV_pythia8/260306_002843/0000/HiForestMiniAOD_11.root
Time elapsed: 233 seconds
File Contains: 138000 entries.
NMiss: 58027 | NFake: 191181 | NMatch: 2138427
Processing file 14 of 817: /eos/cms/store/group/phys_heavyions/hbossi/mc_productions/QCD-dijet_pThat15-event-weighted_TuneCP5_5p36TeV_pythia8/OO_MC_DijetEmbedded_pThat-15to1200_TuneCP5_5p36TeV_pythia8/260306_002843/0000/HiForestMiniAOD_110.root
Time elapsed: 253 seconds
File Contains: 167000 entries.
NMiss: 64048 | NFake: 210859 | NMatch: 2358479
Processing file 15 of 817: /eos/cms/store/group/phys_heavyions/hbossi/mc_productions/QCD-dijet_pThat15-event-weighted_TuneCP5_5p36TeV_pythia8/OO_MC_DijetEmbedded_pThat-15to1200_TuneCP5_5p36TeV_pythia8/260306_002843/0000/HiForestMiniAOD_111.root
Time elapsed: 266 seconds
File Contains: 125000 entries.
NMiss: 68427 | NFake: 225413 | NMatch: 2523708
Processing file 16 of 817: /eos/cms/store/group/phys_heavyions/hbossi/mc_productions/QCD-dijet_pThat15-event-weighted_TuneCP5_5p36TeV_pythia8/OO_MC_DijetEmbedded_pThat-15to1200_TuneCP5_5p36TeV_pythia8/260306_002843/0000/HiForestMiniAOD_112.root
Time elapsed: 290 seconds
File Contains: 135000 entries.
NMiss: 73062 | NFake: 241194 | NMatch: 2702275
Processing file 17 of 817: /eos/cms/store/group/phys_heavyions/hbossi/mc_productions/QCD-dijet_pThat15-event-weighted_TuneCP5_5p36TeV_pythia8/OO_MC_DijetEmbedded_pThat-15to1200_TuneCP5_5p36TeV_pythia8/260306_002843/0000/HiForestMiniAOD_113.root
Time elapsed: 308 seconds
File Contains: 96000 entries.
NMiss: 76443 | NFake: 252603 | NMatch: 2828898
Processing file 18 of 817: /eos/cms/store/group/phys_heavyions/hbossi/mc_productions/QCD-dijet_pThat15-event-weighted_TuneCP5_5p36TeV_pythia8/OO_MC_DijetEmbedded_pThat-15to1200_TuneCP5_5p36TeV_pythia8/260306_002843/0000/HiForestMiniAOD_114.root
Time elapsed: 320 seconds
File Contains: 140000 entries.
NMiss: 81521 | NFake: 269348 | NMatch: 3014473
Processing file 19 of 817: /eos/cms/store/group/phys_heavyions/hbossi/mc_productions/QCD-dijet_pThat15-event-weighted_TuneCP5_5p36TeV_pythia8/OO_MC_DijetEmbedded_pThat-15to1200_TuneCP5_5p36TeV_pythia8/260306_002843/0000/HiForestMiniAOD_115.root
Time elapsed: 333 seconds
File Contains: 152000 entries.
NMiss: 87017 | NFake: 287324 | NMatch: 3215408
Processing file 20 of 817: /eos/cms/store/group/phys_heavyions/hbossi/mc_productions/QCD-dijet_pThat15-event-weighted_TuneCP5_5p36TeV_pythia8/OO_MC_DijetEmbedded_pThat-15to1200_TuneCP5_5p36TeV_pythia8/260306_002843/0000/HiForestMiniAOD_116.root
Time elapsed: 359 seconds
File Contains: 123000 entries.
NMiss: 91539 | NFake: 301614 | NMatch: 3378166
Processing file 21 of 817: /eos/cms/store/group/phys_heavyions/hbossi/mc_productions/QCD-dijet_pThat15-event-weighted_TuneCP5_5p36TeV_pythia8/OO_MC_DijetEmbedded_pThat-15to1200_TuneCP5_5p36TeV_pythia8/260306_002843/0000/HiForestMiniAOD_117.root
Time elapsed: 389 seconds
File Contains: 167000 entries.
NMiss: 97629 | NFake: 321401 | NMatch: 3599272
Processing file 22 of 817: /eos/cms/store/group/phys_heavyions/hbossi/mc_productions/QCD-dijet_pThat15-event-weighted_TuneCP5_5p36TeV_pythia8/OO_MC_DijetEmbedded_pThat-15to1200_TuneCP5_5p36TeV_pythia8/260306_002843/0000/HiForestMiniAOD_118.root
Time elapsed: 413 seconds
File Contains: 110000 entries.
NMiss: 101600 | NFake: 334486 | NMatch: 3744902
Processing file 23 of 817: /eos/cms/store/group/phys_heavyions/hbossi/mc_productions/QCD-dijet_pThat15-event-weighted_TuneCP5_5p36TeV_pythia8/OO_MC_DijetEmbedded_pThat-15to1200_TuneCP5_5p36TeV_pythia8/260306_002843/0000/HiForestMiniAOD_119.root
Time elapsed: 436 seconds
File Contains: 131000 entries.
NMiss: 106341 | NFake: 349886 | NMatch: 3917564
Processing file 24 of 817: /eos/cms/store/group/phys_heavyions/hbossi/mc_productions/QCD-dijet_pThat15-event-weighted_TuneCP5_5p36TeV_pythia8/OO_MC_DijetEmbedded_pThat-15to1200_TuneCP5_5p36TeV_pythia8/260306_002843/0000/HiForestMiniAOD_12.root
Time elapsed: 460 seconds
File Contains: 131000 entries.
NMiss: 111031 | NFake: 365398 | NMatch: 4090311
Processing file 25 of 817: /eos/cms/store/group/phys_heavyions/hbossi/mc_productions/QCD-dijet_pThat15-event-weighted_TuneCP5_5p36TeV_pythia8/OO_MC_DijetEmbedded_pThat-15to1200_TuneCP5_5p36TeV_pythia8/260306_002843/0000/HiForestMiniAOD_120.root
Time elapsed: 491 seconds
File Contains: 133000 entries.
NMiss: 115807 | NFake: 380965 | NMatch: 4266053
Processing file 26 of 817: /eos/cms/store/group/phys_heavyions/hbossi/mc_productions/QCD-dijet_pThat15-event-weighted_TuneCP5_5p36TeV_pythia8/OO_MC_DijetEmbedded_pThat-15to1200_TuneCP5_5p36TeV_pythia8/260306_002843/0000/HiForestMiniAOD_121.root
Time elapsed: 523 seconds
File Contains: 146000 entries.
NMiss: 121112 | NFake: 398079 | NMatch: 4458721
Processing file 27 of 817: /eos/cms/store/group/phys_heavyions/hbossi/mc_productions/QCD-dijet_pThat15-event-weighted_TuneCP5_5p36TeV_pythia8/OO_MC_DijetEmbedded_pThat-15to1200_TuneCP5_5p36TeV_pythia8/260306_002843/0000/HiForestMiniAOD_122.root
Time elapsed: 548 seconds
File Contains: 113000 entries.
NMiss: 125223 | NFake: 411530 | NMatch: 4608812
Processing file 28 of 817: /eos/cms/store/group/phys_heavyions/hbossi/mc_productions/QCD-dijet_pThat15-event-weighted_TuneCP5_5p36TeV_pythia8/OO_MC_DijetEmbedded_pThat-15to1200_TuneCP5_5p36TeV_pythia8/260306_002843/0000/HiForestMiniAOD_123.root
Time elapsed: 571 seconds
File Contains: 110000 entries.
NMiss: 129217 | NFake: 424615 | NMatch: 4753526
Processing file 29 of 817: /eos/cms/store/group/phys_heavyions/hbossi/mc_productions/QCD-dijet_pThat15-event-weighted_TuneCP5_5p36TeV_pythia8/OO_MC_DijetEmbedded_pThat-15to1200_TuneCP5_5p36TeV_pythia8/260306_002843/0000/HiForestMiniAOD_124.root
Time elapsed: 590 seconds
File Contains: 137000 entries.
NMiss: 134130 | NFake: 440653 | NMatch: 4935164
Processing file 30 of 817: /eos/cms/store/group/phys_heavyions/hbossi/mc_productions/QCD-dijet_pThat15-event-weighted_TuneCP5_5p36TeV_pythia8/OO_MC_DijetEmbedded_pThat-15to1200_TuneCP5_5p36TeV_pythia8/260306_002843/0000/HiForestMiniAOD_125.root
Time elapsed: 621 seconds
File Contains: 98000 entries.
NMiss: 137607 | NFake: 452168 | NMatch: 5064711
Processing file 31 of 817: /eos/cms/store/group/phys_heavyions/hbossi/mc_productions/QCD-dijet_pThat15-event-weighted_TuneCP5_5p36TeV_pythia8/OO_MC_DijetEmbedded_pThat-15to1200_TuneCP5_5p36TeV_pythia8/260306_002843/0000/HiForestMiniAOD_126.root
Time elapsed: 690 seconds
File Contains: 113000 entries.
NMiss: 141792 | NFake: 465597 | NMatch: 5214007
Processing file 32 of 817: /eos/cms/store/group/phys_heavyions/hbossi/mc_productions/QCD-dijet_pThat15-event-weighted_TuneCP5_5p36TeV_pythia8/OO_MC_DijetEmbedded_pThat-15to1200_TuneCP5_5p36TeV_pythia8/260306_002843/0000/HiForestMiniAOD_127.root
Time elapsed: 713 seconds
File Contains: 107000 entries.
NMiss: 145645 | NFake: 478179 | NMatch: 5355713
Processing file 33 of 817: /eos/cms/store/group/phys_heavyions/hbossi/mc_productions/QCD-dijet_pThat15-event-weighted_TuneCP5_5p36TeV_pythia8/OO_MC_DijetEmbedded_pThat-15to1200_TuneCP5_5p36TeV_pythia8/260306_002843/0000/HiForestMiniAOD_128.root
Time elapsed: 738 seconds
File Contains: 148000 entries.
NMiss: 150933 | NFake: 495736 | NMatch: 5552053
Processing file 34 of 817: /eos/cms/store/group/phys_heavyions/hbossi/mc_productions/QCD-dijet_pThat15-event-weighted_TuneCP5_5p36TeV_pythia8/OO_MC_DijetEmbedded_pThat-15to1200_TuneCP5_5p36TeV_pythia8/260306_002843/0000/HiForestMiniAOD_129.root
Time elapsed: 777 seconds
File Contains: 117000 entries.
NMiss: 155136 | NFake: 509530 | NMatch: 5706936
Processing file 35 of 817: /eos/cms/store/group/phys_heavyions/hbossi/mc_productions/QCD-dijet_pThat15-event-weighted_TuneCP5_5p36TeV_pythia8/OO_MC_DijetEmbedded_pThat-15to1200_TuneCP5_5p36TeV_pythia8/260306_002843/0000/HiForestMiniAOD_130.root
Time elapsed: 804 seconds
File Contains: 139000 entries.
NMiss: 160212 | NFake: 526040 | NMatch: 5890901
Processing file 36 of 817: /eos/cms/store/group/phys_heavyions/hbossi/mc_productions/QCD-dijet_pThat15-event-weighted_TuneCP5_5p36TeV_pythia8/OO_MC_DijetEmbedded_pThat-15to1200_TuneCP5_5p36TeV_pythia8/260306_002843/0000/HiForestMiniAOD_131.root
Time elapsed: 828 seconds
File Contains: 105000 entries.
NMiss: 164158 | NFake: 538422 | NMatch: 6028814
Processing file 37 of 817: /eos/cms/store/group/phys_heavyions/hbossi/mc_productions/QCD-dijet_pThat15-event-weighted_TuneCP5_5p36TeV_pythia8/OO_MC_DijetEmbedded_pThat-15to1200_TuneCP5_5p36TeV_pythia8/260306_002843/0000/HiForestMiniAOD_132.root
Time elapsed: 852 seconds
File Contains: 93000 entries.
NMiss: 167446 | NFake: 549422 | NMatch: 6152105
Processing file 38 of 817: /eos/cms/store/group/phys_heavyions/hbossi/mc_productions/QCD-dijet_pThat15-event-weighted_TuneCP5_5p36TeV_pythia8/OO_MC_DijetEmbedded_pThat-15to1200_TuneCP5_5p36TeV_pythia8/260306_002843/0000/HiForestMiniAOD_133.root
Time elapsed: 873 seconds
File Contains: 109000 entries.
NMiss: 171324 | NFake: 562393 | NMatch: 6296171
Processing file 39 of 817: /eos/cms/store/group/phys_heavyions/hbossi/mc_productions/QCD-dijet_pThat15-event-weighted_TuneCP5_5p36TeV_pythia8/OO_MC_DijetEmbedded_pThat-15to1200_TuneCP5_5p36TeV_pythia8/260306_002843/0000/HiForestMiniAOD_134.root
Time elapsed: 903 seconds
File Contains: 100000 entries.
NMiss: 174914 | NFake: 574326 | NMatch: 6428215
Processing file 40 of 817: /eos/cms/store/group/phys_heavyions/hbossi/mc_productions/QCD-dijet_pThat15-event-weighted_TuneCP5_5p36TeV_pythia8/OO_MC_DijetEmbedded_pThat-15to1200_TuneCP5_5p36TeV_pythia8/260306_002843/0000/HiForestMiniAOD_135.root
Time elapsed: 922 seconds
File Contains: 122000 entries.
NMiss: 179324 | NFake: 588706 | NMatch: 6589916
Processing file 41 of 817: /eos/cms/store/group/phys_heavyions/hbossi/mc_productions/QCD-dijet_pThat15-event-weighted_TuneCP5_5p36TeV_pythia8/OO_MC_DijetEmbedded_pThat-15to1200_TuneCP5_5p36TeV_pythia8/260306_002843/0000/HiForestMiniAOD_136.root
Time elapsed: 945 seconds
File Contains: 166000 entries.
NMiss: 185120 | NFake: 608428 | NMatch: 6809224
Processing file 42 of 817: /eos/cms/store/group/phys_heavyions/hbossi/mc_productions/QCD-dijet_pThat15-event-weighted_TuneCP5_5p36TeV_pythia8/OO_MC_DijetEmbedded_pThat-15to1200_TuneCP5_5p36TeV_pythia8/260306_002843/0000/HiForestMiniAOD_137.root
Time elapsed: 985 seconds
File Contains: 112000 entries.
NMiss: 189198 | NFake: 621792 | NMatch: 6957005
Processing file 43 of 817: /eos/cms/store/group/phys_heavyions/hbossi/mc_productions/QCD-dijet_pThat15-event-weighted_TuneCP5_5p36TeV_pythia8/OO_MC_DijetEmbedded_pThat-15to1200_TuneCP5_5p36TeV_pythia8/260306_002843/0000/HiForestMiniAOD_138.root
Time elapsed: 1009 seconds
File Contains: 100000 entries.
NMiss: 192831 | NFake: 633567 | NMatch: 7089112
Processing file 44 of 817: /eos/cms/store/group/phys_heavyions/hbossi/mc_productions/QCD-dijet_pThat15-event-weighted_TuneCP5_5p36TeV_pythia8/OO_MC_DijetEmbedded_pThat-15to1200_TuneCP5_5p36TeV_pythia8/260306_002843/0000/HiForestMiniAOD_139.root
Time elapsed: 1043 seconds
File Contains: 137000 entries.
NMiss: 197774 | NFake: 649675 | NMatch: 7270401
Processing file 45 of 817: /eos/cms/store/group/phys_heavyions/hbossi/mc_productions/QCD-dijet_pThat15-event-weighted_TuneCP5_5p36TeV_pythia8/OO_MC_DijetEmbedded_pThat-15to1200_TuneCP5_5p36TeV_pythia8/260306_002843/0000/HiForestMiniAOD_14.root
Time elapsed: 1062 seconds
File Contains: 99000 entries.
NMiss: 201400 | NFake: 661338 | NMatch: 7401161
Processing file 46 of 817: /eos/cms/store/group/phys_heavyions/hbossi/mc_productions/QCD-dijet_pThat15-event-weighted_TuneCP5_5p36TeV_pythia8/OO_MC_DijetEmbedded_pThat-15to1200_TuneCP5_5p36TeV_pythia8/260306_002843/0000/HiForestMiniAOD_140.root
Time elapsed: 1089 seconds
File Contains: 143000 entries.
NMiss: 206542 | NFake: 678381 | NMatch: 7589800
Processing file 47 of 817: /eos/cms/store/group/phys_heavyions/hbossi/mc_productions/QCD-dijet_pThat15-event-weighted_TuneCP5_5p36TeV_pythia8/OO_MC_DijetEmbedded_pThat-15to1200_TuneCP5_5p36TeV_pythia8/260306_002843/0000/HiForestMiniAOD_141.root
Time elapsed: 1113 seconds
File Contains: 107000 entries.
NMiss: 210317 | NFake: 691110 | NMatch: 7730794
Processing file 48 of 817: /eos/cms/store/group/phys_heavyions/hbossi/mc_productions/QCD-dijet_pThat15-event-weighted_TuneCP5_5p36TeV_pythia8/OO_MC_DijetEmbedded_pThat-15to1200_TuneCP5_5p36TeV_pythia8/260306_002843/0000/HiForestMiniAOD_142.root
Time elapsed: 1139 seconds
File Contains: 151000 entries.
NMiss: 215822 | NFake: 708987 | NMatch: 7930481
Processing file 49 of 817: /eos/cms/store/group/phys_heavyions/hbossi/mc_productions/QCD-dijet_pThat15-event-weighted_TuneCP5_5p36TeV_pythia8/OO_MC_DijetEmbedded_pThat-15to1200_TuneCP5_5p36TeV_pythia8/260306_002843/0000/HiForestMiniAOD_143.root
Time elapsed: 1162 seconds
File Contains: 91000 entries.
NMiss: 219088 | NFake: 719707 | NMatch: 8051007
Processing file 50 of 817: /eos/cms/store/group/phys_heavyions/hbossi/mc_productions/QCD-dijet_pThat15-event-weighted_TuneCP5_5p36TeV_pythia8/OO_MC_DijetEmbedded_pThat-15to1200_TuneCP5_5p36TeV_pythia8/260306_002843/0000/HiForestMiniAOD_144.root
Time elapsed: 1182 seconds
File Contains: 98000 entries.
NMiss: 222622 | NFake: 731292 | NMatch: 8180075
Processing file 51 of 817: /eos/cms/store/group/phys_heavyions/hbossi/mc_productions/QCD-dijet_pThat15-event-weighted_TuneCP5_5p36TeV_pythia8/OO_MC_DijetEmbedded_pThat-15to1200_TuneCP5_5p36TeV_pythia8/260306_002843/0000/HiForestMiniAOD_145.root
Time elapsed: 1218 seconds
File Contains: 128000 entries.
NMiss: 227348 | NFake: 746527 | NMatch: 8348288
Processing file 52 of 817: /eos/cms/store/group/phys_heavyions/hbossi/mc_productions/QCD-dijet_pThat15-event-weighted_TuneCP5_5p36TeV_pythia8/OO_MC_DijetEmbedded_pThat-15to1200_TuneCP5_5p36TeV_pythia8/260306_002843/0000/HiForestMiniAOD_146.root
Time elapsed: 1239 seconds
File Contains: 126000 entries.
NMiss: 231941 | NFake: 761213 | NMatch: 8513825
Processing file 53 of 817: /eos/cms/store/group/phys_heavyions/hbossi/mc_productions/QCD-dijet_pThat15-event-weighted_TuneCP5_5p36TeV_pythia8/OO_MC_DijetEmbedded_pThat-15to1200_TuneCP5_5p36TeV_pythia8/260306_002843/0000/HiForestMiniAOD_147.root
Time elapsed: 1262 seconds
File Contains: 121000 entries.
NMiss: 236361 | NFake: 775571 | NMatch: 8673519
Processing file 54 of 817: /eos/cms/store/group/phys_heavyions/hbossi/mc_productions/QCD-dijet_pThat15-event-weighted_TuneCP5_5p36TeV_pythia8/OO_MC_DijetEmbedded_pThat-15to1200_TuneCP5_5p36TeV_pythia8/260306_002843/0000/HiForestMiniAOD_148.root
Time elapsed: 1297 seconds
File Contains: 150000 entries.
NMiss: 241858 | NFake: 793473 | NMatch: 8871231
Processing file 55 of 817: /eos/cms/store/group/phys_heavyions/hbossi/mc_productions/QCD-dijet_pThat15-event-weighted_TuneCP5_5p36TeV_pythia8/OO_MC_DijetEmbedded_pThat-15to1200_TuneCP5_5p36TeV_pythia8/260306_002843/0000/HiForestMiniAOD_149.root
Time elapsed: 1319 seconds
File Contains: 133000 entries.
NMiss: 246556 | NFake: 809532 | NMatch: 9046487
Processing file 56 of 817: /eos/cms/store/group/phys_heavyions/hbossi/mc_productions/QCD-dijet_pThat15-event-weighted_TuneCP5_5p36TeV_pythia8/OO_MC_DijetEmbedded_pThat-15to1200_TuneCP5_5p36TeV_pythia8/260306_002843/0000/HiForestMiniAOD_150.root
Time elapsed: 1379 seconds
File Contains: 111000 entries.
NMiss: 250584 | NFake: 822585 | NMatch: 9192963
Processing file 57 of 817: /eos/cms/store/group/phys_heavyions/hbossi/mc_productions/QCD-dijet_pThat15-event-weighted_TuneCP5_5p36TeV_pythia8/OO_MC_DijetEmbedded_pThat-15to1200_TuneCP5_5p36TeV_pythia8/260306_002843/0000/HiForestMiniAOD_151.root
Time elapsed: 1449 seconds
File Contains: 109000 entries.
NMiss: 254490 | NFake: 835109 | NMatch: 9336814
Processing file 58 of 817: /eos/cms/store/group/phys_heavyions/hbossi/mc_productions/QCD-dijet_pThat15-event-weighted_TuneCP5_5p36TeV_pythia8/OO_MC_DijetEmbedded_pThat-15to1200_TuneCP5_5p36TeV_pythia8/260306_002843/0000/HiForestMiniAOD_152.root
Time elapsed: 1468 seconds
File Contains: 95000 entries.
NMiss: 257873 | NFake: 846451 | NMatch: 9462194
Processing file 59 of 817: /eos/cms/store/group/phys_heavyions/hbossi/mc_productions/QCD-dijet_pThat15-event-weighted_TuneCP5_5p36TeV_pythia8/OO_MC_DijetEmbedded_pThat-15to1200_TuneCP5_5p36TeV_pythia8/260306_002843/0000/HiForestMiniAOD_153.root
Time elapsed: 1514 seconds
File Contains: 98000 entries.
NMiss: 261338 | NFake: 857854 | NMatch: 9591481
Processing file 60 of 817: /eos/cms/store/group/phys_heavyions/hbossi/mc_productions/QCD-dijet_pThat15-event-weighted_TuneCP5_5p36TeV_pythia8/OO_MC_DijetEmbedded_pThat-15to1200_TuneCP5_5p36TeV_pythia8/260306_002843/0000/HiForestMiniAOD_154.root
Time elapsed: 1532 seconds
File Contains: 107000 entries.
NMiss: 265208 | NFake: 870488 | NMatch: 9732020
Processing file 61 of 817: /eos/cms/store/group/phys_heavyions/hbossi/mc_productions/QCD-dijet_pThat15-event-weighted_TuneCP5_5p36TeV_pythia8/OO_MC_DijetEmbedded_pThat-15to1200_TuneCP5_5p36TeV_pythia8/260306_002843/0000/HiForestMiniAOD_155.root
Time elapsed: 1557 seconds
File Contains: 92000 entries.
NMiss: 268540 | NFake: 881368 | NMatch: 9853398
Processing file 62 of 817: /eos/cms/store/group/phys_heavyions/hbossi/mc_productions/QCD-dijet_pThat15-event-weighted_TuneCP5_5p36TeV_pythia8/OO_MC_DijetEmbedded_pThat-15to1200_TuneCP5_5p36TeV_pythia8/260306_002843/0000/HiForestMiniAOD_156.root
Time elapsed: 1578 seconds
File Contains: 160000 entries.
NMiss: 274261 | NFake: 900415 | NMatch: 10064839
Processing file 63 of 817: /eos/cms/store/group/phys_heavyions/hbossi/mc_productions/QCD-dijet_pThat15-event-weighted_TuneCP5_5p36TeV_pythia8/OO_MC_DijetEmbedded_pThat-15to1200_TuneCP5_5p36TeV_pythia8/260306_002843/0000/HiForestMiniAOD_157.root
Time elapsed: 1613 seconds
File Contains: 145000 entries.
NMiss: 279377 | NFake: 917503 | NMatch: 10256927
Processing file 64 of 817: /eos/cms/store/group/phys_heavyions/hbossi/mc_productions/QCD-dijet_pThat15-event-weighted_TuneCP5_5p36TeV_pythia8/OO_MC_DijetEmbedded_pThat-15to1200_TuneCP5_5p36TeV_pythia8/260306_002843/0000/HiForestMiniAOD_158.root
Time elapsed: 1644 seconds
File Contains: 129000 entries.
NMiss: 284046 | NFake: 932529 | NMatch: 10427339
Processing file 65 of 817: /eos/cms/store/group/phys_heavyions/hbossi/mc_productions/QCD-dijet_pThat15-event-weighted_TuneCP5_5p36TeV_pythia8/OO_MC_DijetEmbedded_pThat-15to1200_TuneCP5_5p36TeV_pythia8/260306_002843/0000/HiForestMiniAOD_159.root
Time elapsed: 1663 seconds
File Contains: 132000 entries.
NMiss: 288969 | NFake: 948059 | NMatch: 10601588
Processing file 66 of 817: /eos/cms/store/group/phys_heavyions/hbossi/mc_productions/QCD-dijet_pThat15-event-weighted_TuneCP5_5p36TeV_pythia8/OO_MC_DijetEmbedded_pThat-15to1200_TuneCP5_5p36TeV_pythia8/260306_002843/0000/HiForestMiniAOD_16.root
Time elapsed: 1684 seconds
File Contains: 133000 entries.
NMiss: 293831 | NFake: 963766 | NMatch: 10776746
Processing file 67 of 817: /eos/cms/store/group/phys_heavyions/hbossi/mc_productions/QCD-dijet_pThat15-event-weighted_TuneCP5_5p36TeV_pythia8/OO_MC_DijetEmbedded_pThat-15to1200_TuneCP5_5p36TeV_pythia8/260306_002843/0000/HiForestMiniAOD_160.root
Time elapsed: 1704 seconds
File Contains: 108000 entries.
NMiss: 297739 | NFake: 976450 | NMatch: 10918406
Processing file 68 of 817: /eos/cms/store/group/phys_heavyions/hbossi/mc_productions/QCD-dijet_pThat15-event-weighted_TuneCP5_5p36TeV_pythia8/OO_MC_DijetEmbedded_pThat-15to1200_TuneCP5_5p36TeV_pythia8/260306_002843/0000/HiForestMiniAOD_161.root
Time elapsed: 1722 seconds
File Contains: 136000 entries.
NMiss: 302650 | NFake: 992575 | NMatch: 11098698
Processing file 69 of 817: /eos/cms/store/group/phys_heavyions/hbossi/mc_productions/QCD-dijet_pThat15-event-weighted_TuneCP5_5p36TeV_pythia8/OO_MC_DijetEmbedded_pThat-15to1200_TuneCP5_5p36TeV_pythia8/260306_002843/0000/HiForestMiniAOD_162.root
Time elapsed: 1752 seconds
File Contains: 127000 entries.
NMiss: 307280 | NFake: 1007465 | NMatch: 11266712
Processing file 70 of 817: /eos/cms/store/group/phys_heavyions/hbossi/mc_productions/QCD-dijet_pThat15-event-weighted_TuneCP5_5p36TeV_pythia8/OO_MC_DijetEmbedded_pThat-15to1200_TuneCP5_5p36TeV_pythia8/260306_002843/0000/HiForestMiniAOD_163.root
Time elapsed: 1777 seconds
File Contains: 152000 entries.
NMiss: 312718 | NFake: 1025529 | NMatch: 11467859
Processing file 71 of 817: /eos/cms/store/group/phys_heavyions/hbossi/mc_productions/QCD-dijet_pThat15-event-weighted_TuneCP5_5p36TeV_pythia8/OO_MC_DijetEmbedded_pThat-15to1200_TuneCP5_5p36TeV_pythia8/260306_002843/0000/HiForestMiniAOD_164.root
Time elapsed: 1908 seconds
File Contains: 138000 entries.
NMiss: 317722 | NFake: 1041848 | NMatch: 11650743
Processing file 72 of 817: /eos/cms/store/group/phys_heavyions/hbossi/mc_productions/QCD-dijet_pThat15-event-weighted_TuneCP5_5p36TeV_pythia8/OO_MC_DijetEmbedded_pThat-15to1200_TuneCP5_5p36TeV_pythia8/260306_002843/0000/HiForestMiniAOD_165.root
Time elapsed: 1937 seconds
File Contains: 136000 entries.
NMiss: 322527 | NFake: 1057796 | NMatch: 11830120
Processing file 73 of 817: /eos/cms/store/group/phys_heavyions/hbossi/mc_productions/QCD-dijet_pThat15-event-weighted_TuneCP5_5p36TeV_pythia8/OO_MC_DijetEmbedded_pThat-15to1200_TuneCP5_5p36TeV_pythia8/260306_002843/0000/HiForestMiniAOD_166.root
Time elapsed: 1961 seconds
File Contains: 87000 entries.
NMiss: 325623 | NFake: 1068029 | NMatch: 11944961
Processing file 74 of 817: /eos/cms/store/group/phys_heavyions/hbossi/mc_productions/QCD-dijet_pThat15-event-weighted_TuneCP5_5p36TeV_pythia8/OO_MC_DijetEmbedded_pThat-15to1200_TuneCP5_5p36TeV_pythia8/260306_002843/0000/HiForestMiniAOD_167.root
Time elapsed: 1985 seconds
File Contains: 109000 entries.
NMiss: 329554 | NFake: 1081056 | NMatch: 12090024
Processing file 75 of 817: /eos/cms/store/group/phys_heavyions/hbossi/mc_productions/QCD-dijet_pThat15-event-weighted_TuneCP5_5p36TeV_pythia8/OO_MC_DijetEmbedded_pThat-15to1200_TuneCP5_5p36TeV_pythia8/260306_002843/0000/HiForestMiniAOD_168.root
Time elapsed: 2007 seconds
File Contains: 110000 entries.
NMiss: 333428 | NFake: 1094307 | NMatch: 12235382
Processing file 76 of 817: /eos/cms/store/group/phys_heavyions/hbossi/mc_productions/QCD-dijet_pThat15-event-weighted_TuneCP5_5p36TeV_pythia8/OO_MC_DijetEmbedded_pThat-15to1200_TuneCP5_5p36TeV_pythia8/260306_002843/0000/HiForestMiniAOD_169.root
Time elapsed: 2026 seconds
File Contains: 108000 entries.
NMiss: 337268 | NFake: 1107043 | NMatch: 12377830
Processing file 77 of 817: /eos/cms/store/group/phys_heavyions/hbossi/mc_productions/QCD-dijet_pThat15-event-weighted_TuneCP5_5p36TeV_pythia8/OO_MC_DijetEmbedded_pThat-15to1200_TuneCP5_5p36TeV_pythia8/260306_002843/0000/HiForestMiniAOD_17.root
Time elapsed: 2045 seconds
File Contains: 126000 entries.
NMiss: 341709 | NFake: 1121745 | NMatch: 12544177
Processing file 78 of 817: /eos/cms/store/group/phys_heavyions/hbossi/mc_productions/QCD-dijet_pThat15-event-weighted_TuneCP5_5p36TeV_pythia8/OO_MC_DijetEmbedded_pThat-15to1200_TuneCP5_5p36TeV_pythia8/260306_002843/0000/HiForestMiniAOD_170.root
Time elapsed: 2071 seconds
File Contains: 109000 entries.
NMiss: 345653 | NFake: 1134674 | NMatch: 12688017
Processing file 79 of 817: /eos/cms/store/group/phys_heavyions/hbossi/mc_productions/QCD-dijet_pThat15-event-weighted_TuneCP5_5p36TeV_pythia8/OO_MC_DijetEmbedded_pThat-15to1200_TuneCP5_5p36TeV_pythia8/260306_002843/0000/HiForestMiniAOD_171.root
Time elapsed: 2088 seconds
File Contains: 98000 entries.
NMiss: 349154 | NFake: 1146429 | NMatch: 12817243
Processing file 80 of 817: /eos/cms/store/group/phys_heavyions/hbossi/mc_productions/QCD-dijet_pThat15-event-weighted_TuneCP5_5p36TeV_pythia8/OO_MC_DijetEmbedded_pThat-15to1200_TuneCP5_5p36TeV_pythia8/260306_002843/0000/HiForestMiniAOD_172.root
Time elapsed: 2122 seconds
File Contains: 130000 entries.
NMiss: 353768 | NFake: 1161798 | NMatch: 12988858
Processing file 81 of 817: /eos/cms/store/group/phys_heavyions/hbossi/mc_productions/QCD-dijet_pThat15-event-weighted_TuneCP5_5p36TeV_pythia8/OO_MC_DijetEmbedded_pThat-15to1200_TuneCP5_5p36TeV_pythia8/260306_002843/0000/HiForestMiniAOD_173.root
Time elapsed: 2141 seconds
File Contains: 151000 entries.
NMiss: 359127 | NFake: 1179471 | NMatch: 13188754
Processing file 82 of 817: /eos/cms/store/group/phys_heavyions/hbossi/mc_productions/QCD-dijet_pThat15-event-weighted_TuneCP5_5p36TeV_pythia8/OO_MC_DijetEmbedded_pThat-15to1200_TuneCP5_5p36TeV_pythia8/260306_002843/0000/HiForestMiniAOD_174.root
Time elapsed: 2169 seconds
File Contains: 119000 entries.
NMiss: 363304 | NFake: 1193344 | NMatch: 13345519
Processing file 83 of 817: /eos/cms/store/group/phys_heavyions/hbossi/mc_productions/QCD-dijet_pThat15-event-weighted_TuneCP5_5p36TeV_pythia8/OO_MC_DijetEmbedded_pThat-15to1200_TuneCP5_5p36TeV_pythia8/260306_002843/0000/HiForestMiniAOD_175.root
Time elapsed: 2191 seconds
File Contains: 118000 entries.
NMiss: 367600 | NFake: 1207214 | NMatch: 13500989
Processing file 84 of 817: /eos/cms/store/group/phys_heavyions/hbossi/mc_productions/QCD-dijet_pThat15-event-weighted_TuneCP5_5p36TeV_pythia8/OO_MC_DijetEmbedded_pThat-15to1200_TuneCP5_5p36TeV_pythia8/260306_002843/0000/HiForestMiniAOD_176.root
Time elapsed: 2253 seconds
File Contains: 164000 entries.
NMiss: 373433 | NFake: 1226912 | NMatch: 13718701
Processing file 85 of 817: /eos/cms/store/group/phys_heavyions/hbossi/mc_productions/QCD-dijet_pThat15-event-weighted_TuneCP5_5p36TeV_pythia8/OO_MC_DijetEmbedded_pThat-15to1200_TuneCP5_5p36TeV_pythia8/260306_002843/0000/HiForestMiniAOD_177.root
Time elapsed: 2272 seconds
File Contains: 101000 entries.
NMiss: 376984 | NFake: 1238894 | NMatch: 13851361
Processing file 86 of 817: /eos/cms/store/group/phys_heavyions/hbossi/mc_productions/QCD-dijet_pThat15-event-weighted_TuneCP5_5p36TeV_pythia8/OO_MC_DijetEmbedded_pThat-15to1200_TuneCP5_5p36TeV_pythia8/260306_002843/0000/HiForestMiniAOD_178.root
Time elapsed: 2288 seconds
File Contains: 109000 entries.
NMiss: 380836 | NFake: 1251890 | NMatch: 13994822
Processing file 87 of 817: /eos/cms/store/group/phys_heavyions/hbossi/mc_productions/QCD-dijet_pThat15-event-weighted_TuneCP5_5p36TeV_pythia8/OO_MC_DijetEmbedded_pThat-15to1200_TuneCP5_5p36TeV_pythia8/260306_002843/0000/HiForestMiniAOD_179.root
Time elapsed: 2310 seconds
File Contains: 132000 entries.
NMiss: 385606 | NFake: 1267641 | NMatch: 14169659
Processing file 88 of 817: /eos/cms/store/group/phys_heavyions/hbossi/mc_productions/QCD-dijet_pThat15-event-weighted_TuneCP5_5p36TeV_pythia8/OO_MC_DijetEmbedded_pThat-15to1200_TuneCP5_5p36TeV_pythia8/260306_002843/0000/HiForestMiniAOD_18.root
Time elapsed: 2338 seconds
File Contains: 140000 entries.
NMiss: 390702 | NFake: 1284227 | NMatch: 14353772
Processing file 89 of 817: /eos/cms/store/group/phys_heavyions/hbossi/mc_productions/QCD-dijet_pThat15-event-weighted_TuneCP5_5p36TeV_pythia8/OO_MC_DijetEmbedded_pThat-15to1200_TuneCP5_5p36TeV_pythia8/260306_002843/0000/HiForestMiniAOD_180.root
Time elapsed: 2370 seconds
File Contains: 132000 entries.
NMiss: 395396 | NFake: 1299902 | NMatch: 14528362
Processing file 90 of 817: /eos/cms/store/group/phys_heavyions/hbossi/mc_productions/QCD-dijet_pThat15-event-weighted_TuneCP5_5p36TeV_pythia8/OO_MC_DijetEmbedded_pThat-15to1200_TuneCP5_5p36TeV_pythia8/260306_002843/0000/HiForestMiniAOD_181.root
Time elapsed: 2391 seconds
File Contains: 167000 entries.
NMiss: 401435 | NFake: 1319603 | NMatch: 14749225
Processing file 91 of 817: /eos/cms/store/group/phys_heavyions/hbossi/mc_productions/QCD-dijet_pThat15-event-weighted_TuneCP5_5p36TeV_pythia8/OO_MC_DijetEmbedded_pThat-15to1200_TuneCP5_5p36TeV_pythia8/260306_002843/0000/HiForestMiniAOD_182.root
Time elapsed: 2411 seconds
File Contains: 101000 entries.
NMiss: 405062 | NFake: 1331583 | NMatch: 14882781
Processing file 92 of 817: /eos/cms/store/group/phys_heavyions/hbossi/mc_productions/QCD-dijet_pThat15-event-weighted_TuneCP5_5p36TeV_pythia8/OO_MC_DijetEmbedded_pThat-15to1200_TuneCP5_5p36TeV_pythia8/260306_002843/0000/HiForestMiniAOD_183.root
Time elapsed: 2455 seconds
File Contains: 129000 entries.
NMiss: 409585 | NFake: 1346709 | NMatch: 15052785
Processing file 93 of 817: /eos/cms/store/group/phys_heavyions/hbossi/mc_productions/QCD-dijet_pThat15-event-weighted_TuneCP5_5p36TeV_pythia8/OO_MC_DijetEmbedded_pThat-15to1200_TuneCP5_5p36TeV_pythia8/260306_002843/0000/HiForestMiniAOD_184.root
Time elapsed: 2480 seconds
File Contains: 138000 entries.
NMiss: 414513 | NFake: 1362959 | NMatch: 15234966
Processing file 94 of 817: /eos/cms/store/group/phys_heavyions/hbossi/mc_productions/QCD-dijet_pThat15-event-weighted_TuneCP5_5p36TeV_pythia8/OO_MC_DijetEmbedded_pThat-15to1200_TuneCP5_5p36TeV_pythia8/260306_002843/0000/HiForestMiniAOD_185.root
Time elapsed: 2503 seconds
File Contains: 84000 entries.
NMiss: 417636 | NFake: 1373134 | NMatch: 15346418
Processing file 95 of 817: /eos/cms/store/group/phys_heavyions/hbossi/mc_productions/QCD-dijet_pThat15-event-weighted_TuneCP5_5p36TeV_pythia8/OO_MC_DijetEmbedded_pThat-15to1200_TuneCP5_5p36TeV_pythia8/260306_002843/0000/HiForestMiniAOD_186.root
Time elapsed: 2520 seconds
File Contains: 122000 entries.
NMiss: 422026 | NFake: 1387536 | NMatch: 15507547
Processing file 96 of 817: /eos/cms/store/group/phys_heavyions/hbossi/mc_productions/QCD-dijet_pThat15-event-weighted_TuneCP5_5p36TeV_pythia8/OO_MC_DijetEmbedded_pThat-15to1200_TuneCP5_5p36TeV_pythia8/260306_002843/0000/HiForestMiniAOD_187.root
Time elapsed: 2562 seconds
File Contains: 142000 entries.
NMiss: 427203 | NFake: 1404523 | NMatch: 15694763
Processing file 97 of 817: /eos/cms/store/group/phys_heavyions/hbossi/mc_productions/QCD-dijet_pThat15-event-weighted_TuneCP5_5p36TeV_pythia8/OO_MC_DijetEmbedded_pThat-15to1200_TuneCP5_5p36TeV_pythia8/260306_002843/0000/HiForestMiniAOD_188.root
Time elapsed: 2608 seconds
File Contains: 136000 entries.
NMiss: 432081 | NFake: 1420812 | NMatch: 15875017
Processing file 98 of 817: /eos/cms/store/group/phys_heavyions/hbossi/mc_productions/QCD-dijet_pThat15-event-weighted_TuneCP5_5p36TeV_pythia8/OO_MC_DijetEmbedded_pThat-15to1200_TuneCP5_5p36TeV_pythia8/260306_002843/0000/HiForestMiniAOD_189.root
Time elapsed: 2653 seconds
File Contains: 94000 entries.
NMiss: 435423 | NFake: 1432100 | NMatch: 15998778
Processing file 99 of 817: /eos/cms/store/group/phys_heavyions/hbossi/mc_productions/QCD-dijet_pThat15-event-weighted_TuneCP5_5p36TeV_pythia8/OO_MC_DijetEmbedded_pThat-15to1200_TuneCP5_5p36TeV_pythia8/260306_002843/0000/HiForestMiniAOD_19.root
Time elapsed: 2670 seconds
File Contains: 101000 entries.
NMiss: 439011 | NFake: 1444117 | NMatch: 16132493
Processing file 100 of 817: /eos/cms/store/group/phys_heavyions/hbossi/mc_productions/QCD-dijet_pThat15-event-weighted_TuneCP5_5p36TeV_pythia8/OO_MC_DijetEmbedded_pThat-15to1200_TuneCP5_5p36TeV_pythia8/260306_002843/0000/HiForestMiniAOD_190.root
Time elapsed: 2695 seconds
File Contains: 149000 entries.
NMiss: 444352 | NFake: 1461729 | NMatch: 16329936
Processing file 101 of 817: /eos/cms/store/group/phys_heavyions/hbossi/mc_productions/QCD-dijet_pThat15-event-weighted_TuneCP5_5p36TeV_pythia8/OO_MC_DijetEmbedded_pThat-15to1200_TuneCP5_5p36TeV_pythia8/260306_002843/0000/HiForestMiniAOD_191.root
Time elapsed: 2729 seconds
File Contains: 116000 entries.
NMiss: 448632 | NFake: 1475300 | NMatch: 16483153
Processing file 102 of 817: /eos/cms/store/group/phys_heavyions/hbossi/mc_productions/QCD-dijet_pThat15-event-weighted_TuneCP5_5p36TeV_pythia8/OO_MC_DijetEmbedded_pThat-15to1200_TuneCP5_5p36TeV_pythia8/260306_002843/0000/HiForestMiniAOD_192.root
Time elapsed: 2758 seconds
File Contains: 118000 entries.
NMiss: 452889 | NFake: 1489223 | NMatch: 16639039
Processing file 103 of 817: /eos/cms/store/group/phys_heavyions/hbossi/mc_productions/QCD-dijet_pThat15-event-weighted_TuneCP5_5p36TeV_pythia8/OO_MC_DijetEmbedded_pThat-15to1200_TuneCP5_5p36TeV_pythia8/260306_002843/0000/HiForestMiniAOD_193.root
Time elapsed: 2781 seconds
File Contains: 142000 entries.
NMiss: 457879 | NFake: 1506191 | NMatch: 16826347
Processing file 104 of 817: /eos/cms/store/group/phys_heavyions/hbossi/mc_productions/QCD-dijet_pThat15-event-weighted_TuneCP5_5p36TeV_pythia8/OO_MC_DijetEmbedded_pThat-15to1200_TuneCP5_5p36TeV_pythia8/260306_002843/0000/HiForestMiniAOD_194.root
Time elapsed: 2805 seconds
File Contains: 144000 entries.
NMiss: 463056 | NFake: 1523105 | NMatch: 17016040
Processing file 105 of 817: /eos/cms/store/group/phys_heavyions/hbossi/mc_productions/QCD-dijet_pThat15-event-weighted_TuneCP5_5p36TeV_pythia8/OO_MC_DijetEmbedded_pThat-15to1200_TuneCP5_5p36TeV_pythia8/260306_002843/0000/HiForestMiniAOD_195.root
Time elapsed: 2828 seconds
File Contains: 124000 entries.
NMiss: 467536 | NFake: 1537797 | NMatch: 17180067
Processing file 106 of 817: /eos/cms/store/group/phys_heavyions/hbossi/mc_productions/QCD-dijet_pThat15-event-weighted_TuneCP5_5p36TeV_pythia8/OO_MC_DijetEmbedded_pThat-15to1200_TuneCP5_5p36TeV_pythia8/260306_002843/0000/HiForestMiniAOD_196.root
Time elapsed: 2852 seconds
File Contains: 153000 entries.
NMiss: 472927 | NFake: 1555936 | NMatch: 17382440
Processing file 107 of 817: /eos/cms/store/group/phys_heavyions/hbossi/mc_productions/QCD-dijet_pThat15-event-weighted_TuneCP5_5p36TeV_pythia8/OO_MC_DijetEmbedded_pThat-15to1200_TuneCP5_5p36TeV_pythia8/260306_002843/0000/HiForestMiniAOD_197.root
Time elapsed: 2874 seconds
File Contains: 105000 entries.
NMiss: 476683 | NFake: 1568372 | NMatch: 17521425
Processing file 108 of 817: /eos/cms/store/group/phys_heavyions/hbossi/mc_productions/QCD-dijet_pThat15-event-weighted_TuneCP5_5p36TeV_pythia8/OO_MC_DijetEmbedded_pThat-15to1200_TuneCP5_5p36TeV_pythia8/260306_002843/0000/HiForestMiniAOD_198.root
Time elapsed: 2896 seconds
File Contains: 117000 entries.
NMiss: 480926 | NFake: 1582047 | NMatch: 17675812
Processing file 109 of 817: /eos/cms/store/group/phys_heavyions/hbossi/mc_productions/QCD-dijet_pThat15-event-weighted_TuneCP5_5p36TeV_pythia8/OO_MC_DijetEmbedded_pThat-15to1200_TuneCP5_5p36TeV_pythia8/260306_002843/0000/HiForestMiniAOD_199.root
Time elapsed: 2915 seconds
File Contains: 114000 entries.
NMiss: 485008 | NFake: 1595539 | NMatch: 17826165
Processing file 110 of 817: /eos/cms/store/group/phys_heavyions/hbossi/mc_productions/QCD-dijet_pThat15-event-weighted_TuneCP5_5p36TeV_pythia8/OO_MC_DijetEmbedded_pThat-15to1200_TuneCP5_5p36TeV_pythia8/260306_002843/0000/HiForestMiniAOD_2.root
Time elapsed: 2939 seconds
File Contains: 110000 entries.
NMiss: 488971 | NFake: 1608802 | NMatch: 17971797
Processing file 111 of 817: /eos/cms/store/group/phys_heavyions/hbossi/mc_productions/QCD-dijet_pThat15-event-weighted_TuneCP5_5p36TeV_pythia8/OO_MC_DijetEmbedded_pThat-15to1200_TuneCP5_5p36TeV_pythia8/260306_002843/0000/HiForestMiniAOD_20.root
Time elapsed: 2968 seconds
File Contains: 97000 entries.
NMiss: 492473 | NFake: 1620315 | NMatch: 18100011
Processing file 112 of 817: /eos/cms/store/group/phys_heavyions/hbossi/mc_productions/QCD-dijet_pThat15-event-weighted_TuneCP5_5p36TeV_pythia8/OO_MC_DijetEmbedded_pThat-15to1200_TuneCP5_5p36TeV_pythia8/260306_002843/0000/HiForestMiniAOD_200.root
Time elapsed: 2987 seconds
File Contains: 125000 entries.
NMiss: 496897 | NFake: 1635175 | NMatch: 18265117
Processing file 113 of 817: /eos/cms/store/group/phys_heavyions/hbossi/mc_productions/QCD-dijet_pThat15-event-weighted_TuneCP5_5p36TeV_pythia8/OO_MC_DijetEmbedded_pThat-15to1200_TuneCP5_5p36TeV_pythia8/260306_002843/0000/HiForestMiniAOD_201.root
Time elapsed: 3013 seconds
File Contains: 103000 entries.
NMiss: 500572 | NFake: 1647384 | NMatch: 18400634
Processing file 114 of 817: /eos/cms/store/group/phys_heavyions/hbossi/mc_productions/QCD-dijet_pThat15-event-weighted_TuneCP5_5p36TeV_pythia8/OO_MC_DijetEmbedded_pThat-15to1200_TuneCP5_5p36TeV_pythia8/260306_002843/0000/HiForestMiniAOD_202.root
Time elapsed: 3035 seconds
File Contains: 132000 entries.
NMiss: 505310 | NFake: 1662997 | NMatch: 18575320
Processing file 115 of 817: /eos/cms/store/group/phys_heavyions/hbossi/mc_productions/QCD-dijet_pThat15-event-weighted_TuneCP5_5p36TeV_pythia8/OO_MC_DijetEmbedded_pThat-15to1200_TuneCP5_5p36TeV_pythia8/260306_002843/0000/HiForestMiniAOD_203.root
Time elapsed: 3057 seconds
File Contains: 140000 entries.
NMiss: 510337 | NFake: 1679326 | NMatch: 18759941
Processing file 116 of 817: /eos/cms/store/group/phys_heavyions/hbossi/mc_productions/QCD-dijet_pThat15-event-weighted_TuneCP5_5p36TeV_pythia8/OO_MC_DijetEmbedded_pThat-15to1200_TuneCP5_5p36TeV_pythia8/260306_002843/0000/HiForestMiniAOD_204.root
Time elapsed: 3082 seconds
File Contains: 135000 entries.
NMiss: 515139 | NFake: 1695218 | NMatch: 18937002
Processing file 117 of 817: /eos/cms/store/group/phys_heavyions/hbossi/mc_productions/QCD-dijet_pThat15-event-weighted_TuneCP5_5p36TeV_pythia8/OO_MC_DijetEmbedded_pThat-15to1200_TuneCP5_5p36TeV_pythia8/260306_002843/0000/HiForestMiniAOD_205.root
Time elapsed: 3104 seconds
File Contains: 142000 entries.
NMiss: 520278 | NFake: 1712266 | NMatch: 19124236
Processing file 118 of 817: /eos/cms/store/group/phys_heavyions/hbossi/mc_productions/QCD-dijet_pThat15-event-weighted_TuneCP5_5p36TeV_pythia8/OO_MC_DijetEmbedded_pThat-15to1200_TuneCP5_5p36TeV_pythia8/260306_002843/0000/HiForestMiniAOD_206.root
Time elapsed: 3129 seconds
File Contains: 129000 entries.
NMiss: 524849 | NFake: 1727439 | NMatch: 19294717
Processing file 119 of 817: /eos/cms/store/group/phys_heavyions/hbossi/mc_productions/QCD-dijet_pThat15-event-weighted_TuneCP5_5p36TeV_pythia8/OO_MC_DijetEmbedded_pThat-15to1200_TuneCP5_5p36TeV_pythia8/260306_002843/0000/HiForestMiniAOD_207.root
Time elapsed: 3170 seconds
File Contains: 103000 entries.
NMiss: 528583 | NFake: 1739693 | NMatch: 19430765
Processing file 120 of 817: /eos/cms/store/group/phys_heavyions/hbossi/mc_productions/QCD-dijet_pThat15-event-weighted_TuneCP5_5p36TeV_pythia8/OO_MC_DijetEmbedded_pThat-15to1200_TuneCP5_5p36TeV_pythia8/260306_002843/0000/HiForestMiniAOD_208.root
Time elapsed: 3197 seconds
File Contains: 123000 entries.
NMiss: 533046 | NFake: 1754399 | NMatch: 19593636
Processing file 121 of 817: /eos/cms/store/group/phys_heavyions/hbossi/mc_productions/QCD-dijet_pThat15-event-weighted_TuneCP5_5p36TeV_pythia8/OO_MC_DijetEmbedded_pThat-15to1200_TuneCP5_5p36TeV_pythia8/260306_002843/0000/HiForestMiniAOD_209.root
Time elapsed: 3236 seconds
File Contains: 98000 entries.
NMiss: 536646 | NFake: 1766138 | NMatch: 19722979
Processing file 122 of 817: /eos/cms/store/group/phys_heavyions/hbossi/mc_productions/QCD-dijet_pThat15-event-weighted_TuneCP5_5p36TeV_pythia8/OO_MC_DijetEmbedded_pThat-15to1200_TuneCP5_5p36TeV_pythia8/260306_002843/0000/HiForestMiniAOD_21.root
Time elapsed: 3287 seconds
File Contains: 93000 entries.
NMiss: 539993 | NFake: 1776976 | NMatch: 19846200
Processing file 123 of 817: /eos/cms/store/group/phys_heavyions/hbossi/mc_productions/QCD-dijet_pThat15-event-weighted_TuneCP5_5p36TeV_pythia8/OO_MC_DijetEmbedded_pThat-15to1200_TuneCP5_5p36TeV_pythia8/260306_002843/0000/HiForestMiniAOD_210.root
Time elapsed: 3304 seconds
File Contains: 132000 entries.
NMiss: 544756 | NFake: 1792561 | NMatch: 20020128
Processing file 124 of 817: /eos/cms/store/group/phys_heavyions/hbossi/mc_productions/QCD-dijet_pThat15-event-weighted_TuneCP5_5p36TeV_pythia8/OO_MC_DijetEmbedded_pThat-15to1200_TuneCP5_5p36TeV_pythia8/260306_002843/0000/HiForestMiniAOD_211.root
Time elapsed: 3323 seconds
File Contains: 109000 entries.
NMiss: 548651 | NFake: 1805278 | NMatch: 20163711
Processing file 125 of 817: /eos/cms/store/group/phys_heavyions/hbossi/mc_productions/QCD-dijet_pThat15-event-weighted_TuneCP5_5p36TeV_pythia8/OO_MC_DijetEmbedded_pThat-15to1200_TuneCP5_5p36TeV_pythia8/260306_002843/0000/HiForestMiniAOD_212.root
Time elapsed: 3342 seconds
File Contains: 138000 entries.
NMiss: 553588 | NFake: 1821698 | NMatch: 20346165
Processing file 126 of 817: /eos/cms/store/group/phys_heavyions/hbossi/mc_productions/QCD-dijet_pThat15-event-weighted_TuneCP5_5p36TeV_pythia8/OO_MC_DijetEmbedded_pThat-15to1200_TuneCP5_5p36TeV_pythia8/260306_002843/0000/HiForestMiniAOD_213.root
Time elapsed: 3364 seconds
File Contains: 139000 entries.
NMiss: 558620 | NFake: 1838082 | NMatch: 20530264
Processing file 127 of 817: /eos/cms/store/group/phys_heavyions/hbossi/mc_productions/QCD-dijet_pThat15-event-weighted_TuneCP5_5p36TeV_pythia8/OO_MC_DijetEmbedded_pThat-15to1200_TuneCP5_5p36TeV_pythia8/260306_002843/0000/HiForestMiniAOD_214.root
Time elapsed: 3387 seconds
File Contains: 115000 entries.
NMiss: 562718 | NFake: 1851740 | NMatch: 20682655
Processing file 128 of 817: /eos/cms/store/group/phys_heavyions/hbossi/mc_productions/QCD-dijet_pThat15-event-weighted_TuneCP5_5p36TeV_pythia8/OO_MC_DijetEmbedded_pThat-15to1200_TuneCP5_5p36TeV_pythia8/260306_002843/0000/HiForestMiniAOD_215.root
Time elapsed: 3407 seconds
File Contains: 114000 entries.
NMiss: 566753 | NFake: 1865347 | NMatch: 20833163
Processing file 129 of 817: /eos/cms/store/group/phys_heavyions/hbossi/mc_productions/QCD-dijet_pThat15-event-weighted_TuneCP5_5p36TeV_pythia8/OO_MC_DijetEmbedded_pThat-15to1200_TuneCP5_5p36TeV_pythia8/260306_002843/0000/HiForestMiniAOD_216.root
Time elapsed: 3435 seconds
File Contains: 163000 entries.
NMiss: 572603 | NFake: 1884539 | NMatch: 21048733
Processing file 130 of 817: /eos/cms/store/group/phys_heavyions/hbossi/mc_productions/QCD-dijet_pThat15-event-weighted_TuneCP5_5p36TeV_pythia8/OO_MC_DijetEmbedded_pThat-15to1200_TuneCP5_5p36TeV_pythia8/260306_002843/0000/HiForestMiniAOD_217.root
Time elapsed: 3462 seconds
File Contains: 99000 entries.
NMiss: 576151 | NFake: 1896511 | NMatch: 21179151
Processing file 131 of 817: /eos/cms/store/group/phys_heavyions/hbossi/mc_productions/QCD-dijet_pThat15-event-weighted_TuneCP5_5p36TeV_pythia8/OO_MC_DijetEmbedded_pThat-15to1200_TuneCP5_5p36TeV_pythia8/260306_002843/0000/HiForestMiniAOD_218.root
Time elapsed: 3481 seconds
File Contains: 144000 entries.
NMiss: 581176 | NFake: 1913555 | NMatch: 21369392
Processing file 132 of 817: /eos/cms/store/group/phys_heavyions/hbossi/mc_productions/QCD-dijet_pThat15-event-weighted_TuneCP5_5p36TeV_pythia8/OO_MC_DijetEmbedded_pThat-15to1200_TuneCP5_5p36TeV_pythia8/260306_002843/0000/HiForestMiniAOD_219.root
Time elapsed: 3501 seconds
File Contains: 141000 entries.
NMiss: 586218 | NFake: 1930136 | NMatch: 21556034
Processing file 133 of 817: /eos/cms/store/group/phys_heavyions/hbossi/mc_productions/QCD-dijet_pThat15-event-weighted_TuneCP5_5p36TeV_pythia8/OO_MC_DijetEmbedded_pThat-15to1200_TuneCP5_5p36TeV_pythia8/260306_002843/0000/HiForestMiniAOD_22.root
Time elapsed: 3525 seconds
File Contains: 140000 entries.
NMiss: 591266 | NFake: 1946779 | NMatch: 21741220
Processing file 134 of 817: /eos/cms/store/group/phys_heavyions/hbossi/mc_productions/QCD-dijet_pThat15-event-weighted_TuneCP5_5p36TeV_pythia8/OO_MC_DijetEmbedded_pThat-15to1200_TuneCP5_5p36TeV_pythia8/260306_002843/0000/HiForestMiniAOD_220.root
Time elapsed: 3554 seconds
File Contains: 135000 entries.
NMiss: 596145 | NFake: 1963022 | NMatch: 21920037
Processing file 135 of 817: /eos/cms/store/group/phys_heavyions/hbossi/mc_productions/QCD-dijet_pThat15-event-weighted_TuneCP5_5p36TeV_pythia8/OO_MC_DijetEmbedded_pThat-15to1200_TuneCP5_5p36TeV_pythia8/260306_002843/0000/HiForestMiniAOD_221.root
Time elapsed: 3579 seconds
File Contains: 123000 entries.
NMiss: 600473 | NFake: 1977459 | NMatch: 22081998
Processing file 136 of 817: /eos/cms/store/group/phys_heavyions/hbossi/mc_productions/QCD-dijet_pThat15-event-weighted_TuneCP5_5p36TeV_pythia8/OO_MC_DijetEmbedded_pThat-15to1200_TuneCP5_5p36TeV_pythia8/260306_002843/0000/HiForestMiniAOD_222.root
Time elapsed: 3601 seconds
File Contains: 127000 entries.
NMiss: 605121 | NFake: 1992482 | NMatch: 22250221
Processing file 137 of 817: /eos/cms/store/group/phys_heavyions/hbossi/mc_productions/QCD-dijet_pThat15-event-weighted_TuneCP5_5p36TeV_pythia8/OO_MC_DijetEmbedded_pThat-15to1200_TuneCP5_5p36TeV_pythia8/260306_002843/0000/HiForestMiniAOD_223.root
Time elapsed: 3620 seconds
File Contains: 162000 entries.
NMiss: 610903 | NFake: 2011666 | NMatch: 22465070
Processing file 138 of 817: /eos/cms/store/group/phys_heavyions/hbossi/mc_productions/QCD-dijet_pThat15-event-weighted_TuneCP5_5p36TeV_pythia8/OO_MC_DijetEmbedded_pThat-15to1200_TuneCP5_5p36TeV_pythia8/260306_002843/0000/HiForestMiniAOD_224.root
Time elapsed: 3645 seconds
File Contains: 142000 entries.
NMiss: 616012 | NFake: 2028432 | NMatch: 22652298
Processing file 139 of 817: /eos/cms/store/group/phys_heavyions/hbossi/mc_productions/QCD-dijet_pThat15-event-weighted_TuneCP5_5p36TeV_pythia8/OO_MC_DijetEmbedded_pThat-15to1200_TuneCP5_5p36TeV_pythia8/260306_002843/0000/HiForestMiniAOD_225.root
Time elapsed: 3670 seconds
File Contains: 122000 entries.
NMiss: 620412 | NFake: 2042665 | NMatch: 22813336
Processing file 140 of 817: /eos/cms/store/group/phys_heavyions/hbossi/mc_productions/QCD-dijet_pThat15-event-weighted_TuneCP5_5p36TeV_pythia8/OO_MC_DijetEmbedded_pThat-15to1200_TuneCP5_5p36TeV_pythia8/260306_002843/0000/HiForestMiniAOD_226.root
Time elapsed: 3693 seconds
File Contains: 150000 entries.
NMiss: 625877 | NFake: 2060494 | NMatch: 23010843
Processing file 141 of 817: /eos/cms/store/group/phys_heavyions/hbossi/mc_productions/QCD-dijet_pThat15-event-weighted_TuneCP5_5p36TeV_pythia8/OO_MC_DijetEmbedded_pThat-15to1200_TuneCP5_5p36TeV_pythia8/260306_002843/0000/HiForestMiniAOD_227.root
Time elapsed: 3722 seconds
File Contains: 106000 entries.
NMiss: 629617 | NFake: 2073008 | NMatch: 23150532
Processing file 142 of 817: /eos/cms/store/group/phys_heavyions/hbossi/mc_productions/QCD-dijet_pThat15-event-weighted_TuneCP5_5p36TeV_pythia8/OO_MC_DijetEmbedded_pThat-15to1200_TuneCP5_5p36TeV_pythia8/260306_002843/0000/HiForestMiniAOD_228.root
Time elapsed: 3751 seconds
File Contains: 112000 entries.
NMiss: 633639 | NFake: 2086450 | NMatch: 23298148
Processing file 143 of 817: /eos/cms/store/group/phys_heavyions/hbossi/mc_productions/QCD-dijet_pThat15-event-weighted_TuneCP5_5p36TeV_pythia8/OO_MC_DijetEmbedded_pThat-15to1200_TuneCP5_5p36TeV_pythia8/260306_002843/0000/HiForestMiniAOD_229.root
Time elapsed: 3768 seconds
File Contains: 90000 entries.
NMiss: 636804 | NFake: 2097402 | NMatch: 23416972
Processing file 144 of 817: /eos/cms/store/group/phys_heavyions/hbossi/mc_productions/QCD-dijet_pThat15-event-weighted_TuneCP5_5p36TeV_pythia8/OO_MC_DijetEmbedded_pThat-15to1200_TuneCP5_5p36TeV_pythia8/260306_002843/0000/HiForestMiniAOD_23.root
Time elapsed: 3792 seconds
File Contains: 101000 entries.
NMiss: 640383 | NFake: 2109423 | NMatch: 23550014
Processing file 145 of 817: /eos/cms/store/group/phys_heavyions/hbossi/mc_productions/QCD-dijet_pThat15-event-weighted_TuneCP5_5p36TeV_pythia8/OO_MC_DijetEmbedded_pThat-15to1200_TuneCP5_5p36TeV_pythia8/260306_002843/0000/HiForestMiniAOD_230.root
Time elapsed: 3814 seconds
File Contains: 121000 entries.
NMiss: 644628 | NFake: 2123616 | NMatch: 23709381
Processing file 146 of 817: /eos/cms/store/group/phys_heavyions/hbossi/mc_productions/QCD-dijet_pThat15-event-weighted_TuneCP5_5p36TeV_pythia8/OO_MC_DijetEmbedded_pThat-15to1200_TuneCP5_5p36TeV_pythia8/260306_002843/0000/HiForestMiniAOD_231.root
Time elapsed: 3831 seconds
File Contains: 106000 entries.
NMiss: 648470 | NFake: 2136058 | NMatch: 23849308
Processing file 147 of 817: /eos/cms/store/group/phys_heavyions/hbossi/mc_productions/QCD-dijet_pThat15-event-weighted_TuneCP5_5p36TeV_pythia8/OO_MC_DijetEmbedded_pThat-15to1200_TuneCP5_5p36TeV_pythia8/260306_002843/0000/HiForestMiniAOD_232.root
Time elapsed: 3855 seconds
File Contains: 157000 entries.
NMiss: 654085 | NFake: 2154743 | NMatch: 24056956
Processing file 148 of 817: /eos/cms/store/group/phys_heavyions/hbossi/mc_productions/QCD-dijet_pThat15-event-weighted_TuneCP5_5p36TeV_pythia8/OO_MC_DijetEmbedded_pThat-15to1200_TuneCP5_5p36TeV_pythia8/260306_002843/0000/HiForestMiniAOD_233.root
Time elapsed: 3877 seconds
File Contains: 131000 entries.
NMiss: 658911 | NFake: 2170016 | NMatch: 24230233
Processing file 149 of 817: /eos/cms/store/group/phys_heavyions/hbossi/mc_productions/QCD-dijet_pThat15-event-weighted_TuneCP5_5p36TeV_pythia8/OO_MC_DijetEmbedded_pThat-15to1200_TuneCP5_5p36TeV_pythia8/260306_002843/0000/HiForestMiniAOD_234.root
Time elapsed: 3896 seconds
File Contains: 129000 entries.
NMiss: 663529 | NFake: 2185466 | NMatch: 24400993
Processing file 150 of 817: /eos/cms/store/group/phys_heavyions/hbossi/mc_productions/QCD-dijet_pThat15-event-weighted_TuneCP5_5p36TeV_pythia8/OO_MC_DijetEmbedded_pThat-15to1200_TuneCP5_5p36TeV_pythia8/260306_002843/0000/HiForestMiniAOD_235.root
Time elapsed: 3916 seconds
File Contains: 104000 entries.
NMiss: 667328 | NFake: 2197787 | NMatch: 24538153
Processing file 151 of 817: /eos/cms/store/group/phys_heavyions/hbossi/mc_productions/QCD-dijet_pThat15-event-weighted_TuneCP5_5p36TeV_pythia8/OO_MC_DijetEmbedded_pThat-15to1200_TuneCP5_5p36TeV_pythia8/260306_002843/0000/HiForestMiniAOD_236.root
Time elapsed: 3931 seconds
File Contains: 133000 entries.
NMiss: 672018 | NFake: 2213293 | NMatch: 24713715
Processing file 152 of 817: /eos/cms/store/group/phys_heavyions/hbossi/mc_productions/QCD-dijet_pThat15-event-weighted_TuneCP5_5p36TeV_pythia8/OO_MC_DijetEmbedded_pThat-15to1200_TuneCP5_5p36TeV_pythia8/260306_002843/0000/HiForestMiniAOD_237.root
Time elapsed: 3959 seconds
File Contains: 116000 entries.
NMiss: 676187 | NFake: 2227143 | NMatch: 24866532
Processing file 153 of 817: /eos/cms/store/group/phys_heavyions/hbossi/mc_productions/QCD-dijet_pThat15-event-weighted_TuneCP5_5p36TeV_pythia8/OO_MC_DijetEmbedded_pThat-15to1200_TuneCP5_5p36TeV_pythia8/260306_002843/0000/HiForestMiniAOD_238.root
Time elapsed: 3998 seconds
File Contains: 111000 entries.
NMiss: 680045 | NFake: 2240141 | NMatch: 25013225
Processing file 154 of 817: /eos/cms/store/group/phys_heavyions/hbossi/mc_productions/QCD-dijet_pThat15-event-weighted_TuneCP5_5p36TeV_pythia8/OO_MC_DijetEmbedded_pThat-15to1200_TuneCP5_5p36TeV_pythia8/260306_002843/0000/HiForestMiniAOD_239.root
Time elapsed: 4017 seconds
File Contains: 154000 entries.
NMiss: 685574 | NFake: 2258519 | NMatch: 25217069
Processing file 155 of 817: /eos/cms/store/group/phys_heavyions/hbossi/mc_productions/QCD-dijet_pThat15-event-weighted_TuneCP5_5p36TeV_pythia8/OO_MC_DijetEmbedded_pThat-15to1200_TuneCP5_5p36TeV_pythia8/260306_002843/0000/HiForestMiniAOD_24.root
Time elapsed: 4048 seconds
File Contains: 112000 entries.
NMiss: 689638 | NFake: 2271773 | NMatch: 25364910
Processing file 156 of 817: /eos/cms/store/group/phys_heavyions/hbossi/mc_productions/QCD-dijet_pThat15-event-weighted_TuneCP5_5p36TeV_pythia8/OO_MC_DijetEmbedded_pThat-15to1200_TuneCP5_5p36TeV_pythia8/260306_002843/0000/HiForestMiniAOD_240.root
Time elapsed: 4069 seconds
File Contains: 119000 entries.
NMiss: 693934 | NFake: 2285460 | NMatch: 25522559
Processing file 157 of 817: /eos/cms/store/group/phys_heavyions/hbossi/mc_productions/QCD-dijet_pThat15-event-weighted_TuneCP5_5p36TeV_pythia8/OO_MC_DijetEmbedded_pThat-15to1200_TuneCP5_5p36TeV_pythia8/260306_002843/0000/HiForestMiniAOD_241.root
Time elapsed: 4097 seconds
File Contains: 106000 entries.
NMiss: 697792 | NFake: 2297806 | NMatch: 25661859
Processing file 158 of 817: /eos/cms/store/group/phys_heavyions/hbossi/mc_productions/QCD-dijet_pThat15-event-weighted_TuneCP5_5p36TeV_pythia8/OO_MC_DijetEmbedded_pThat-15to1200_TuneCP5_5p36TeV_pythia8/260306_002843/0000/HiForestMiniAOD_242.root
Time elapsed: 4118 seconds
File Contains: 108000 entries.
NMiss: 701619 | NFake: 2310695 | NMatch: 25803843
Processing file 159 of 817: /eos/cms/store/group/phys_heavyions/hbossi/mc_productions/QCD-dijet_pThat15-event-weighted_TuneCP5_5p36TeV_pythia8/OO_MC_DijetEmbedded_pThat-15to1200_TuneCP5_5p36TeV_pythia8/260306_002843/0000/HiForestMiniAOD_243.root
Time elapsed: 4138 seconds
File Contains: 142000 entries.
NMiss: 706721 | NFake: 2327294 | NMatch: 25990886
Processing file 160 of 817: /eos/cms/store/group/phys_heavyions/hbossi/mc_productions/QCD-dijet_pThat15-event-weighted_TuneCP5_5p36TeV_pythia8/OO_MC_DijetEmbedded_pThat-15to1200_TuneCP5_5p36TeV_pythia8/260306_002843/0000/HiForestMiniAOD_244.root
Time elapsed: 4156 seconds
File Contains: 166000 entries.
NMiss: 712772 | NFake: 2347107 | NMatch: 26210503
Processing file 161 of 817: /eos/cms/store/group/phys_heavyions/hbossi/mc_productions/QCD-dijet_pThat15-event-weighted_TuneCP5_5p36TeV_pythia8/OO_MC_DijetEmbedded_pThat-15to1200_TuneCP5_5p36TeV_pythia8/260306_002843/0000/HiForestMiniAOD_245.root
Time elapsed: 4190 seconds
File Contains: 88000 entries.
NMiss: 715852 | NFake: 2357359 | NMatch: 26327049
Processing file 162 of 817: /eos/cms/store/group/phys_heavyions/hbossi/mc_productions/QCD-dijet_pThat15-event-weighted_TuneCP5_5p36TeV_pythia8/OO_MC_DijetEmbedded_pThat-15to1200_TuneCP5_5p36TeV_pythia8/260306_002843/0000/HiForestMiniAOD_246.root
Time elapsed: 4206 seconds
File Contains: 121000 entries.
NMiss: 720150 | NFake: 2371555 | NMatch: 26487225
Processing file 163 of 817: /eos/cms/store/group/phys_heavyions/hbossi/mc_productions/QCD-dijet_pThat15-event-weighted_TuneCP5_5p36TeV_pythia8/OO_MC_DijetEmbedded_pThat-15to1200_TuneCP5_5p36TeV_pythia8/260306_002843/0000/HiForestMiniAOD_247.root
Time elapsed: 4233 seconds
File Contains: 127000 entries.
NMiss: 724775 | NFake: 2386542 | NMatch: 26655806
Processing file 164 of 817: /eos/cms/store/group/phys_heavyions/hbossi/mc_productions/QCD-dijet_pThat15-event-weighted_TuneCP5_5p36TeV_pythia8/OO_MC_DijetEmbedded_pThat-15to1200_TuneCP5_5p36TeV_pythia8/260306_002843/0000/HiForestMiniAOD_248.root
Time elapsed: 4253 seconds
File Contains: 119000 entries.
NMiss: 728980 | NFake: 2400596 | NMatch: 26813123
Processing file 165 of 817: /eos/cms/store/group/phys_heavyions/hbossi/mc_productions/QCD-dijet_pThat15-event-weighted_TuneCP5_5p36TeV_pythia8/OO_MC_DijetEmbedded_pThat-15to1200_TuneCP5_5p36TeV_pythia8/260306_002843/0000/HiForestMiniAOD_249.root
Time elapsed: 4306 seconds
File Contains: 147000 entries.
NMiss: 734247 | NFake: 2418014 | NMatch: 27007031
Processing file 166 of 817: /eos/cms/store/group/phys_heavyions/hbossi/mc_productions/QCD-dijet_pThat15-event-weighted_TuneCP5_5p36TeV_pythia8/OO_MC_DijetEmbedded_pThat-15to1200_TuneCP5_5p36TeV_pythia8/260306_002843/0000/HiForestMiniAOD_25.root
Time elapsed: 4335 seconds
File Contains: 101000 entries.
NMiss: 737867 | NFake: 2430072 | NMatch: 27141334
Processing file 167 of 817: /eos/cms/store/group/phys_heavyions/hbossi/mc_productions/QCD-dijet_pThat15-event-weighted_TuneCP5_5p36TeV_pythia8/OO_MC_DijetEmbedded_pThat-15to1200_TuneCP5_5p36TeV_pythia8/260306_002843/0000/HiForestMiniAOD_250.root
Time elapsed: 4353 seconds
File Contains: 126000 entries.
NMiss: 742378 | NFake: 2444938 | NMatch: 27308265
Processing file 168 of 817: /eos/cms/store/group/phys_heavyions/hbossi/mc_productions/QCD-dijet_pThat15-event-weighted_TuneCP5_5p36TeV_pythia8/OO_MC_DijetEmbedded_pThat-15to1200_TuneCP5_5p36TeV_pythia8/260306_002843/0000/HiForestMiniAOD_251.root
Time elapsed: 4378 seconds
File Contains: 107000 entries.
NMiss: 746283 | NFake: 2457596 | NMatch: 27448696
Processing file 169 of 817: /eos/cms/store/group/phys_heavyions/hbossi/mc_productions/QCD-dijet_pThat15-event-weighted_TuneCP5_5p36TeV_pythia8/OO_MC_DijetEmbedded_pThat-15to1200_TuneCP5_5p36TeV_pythia8/260306_002843/0000/HiForestMiniAOD_252.root
Time elapsed: 4400 seconds
File Contains: 128000 entries.
NMiss: 750922 | NFake: 2472596 | NMatch: 27617641
Processing file 170 of 817: /eos/cms/store/group/phys_heavyions/hbossi/mc_productions/QCD-dijet_pThat15-event-weighted_TuneCP5_5p36TeV_pythia8/OO_MC_DijetEmbedded_pThat-15to1200_TuneCP5_5p36TeV_pythia8/260306_002843/0000/HiForestMiniAOD_253.root
Time elapsed: 4425 seconds
File Contains: 143000 entries.
NMiss: 756053 | NFake: 2489360 | NMatch: 27806930
Processing file 171 of 817: /eos/cms/store/group/phys_heavyions/hbossi/mc_productions/QCD-dijet_pThat15-event-weighted_TuneCP5_5p36TeV_pythia8/OO_MC_DijetEmbedded_pThat-15to1200_TuneCP5_5p36TeV_pythia8/260306_002843/0000/HiForestMiniAOD_254.root
Time elapsed: 4450 seconds
File Contains: 167000 entries.
NMiss: 761869 | NFake: 2509039 | NMatch: 28027610
Processing file 172 of 817: /eos/cms/store/group/phys_heavyions/hbossi/mc_productions/QCD-dijet_pThat15-event-weighted_TuneCP5_5p36TeV_pythia8/OO_MC_DijetEmbedded_pThat-15to1200_TuneCP5_5p36TeV_pythia8/260306_002843/0000/HiForestMiniAOD_255.root
Time elapsed: 4475 seconds
File Contains: 119000 entries.
NMiss: 766019 | NFake: 2523180 | NMatch: 28184401
Processing file 173 of 817: /eos/cms/store/group/phys_heavyions/hbossi/mc_productions/QCD-dijet_pThat15-event-weighted_TuneCP5_5p36TeV_pythia8/OO_MC_DijetEmbedded_pThat-15to1200_TuneCP5_5p36TeV_pythia8/260306_002843/0000/HiForestMiniAOD_256.root
Time elapsed: 4497 seconds
File Contains: 102000 entries.
NMiss: 769677 | NFake: 2535252 | NMatch: 28318680
Processing file 174 of 817: /eos/cms/store/group/phys_heavyions/hbossi/mc_productions/QCD-dijet_pThat15-event-weighted_TuneCP5_5p36TeV_pythia8/OO_MC_DijetEmbedded_pThat-15to1200_TuneCP5_5p36TeV_pythia8/260306_002843/0000/HiForestMiniAOD_257.root
Time elapsed: 4535 seconds
File Contains: 134000 entries.
NMiss: 774314 | NFake: 2551211 | NMatch: 28495845
Processing file 175 of 817: /eos/cms/store/group/phys_heavyions/hbossi/mc_productions/QCD-dijet_pThat15-event-weighted_TuneCP5_5p36TeV_pythia8/OO_MC_DijetEmbedded_pThat-15to1200_TuneCP5_5p36TeV_pythia8/260306_002843/0000/HiForestMiniAOD_258.root
Time elapsed: 4576 seconds
File Contains: 162000 entries.
NMiss: 780035 | NFake: 2570407 | NMatch: 28710659
Processing file 176 of 817: /eos/cms/store/group/phys_heavyions/hbossi/mc_productions/QCD-dijet_pThat15-event-weighted_TuneCP5_5p36TeV_pythia8/OO_MC_DijetEmbedded_pThat-15to1200_TuneCP5_5p36TeV_pythia8/260306_002843/0000/HiForestMiniAOD_259.root
Time elapsed: 4598 seconds
File Contains: 123000 entries.
NMiss: 784563 | NFake: 2584894 | NMatch: 28873906
Processing file 177 of 817: /eos/cms/store/group/phys_heavyions/hbossi/mc_productions/QCD-dijet_pThat15-event-weighted_TuneCP5_5p36TeV_pythia8/OO_MC_DijetEmbedded_pThat-15to1200_TuneCP5_5p36TeV_pythia8/260306_002843/0000/HiForestMiniAOD_26.root
Time elapsed: 4622 seconds
File Contains: 96000 entries.
NMiss: 788095 | NFake: 2596305 | NMatch: 29000198
Processing file 178 of 817: /eos/cms/store/group/phys_heavyions/hbossi/mc_productions/QCD-dijet_pThat15-event-weighted_TuneCP5_5p36TeV_pythia8/OO_MC_DijetEmbedded_pThat-15to1200_TuneCP5_5p36TeV_pythia8/260306_002843/0000/HiForestMiniAOD_260.root
Time elapsed: 4648 seconds
File Contains: 141000 entries.
NMiss: 793070 | NFake: 2612938 | NMatch: 29186456
Processing file 179 of 817: /eos/cms/store/group/phys_heavyions/hbossi/mc_productions/QCD-dijet_pThat15-event-weighted_TuneCP5_5p36TeV_pythia8/OO_MC_DijetEmbedded_pThat-15to1200_TuneCP5_5p36TeV_pythia8/260306_002843/0000/HiForestMiniAOD_261.root
Time elapsed: 4669 seconds
File Contains: 112000 entries.
NMiss: 797099 | NFake: 2626439 | NMatch: 29334695
Processing file 180 of 817: /eos/cms/store/group/phys_heavyions/hbossi/mc_productions/QCD-dijet_pThat15-event-weighted_TuneCP5_5p36TeV_pythia8/OO_MC_DijetEmbedded_pThat-15to1200_TuneCP5_5p36TeV_pythia8/260306_002843/0000/HiForestMiniAOD_262.root
Time elapsed: 4693 seconds
File Contains: 114000 entries.
NMiss: 801173 | NFake: 2639797 | NMatch: 29485046
Processing file 181 of 817: /eos/cms/store/group/phys_heavyions/hbossi/mc_productions/QCD-dijet_pThat15-event-weighted_TuneCP5_5p36TeV_pythia8/OO_MC_DijetEmbedded_pThat-15to1200_TuneCP5_5p36TeV_pythia8/260306_002843/0000/HiForestMiniAOD_263.root
Time elapsed: 4715 seconds
File Contains: 162000 entries.
NMiss: 807025 | NFake: 2659084 | NMatch: 29698948
Processing file 182 of 817: /eos/cms/store/group/phys_heavyions/hbossi/mc_productions/QCD-dijet_pThat15-event-weighted_TuneCP5_5p36TeV_pythia8/OO_MC_DijetEmbedded_pThat-15to1200_TuneCP5_5p36TeV_pythia8/260306_002843/0000/HiForestMiniAOD_264.root
Time elapsed: 4739 seconds
File Contains: 127000 entries.
NMiss: 811665 | NFake: 2674385 | NMatch: 29867652
Processing file 183 of 817: /eos/cms/store/group/phys_heavyions/hbossi/mc_productions/QCD-dijet_pThat15-event-weighted_TuneCP5_5p36TeV_pythia8/OO_MC_DijetEmbedded_pThat-15to1200_TuneCP5_5p36TeV_pythia8/260306_002843/0000/HiForestMiniAOD_265.root
Time elapsed: 4760 seconds
File Contains: 104000 entries.
NMiss: 815345 | NFake: 2686544 | NMatch: 30005166
Processing file 184 of 817: /eos/cms/store/group/phys_heavyions/hbossi/mc_productions/QCD-dijet_pThat15-event-weighted_TuneCP5_5p36TeV_pythia8/OO_MC_DijetEmbedded_pThat-15to1200_TuneCP5_5p36TeV_pythia8/260306_002843/0000/HiForestMiniAOD_266.root
Time elapsed: 4778 seconds
File Contains: 106000 entries.
NMiss: 819175 | NFake: 2699186 | NMatch: 30145452
Processing file 185 of 817: /eos/cms/store/group/phys_heavyions/hbossi/mc_productions/QCD-dijet_pThat15-event-weighted_TuneCP5_5p36TeV_pythia8/OO_MC_DijetEmbedded_pThat-15to1200_TuneCP5_5p36TeV_pythia8/260306_002843/0000/HiForestMiniAOD_267.root
Time elapsed: 4795 seconds
File Contains: 131000 entries.
NMiss: 823946 | NFake: 2714679 | NMatch: 30318240
Processing file 186 of 817: /eos/cms/store/group/phys_heavyions/hbossi/mc_productions/QCD-dijet_pThat15-event-weighted_TuneCP5_5p36TeV_pythia8/OO_MC_DijetEmbedded_pThat-15to1200_TuneCP5_5p36TeV_pythia8/260306_002843/0000/HiForestMiniAOD_268.root
Time elapsed: 4826 seconds
File Contains: 125000 entries.
NMiss: 828475 | NFake: 2729369 | NMatch: 30482821
Processing file 187 of 817: /eos/cms/store/group/phys_heavyions/hbossi/mc_productions/QCD-dijet_pThat15-event-weighted_TuneCP5_5p36TeV_pythia8/OO_MC_DijetEmbedded_pThat-15to1200_TuneCP5_5p36TeV_pythia8/260306_002843/0000/HiForestMiniAOD_269.root
Time elapsed: 4842 seconds
File Contains: 124000 entries.
NMiss: 832963 | NFake: 2744026 | NMatch: 30646880
Processing file 188 of 817: /eos/cms/store/group/phys_heavyions/hbossi/mc_productions/QCD-dijet_pThat15-event-weighted_TuneCP5_5p36TeV_pythia8/OO_MC_DijetEmbedded_pThat-15to1200_TuneCP5_5p36TeV_pythia8/260306_002843/0000/HiForestMiniAOD_27.root
Time elapsed: 4871 seconds
File Contains: 101000 entries.
NMiss: 836522 | NFake: 2755686 | NMatch: 30780152
Processing file 189 of 817: /eos/cms/store/group/phys_heavyions/hbossi/mc_productions/QCD-dijet_pThat15-event-weighted_TuneCP5_5p36TeV_pythia8/OO_MC_DijetEmbedded_pThat-15to1200_TuneCP5_5p36TeV_pythia8/260306_002843/0000/HiForestMiniAOD_270.root
Time elapsed: 4893 seconds
File Contains: 123000 entries.
NMiss: 840957 | NFake: 2770335 | NMatch: 30943139
Processing file 190 of 817: /eos/cms/store/group/phys_heavyions/hbossi/mc_productions/QCD-dijet_pThat15-event-weighted_TuneCP5_5p36TeV_pythia8/OO_MC_DijetEmbedded_pThat-15to1200_TuneCP5_5p36TeV_pythia8/260306_002843/0000/HiForestMiniAOD_271.root
Time elapsed: 4925 seconds
File Contains: 163000 entries.
NMiss: 846857 | NFake: 2789526 | NMatch: 31159329
Processing file 191 of 817: /eos/cms/store/group/phys_heavyions/hbossi/mc_productions/QCD-dijet_pThat15-event-weighted_TuneCP5_5p36TeV_pythia8/OO_MC_DijetEmbedded_pThat-15to1200_TuneCP5_5p36TeV_pythia8/260306_002843/0000/HiForestMiniAOD_272.root
Time elapsed: 4948 seconds
File Contains: 122000 entries.
NMiss: 851171 | NFake: 2803848 | NMatch: 31320529
Processing file 192 of 817: /eos/cms/store/group/phys_heavyions/hbossi/mc_productions/QCD-dijet_pThat15-event-weighted_TuneCP5_5p36TeV_pythia8/OO_MC_DijetEmbedded_pThat-15to1200_TuneCP5_5p36TeV_pythia8/260306_002843/0000/HiForestMiniAOD_273.root
Time elapsed: 4968 seconds
File Contains: 111000 entries.
NMiss: 855124 | NFake: 2817056 | NMatch: 31467047
Processing file 193 of 817: /eos/cms/store/group/phys_heavyions/hbossi/mc_productions/QCD-dijet_pThat15-event-weighted_TuneCP5_5p36TeV_pythia8/OO_MC_DijetEmbedded_pThat-15to1200_TuneCP5_5p36TeV_pythia8/260306_002843/0000/HiForestMiniAOD_274.root
Time elapsed: 4995 seconds
File Contains: 133000 entries.
NMiss: 859844 | NFake: 2832839 | NMatch: 31642959
Processing file 194 of 817: /eos/cms/store/group/phys_heavyions/hbossi/mc_productions/QCD-dijet_pThat15-event-weighted_TuneCP5_5p36TeV_pythia8/OO_MC_DijetEmbedded_pThat-15to1200_TuneCP5_5p36TeV_pythia8/260306_002843/0000/HiForestMiniAOD_275.root
Time elapsed: 5031 seconds
File Contains: 118000 entries.
NMiss: 864099 | NFake: 2846767 | NMatch: 31799097
Processing file 195 of 817: /eos/cms/store/group/phys_heavyions/hbossi/mc_productions/QCD-dijet_pThat15-event-weighted_TuneCP5_5p36TeV_pythia8/OO_MC_DijetEmbedded_pThat-15to1200_TuneCP5_5p36TeV_pythia8/260306_002843/0000/HiForestMiniAOD_276.root
Time elapsed: 5059 seconds
File Contains: 165000 entries.
NMiss: 869912 | NFake: 2866490 | NMatch: 32017125
Processing file 196 of 817: /eos/cms/store/group/phys_heavyions/hbossi/mc_productions/QCD-dijet_pThat15-event-weighted_TuneCP5_5p36TeV_pythia8/OO_MC_DijetEmbedded_pThat-15to1200_TuneCP5_5p36TeV_pythia8/260306_002843/0000/HiForestMiniAOD_277.root
Time elapsed: 5084 seconds
File Contains: 126000 entries.
NMiss: 874472 | NFake: 2881689 | NMatch: 32183805
Processing file 197 of 817: /eos/cms/store/group/phys_heavyions/hbossi/mc_productions/QCD-dijet_pThat15-event-weighted_TuneCP5_5p36TeV_pythia8/OO_MC_DijetEmbedded_pThat-15to1200_TuneCP5_5p36TeV_pythia8/260306_002843/0000/HiForestMiniAOD_278.root
Time elapsed: 5107 seconds
File Contains: 97000 entries.
NMiss: 877963 | NFake: 2893317 | NMatch: 32312109
Processing file 198 of 817: /eos/cms/store/group/phys_heavyions/hbossi/mc_productions/QCD-dijet_pThat15-event-weighted_TuneCP5_5p36TeV_pythia8/OO_MC_DijetEmbedded_pThat-15to1200_TuneCP5_5p36TeV_pythia8/260306_002843/0000/HiForestMiniAOD_279.root
Time elapsed: 5133 seconds
File Contains: 85000 entries.
NMiss: 881060 | NFake: 2903369 | NMatch: 32424216
Processing file 199 of 817: /eos/cms/store/group/phys_heavyions/hbossi/mc_productions/QCD-dijet_pThat15-event-weighted_TuneCP5_5p36TeV_pythia8/OO_MC_DijetEmbedded_pThat-15to1200_TuneCP5_5p36TeV_pythia8/260306_002843/0000/HiForestMiniAOD_28.root
Time elapsed: 5148 seconds
File Contains: 110000 entries.
NMiss: 885204 | NFake: 2916249 | NMatch: 32569338
Processing file 200 of 817: /eos/cms/store/group/phys_heavyions/hbossi/mc_productions/QCD-dijet_pThat15-event-weighted_TuneCP5_5p36TeV_pythia8/OO_MC_DijetEmbedded_pThat-15to1200_TuneCP5_5p36TeV_pythia8/260306_002843/0000/HiForestMiniAOD_280.root
Time elapsed: 5172 seconds
File Contains: 98000 entries.
NMiss: 888748 | NFake: 2927885 | NMatch: 32698858
Processing file 201 of 817: /eos/cms/store/group/phys_heavyions/hbossi/mc_productions/QCD-dijet_pThat15-event-weighted_TuneCP5_5p36TeV_pythia8/OO_MC_DijetEmbedded_pThat-15to1200_TuneCP5_5p36TeV_pythia8/260306_002843/0000/HiForestMiniAOD_281.root
Time elapsed: 5191 seconds
File Contains: 115000 entries.
NMiss: 892936 | NFake: 2941509 | NMatch: 32850702
Processing file 202 of 817: /eos/cms/store/group/phys_heavyions/hbossi/mc_productions/QCD-dijet_pThat15-event-weighted_TuneCP5_5p36TeV_pythia8/OO_MC_DijetEmbedded_pThat-15to1200_TuneCP5_5p36TeV_pythia8/260306_002843/0000/HiForestMiniAOD_282.root
Time elapsed: 5216 seconds
File Contains: 99000 entries.
NMiss: 896471 | NFake: 2953171 | NMatch: 32981427
Processing file 203 of 817: /eos/cms/store/group/phys_heavyions/hbossi/mc_productions/QCD-dijet_pThat15-event-weighted_TuneCP5_5p36TeV_pythia8/OO_MC_DijetEmbedded_pThat-15to1200_TuneCP5_5p36TeV_pythia8/260306_002843/0000/HiForestMiniAOD_283.root
Time elapsed: 5233 seconds
File Contains: 155000 entries.
NMiss: 902052 | NFake: 2971833 | NMatch: 33185919
Processing file 204 of 817: /eos/cms/store/group/phys_heavyions/hbossi/mc_productions/QCD-dijet_pThat15-event-weighted_TuneCP5_5p36TeV_pythia8/OO_MC_DijetEmbedded_pThat-15to1200_TuneCP5_5p36TeV_pythia8/260306_002843/0000/HiForestMiniAOD_284.root
Time elapsed: 5260 seconds
File Contains: 94000 entries.
NMiss: 905440 | NFake: 2983149 | NMatch: 33309697
Processing file 205 of 817: /eos/cms/store/group/phys_heavyions/hbossi/mc_productions/QCD-dijet_pThat15-event-weighted_TuneCP5_5p36TeV_pythia8/OO_MC_DijetEmbedded_pThat-15to1200_TuneCP5_5p36TeV_pythia8/260306_002843/0000/HiForestMiniAOD_285.root
Time elapsed: 5279 seconds
File Contains: 91000 entries.
NMiss: 908666 | NFake: 2994044 | NMatch: 33429994
Processing file 206 of 817: /eos/cms/store/group/phys_heavyions/hbossi/mc_productions/QCD-dijet_pThat15-event-weighted_TuneCP5_5p36TeV_pythia8/OO_MC_DijetEmbedded_pThat-15to1200_TuneCP5_5p36TeV_pythia8/260306_002843/0000/HiForestMiniAOD_286.root
Time elapsed: 5299 seconds
File Contains: 130000 entries.
NMiss: 913320 | NFake: 3009355 | NMatch: 33601958
Processing file 207 of 817: /eos/cms/store/group/phys_heavyions/hbossi/mc_productions/QCD-dijet_pThat15-event-weighted_TuneCP5_5p36TeV_pythia8/OO_MC_DijetEmbedded_pThat-15to1200_TuneCP5_5p36TeV_pythia8/260306_002843/0000/HiForestMiniAOD_287.root
Time elapsed: 5321 seconds
File Contains: 111000 entries.
NMiss: 917268 | NFake: 3022627 | NMatch: 33748905
Processing file 208 of 817: /eos/cms/store/group/phys_heavyions/hbossi/mc_productions/QCD-dijet_pThat15-event-weighted_TuneCP5_5p36TeV_pythia8/OO_MC_DijetEmbedded_pThat-15to1200_TuneCP5_5p36TeV_pythia8/260306_002843/0000/HiForestMiniAOD_288.root
Time elapsed: 5343 seconds
File Contains: 126000 entries.
NMiss: 921869 | NFake: 3037663 | NMatch: 33915516
Processing file 209 of 817: /eos/cms/store/group/phys_heavyions/hbossi/mc_productions/QCD-dijet_pThat15-event-weighted_TuneCP5_5p36TeV_pythia8/OO_MC_DijetEmbedded_pThat-15to1200_TuneCP5_5p36TeV_pythia8/260306_002843/0000/HiForestMiniAOD_289.root
Time elapsed: 5370 seconds
File Contains: 115000 entries.
NMiss: 926029 | NFake: 3051115 | NMatch: 34067522
Processing file 210 of 817: /eos/cms/store/group/phys_heavyions/hbossi/mc_productions/QCD-dijet_pThat15-event-weighted_TuneCP5_5p36TeV_pythia8/OO_MC_DijetEmbedded_pThat-15to1200_TuneCP5_5p36TeV_pythia8/260306_002843/0000/HiForestMiniAOD_29.root
Time elapsed: 5392 seconds
File Contains: 100000 entries.
NMiss: 929586 | NFake: 3063144 | NMatch: 34199824
Processing file 211 of 817: /eos/cms/store/group/phys_heavyions/hbossi/mc_productions/QCD-dijet_pThat15-event-weighted_TuneCP5_5p36TeV_pythia8/OO_MC_DijetEmbedded_pThat-15to1200_TuneCP5_5p36TeV_pythia8/260306_002843/0000/HiForestMiniAOD_290.root
Time elapsed: 5416 seconds
File Contains: 107000 entries.
NMiss: 933504 | NFake: 3075885 | NMatch: 34340656
Processing file 212 of 817: /eos/cms/store/group/phys_heavyions/hbossi/mc_productions/QCD-dijet_pThat15-event-weighted_TuneCP5_5p36TeV_pythia8/OO_MC_DijetEmbedded_pThat-15to1200_TuneCP5_5p36TeV_pythia8/260306_002843/0000/HiForestMiniAOD_291.root
Time elapsed: 5441 seconds
File Contains: 107000 entries.
NMiss: 937367 | NFake: 3088527 | NMatch: 34482020
Processing file 213 of 817: /eos/cms/store/group/phys_heavyions/hbossi/mc_productions/QCD-dijet_pThat15-event-weighted_TuneCP5_5p36TeV_pythia8/OO_MC_DijetEmbedded_pThat-15to1200_TuneCP5_5p36TeV_pythia8/260306_002843/0000/HiForestMiniAOD_292.root
Time elapsed: 5461 seconds
File Contains: 151000 entries.
NMiss: 942804 | NFake: 3106675 | NMatch: 34680780
Processing file 214 of 817: /eos/cms/store/group/phys_heavyions/hbossi/mc_productions/QCD-dijet_pThat15-event-weighted_TuneCP5_5p36TeV_pythia8/OO_MC_DijetEmbedded_pThat-15to1200_TuneCP5_5p36TeV_pythia8/260306_002843/0000/HiForestMiniAOD_293.root
Time elapsed: 5492 seconds
File Contains: 134000 entries.
NMiss: 947546 | NFake: 3122582 | NMatch: 34857168
Processing file 215 of 817: /eos/cms/store/group/phys_heavyions/hbossi/mc_productions/QCD-dijet_pThat15-event-weighted_TuneCP5_5p36TeV_pythia8/OO_MC_DijetEmbedded_pThat-15to1200_TuneCP5_5p36TeV_pythia8/260306_002843/0000/HiForestMiniAOD_294.root
Time elapsed: 5517 seconds
File Contains: 126000 entries.
NMiss: 952093 | NFake: 3137523 | NMatch: 35022860
Processing file 216 of 817: /eos/cms/store/group/phys_heavyions/hbossi/mc_productions/QCD-dijet_pThat15-event-weighted_TuneCP5_5p36TeV_pythia8/OO_MC_DijetEmbedded_pThat-15to1200_TuneCP5_5p36TeV_pythia8/260306_002843/0000/HiForestMiniAOD_295.root
Time elapsed: 5544 seconds
File Contains: 107000 entries.
NMiss: 955934 | NFake: 3150314 | NMatch: 35164218
Processing file 217 of 817: /eos/cms/store/group/phys_heavyions/hbossi/mc_productions/QCD-dijet_pThat15-event-weighted_TuneCP5_5p36TeV_pythia8/OO_MC_DijetEmbedded_pThat-15to1200_TuneCP5_5p36TeV_pythia8/260306_002843/0000/HiForestMiniAOD_296.root
Time elapsed: 5563 seconds
File Contains: 166000 entries.
NMiss: 961829 | NFake: 3169974 | NMatch: 35383775
Processing file 218 of 817: /eos/cms/store/group/phys_heavyions/hbossi/mc_productions/QCD-dijet_pThat15-event-weighted_TuneCP5_5p36TeV_pythia8/OO_MC_DijetEmbedded_pThat-15to1200_TuneCP5_5p36TeV_pythia8/260306_002843/0000/HiForestMiniAOD_297.root
Time elapsed: 5587 seconds
File Contains: 139000 entries.
NMiss: 966771 | NFake: 3186354 | NMatch: 35567440
Processing file 219 of 817: /eos/cms/store/group/phys_heavyions/hbossi/mc_productions/QCD-dijet_pThat15-event-weighted_TuneCP5_5p36TeV_pythia8/OO_MC_DijetEmbedded_pThat-15to1200_TuneCP5_5p36TeV_pythia8/260306_002843/0000/HiForestMiniAOD_298.root
Time elapsed: 5617 seconds
File Contains: 161000 entries.
NMiss: 972437 | NFake: 3205601 | NMatch: 35780347
Processing file 220 of 817: /eos/cms/store/group/phys_heavyions/hbossi/mc_productions/QCD-dijet_pThat15-event-weighted_TuneCP5_5p36TeV_pythia8/OO_MC_DijetEmbedded_pThat-15to1200_TuneCP5_5p36TeV_pythia8/260306_002843/0000/HiForestMiniAOD_299.root
Time elapsed: 5669 seconds
File Contains: 144000 entries.
NMiss: 977474 | NFake: 3222454 | NMatch: 35971320
Processing file 221 of 817: /eos/cms/store/group/phys_heavyions/hbossi/mc_productions/QCD-dijet_pThat15-event-weighted_TuneCP5_5p36TeV_pythia8/OO_MC_DijetEmbedded_pThat-15to1200_TuneCP5_5p36TeV_pythia8/260306_002843/0000/HiForestMiniAOD_3.root
Time elapsed: 5694 seconds
File Contains: 122000 entries.
NMiss: 981926 | NFake: 3237015 | NMatch: 36132504
Processing file 222 of 817: /eos/cms/store/group/phys_heavyions/hbossi/mc_productions/QCD-dijet_pThat15-event-weighted_TuneCP5_5p36TeV_pythia8/OO_MC_DijetEmbedded_pThat-15to1200_TuneCP5_5p36TeV_pythia8/260306_002843/0000/HiForestMiniAOD_30.root
Time elapsed: 5714 seconds
File Contains: 118000 entries.
NMiss: 986253 | NFake: 3250854 | NMatch: 36288252
Processing file 223 of 817: /eos/cms/store/group/phys_heavyions/hbossi/mc_productions/QCD-dijet_pThat15-event-weighted_TuneCP5_5p36TeV_pythia8/OO_MC_DijetEmbedded_pThat-15to1200_TuneCP5_5p36TeV_pythia8/260306_002843/0000/HiForestMiniAOD_300.root
Time elapsed: 5730 seconds
File Contains: 118000 entries.
NMiss: 990512 | NFake: 3264593 | NMatch: 36444133
Processing file 224 of 817: /eos/cms/store/group/phys_heavyions/hbossi/mc_productions/QCD-dijet_pThat15-event-weighted_TuneCP5_5p36TeV_pythia8/OO_MC_DijetEmbedded_pThat-15to1200_TuneCP5_5p36TeV_pythia8/260306_002843/0000/HiForestMiniAOD_301.root
Time elapsed: 5758 seconds
File Contains: 139000 entries.
NMiss: 995522 | NFake: 3281037 | NMatch: 36628115
Processing file 225 of 817: /eos/cms/store/group/phys_heavyions/hbossi/mc_productions/QCD-dijet_pThat15-event-weighted_TuneCP5_5p36TeV_pythia8/OO_MC_DijetEmbedded_pThat-15to1200_TuneCP5_5p36TeV_pythia8/260306_002843/0000/HiForestMiniAOD_302.root
Time elapsed: 5783 seconds
File Contains: 155000 entries.
NMiss: 1001030 | NFake: 3299438 | NMatch: 36832917
Processing file 226 of 817: /eos/cms/store/group/phys_heavyions/hbossi/mc_productions/QCD-dijet_pThat15-event-weighted_TuneCP5_5p36TeV_pythia8/OO_MC_DijetEmbedded_pThat-15to1200_TuneCP5_5p36TeV_pythia8/260306_002843/0000/HiForestMiniAOD_303.root
Time elapsed: 5814 seconds
File Contains: 164000 entries.
NMiss: 1007002 | NFake: 3319056 | NMatch: 37049248
Processing file 227 of 817: /eos/cms/store/group/phys_heavyions/hbossi/mc_productions/QCD-dijet_pThat15-event-weighted_TuneCP5_5p36TeV_pythia8/OO_MC_DijetEmbedded_pThat-15to1200_TuneCP5_5p36TeV_pythia8/260306_002843/0000/HiForestMiniAOD_304.root
Time elapsed: 5836 seconds
File Contains: 127000 entries.
NMiss: 1011645 | NFake: 3334082 | NMatch: 37216853
Processing file 228 of 817: /eos/cms/store/group/phys_heavyions/hbossi/mc_productions/QCD-dijet_pThat15-event-weighted_TuneCP5_5p36TeV_pythia8/OO_MC_DijetEmbedded_pThat-15to1200_TuneCP5_5p36TeV_pythia8/260306_002843/0000/HiForestMiniAOD_305.root
Time elapsed: 5858 seconds
File Contains: 59000 entries.
NMiss: 1013750 | NFake: 3341123 | NMatch: 37294858
Processing file 229 of 817: /eos/cms/store/group/phys_heavyions/hbossi/mc_productions/QCD-dijet_pThat15-event-weighted_TuneCP5_5p36TeV_pythia8/OO_MC_DijetEmbedded_pThat-15to1200_TuneCP5_5p36TeV_pythia8/260306_002843/0000/HiForestMiniAOD_306.root
Time elapsed: 5876 seconds
File Contains: 148000 entries.
NMiss: 1019127 | NFake: 3358487 | NMatch: 37490173
Processing file 230 of 817: /eos/cms/store/group/phys_heavyions/hbossi/mc_productions/QCD-dijet_pThat15-event-weighted_TuneCP5_5p36TeV_pythia8/OO_MC_DijetEmbedded_pThat-15to1200_TuneCP5_5p36TeV_pythia8/260306_002843/0000/HiForestMiniAOD_307.root
Time elapsed: 5902 seconds
File Contains: 147000 entries.
NMiss: 1024425 | NFake: 3375618 | NMatch: 37684182
Processing file 231 of 817: /eos/cms/store/group/phys_heavyions/hbossi/mc_productions/QCD-dijet_pThat15-event-weighted_TuneCP5_5p36TeV_pythia8/OO_MC_DijetEmbedded_pThat-15to1200_TuneCP5_5p36TeV_pythia8/260306_002843/0000/HiForestMiniAOD_308.root
Time elapsed: 5939 seconds
File Contains: 97000 entries.
NMiss: 1027840 | NFake: 3387145 | NMatch: 37812332
Processing file 232 of 817: /eos/cms/store/group/phys_heavyions/hbossi/mc_productions/QCD-dijet_pThat15-event-weighted_TuneCP5_5p36TeV_pythia8/OO_MC_DijetEmbedded_pThat-15to1200_TuneCP5_5p36TeV_pythia8/260306_002843/0000/HiForestMiniAOD_309.root
Time elapsed: 5967 seconds
File Contains: 153000 entries.
NMiss: 1033459 | NFake: 3405207 | NMatch: 38014486
Processing file 233 of 817: /eos/cms/store/group/phys_heavyions/hbossi/mc_productions/QCD-dijet_pThat15-event-weighted_TuneCP5_5p36TeV_pythia8/OO_MC_DijetEmbedded_pThat-15to1200_TuneCP5_5p36TeV_pythia8/260306_002843/0000/HiForestMiniAOD_31.root
Time elapsed: 5999 seconds
File Contains: 115000 entries.
NMiss: 1037706 | NFake: 3418810 | NMatch: 38166861
Processing file 234 of 817: /eos/cms/store/group/phys_heavyions/hbossi/mc_productions/QCD-dijet_pThat15-event-weighted_TuneCP5_5p36TeV_pythia8/OO_MC_DijetEmbedded_pThat-15to1200_TuneCP5_5p36TeV_pythia8/260306_002843/0000/HiForestMiniAOD_310.root
Time elapsed: 6017 seconds
File Contains: 135000 entries.
NMiss: 1042619 | NFake: 3434637 | NMatch: 38345227
Processing file 235 of 817: /eos/cms/store/group/phys_heavyions/hbossi/mc_productions/QCD-dijet_pThat15-event-weighted_TuneCP5_5p36TeV_pythia8/OO_MC_DijetEmbedded_pThat-15to1200_TuneCP5_5p36TeV_pythia8/260306_002843/0000/HiForestMiniAOD_311.root
Time elapsed: 6044 seconds
File Contains: 145000 entries.
NMiss: 1047783 | NFake: 3451645 | NMatch: 38536788
Processing file 236 of 817: /eos/cms/store/group/phys_heavyions/hbossi/mc_productions/QCD-dijet_pThat15-event-weighted_TuneCP5_5p36TeV_pythia8/OO_MC_DijetEmbedded_pThat-15to1200_TuneCP5_5p36TeV_pythia8/260306_002843/0000/HiForestMiniAOD_312.root
Time elapsed: 6065 seconds
File Contains: 119000 entries.
NMiss: 1051982 | NFake: 3465583 | NMatch: 38694100
Processing file 237 of 817: /eos/cms/store/group/phys_heavyions/hbossi/mc_productions/QCD-dijet_pThat15-event-weighted_TuneCP5_5p36TeV_pythia8/OO_MC_DijetEmbedded_pThat-15to1200_TuneCP5_5p36TeV_pythia8/260306_002843/0000/HiForestMiniAOD_313.root
Time elapsed: 6088 seconds
File Contains: 118000 entries.
NMiss: 1056240 | NFake: 3479435 | NMatch: 38850287
Processing file 238 of 817: /eos/cms/store/group/phys_heavyions/hbossi/mc_productions/QCD-dijet_pThat15-event-weighted_TuneCP5_5p36TeV_pythia8/OO_MC_DijetEmbedded_pThat-15to1200_TuneCP5_5p36TeV_pythia8/260306_002843/0000/HiForestMiniAOD_314.root
Time elapsed: 6111 seconds
File Contains: 148000 entries.
NMiss: 1061563 | NFake: 3496797 | NMatch: 39046148
Processing file 239 of 817: /eos/cms/store/group/phys_heavyions/hbossi/mc_productions/QCD-dijet_pThat15-event-weighted_TuneCP5_5p36TeV_pythia8/OO_MC_DijetEmbedded_pThat-15to1200_TuneCP5_5p36TeV_pythia8/260306_002843/0000/HiForestMiniAOD_315.root
Time elapsed: 6144 seconds
File Contains: 149000 entries.
NMiss: 1066873 | NFake: 3514610 | NMatch: 39242428
Processing file 240 of 817: /eos/cms/store/group/phys_heavyions/hbossi/mc_productions/QCD-dijet_pThat15-event-weighted_TuneCP5_5p36TeV_pythia8/OO_MC_DijetEmbedded_pThat-15to1200_TuneCP5_5p36TeV_pythia8/260306_002843/0000/HiForestMiniAOD_316.root
Time elapsed: 6181 seconds
File Contains: 131000 entries.
NMiss: 1071600 | NFake: 3530196 | NMatch: 39415293
Processing file 241 of 817: /eos/cms/store/group/phys_heavyions/hbossi/mc_productions/QCD-dijet_pThat15-event-weighted_TuneCP5_5p36TeV_pythia8/OO_MC_DijetEmbedded_pThat-15to1200_TuneCP5_5p36TeV_pythia8/260306_002843/0000/HiForestMiniAOD_317.root
Time elapsed: 6211 seconds
File Contains: 98000 entries.
NMiss: 1075113 | NFake: 3541795 | NMatch: 39544847
Processing file 242 of 817: /eos/cms/store/group/phys_heavyions/hbossi/mc_productions/QCD-dijet_pThat15-event-weighted_TuneCP5_5p36TeV_pythia8/OO_MC_DijetEmbedded_pThat-15to1200_TuneCP5_5p36TeV_pythia8/260306_002843/0000/HiForestMiniAOD_318.root
Time elapsed: 6227 seconds
File Contains: 162000 entries.
NMiss: 1080886 | NFake: 3560799 | NMatch: 39758714
Processing file 243 of 817: /eos/cms/store/group/phys_heavyions/hbossi/mc_productions/QCD-dijet_pThat15-event-weighted_TuneCP5_5p36TeV_pythia8/OO_MC_DijetEmbedded_pThat-15to1200_TuneCP5_5p36TeV_pythia8/260306_002843/0000/HiForestMiniAOD_319.root
Time elapsed: 6257 seconds
File Contains: 151000 entries.
NMiss: 1086275 | NFake: 3578612 | NMatch: 39958204
Processing file 244 of 817: /eos/cms/store/group/phys_heavyions/hbossi/mc_productions/QCD-dijet_pThat15-event-weighted_TuneCP5_5p36TeV_pythia8/OO_MC_DijetEmbedded_pThat-15to1200_TuneCP5_5p36TeV_pythia8/260306_002843/0000/HiForestMiniAOD_32.root
Time elapsed: 6288 seconds
File Contains: 137000 entries.
NMiss: 1091222 | NFake: 3594766 | NMatch: 40139506
Processing file 245 of 817: /eos/cms/store/group/phys_heavyions/hbossi/mc_productions/QCD-dijet_pThat15-event-weighted_TuneCP5_5p36TeV_pythia8/OO_MC_DijetEmbedded_pThat-15to1200_TuneCP5_5p36TeV_pythia8/260306_002843/0000/HiForestMiniAOD_320.root
Time elapsed: 6319 seconds
File Contains: 132000 entries.
NMiss: 1096013 | NFake: 3610410 | NMatch: 40313830
Processing file 246 of 817: /eos/cms/store/group/phys_heavyions/hbossi/mc_productions/QCD-dijet_pThat15-event-weighted_TuneCP5_5p36TeV_pythia8/OO_MC_DijetEmbedded_pThat-15to1200_TuneCP5_5p36TeV_pythia8/260306_002843/0000/HiForestMiniAOD_321.root
Time elapsed: 6343 seconds
File Contains: 151000 entries.
NMiss: 1101410 | NFake: 3628458 | NMatch: 40513135
Processing file 247 of 817: /eos/cms/store/group/phys_heavyions/hbossi/mc_productions/QCD-dijet_pThat15-event-weighted_TuneCP5_5p36TeV_pythia8/OO_MC_DijetEmbedded_pThat-15to1200_TuneCP5_5p36TeV_pythia8/260306_002843/0000/HiForestMiniAOD_322.root
Time elapsed: 6366 seconds
File Contains: 136000 entries.
NMiss: 1106278 | NFake: 3644739 | NMatch: 40692981
Processing file 248 of 817: /eos/cms/store/group/phys_heavyions/hbossi/mc_productions/QCD-dijet_pThat15-event-weighted_TuneCP5_5p36TeV_pythia8/OO_MC_DijetEmbedded_pThat-15to1200_TuneCP5_5p36TeV_pythia8/260306_002843/0000/HiForestMiniAOD_323.root
Time elapsed: 6387 seconds
File Contains: 133000 entries.
NMiss: 1110985 | NFake: 3660457 | NMatch: 40869008
Processing file 249 of 817: /eos/cms/store/group/phys_heavyions/hbossi/mc_productions/QCD-dijet_pThat15-event-weighted_TuneCP5_5p36TeV_pythia8/OO_MC_DijetEmbedded_pThat-15to1200_TuneCP5_5p36TeV_pythia8/260306_002843/0000/HiForestMiniAOD_324.root
Time elapsed: 6406 seconds
File Contains: 121000 entries.
NMiss: 1115285 | NFake: 3674890 | NMatch: 41028953
Processing file 250 of 817: /eos/cms/store/group/phys_heavyions/hbossi/mc_productions/QCD-dijet_pThat15-event-weighted_TuneCP5_5p36TeV_pythia8/OO_MC_DijetEmbedded_pThat-15to1200_TuneCP5_5p36TeV_pythia8/260306_002843/0000/HiForestMiniAOD_325.root
Time elapsed: 6433 seconds
File Contains: 131000 entries.
NMiss: 1120110 | NFake: 3690418 | NMatch: 41201908
Processing file 251 of 817: /eos/cms/store/group/phys_heavyions/hbossi/mc_productions/QCD-dijet_pThat15-event-weighted_TuneCP5_5p36TeV_pythia8/OO_MC_DijetEmbedded_pThat-15to1200_TuneCP5_5p36TeV_pythia8/260306_002843/0000/HiForestMiniAOD_326.root
Time elapsed: 6462 seconds
File Contains: 144000 entries.
NMiss: 1125338 | NFake: 3707374 | NMatch: 41392431
Processing file 252 of 817: /eos/cms/store/group/phys_heavyions/hbossi/mc_productions/QCD-dijet_pThat15-event-weighted_TuneCP5_5p36TeV_pythia8/OO_MC_DijetEmbedded_pThat-15to1200_TuneCP5_5p36TeV_pythia8/260306_002843/0000/HiForestMiniAOD_327.root
Time elapsed: 6489 seconds
File Contains: 126000 entries.
NMiss: 1129853 | NFake: 3722395 | NMatch: 41558614
Processing file 253 of 817: /eos/cms/store/group/phys_heavyions/hbossi/mc_productions/QCD-dijet_pThat15-event-weighted_TuneCP5_5p36TeV_pythia8/OO_MC_DijetEmbedded_pThat-15to1200_TuneCP5_5p36TeV_pythia8/260306_002843/0000/HiForestMiniAOD_328.root
Time elapsed: 6508 seconds
File Contains: 109000 entries.
NMiss: 1133824 | NFake: 3735150 | NMatch: 41702951
Processing file 254 of 817: /eos/cms/store/group/phys_heavyions/hbossi/mc_productions/QCD-dijet_pThat15-event-weighted_TuneCP5_5p36TeV_pythia8/OO_MC_DijetEmbedded_pThat-15to1200_TuneCP5_5p36TeV_pythia8/260306_002843/0000/HiForestMiniAOD_329.root
Time elapsed: 6532 seconds
File Contains: 88000 entries.
NMiss: 1136935 | NFake: 3745618 | NMatch: 41818715
Processing file 255 of 817: /eos/cms/store/group/phys_heavyions/hbossi/mc_productions/QCD-dijet_pThat15-event-weighted_TuneCP5_5p36TeV_pythia8/OO_MC_DijetEmbedded_pThat-15to1200_TuneCP5_5p36TeV_pythia8/260306_002843/0000/HiForestMiniAOD_33.root
Time elapsed: 6550 seconds
File Contains: 127000 entries.
NMiss: 1141513 | NFake: 3760699 | NMatch: 41986687
Processing file 256 of 817: /eos/cms/store/group/phys_heavyions/hbossi/mc_productions/QCD-dijet_pThat15-event-weighted_TuneCP5_5p36TeV_pythia8/OO_MC_DijetEmbedded_pThat-15to1200_TuneCP5_5p36TeV_pythia8/260306_002843/0000/HiForestMiniAOD_330.root
Time elapsed: 6572 seconds
File Contains: 135000 entries.
NMiss: 1146316 | NFake: 3776838 | NMatch: 42165714
Processing file 257 of 817: /eos/cms/store/group/phys_heavyions/hbossi/mc_productions/QCD-dijet_pThat15-event-weighted_TuneCP5_5p36TeV_pythia8/OO_MC_DijetEmbedded_pThat-15to1200_TuneCP5_5p36TeV_pythia8/260306_002843/0000/HiForestMiniAOD_331.root
Time elapsed: 6594 seconds
File Contains: 127000 entries.
NMiss: 1150916 | NFake: 3791712 | NMatch: 42333535
Processing file 258 of 817: /eos/cms/store/group/phys_heavyions/hbossi/mc_productions/QCD-dijet_pThat15-event-weighted_TuneCP5_5p36TeV_pythia8/OO_MC_DijetEmbedded_pThat-15to1200_TuneCP5_5p36TeV_pythia8/260306_002843/0000/HiForestMiniAOD_332.root
Time elapsed: 6613 seconds
File Contains: 113000 entries.
NMiss: 1155001 | NFake: 3805350 | NMatch: 42482339
Processing file 259 of 817: /eos/cms/store/group/phys_heavyions/hbossi/mc_productions/QCD-dijet_pThat15-event-weighted_TuneCP5_5p36TeV_pythia8/OO_MC_DijetEmbedded_pThat-15to1200_TuneCP5_5p36TeV_pythia8/260306_002843/0000/HiForestMiniAOD_333.root
Time elapsed: 6633 seconds
File Contains: 146000 entries.
NMiss: 1160278 | NFake: 3822548 | NMatch: 42675173
Processing file 260 of 817: /eos/cms/store/group/phys_heavyions/hbossi/mc_productions/QCD-dijet_pThat15-event-weighted_TuneCP5_5p36TeV_pythia8/OO_MC_DijetEmbedded_pThat-15to1200_TuneCP5_5p36TeV_pythia8/260306_002843/0000/HiForestMiniAOD_334.root
Time elapsed: 6662 seconds
File Contains: 131000 entries.
NMiss: 1164949 | NFake: 3837970 | NMatch: 42848613
Processing file 261 of 817: /eos/cms/store/group/phys_heavyions/hbossi/mc_productions/QCD-dijet_pThat15-event-weighted_TuneCP5_5p36TeV_pythia8/OO_MC_DijetEmbedded_pThat-15to1200_TuneCP5_5p36TeV_pythia8/260306_002843/0000/HiForestMiniAOD_335.root
Time elapsed: 6683 seconds
File Contains: 134000 entries.
NMiss: 1169699 | NFake: 3854119 | NMatch: 43025518
Processing file 262 of 817: /eos/cms/store/group/phys_heavyions/hbossi/mc_productions/QCD-dijet_pThat15-event-weighted_TuneCP5_5p36TeV_pythia8/OO_MC_DijetEmbedded_pThat-15to1200_TuneCP5_5p36TeV_pythia8/260306_002843/0000/HiForestMiniAOD_336.root
Time elapsed: 6709 seconds
File Contains: 111000 entries.
NMiss: 1173602 | NFake: 3867242 | NMatch: 43172345
Processing file 263 of 817: /eos/cms/store/group/phys_heavyions/hbossi/mc_productions/QCD-dijet_pThat15-event-weighted_TuneCP5_5p36TeV_pythia8/OO_MC_DijetEmbedded_pThat-15to1200_TuneCP5_5p36TeV_pythia8/260306_002843/0000/HiForestMiniAOD_337.root
Time elapsed: 6732 seconds
File Contains: 108000 entries.
NMiss: 1177461 | NFake: 3880227 | NMatch: 43314742
Processing file 264 of 817: /eos/cms/store/group/phys_heavyions/hbossi/mc_productions/QCD-dijet_pThat15-event-weighted_TuneCP5_5p36TeV_pythia8/OO_MC_DijetEmbedded_pThat-15to1200_TuneCP5_5p36TeV_pythia8/260306_002843/0000/HiForestMiniAOD_338.root
Time elapsed: 6756 seconds
File Contains: 115000 entries.
NMiss: 1181476 | NFake: 3893768 | NMatch: 43466306
Processing file 265 of 817: /eos/cms/store/group/phys_heavyions/hbossi/mc_productions/QCD-dijet_pThat15-event-weighted_TuneCP5_5p36TeV_pythia8/OO_MC_DijetEmbedded_pThat-15to1200_TuneCP5_5p36TeV_pythia8/260306_002843/0000/HiForestMiniAOD_339.root
Time elapsed: 6779 seconds
File Contains: 147000 entries.
NMiss: 1186588 | NFake: 3911156 | NMatch: 43660294
Processing file 266 of 817: /eos/cms/store/group/phys_heavyions/hbossi/mc_productions/QCD-dijet_pThat15-event-weighted_TuneCP5_5p36TeV_pythia8/OO_MC_DijetEmbedded_pThat-15to1200_TuneCP5_5p36TeV_pythia8/260306_002843/0000/HiForestMiniAOD_34.root
Time elapsed: 6805 seconds
File Contains: 85000 entries.
NMiss: 1189690 | NFake: 3921282 | NMatch: 43772595
Processing file 267 of 817: /eos/cms/store/group/phys_heavyions/hbossi/mc_productions/QCD-dijet_pThat15-event-weighted_TuneCP5_5p36TeV_pythia8/OO_MC_DijetEmbedded_pThat-15to1200_TuneCP5_5p36TeV_pythia8/260306_002843/0000/HiForestMiniAOD_340.root
Time elapsed: 6849 seconds
File Contains: 127000 entries.
NMiss: 1194252 | NFake: 3936449 | NMatch: 43940056
Processing file 268 of 817: /eos/cms/store/group/phys_heavyions/hbossi/mc_productions/QCD-dijet_pThat15-event-weighted_TuneCP5_5p36TeV_pythia8/OO_MC_DijetEmbedded_pThat-15to1200_TuneCP5_5p36TeV_pythia8/260306_002843/0000/HiForestMiniAOD_341.root
Time elapsed: 6872 seconds
File Contains: 99000 entries.
NMiss: 1197789 | NFake: 3948178 | NMatch: 44071327
Processing file 269 of 817: /eos/cms/store/group/phys_heavyions/hbossi/mc_productions/QCD-dijet_pThat15-event-weighted_TuneCP5_5p36TeV_pythia8/OO_MC_DijetEmbedded_pThat-15to1200_TuneCP5_5p36TeV_pythia8/260306_002843/0000/HiForestMiniAOD_342.root
Time elapsed: 6890 seconds
File Contains: 134000 entries.
NMiss: 1202596 | NFake: 3963933 | NMatch: 44247639
Processing file 270 of 817: /eos/cms/store/group/phys_heavyions/hbossi/mc_productions/QCD-dijet_pThat15-event-weighted_TuneCP5_5p36TeV_pythia8/OO_MC_DijetEmbedded_pThat-15to1200_TuneCP5_5p36TeV_pythia8/260306_002843/0000/HiForestMiniAOD_343.root
Time elapsed: 6932 seconds
File Contains: 124000 entries.
NMiss: 1207258 | NFake: 3978546 | NMatch: 44411118
Processing file 271 of 817: /eos/cms/store/group/phys_heavyions/hbossi/mc_productions/QCD-dijet_pThat15-event-weighted_TuneCP5_5p36TeV_pythia8/OO_MC_DijetEmbedded_pThat-15to1200_TuneCP5_5p36TeV_pythia8/260306_002843/0000/HiForestMiniAOD_344.root
Time elapsed: 6960 seconds
File Contains: 113000 entries.
NMiss: 1211208 | NFake: 3991980 | NMatch: 44559867
Processing file 272 of 817: /eos/cms/store/group/phys_heavyions/hbossi/mc_productions/QCD-dijet_pThat15-event-weighted_TuneCP5_5p36TeV_pythia8/OO_MC_DijetEmbedded_pThat-15to1200_TuneCP5_5p36TeV_pythia8/260306_002843/0000/HiForestMiniAOD_345.root
Time elapsed: 6996 seconds
File Contains: 87000 entries.
NMiss: 1214361 | NFake: 4002399 | NMatch: 44674664
Processing file 273 of 817: /eos/cms/store/group/phys_heavyions/hbossi/mc_productions/QCD-dijet_pThat15-event-weighted_TuneCP5_5p36TeV_pythia8/OO_MC_DijetEmbedded_pThat-15to1200_TuneCP5_5p36TeV_pythia8/260306_002843/0000/HiForestMiniAOD_346.root
Time elapsed: 7013 seconds
File Contains: 121000 entries.
NMiss: 1218789 | NFake: 4016915 | NMatch: 44834472
Processing file 274 of 817: /eos/cms/store/group/phys_heavyions/hbossi/mc_productions/QCD-dijet_pThat15-event-weighted_TuneCP5_5p36TeV_pythia8/OO_MC_DijetEmbedded_pThat-15to1200_TuneCP5_5p36TeV_pythia8/260306_002843/0000/HiForestMiniAOD_347.root
Time elapsed: 7033 seconds
File Contains: 102000 entries.
NMiss: 1222447 | NFake: 4029111 | NMatch: 44969908
Processing file 275 of 817: /eos/cms/store/group/phys_heavyions/hbossi/mc_productions/QCD-dijet_pThat15-event-weighted_TuneCP5_5p36TeV_pythia8/OO_MC_DijetEmbedded_pThat-15to1200_TuneCP5_5p36TeV_pythia8/260306_002843/0000/HiForestMiniAOD_348.root
Time elapsed: 7050 seconds
File Contains: 159000 entries.
NMiss: 1228112 | NFake: 4047999 | NMatch: 45180452
Processing file 276 of 817: /eos/cms/store/group/phys_heavyions/hbossi/mc_productions/QCD-dijet_pThat15-event-weighted_TuneCP5_5p36TeV_pythia8/OO_MC_DijetEmbedded_pThat-15to1200_TuneCP5_5p36TeV_pythia8/260306_002843/0000/HiForestMiniAOD_349.root
Time elapsed: 7083 seconds
File Contains: 149000 entries.
NMiss: 1233435 | NFake: 4065597 | NMatch: 45376990
Processing file 277 of 817: /eos/cms/store/group/phys_heavyions/hbossi/mc_productions/QCD-dijet_pThat15-event-weighted_TuneCP5_5p36TeV_pythia8/OO_MC_DijetEmbedded_pThat-15to1200_TuneCP5_5p36TeV_pythia8/260306_002843/0000/HiForestMiniAOD_35.root
Time elapsed: 7122 seconds
File Contains: 110000 entries.
NMiss: 1237384 | NFake: 4078622 | NMatch: 45522055
Processing file 278 of 817: /eos/cms/store/group/phys_heavyions/hbossi/mc_productions/QCD-dijet_pThat15-event-weighted_TuneCP5_5p36TeV_pythia8/OO_MC_DijetEmbedded_pThat-15to1200_TuneCP5_5p36TeV_pythia8/260306_002843/0000/HiForestMiniAOD_350.root
Time elapsed: 7165 seconds
File Contains: 135000 entries.
NMiss: 1242299 | NFake: 4094608 | NMatch: 45700249
Processing file 279 of 817: /eos/cms/store/group/phys_heavyions/hbossi/mc_productions/QCD-dijet_pThat15-event-weighted_TuneCP5_5p36TeV_pythia8/OO_MC_DijetEmbedded_pThat-15to1200_TuneCP5_5p36TeV_pythia8/260306_002843/0000/HiForestMiniAOD_351.root
Time elapsed: 7188 seconds
File Contains: 111000 entries.
NMiss: 1246264 | NFake: 4107695 | NMatch: 45846540
Processing file 280 of 817: /eos/cms/store/group/phys_heavyions/hbossi/mc_productions/QCD-dijet_pThat15-event-weighted_TuneCP5_5p36TeV_pythia8/OO_MC_DijetEmbedded_pThat-15to1200_TuneCP5_5p36TeV_pythia8/260306_002843/0000/HiForestMiniAOD_352.root
Time elapsed: 7215 seconds
File Contains: 151000 entries.
NMiss: 1251558 | NFake: 4125593 | NMatch: 46046506
Processing file 281 of 817: /eos/cms/store/group/phys_heavyions/hbossi/mc_productions/QCD-dijet_pThat15-event-weighted_TuneCP5_5p36TeV_pythia8/OO_MC_DijetEmbedded_pThat-15to1200_TuneCP5_5p36TeV_pythia8/260306_002843/0000/HiForestMiniAOD_353.root
Time elapsed: 7243 seconds
File Contains: 144000 entries.
NMiss: 1256777 | NFake: 4142677 | NMatch: 46236509
Processing file 282 of 817: /eos/cms/store/group/phys_heavyions/hbossi/mc_productions/QCD-dijet_pThat15-event-weighted_TuneCP5_5p36TeV_pythia8/OO_MC_DijetEmbedded_pThat-15to1200_TuneCP5_5p36TeV_pythia8/260306_002843/0000/HiForestMiniAOD_354.root
Time elapsed: 7269 seconds
File Contains: 117000 entries.
NMiss: 1260906 | NFake: 4156591 | NMatch: 46391429
Processing file 283 of 817: /eos/cms/store/group/phys_heavyions/hbossi/mc_productions/QCD-dijet_pThat15-event-weighted_TuneCP5_5p36TeV_pythia8/OO_MC_DijetEmbedded_pThat-15to1200_TuneCP5_5p36TeV_pythia8/260306_002843/0000/HiForestMiniAOD_355.root
Time elapsed: 7290 seconds
File Contains: 166000 entries.
NMiss: 1266857 | NFake: 4176398 | NMatch: 46610316
Processing file 284 of 817: /eos/cms/store/group/phys_heavyions/hbossi/mc_productions/QCD-dijet_pThat15-event-weighted_TuneCP5_5p36TeV_pythia8/OO_MC_DijetEmbedded_pThat-15to1200_TuneCP5_5p36TeV_pythia8/260306_002843/0000/HiForestMiniAOD_356.root
Time elapsed: 7316 seconds
File Contains: 141000 entries.
NMiss: 1271875 | NFake: 4192980 | NMatch: 46795592
Processing file 285 of 817: /eos/cms/store/group/phys_heavyions/hbossi/mc_productions/QCD-dijet_pThat15-event-weighted_TuneCP5_5p36TeV_pythia8/OO_MC_DijetEmbedded_pThat-15to1200_TuneCP5_5p36TeV_pythia8/260306_002843/0000/HiForestMiniAOD_357.root
Time elapsed: 7340 seconds
File Contains: 129000 entries.
NMiss: 1276450 | NFake: 4208426 | NMatch: 46965549
Processing file 286 of 817: /eos/cms/store/group/phys_heavyions/hbossi/mc_productions/QCD-dijet_pThat15-event-weighted_TuneCP5_5p36TeV_pythia8/OO_MC_DijetEmbedded_pThat-15to1200_TuneCP5_5p36TeV_pythia8/260306_002843/0000/HiForestMiniAOD_358.root
Time elapsed: 7369 seconds
File Contains: 151000 entries.
NMiss: 1281891 | NFake: 4226329 | NMatch: 47164834
Processing file 287 of 817: /eos/cms/store/group/phys_heavyions/hbossi/mc_productions/QCD-dijet_pThat15-event-weighted_TuneCP5_5p36TeV_pythia8/OO_MC_DijetEmbedded_pThat-15to1200_TuneCP5_5p36TeV_pythia8/260306_002843/0000/HiForestMiniAOD_359.root
Time elapsed: 7395 seconds
File Contains: 147000 entries.
NMiss: 1287132 | NFake: 4243883 | NMatch: 47359335
Processing file 288 of 817: /eos/cms/store/group/phys_heavyions/hbossi/mc_productions/QCD-dijet_pThat15-event-weighted_TuneCP5_5p36TeV_pythia8/OO_MC_DijetEmbedded_pThat-15to1200_TuneCP5_5p36TeV_pythia8/260306_002843/0000/HiForestMiniAOD_36.root
Time elapsed: 7420 seconds
File Contains: 109000 entries.
NMiss: 1290990 | NFake: 4256861 | NMatch: 47503009
Processing file 289 of 817: /eos/cms/store/group/phys_heavyions/hbossi/mc_productions/QCD-dijet_pThat15-event-weighted_TuneCP5_5p36TeV_pythia8/OO_MC_DijetEmbedded_pThat-15to1200_TuneCP5_5p36TeV_pythia8/260306_002843/0000/HiForestMiniAOD_360.root
Time elapsed: 7447 seconds
File Contains: 136000 entries.
NMiss: 1295970 | NFake: 4272942 | NMatch: 47682761
Processing file 290 of 817: /eos/cms/store/group/phys_heavyions/hbossi/mc_productions/QCD-dijet_pThat15-event-weighted_TuneCP5_5p36TeV_pythia8/OO_MC_DijetEmbedded_pThat-15to1200_TuneCP5_5p36TeV_pythia8/260306_002843/0000/HiForestMiniAOD_361.root
Time elapsed: 7472 seconds
File Contains: 102000 entries.
NMiss: 1299740 | NFake: 4285174 | NMatch: 47817230
Processing file 291 of 817: /eos/cms/store/group/phys_heavyions/hbossi/mc_productions/QCD-dijet_pThat15-event-weighted_TuneCP5_5p36TeV_pythia8/OO_MC_DijetEmbedded_pThat-15to1200_TuneCP5_5p36TeV_pythia8/260306_002843/0000/HiForestMiniAOD_362.root
Time elapsed: 7498 seconds
File Contains: 127000 entries.
NMiss: 1304322 | NFake: 4300118 | NMatch: 47985523
Processing file 292 of 817: /eos/cms/store/group/phys_heavyions/hbossi/mc_productions/QCD-dijet_pThat15-event-weighted_TuneCP5_5p36TeV_pythia8/OO_MC_DijetEmbedded_pThat-15to1200_TuneCP5_5p36TeV_pythia8/260306_002843/0000/HiForestMiniAOD_363.root
Time elapsed: 7524 seconds
File Contains: 151000 entries.
NMiss: 1309674 | NFake: 4318029 | NMatch: 48184368
Processing file 293 of 817: /eos/cms/store/group/phys_heavyions/hbossi/mc_productions/QCD-dijet_pThat15-event-weighted_TuneCP5_5p36TeV_pythia8/OO_MC_DijetEmbedded_pThat-15to1200_TuneCP5_5p36TeV_pythia8/260306_002843/0000/HiForestMiniAOD_364.root
Time elapsed: 7550 seconds
File Contains: 96000 entries.
NMiss: 1313086 | NFake: 4329236 | NMatch: 48310805
Processing file 294 of 817: /eos/cms/store/group/phys_heavyions/hbossi/mc_productions/QCD-dijet_pThat15-event-weighted_TuneCP5_5p36TeV_pythia8/OO_MC_DijetEmbedded_pThat-15to1200_TuneCP5_5p36TeV_pythia8/260306_002843/0000/HiForestMiniAOD_365.root
Time elapsed: 7585 seconds
File Contains: 140000 entries.
NMiss: 1318236 | NFake: 4345864 | NMatch: 48496009
Processing file 295 of 817: /eos/cms/store/group/phys_heavyions/hbossi/mc_productions/QCD-dijet_pThat15-event-weighted_TuneCP5_5p36TeV_pythia8/OO_MC_DijetEmbedded_pThat-15to1200_TuneCP5_5p36TeV_pythia8/260306_002843/0000/HiForestMiniAOD_366.root
Time elapsed: 7609 seconds
File Contains: 137000 entries.
NMiss: 1323223 | NFake: 4362077 | NMatch: 48676723
Processing file 296 of 817: /eos/cms/store/group/phys_heavyions/hbossi/mc_productions/QCD-dijet_pThat15-event-weighted_TuneCP5_5p36TeV_pythia8/OO_MC_DijetEmbedded_pThat-15to1200_TuneCP5_5p36TeV_pythia8/260306_002843/0000/HiForestMiniAOD_367.root
Time elapsed: 7633 seconds
File Contains: 95000 entries.
NMiss: 1326600 | NFake: 4373248 | NMatch: 48802366
Processing file 297 of 817: /eos/cms/store/group/phys_heavyions/hbossi/mc_productions/QCD-dijet_pThat15-event-weighted_TuneCP5_5p36TeV_pythia8/OO_MC_DijetEmbedded_pThat-15to1200_TuneCP5_5p36TeV_pythia8/260306_002843/0000/HiForestMiniAOD_368.root
Time elapsed: 7649 seconds
File Contains: 139000 entries.
NMiss: 1331648 | NFake: 4389842 | NMatch: 48986522
Processing file 298 of 817: /eos/cms/store/group/phys_heavyions/hbossi/mc_productions/QCD-dijet_pThat15-event-weighted_TuneCP5_5p36TeV_pythia8/OO_MC_DijetEmbedded_pThat-15to1200_TuneCP5_5p36TeV_pythia8/260306_002843/0000/HiForestMiniAOD_369.root
Time elapsed: 7674 seconds
File Contains: 113000 entries.
NMiss: 1335811 | NFake: 4403241 | NMatch: 49136225
Processing file 299 of 817: /eos/cms/store/group/phys_heavyions/hbossi/mc_productions/QCD-dijet_pThat15-event-weighted_TuneCP5_5p36TeV_pythia8/OO_MC_DijetEmbedded_pThat-15to1200_TuneCP5_5p36TeV_pythia8/260306_002843/0000/HiForestMiniAOD_37.root
Time elapsed: 7700 seconds
File Contains: 127000 entries.
NMiss: 1340438 | NFake: 4418325 | NMatch: 49303978
Processing file 300 of 817: /eos/cms/store/group/phys_heavyions/hbossi/mc_productions/QCD-dijet_pThat15-event-weighted_TuneCP5_5p36TeV_pythia8/OO_MC_DijetEmbedded_pThat-15to1200_TuneCP5_5p36TeV_pythia8/260306_002843/0000/HiForestMiniAOD_370.root
Time elapsed: 7730 seconds
File Contains: 135000 entries.
NMiss: 1345283 | NFake: 4434128 | NMatch: 49482215
Processing file 301 of 817: /eos/cms/store/group/phys_heavyions/hbossi/mc_productions/QCD-dijet_pThat15-event-weighted_TuneCP5_5p36TeV_pythia8/OO_MC_DijetEmbedded_pThat-15to1200_TuneCP5_5p36TeV_pythia8/260306_002843/0000/HiForestMiniAOD_371.root
Time elapsed: 7754 seconds
File Contains: 138000 entries.
NMiss: 1350183 | NFake: 4450391 | NMatch: 49663767
Processing file 302 of 817: /eos/cms/store/group/phys_heavyions/hbossi/mc_productions/QCD-dijet_pThat15-event-weighted_TuneCP5_5p36TeV_pythia8/OO_MC_DijetEmbedded_pThat-15to1200_TuneCP5_5p36TeV_pythia8/260306_002843/0000/HiForestMiniAOD_372.root
Time elapsed: 7780 seconds
File Contains: 145000 entries.
NMiss: 1355324 | NFake: 4467738 | NMatch: 49855734
Processing file 303 of 817: /eos/cms/store/group/phys_heavyions/hbossi/mc_productions/QCD-dijet_pThat15-event-weighted_TuneCP5_5p36TeV_pythia8/OO_MC_DijetEmbedded_pThat-15to1200_TuneCP5_5p36TeV_pythia8/260306_002843/0000/HiForestMiniAOD_373.root
Time elapsed: 7802 seconds
File Contains: 95000 entries.
NMiss: 1358695 | NFake: 4478876 | NMatch: 49980961
Processing file 304 of 817: /eos/cms/store/group/phys_heavyions/hbossi/mc_productions/QCD-dijet_pThat15-event-weighted_TuneCP5_5p36TeV_pythia8/OO_MC_DijetEmbedded_pThat-15to1200_TuneCP5_5p36TeV_pythia8/260306_002843/0000/HiForestMiniAOD_374.root
Time elapsed: 7824 seconds
File Contains: 130000 entries.
NMiss: 1363504 | NFake: 4494225 | NMatch: 50152419
Processing file 305 of 817: /eos/cms/store/group/phys_heavyions/hbossi/mc_productions/QCD-dijet_pThat15-event-weighted_TuneCP5_5p36TeV_pythia8/OO_MC_DijetEmbedded_pThat-15to1200_TuneCP5_5p36TeV_pythia8/260306_002843/0000/HiForestMiniAOD_375.root
Time elapsed: 7851 seconds
File Contains: 99000 entries.
NMiss: 1367039 | NFake: 4505928 | NMatch: 50283377
Processing file 306 of 817: /eos/cms/store/group/phys_heavyions/hbossi/mc_productions/QCD-dijet_pThat15-event-weighted_TuneCP5_5p36TeV_pythia8/OO_MC_DijetEmbedded_pThat-15to1200_TuneCP5_5p36TeV_pythia8/260306_002843/0000/HiForestMiniAOD_376.root
Time elapsed: 7881 seconds
File Contains: 100000 entries.
NMiss: 1370555 | NFake: 4517634 | NMatch: 50415617
Processing file 307 of 817: /eos/cms/store/group/phys_heavyions/hbossi/mc_productions/QCD-dijet_pThat15-event-weighted_TuneCP5_5p36TeV_pythia8/OO_MC_DijetEmbedded_pThat-15to1200_TuneCP5_5p36TeV_pythia8/260306_002843/0000/HiForestMiniAOD_377.root
Time elapsed: 7899 seconds
File Contains: 106000 entries.
NMiss: 1374371 | NFake: 4530207 | NMatch: 50555604
Processing file 308 of 817: /eos/cms/store/group/phys_heavyions/hbossi/mc_productions/QCD-dijet_pThat15-event-weighted_TuneCP5_5p36TeV_pythia8/OO_MC_DijetEmbedded_pThat-15to1200_TuneCP5_5p36TeV_pythia8/260306_002843/0000/HiForestMiniAOD_378.root
Time elapsed: 7925 seconds
File Contains: 137000 entries.
NMiss: 1379297 | NFake: 4546240 | NMatch: 50736664
Processing file 309 of 817: /eos/cms/store/group/phys_heavyions/hbossi/mc_productions/QCD-dijet_pThat15-event-weighted_TuneCP5_5p36TeV_pythia8/OO_MC_DijetEmbedded_pThat-15to1200_TuneCP5_5p36TeV_pythia8/260306_002843/0000/HiForestMiniAOD_379.root
Time elapsed: 7946 seconds
File Contains: 102000 entries.
NMiss: 1383127 | NFake: 4558427 | NMatch: 50871577
Processing file 310 of 817: /eos/cms/store/group/phys_heavyions/hbossi/mc_productions/QCD-dijet_pThat15-event-weighted_TuneCP5_5p36TeV_pythia8/OO_MC_DijetEmbedded_pThat-15to1200_TuneCP5_5p36TeV_pythia8/260306_002843/0000/HiForestMiniAOD_38.root
Time elapsed: 7964 seconds
File Contains: 131000 entries.
NMiss: 1387793 | NFake: 4573719 | NMatch: 51044389
Processing file 311 of 817: /eos/cms/store/group/phys_heavyions/hbossi/mc_productions/QCD-dijet_pThat15-event-weighted_TuneCP5_5p36TeV_pythia8/OO_MC_DijetEmbedded_pThat-15to1200_TuneCP5_5p36TeV_pythia8/260306_002843/0000/HiForestMiniAOD_380.root
Time elapsed: 7991 seconds
File Contains: 98000 entries.
NMiss: 1391369 | NFake: 4585379 | NMatch: 51174177
Processing file 312 of 817: /eos/cms/store/group/phys_heavyions/hbossi/mc_productions/QCD-dijet_pThat15-event-weighted_TuneCP5_5p36TeV_pythia8/OO_MC_DijetEmbedded_pThat-15to1200_TuneCP5_5p36TeV_pythia8/260306_002843/0000/HiForestMiniAOD_381.root
Time elapsed: 8012 seconds
File Contains: 135000 entries.
NMiss: 1396309 | NFake: 4601241 | NMatch: 51352114
Processing file 313 of 817: /eos/cms/store/group/phys_heavyions/hbossi/mc_productions/QCD-dijet_pThat15-event-weighted_TuneCP5_5p36TeV_pythia8/OO_MC_DijetEmbedded_pThat-15to1200_TuneCP5_5p36TeV_pythia8/260306_002843/0000/HiForestMiniAOD_382.root
Time elapsed: 8033 seconds
File Contains: 123000 entries.
NMiss: 1400725 | NFake: 4615826 | NMatch: 51514218
Processing file 314 of 817: /eos/cms/store/group/phys_heavyions/hbossi/mc_productions/QCD-dijet_pThat15-event-weighted_TuneCP5_5p36TeV_pythia8/OO_MC_DijetEmbedded_pThat-15to1200_TuneCP5_5p36TeV_pythia8/260306_002843/0000/HiForestMiniAOD_383.root
Time elapsed: 8056 seconds
File Contains: 130000 entries.
NMiss: 1405468 | NFake: 4631170 | NMatch: 51686038
Processing file 315 of 817: /eos/cms/store/group/phys_heavyions/hbossi/mc_productions/QCD-dijet_pThat15-event-weighted_TuneCP5_5p36TeV_pythia8/OO_MC_DijetEmbedded_pThat-15to1200_TuneCP5_5p36TeV_pythia8/260306_002843/0000/HiForestMiniAOD_384.root
Time elapsed: 8079 seconds
File Contains: 126000 entries.
NMiss: 1410026 | NFake: 4645890 | NMatch: 51852356
Processing file 316 of 817: /eos/cms/store/group/phys_heavyions/hbossi/mc_productions/QCD-dijet_pThat15-event-weighted_TuneCP5_5p36TeV_pythia8/OO_MC_DijetEmbedded_pThat-15to1200_TuneCP5_5p36TeV_pythia8/260306_002843/0000/HiForestMiniAOD_385.root
Time elapsed: 8095 seconds
File Contains: 125000 entries.
NMiss: 1414620 | NFake: 4660402 | NMatch: 52018435
Processing file 317 of 817: /eos/cms/store/group/phys_heavyions/hbossi/mc_productions/QCD-dijet_pThat15-event-weighted_TuneCP5_5p36TeV_pythia8/OO_MC_DijetEmbedded_pThat-15to1200_TuneCP5_5p36TeV_pythia8/260306_002843/0000/HiForestMiniAOD_386.root
Time elapsed: 8121 seconds
File Contains: 150000 entries.
NMiss: 1419851 | NFake: 4678044 | NMatch: 52216853
Processing file 318 of 817: /eos/cms/store/group/phys_heavyions/hbossi/mc_productions/QCD-dijet_pThat15-event-weighted_TuneCP5_5p36TeV_pythia8/OO_MC_DijetEmbedded_pThat-15to1200_TuneCP5_5p36TeV_pythia8/260306_002843/0000/HiForestMiniAOD_387.root
Time elapsed: 8142 seconds
File Contains: 144000 entries.
NMiss: 1425075 | NFake: 4695175 | NMatch: 52407032
Processing file 319 of 817: /eos/cms/store/group/phys_heavyions/hbossi/mc_productions/QCD-dijet_pThat15-event-weighted_TuneCP5_5p36TeV_pythia8/OO_MC_DijetEmbedded_pThat-15to1200_TuneCP5_5p36TeV_pythia8/260306_002843/0000/HiForestMiniAOD_388.root
Time elapsed: 8165 seconds
File Contains: 102000 entries.
NMiss: 1428864 | NFake: 4707337 | NMatch: 52541323
Processing file 320 of 817: /eos/cms/store/group/phys_heavyions/hbossi/mc_productions/QCD-dijet_pThat15-event-weighted_TuneCP5_5p36TeV_pythia8/OO_MC_DijetEmbedded_pThat-15to1200_TuneCP5_5p36TeV_pythia8/260306_002843/0000/HiForestMiniAOD_389.root
Time elapsed: 8184 seconds
File Contains: 125000 entries.
NMiss: 1433356 | NFake: 4722297 | NMatch: 52706701
Processing file 321 of 817: /eos/cms/store/group/phys_heavyions/hbossi/mc_productions/QCD-dijet_pThat15-event-weighted_TuneCP5_5p36TeV_pythia8/OO_MC_DijetEmbedded_pThat-15to1200_TuneCP5_5p36TeV_pythia8/260306_002843/0000/HiForestMiniAOD_39.root
Time elapsed: 8209 seconds
File Contains: 117000 entries.
NMiss: 1437510 | NFake: 4736015 | NMatch: 52861938
Processing file 322 of 817: /eos/cms/store/group/phys_heavyions/hbossi/mc_productions/QCD-dijet_pThat15-event-weighted_TuneCP5_5p36TeV_pythia8/OO_MC_DijetEmbedded_pThat-15to1200_TuneCP5_5p36TeV_pythia8/260306_002843/0000/HiForestMiniAOD_390.root
Time elapsed: 8226 seconds
File Contains: 146000 entries.
NMiss: 1442845 | NFake: 4753193 | NMatch: 53053837
Processing file 323 of 817: /eos/cms/store/group/phys_heavyions/hbossi/mc_productions/QCD-dijet_pThat15-event-weighted_TuneCP5_5p36TeV_pythia8/OO_MC_DijetEmbedded_pThat-15to1200_TuneCP5_5p36TeV_pythia8/260306_002843/0000/HiForestMiniAOD_391.root
Time elapsed: 8253 seconds
File Contains: 122000 entries.
NMiss: 1447165 | NFake: 4767672 | NMatch: 53215070
Processing file 324 of 817: /eos/cms/store/group/phys_heavyions/hbossi/mc_productions/QCD-dijet_pThat15-event-weighted_TuneCP5_5p36TeV_pythia8/OO_MC_DijetEmbedded_pThat-15to1200_TuneCP5_5p36TeV_pythia8/260306_002843/0000/HiForestMiniAOD_392.root
Time elapsed: 8286 seconds
File Contains: 128000 entries.
NMiss: 1451859 | NFake: 4782896 | NMatch: 53383595
Processing file 325 of 817: /eos/cms/store/group/phys_heavyions/hbossi/mc_productions/QCD-dijet_pThat15-event-weighted_TuneCP5_5p36TeV_pythia8/OO_MC_DijetEmbedded_pThat-15to1200_TuneCP5_5p36TeV_pythia8/260306_002843/0000/HiForestMiniAOD_393.root
Time elapsed: 8307 seconds
File Contains: 127000 entries.
NMiss: 1456384 | NFake: 4797943 | NMatch: 53551041
Processing file 326 of 817: /eos/cms/store/group/phys_heavyions/hbossi/mc_productions/QCD-dijet_pThat15-event-weighted_TuneCP5_5p36TeV_pythia8/OO_MC_DijetEmbedded_pThat-15to1200_TuneCP5_5p36TeV_pythia8/260306_002843/0000/HiForestMiniAOD_394.root
Time elapsed: 8326 seconds
File Contains: 154000 entries.
NMiss: 1461865 | NFake: 4816127 | NMatch: 53754139
Processing file 327 of 817: /eos/cms/store/group/phys_heavyions/hbossi/mc_productions/QCD-dijet_pThat15-event-weighted_TuneCP5_5p36TeV_pythia8/OO_MC_DijetEmbedded_pThat-15to1200_TuneCP5_5p36TeV_pythia8/260306_002843/0000/HiForestMiniAOD_395.root
Time elapsed: 8348 seconds
File Contains: 132000 entries.
NMiss: 1466696 | NFake: 4831513 | NMatch: 53928640
Processing file 328 of 817: /eos/cms/store/group/phys_heavyions/hbossi/mc_productions/QCD-dijet_pThat15-event-weighted_TuneCP5_5p36TeV_pythia8/OO_MC_DijetEmbedded_pThat-15to1200_TuneCP5_5p36TeV_pythia8/260306_002843/0000/HiForestMiniAOD_396.root
Time elapsed: 8368 seconds
File Contains: 100000 entries.
NMiss: 1470329 | NFake: 4843463 | NMatch: 54060213
Processing file 329 of 817: /eos/cms/store/group/phys_heavyions/hbossi/mc_productions/QCD-dijet_pThat15-event-weighted_TuneCP5_5p36TeV_pythia8/OO_MC_DijetEmbedded_pThat-15to1200_TuneCP5_5p36TeV_pythia8/260306_002843/0000/HiForestMiniAOD_397.root
Time elapsed: 8394 seconds
File Contains: 119000 entries.
NMiss: 1474575 | NFake: 4857368 | NMatch: 54217108
Processing file 330 of 817: /eos/cms/store/group/phys_heavyions/hbossi/mc_productions/QCD-dijet_pThat15-event-weighted_TuneCP5_5p36TeV_pythia8/OO_MC_DijetEmbedded_pThat-15to1200_TuneCP5_5p36TeV_pythia8/260306_002843/0000/HiForestMiniAOD_398.root
Time elapsed: 8414 seconds
File Contains: 118000 entries.
NMiss: 1478759 | NFake: 4871409 | NMatch: 54373526
Processing file 331 of 817: /eos/cms/store/group/phys_heavyions/hbossi/mc_productions/QCD-dijet_pThat15-event-weighted_TuneCP5_5p36TeV_pythia8/OO_MC_DijetEmbedded_pThat-15to1200_TuneCP5_5p36TeV_pythia8/260306_002843/0000/HiForestMiniAOD_399.root
Time elapsed: 8433 seconds
File Contains: 149000 entries.
NMiss: 1484233 | NFake: 4889012 | NMatch: 54570453
Processing file 332 of 817: /eos/cms/store/group/phys_heavyions/hbossi/mc_productions/QCD-dijet_pThat15-event-weighted_TuneCP5_5p36TeV_pythia8/OO_MC_DijetEmbedded_pThat-15to1200_TuneCP5_5p36TeV_pythia8/260306_002843/0000/HiForestMiniAOD_4.root
Time elapsed: 8456 seconds
File Contains: 137000 entries.
NMiss: 1489140 | NFake: 4905396 | NMatch: 54751508
Processing file 333 of 817: /eos/cms/store/group/phys_heavyions/hbossi/mc_productions/QCD-dijet_pThat15-event-weighted_TuneCP5_5p36TeV_pythia8/OO_MC_DijetEmbedded_pThat-15to1200_TuneCP5_5p36TeV_pythia8/260306_002843/0000/HiForestMiniAOD_40.root
Time elapsed: 8502 seconds
File Contains: 149000 entries.
NMiss: 1494433 | NFake: 4922819 | NMatch: 54947426
Processing file 334 of 817: /eos/cms/store/group/phys_heavyions/hbossi/mc_productions/QCD-dijet_pThat15-event-weighted_TuneCP5_5p36TeV_pythia8/OO_MC_DijetEmbedded_pThat-15to1200_TuneCP5_5p36TeV_pythia8/260306_002843/0000/HiForestMiniAOD_400.root
Time elapsed: 8557 seconds
File Contains: 146000 entries.
NMiss: 1499701 | NFake: 4940151 | NMatch: 55140682
Processing file 335 of 817: /eos/cms/store/group/phys_heavyions/hbossi/mc_productions/QCD-dijet_pThat15-event-weighted_TuneCP5_5p36TeV_pythia8/OO_MC_DijetEmbedded_pThat-15to1200_TuneCP5_5p36TeV_pythia8/260306_002843/0000/HiForestMiniAOD_401.root
Time elapsed: 8583 seconds
File Contains: 92000 entries.
NMiss: 1502944 | NFake: 4951044 | NMatch: 55261965
Processing file 336 of 817: /eos/cms/store/group/phys_heavyions/hbossi/mc_productions/QCD-dijet_pThat15-event-weighted_TuneCP5_5p36TeV_pythia8/OO_MC_DijetEmbedded_pThat-15to1200_TuneCP5_5p36TeV_pythia8/260306_002843/0000/HiForestMiniAOD_402.root
Time elapsed: 8619 seconds
File Contains: 89000 entries.
NMiss: 1506155 | NFake: 4961455 | NMatch: 55379486
Processing file 337 of 817: /eos/cms/store/group/phys_heavyions/hbossi/mc_productions/QCD-dijet_pThat15-event-weighted_TuneCP5_5p36TeV_pythia8/OO_MC_DijetEmbedded_pThat-15to1200_TuneCP5_5p36TeV_pythia8/260306_002843/0000/HiForestMiniAOD_403.root
Time elapsed: 8636 seconds
File Contains: 162000 entries.
NMiss: 1512042 | NFake: 4980795 | NMatch: 55594052
Processing file 338 of 817: /eos/cms/store/group/phys_heavyions/hbossi/mc_productions/QCD-dijet_pThat15-event-weighted_TuneCP5_5p36TeV_pythia8/OO_MC_DijetEmbedded_pThat-15to1200_TuneCP5_5p36TeV_pythia8/260306_002843/0000/HiForestMiniAOD_404.root
Time elapsed: 8661 seconds
File Contains: 117000 entries.
NMiss: 1516169 | NFake: 4994448 | NMatch: 55748221
Processing file 339 of 817: /eos/cms/store/group/phys_heavyions/hbossi/mc_productions/QCD-dijet_pThat15-event-weighted_TuneCP5_5p36TeV_pythia8/OO_MC_DijetEmbedded_pThat-15to1200_TuneCP5_5p36TeV_pythia8/260306_002843/0000/HiForestMiniAOD_405.root
Time elapsed: 8698 seconds
File Contains: 128000 entries.
NMiss: 1520771 | NFake: 5009624 | NMatch: 55917564
Processing file 340 of 817: /eos/cms/store/group/phys_heavyions/hbossi/mc_productions/QCD-dijet_pThat15-event-weighted_TuneCP5_5p36TeV_pythia8/OO_MC_DijetEmbedded_pThat-15to1200_TuneCP5_5p36TeV_pythia8/260306_002843/0000/HiForestMiniAOD_406.root
Time elapsed: 8720 seconds
File Contains: 109000 entries.
NMiss: 1524771 | NFake: 5022402 | NMatch: 56061300
Processing file 341 of 817: /eos/cms/store/group/phys_heavyions/hbossi/mc_productions/QCD-dijet_pThat15-event-weighted_TuneCP5_5p36TeV_pythia8/OO_MC_DijetEmbedded_pThat-15to1200_TuneCP5_5p36TeV_pythia8/260306_002843/0000/HiForestMiniAOD_407.root
Time elapsed: 8740 seconds
File Contains: 138000 entries.
NMiss: 1529692 | NFake: 5038761 | NMatch: 56243584
Processing file 342 of 817: /eos/cms/store/group/phys_heavyions/hbossi/mc_productions/QCD-dijet_pThat15-event-weighted_TuneCP5_5p36TeV_pythia8/OO_MC_DijetEmbedded_pThat-15to1200_TuneCP5_5p36TeV_pythia8/260306_002843/0000/HiForestMiniAOD_408.root
Time elapsed: 8761 seconds
File Contains: 127000 entries.
NMiss: 1534244 | NFake: 5054012 | NMatch: 56411138
Processing file 343 of 817: /eos/cms/store/group/phys_heavyions/hbossi/mc_productions/QCD-dijet_pThat15-event-weighted_TuneCP5_5p36TeV_pythia8/OO_MC_DijetEmbedded_pThat-15to1200_TuneCP5_5p36TeV_pythia8/260306_002843/0000/HiForestMiniAOD_409.root
Time elapsed: 8792 seconds
File Contains: 153000 entries.
NMiss: 1539664 | NFake: 5071810 | NMatch: 56613192
Processing file 344 of 817: /eos/cms/store/group/phys_heavyions/hbossi/mc_productions/QCD-dijet_pThat15-event-weighted_TuneCP5_5p36TeV_pythia8/OO_MC_DijetEmbedded_pThat-15to1200_TuneCP5_5p36TeV_pythia8/260306_002843/0000/HiForestMiniAOD_41.root
Time elapsed: 8814 seconds
File Contains: 78000 entries.
NMiss: 1542495 | NFake: 5081201 | NMatch: 56716507
Processing file 345 of 817: /eos/cms/store/group/phys_heavyions/hbossi/mc_productions/QCD-dijet_pThat15-event-weighted_TuneCP5_5p36TeV_pythia8/OO_MC_DijetEmbedded_pThat-15to1200_TuneCP5_5p36TeV_pythia8/260306_002843/0000/HiForestMiniAOD_410.root
Time elapsed: 8829 seconds
File Contains: 166000 entries.
NMiss: 1548434 | NFake: 5100826 | NMatch: 56935747
Processing file 346 of 817: /eos/cms/store/group/phys_heavyions/hbossi/mc_productions/QCD-dijet_pThat15-event-weighted_TuneCP5_5p36TeV_pythia8/OO_MC_DijetEmbedded_pThat-15to1200_TuneCP5_5p36TeV_pythia8/260306_002843/0000/HiForestMiniAOD_411.root
Time elapsed: 8858 seconds
File Contains: 88000 entries.
NMiss: 1551666 | NFake: 5111176 | NMatch: 57052422
Processing file 347 of 817: /eos/cms/store/group/phys_heavyions/hbossi/mc_productions/QCD-dijet_pThat15-event-weighted_TuneCP5_5p36TeV_pythia8/OO_MC_DijetEmbedded_pThat-15to1200_TuneCP5_5p36TeV_pythia8/260306_002843/0000/HiForestMiniAOD_412.root
Time elapsed: 8885 seconds
File Contains: 158000 entries.
NMiss: 1557328 | NFake: 5130002 | NMatch: 57261703
Processing file 348 of 817: /eos/cms/store/group/phys_heavyions/hbossi/mc_productions/QCD-dijet_pThat15-event-weighted_TuneCP5_5p36TeV_pythia8/OO_MC_DijetEmbedded_pThat-15to1200_TuneCP5_5p36TeV_pythia8/260306_002843/0000/HiForestMiniAOD_413.root
Time elapsed: 8920 seconds
File Contains: 116000 entries.
NMiss: 1561465 | NFake: 5143663 | NMatch: 57414977
Processing file 349 of 817: /eos/cms/store/group/phys_heavyions/hbossi/mc_productions/QCD-dijet_pThat15-event-weighted_TuneCP5_5p36TeV_pythia8/OO_MC_DijetEmbedded_pThat-15to1200_TuneCP5_5p36TeV_pythia8/260306_002843/0000/HiForestMiniAOD_414.root
Time elapsed: 8941 seconds
File Contains: 95000 entries.
NMiss: 1564931 | NFake: 5154814 | NMatch: 57540702
Processing file 350 of 817: /eos/cms/store/group/phys_heavyions/hbossi/mc_productions/QCD-dijet_pThat15-event-weighted_TuneCP5_5p36TeV_pythia8/OO_MC_DijetEmbedded_pThat-15to1200_TuneCP5_5p36TeV_pythia8/260306_002843/0000/HiForestMiniAOD_415.root
Time elapsed: 8956 seconds
File Contains: 105000 entries.
NMiss: 1568716 | NFake: 5167305 | NMatch: 57678890
Processing file 351 of 817: /eos/cms/store/group/phys_heavyions/hbossi/mc_productions/QCD-dijet_pThat15-event-weighted_TuneCP5_5p36TeV_pythia8/OO_MC_DijetEmbedded_pThat-15to1200_TuneCP5_5p36TeV_pythia8/260306_002843/0000/HiForestMiniAOD_416.root
Time elapsed: 8987 seconds
File Contains: 110000 entries.
NMiss: 1572692 | NFake: 5180219 | NMatch: 57823891
Processing file 352 of 817: /eos/cms/store/group/phys_heavyions/hbossi/mc_productions/QCD-dijet_pThat15-event-weighted_TuneCP5_5p36TeV_pythia8/OO_MC_DijetEmbedded_pThat-15to1200_TuneCP5_5p36TeV_pythia8/260306_002843/0000/HiForestMiniAOD_417.root
Time elapsed: 9007 seconds
File Contains: 97000 entries.
NMiss: 1576165 | NFake: 5191858 | NMatch: 57952272
Processing file 353 of 817: /eos/cms/store/group/phys_heavyions/hbossi/mc_productions/QCD-dijet_pThat15-event-weighted_TuneCP5_5p36TeV_pythia8/OO_MC_DijetEmbedded_pThat-15to1200_TuneCP5_5p36TeV_pythia8/260306_002843/0000/HiForestMiniAOD_418.root
Time elapsed: 9031 seconds
File Contains: 130000 entries.
NMiss: 1580811 | NFake: 5207244 | NMatch: 58123944
Processing file 354 of 817: /eos/cms/store/group/phys_heavyions/hbossi/mc_productions/QCD-dijet_pThat15-event-weighted_TuneCP5_5p36TeV_pythia8/OO_MC_DijetEmbedded_pThat-15to1200_TuneCP5_5p36TeV_pythia8/260306_002843/0000/HiForestMiniAOD_419.root
Time elapsed: 9054 seconds
File Contains: 119000 entries.
NMiss: 1585177 | NFake: 5221529 | NMatch: 58281451
Processing file 355 of 817: /eos/cms/store/group/phys_heavyions/hbossi/mc_productions/QCD-dijet_pThat15-event-weighted_TuneCP5_5p36TeV_pythia8/OO_MC_DijetEmbedded_pThat-15to1200_TuneCP5_5p36TeV_pythia8/260306_002843/0000/HiForestMiniAOD_42.root
Time elapsed: 9075 seconds
File Contains: 93000 entries.
NMiss: 1588524 | NFake: 5232367 | NMatch: 58404166
Processing file 356 of 817: /eos/cms/store/group/phys_heavyions/hbossi/mc_productions/QCD-dijet_pThat15-event-weighted_TuneCP5_5p36TeV_pythia8/OO_MC_DijetEmbedded_pThat-15to1200_TuneCP5_5p36TeV_pythia8/260306_002843/0000/HiForestMiniAOD_420.root
Time elapsed: 9098 seconds
File Contains: 166000 entries.
NMiss: 1594377 | NFake: 5251950 | NMatch: 58623820
Processing file 357 of 817: /eos/cms/store/group/phys_heavyions/hbossi/mc_productions/QCD-dijet_pThat15-event-weighted_TuneCP5_5p36TeV_pythia8/OO_MC_DijetEmbedded_pThat-15to1200_TuneCP5_5p36TeV_pythia8/260306_002843/0000/HiForestMiniAOD_421.root
Time elapsed: 9119 seconds
File Contains: 108000 entries.
NMiss: 1598312 | NFake: 5264628 | NMatch: 58766756
Processing file 358 of 817: /eos/cms/store/group/phys_heavyions/hbossi/mc_productions/QCD-dijet_pThat15-event-weighted_TuneCP5_5p36TeV_pythia8/OO_MC_DijetEmbedded_pThat-15to1200_TuneCP5_5p36TeV_pythia8/260306_002843/0000/HiForestMiniAOD_422.root
Time elapsed: 9138 seconds
File Contains: 150000 entries.
NMiss: 1603702 | NFake: 5282380 | NMatch: 58964754
Processing file 359 of 817: /eos/cms/store/group/phys_heavyions/hbossi/mc_productions/QCD-dijet_pThat15-event-weighted_TuneCP5_5p36TeV_pythia8/OO_MC_DijetEmbedded_pThat-15to1200_TuneCP5_5p36TeV_pythia8/260306_002843/0000/HiForestMiniAOD_423.root
Time elapsed: 9165 seconds
File Contains: 140000 entries.
NMiss: 1608671 | NFake: 5299019 | NMatch: 59150012
Processing file 360 of 817: /eos/cms/store/group/phys_heavyions/hbossi/mc_productions/QCD-dijet_pThat15-event-weighted_TuneCP5_5p36TeV_pythia8/OO_MC_DijetEmbedded_pThat-15to1200_TuneCP5_5p36TeV_pythia8/260306_002843/0000/HiForestMiniAOD_424.root
Time elapsed: 9190 seconds
File Contains: 114000 entries.
NMiss: 1612814 | NFake: 5312477 | NMatch: 59300687
Processing file 361 of 817: /eos/cms/store/group/phys_heavyions/hbossi/mc_productions/QCD-dijet_pThat15-event-weighted_TuneCP5_5p36TeV_pythia8/OO_MC_DijetEmbedded_pThat-15to1200_TuneCP5_5p36TeV_pythia8/260306_002843/0000/HiForestMiniAOD_425.root
Time elapsed: 9219 seconds
File Contains: 106000 entries.
NMiss: 1616691 | NFake: 5325085 | NMatch: 59440433
Processing file 362 of 817: /eos/cms/store/group/phys_heavyions/hbossi/mc_productions/QCD-dijet_pThat15-event-weighted_TuneCP5_5p36TeV_pythia8/OO_MC_DijetEmbedded_pThat-15to1200_TuneCP5_5p36TeV_pythia8/260306_002843/0000/HiForestMiniAOD_426.root
Time elapsed: 9244 seconds
File Contains: 124000 entries.
NMiss: 1621077 | NFake: 5339727 | NMatch: 59603740
Processing file 363 of 817: /eos/cms/store/group/phys_heavyions/hbossi/mc_productions/QCD-dijet_pThat15-event-weighted_TuneCP5_5p36TeV_pythia8/OO_MC_DijetEmbedded_pThat-15to1200_TuneCP5_5p36TeV_pythia8/260306_002843/0000/HiForestMiniAOD_427.root
Time elapsed: 9268 seconds
File Contains: 108000 entries.
NMiss: 1624926 | NFake: 5352539 | NMatch: 59746071
Processing file 364 of 817: /eos/cms/store/group/phys_heavyions/hbossi/mc_productions/QCD-dijet_pThat15-event-weighted_TuneCP5_5p36TeV_pythia8/OO_MC_DijetEmbedded_pThat-15to1200_TuneCP5_5p36TeV_pythia8/260306_002843/0000/HiForestMiniAOD_428.root
Time elapsed: 9292 seconds
File Contains: 167000 entries.
NMiss: 1630824 | NFake: 5372449 | NMatch: 59966502
Processing file 365 of 817: /eos/cms/store/group/phys_heavyions/hbossi/mc_productions/QCD-dijet_pThat15-event-weighted_TuneCP5_5p36TeV_pythia8/OO_MC_DijetEmbedded_pThat-15to1200_TuneCP5_5p36TeV_pythia8/260306_002843/0000/HiForestMiniAOD_429.root
Time elapsed: 9325 seconds
File Contains: 123000 entries.
NMiss: 1635209 | NFake: 5387064 | NMatch: 60129635
Processing file 366 of 817: /eos/cms/store/group/phys_heavyions/hbossi/mc_productions/QCD-dijet_pThat15-event-weighted_TuneCP5_5p36TeV_pythia8/OO_MC_DijetEmbedded_pThat-15to1200_TuneCP5_5p36TeV_pythia8/260306_002843/0000/HiForestMiniAOD_43.root
Time elapsed: 9348 seconds
File Contains: 128000 entries.
NMiss: 1639712 | NFake: 5402068 | NMatch: 60298255
Processing file 367 of 817: /eos/cms/store/group/phys_heavyions/hbossi/mc_productions/QCD-dijet_pThat15-event-weighted_TuneCP5_5p36TeV_pythia8/OO_MC_DijetEmbedded_pThat-15to1200_TuneCP5_5p36TeV_pythia8/260306_002843/0000/HiForestMiniAOD_430.root
Time elapsed: 9399 seconds
File Contains: 146000 entries.
NMiss: 1644950 | NFake: 5419244 | NMatch: 60491473
Processing file 368 of 817: /eos/cms/store/group/phys_heavyions/hbossi/mc_productions/QCD-dijet_pThat15-event-weighted_TuneCP5_5p36TeV_pythia8/OO_MC_DijetEmbedded_pThat-15to1200_TuneCP5_5p36TeV_pythia8/260306_002843/0000/HiForestMiniAOD_431.root
Time elapsed: 9425 seconds
File Contains: 128000 entries.
NMiss: 1649600 | NFake: 5434306 | NMatch: 60660550
Processing file 369 of 817: /eos/cms/store/group/phys_heavyions/hbossi/mc_productions/QCD-dijet_pThat15-event-weighted_TuneCP5_5p36TeV_pythia8/OO_MC_DijetEmbedded_pThat-15to1200_TuneCP5_5p36TeV_pythia8/260306_002843/0000/HiForestMiniAOD_432.root
Time elapsed: 9447 seconds
File Contains: 167000 entries.
NMiss: 1655676 | NFake: 5454261 | NMatch: 60880355
Processing file 370 of 817: /eos/cms/store/group/phys_heavyions/hbossi/mc_productions/QCD-dijet_pThat15-event-weighted_TuneCP5_5p36TeV_pythia8/OO_MC_DijetEmbedded_pThat-15to1200_TuneCP5_5p36TeV_pythia8/260306_002843/0000/HiForestMiniAOD_433.root
Time elapsed: 9473 seconds
File Contains: 108000 entries.
NMiss: 1659527 | NFake: 5467174 | NMatch: 61023013
Processing file 371 of 817: /eos/cms/store/group/phys_heavyions/hbossi/mc_productions/QCD-dijet_pThat15-event-weighted_TuneCP5_5p36TeV_pythia8/OO_MC_DijetEmbedded_pThat-15to1200_TuneCP5_5p36TeV_pythia8/260306_002843/0000/HiForestMiniAOD_434.root
Time elapsed: 9494 seconds
File Contains: 129000 entries.
NMiss: 1664246 | NFake: 5482429 | NMatch: 61192991
Processing file 372 of 817: /eos/cms/store/group/phys_heavyions/hbossi/mc_productions/QCD-dijet_pThat15-event-weighted_TuneCP5_5p36TeV_pythia8/OO_MC_DijetEmbedded_pThat-15to1200_TuneCP5_5p36TeV_pythia8/260306_002843/0000/HiForestMiniAOD_435.root
Time elapsed: 9515 seconds
File Contains: 139000 entries.
NMiss: 1669256 | NFake: 5498924 | NMatch: 61376400
Processing file 373 of 817: /eos/cms/store/group/phys_heavyions/hbossi/mc_productions/QCD-dijet_pThat15-event-weighted_TuneCP5_5p36TeV_pythia8/OO_MC_DijetEmbedded_pThat-15to1200_TuneCP5_5p36TeV_pythia8/260306_002843/0000/HiForestMiniAOD_436.root
Time elapsed: 9543 seconds
File Contains: 125000 entries.
NMiss: 1673716 | NFake: 5513591 | NMatch: 61541591
Processing file 374 of 817: /eos/cms/store/group/phys_heavyions/hbossi/mc_productions/QCD-dijet_pThat15-event-weighted_TuneCP5_5p36TeV_pythia8/OO_MC_DijetEmbedded_pThat-15to1200_TuneCP5_5p36TeV_pythia8/260306_002843/0000/HiForestMiniAOD_437.root
Time elapsed: 9564 seconds
File Contains: 115000 entries.
NMiss: 1677820 | NFake: 5527202 | NMatch: 61693475
Processing file 375 of 817: /eos/cms/store/group/phys_heavyions/hbossi/mc_productions/QCD-dijet_pThat15-event-weighted_TuneCP5_5p36TeV_pythia8/OO_MC_DijetEmbedded_pThat-15to1200_TuneCP5_5p36TeV_pythia8/260306_002843/0000/HiForestMiniAOD_438.root
Time elapsed: 9589 seconds
File Contains: 132000 entries.
NMiss: 1682570 | NFake: 5542542 | NMatch: 61867853
Processing file 376 of 817: /eos/cms/store/group/phys_heavyions/hbossi/mc_productions/QCD-dijet_pThat15-event-weighted_TuneCP5_5p36TeV_pythia8/OO_MC_DijetEmbedded_pThat-15to1200_TuneCP5_5p36TeV_pythia8/260306_002843/0000/HiForestMiniAOD_439.root
Time elapsed: 9607 seconds
File Contains: 126000 entries.
NMiss: 1687161 | NFake: 5557500 | NMatch: 62034964
Processing file 377 of 817: /eos/cms/store/group/phys_heavyions/hbossi/mc_productions/QCD-dijet_pThat15-event-weighted_TuneCP5_5p36TeV_pythia8/OO_MC_DijetEmbedded_pThat-15to1200_TuneCP5_5p36TeV_pythia8/260306_002843/0000/HiForestMiniAOD_44.root
Time elapsed: 9630 seconds
File Contains: 99000 entries.
NMiss: 1690643 | NFake: 5569257 | NMatch: 62165550
Processing file 378 of 817: /eos/cms/store/group/phys_heavyions/hbossi/mc_productions/QCD-dijet_pThat15-event-weighted_TuneCP5_5p36TeV_pythia8/OO_MC_DijetEmbedded_pThat-15to1200_TuneCP5_5p36TeV_pythia8/260306_002843/0000/HiForestMiniAOD_440.root
Time elapsed: 9650 seconds
File Contains: 128000 entries.
NMiss: 1695273 | NFake: 5584198 | NMatch: 62335309
Processing file 379 of 817: /eos/cms/store/group/phys_heavyions/hbossi/mc_productions/QCD-dijet_pThat15-event-weighted_TuneCP5_5p36TeV_pythia8/OO_MC_DijetEmbedded_pThat-15to1200_TuneCP5_5p36TeV_pythia8/260306_002843/0000/HiForestMiniAOD_441.root
Time elapsed: 9694 seconds
File Contains: 107000 entries.
NMiss: 1699150 | NFake: 5596959 | NMatch: 62477708
Processing file 380 of 817: /eos/cms/store/group/phys_heavyions/hbossi/mc_productions/QCD-dijet_pThat15-event-weighted_TuneCP5_5p36TeV_pythia8/OO_MC_DijetEmbedded_pThat-15to1200_TuneCP5_5p36TeV_pythia8/260306_002843/0000/HiForestMiniAOD_442.root
Time elapsed: 9727 seconds
File Contains: 76000 entries.
NMiss: 1701969 | NFake: 5605865 | NMatch: 62577792
Processing file 381 of 817: /eos/cms/store/group/phys_heavyions/hbossi/mc_productions/QCD-dijet_pThat15-event-weighted_TuneCP5_5p36TeV_pythia8/OO_MC_DijetEmbedded_pThat-15to1200_TuneCP5_5p36TeV_pythia8/260306_002843/0000/HiForestMiniAOD_443.root
Time elapsed: 9745 seconds
File Contains: 105000 entries.
NMiss: 1705759 | NFake: 5618363 | NMatch: 62715984
Processing file 382 of 817: /eos/cms/store/group/phys_heavyions/hbossi/mc_productions/QCD-dijet_pThat15-event-weighted_TuneCP5_5p36TeV_pythia8/OO_MC_DijetEmbedded_pThat-15to1200_TuneCP5_5p36TeV_pythia8/260306_002843/0000/HiForestMiniAOD_444.root
Time elapsed: 9764 seconds
File Contains: 122000 entries.
NMiss: 1710003 | NFake: 5632852 | NMatch: 62877070
Processing file 383 of 817: /eos/cms/store/group/phys_heavyions/hbossi/mc_productions/QCD-dijet_pThat15-event-weighted_TuneCP5_5p36TeV_pythia8/OO_MC_DijetEmbedded_pThat-15to1200_TuneCP5_5p36TeV_pythia8/260306_002843/0000/HiForestMiniAOD_445.root
Time elapsed: 9783 seconds
File Contains: 130000 entries.
NMiss: 1714723 | NFake: 5648256 | NMatch: 63049460
Processing file 384 of 817: /eos/cms/store/group/phys_heavyions/hbossi/mc_productions/QCD-dijet_pThat15-event-weighted_TuneCP5_5p36TeV_pythia8/OO_MC_DijetEmbedded_pThat-15to1200_TuneCP5_5p36TeV_pythia8/260306_002843/0000/HiForestMiniAOD_446.root
Time elapsed: 9816 seconds
File Contains: 106000 entries.
NMiss: 1718518 | NFake: 5660640 | NMatch: 63189248
Processing file 385 of 817: /eos/cms/store/group/phys_heavyions/hbossi/mc_productions/QCD-dijet_pThat15-event-weighted_TuneCP5_5p36TeV_pythia8/OO_MC_DijetEmbedded_pThat-15to1200_TuneCP5_5p36TeV_pythia8/260306_002843/0000/HiForestMiniAOD_447.root
Time elapsed: 9839 seconds
File Contains: 109000 entries.
NMiss: 1722446 | NFake: 5673488 | NMatch: 63332579
Processing file 386 of 817: /eos/cms/store/group/phys_heavyions/hbossi/mc_productions/QCD-dijet_pThat15-event-weighted_TuneCP5_5p36TeV_pythia8/OO_MC_DijetEmbedded_pThat-15to1200_TuneCP5_5p36TeV_pythia8/260306_002843/0000/HiForestMiniAOD_448.root
Time elapsed: 9863 seconds
File Contains: 126000 entries.
NMiss: 1726905 | NFake: 5688315 | NMatch: 63498357
Processing file 387 of 817: /eos/cms/store/group/phys_heavyions/hbossi/mc_productions/QCD-dijet_pThat15-event-weighted_TuneCP5_5p36TeV_pythia8/OO_MC_DijetEmbedded_pThat-15to1200_TuneCP5_5p36TeV_pythia8/260306_002843/0000/HiForestMiniAOD_449.root
Time elapsed: 9884 seconds
File Contains: 127000 entries.
NMiss: 1731474 | NFake: 5703360 | NMatch: 63666492
Processing file 388 of 817: /eos/cms/store/group/phys_heavyions/hbossi/mc_productions/QCD-dijet_pThat15-event-weighted_TuneCP5_5p36TeV_pythia8/OO_MC_DijetEmbedded_pThat-15to1200_TuneCP5_5p36TeV_pythia8/260306_002843/0000/HiForestMiniAOD_45.root
Time elapsed: 9905 seconds
File Contains: 111000 entries.
NMiss: 1735483 | NFake: 5716389 | NMatch: 63813738
Processing file 389 of 817: /eos/cms/store/group/phys_heavyions/hbossi/mc_productions/QCD-dijet_pThat15-event-weighted_TuneCP5_5p36TeV_pythia8/OO_MC_DijetEmbedded_pThat-15to1200_TuneCP5_5p36TeV_pythia8/260306_002843/0000/HiForestMiniAOD_450.root
Time elapsed: 9935 seconds
File Contains: 149000 entries.
NMiss: 1740627 | NFake: 5733982 | NMatch: 64010165
Processing file 390 of 817: /eos/cms/store/group/phys_heavyions/hbossi/mc_productions/QCD-dijet_pThat15-event-weighted_TuneCP5_5p36TeV_pythia8/OO_MC_DijetEmbedded_pThat-15to1200_TuneCP5_5p36TeV_pythia8/260306_002843/0000/HiForestMiniAOD_451.root
Time elapsed: 9978 seconds
File Contains: 110000 entries.
NMiss: 1744699 | NFake: 5746907 | NMatch: 64155369
Processing file 391 of 817: /eos/cms/store/group/phys_heavyions/hbossi/mc_productions/QCD-dijet_pThat15-event-weighted_TuneCP5_5p36TeV_pythia8/OO_MC_DijetEmbedded_pThat-15to1200_TuneCP5_5p36TeV_pythia8/260306_002843/0000/HiForestMiniAOD_452.root
Time elapsed: 10012 seconds
File Contains: 117000 entries.
NMiss: 1748841 | NFake: 5760805 | NMatch: 64310304
Processing file 392 of 817: /eos/cms/store/group/phys_heavyions/hbossi/mc_productions/QCD-dijet_pThat15-event-weighted_TuneCP5_5p36TeV_pythia8/OO_MC_DijetEmbedded_pThat-15to1200_TuneCP5_5p36TeV_pythia8/260306_002843/0000/HiForestMiniAOD_453.root
Time elapsed: 10038 seconds
File Contains: 139000 entries.
NMiss: 1753852 | NFake: 5777172 | NMatch: 64494523
Processing file 393 of 817: /eos/cms/store/group/phys_heavyions/hbossi/mc_productions/QCD-dijet_pThat15-event-weighted_TuneCP5_5p36TeV_pythia8/OO_MC_DijetEmbedded_pThat-15to1200_TuneCP5_5p36TeV_pythia8/260306_002843/0000/HiForestMiniAOD_454.root
Time elapsed: 10081 seconds
File Contains: 102000 entries.
NMiss: 1757448 | NFake: 5789294 | NMatch: 64628777
Processing file 394 of 817: /eos/cms/store/group/phys_heavyions/hbossi/mc_productions/QCD-dijet_pThat15-event-weighted_TuneCP5_5p36TeV_pythia8/OO_MC_DijetEmbedded_pThat-15to1200_TuneCP5_5p36TeV_pythia8/260306_002843/0000/HiForestMiniAOD_455.root
Time elapsed: 10101 seconds
File Contains: 141000 entries.
NMiss: 1762538 | NFake: 5806010 | NMatch: 64815219
Processing file 395 of 817: /eos/cms/store/group/phys_heavyions/hbossi/mc_productions/QCD-dijet_pThat15-event-weighted_TuneCP5_5p36TeV_pythia8/OO_MC_DijetEmbedded_pThat-15to1200_TuneCP5_5p36TeV_pythia8/260306_002843/0000/HiForestMiniAOD_456.root
Time elapsed: 10149 seconds
File Contains: 123000 entries.
NMiss: 1767017 | NFake: 5820700 | NMatch: 64977499
Processing file 396 of 817: /eos/cms/store/group/phys_heavyions/hbossi/mc_productions/QCD-dijet_pThat15-event-weighted_TuneCP5_5p36TeV_pythia8/OO_MC_DijetEmbedded_pThat-15to1200_TuneCP5_5p36TeV_pythia8/260306_002843/0000/HiForestMiniAOD_457.root
Time elapsed: 10189 seconds
File Contains: 121000 entries.
NMiss: 1771423 | NFake: 5834986 | NMatch: 65138040
Processing file 397 of 817: /eos/cms/store/group/phys_heavyions/hbossi/mc_productions/QCD-dijet_pThat15-event-weighted_TuneCP5_5p36TeV_pythia8/OO_MC_DijetEmbedded_pThat-15to1200_TuneCP5_5p36TeV_pythia8/260306_002843/0000/HiForestMiniAOD_458.root
Time elapsed: 10213 seconds
File Contains: 116000 entries.
NMiss: 1775491 | NFake: 5848747 | NMatch: 65291118
Processing file 398 of 817: /eos/cms/store/group/phys_heavyions/hbossi/mc_productions/QCD-dijet_pThat15-event-weighted_TuneCP5_5p36TeV_pythia8/OO_MC_DijetEmbedded_pThat-15to1200_TuneCP5_5p36TeV_pythia8/260306_002843/0000/HiForestMiniAOD_459.root
Time elapsed: 10247 seconds
File Contains: 99000 entries.
NMiss: 1779098 | NFake: 5860387 | NMatch: 65422321
Processing file 399 of 817: /eos/cms/store/group/phys_heavyions/hbossi/mc_productions/QCD-dijet_pThat15-event-weighted_TuneCP5_5p36TeV_pythia8/OO_MC_DijetEmbedded_pThat-15to1200_TuneCP5_5p36TeV_pythia8/260306_002843/0000/HiForestMiniAOD_46.root
Time elapsed: 10269 seconds
File Contains: 129000 entries.
NMiss: 1783700 | NFake: 5875452 | NMatch: 65592944
Processing file 400 of 817: /eos/cms/store/group/phys_heavyions/hbossi/mc_productions/QCD-dijet_pThat15-event-weighted_TuneCP5_5p36TeV_pythia8/OO_MC_DijetEmbedded_pThat-15to1200_TuneCP5_5p36TeV_pythia8/260306_002843/0000/HiForestMiniAOD_460.root
Time elapsed: 10290 seconds
File Contains: 94000 entries.
NMiss: 1787077 | NFake: 5886463 | NMatch: 65717849
Processing file 401 of 817: /eos/cms/store/group/phys_heavyions/hbossi/mc_productions/QCD-dijet_pThat15-event-weighted_TuneCP5_5p36TeV_pythia8/OO_MC_DijetEmbedded_pThat-15to1200_TuneCP5_5p36TeV_pythia8/260306_002843/0000/HiForestMiniAOD_461.root
Time elapsed: 10308 seconds
File Contains: 113000 entries.
NMiss: 1791142 | NFake: 5899903 | NMatch: 65866632
Processing file 402 of 817: /eos/cms/store/group/phys_heavyions/hbossi/mc_productions/QCD-dijet_pThat15-event-weighted_TuneCP5_5p36TeV_pythia8/OO_MC_DijetEmbedded_pThat-15to1200_TuneCP5_5p36TeV_pythia8/260306_002843/0000/HiForestMiniAOD_462.root
Time elapsed: 10328 seconds
File Contains: 137000 entries.
NMiss: 1796038 | NFake: 5916086 | NMatch: 66047812
Processing file 403 of 817: /eos/cms/store/group/phys_heavyions/hbossi/mc_productions/QCD-dijet_pThat15-event-weighted_TuneCP5_5p36TeV_pythia8/OO_MC_DijetEmbedded_pThat-15to1200_TuneCP5_5p36TeV_pythia8/260306_002843/0000/HiForestMiniAOD_463.root
Time elapsed: 10352 seconds
File Contains: 88000 entries.
NMiss: 1799266 | NFake: 5926518 | NMatch: 66164454
Processing file 404 of 817: /eos/cms/store/group/phys_heavyions/hbossi/mc_productions/QCD-dijet_pThat15-event-weighted_TuneCP5_5p36TeV_pythia8/OO_MC_DijetEmbedded_pThat-15to1200_TuneCP5_5p36TeV_pythia8/260306_002843/0000/HiForestMiniAOD_464.root
Time elapsed: 10369 seconds
File Contains: 117000 entries.
NMiss: 1803461 | NFake: 5940692 | NMatch: 66319120
Processing file 405 of 817: /eos/cms/store/group/phys_heavyions/hbossi/mc_productions/QCD-dijet_pThat15-event-weighted_TuneCP5_5p36TeV_pythia8/OO_MC_DijetEmbedded_pThat-15to1200_TuneCP5_5p36TeV_pythia8/260306_002843/0000/HiForestMiniAOD_465.root
Time elapsed: 10394 seconds
File Contains: 166000 entries.
NMiss: 1809427 | NFake: 5960436 | NMatch: 66538242
Processing file 406 of 817: /eos/cms/store/group/phys_heavyions/hbossi/mc_productions/QCD-dijet_pThat15-event-weighted_TuneCP5_5p36TeV_pythia8/OO_MC_DijetEmbedded_pThat-15to1200_TuneCP5_5p36TeV_pythia8/260306_002843/0000/HiForestMiniAOD_466.root
Time elapsed: 10419 seconds
File Contains: 135000 entries.
NMiss: 1814301 | NFake: 5976454 | NMatch: 66716720
Processing file 407 of 817: /eos/cms/store/group/phys_heavyions/hbossi/mc_productions/QCD-dijet_pThat15-event-weighted_TuneCP5_5p36TeV_pythia8/OO_MC_DijetEmbedded_pThat-15to1200_TuneCP5_5p36TeV_pythia8/260306_002843/0000/HiForestMiniAOD_467.root
Time elapsed: 10439 seconds
File Contains: 156000 entries.
NMiss: 1819867 | NFake: 5995063 | NMatch: 66922373
Processing file 408 of 817: /eos/cms/store/group/phys_heavyions/hbossi/mc_productions/QCD-dijet_pThat15-event-weighted_TuneCP5_5p36TeV_pythia8/OO_MC_DijetEmbedded_pThat-15to1200_TuneCP5_5p36TeV_pythia8/260306_002843/0000/HiForestMiniAOD_468.root
Time elapsed: 10459 seconds
File Contains: 134000 entries.
NMiss: 1824762 | NFake: 6011081 | NMatch: 67099406
Processing file 409 of 817: /eos/cms/store/group/phys_heavyions/hbossi/mc_productions/QCD-dijet_pThat15-event-weighted_TuneCP5_5p36TeV_pythia8/OO_MC_DijetEmbedded_pThat-15to1200_TuneCP5_5p36TeV_pythia8/260306_002843/0000/HiForestMiniAOD_469.root
Time elapsed: 10479 seconds
File Contains: 126000 entries.
NMiss: 1829293 | NFake: 6025983 | NMatch: 67266177
Processing file 410 of 817: /eos/cms/store/group/phys_heavyions/hbossi/mc_productions/QCD-dijet_pThat15-event-weighted_TuneCP5_5p36TeV_pythia8/OO_MC_DijetEmbedded_pThat-15to1200_TuneCP5_5p36TeV_pythia8/260306_002843/0000/HiForestMiniAOD_47.root
Time elapsed: 10505 seconds
File Contains: 104000 entries.
NMiss: 1832922 | NFake: 6038205 | NMatch: 67404015
Processing file 411 of 817: /eos/cms/store/group/phys_heavyions/hbossi/mc_productions/QCD-dijet_pThat15-event-weighted_TuneCP5_5p36TeV_pythia8/OO_MC_DijetEmbedded_pThat-15to1200_TuneCP5_5p36TeV_pythia8/260306_002843/0000/HiForestMiniAOD_470.root
Time elapsed: 10529 seconds
File Contains: 124000 entries.
NMiss: 1837488 | NFake: 6052862 | NMatch: 67568498
Processing file 412 of 817: /eos/cms/store/group/phys_heavyions/hbossi/mc_productions/QCD-dijet_pThat15-event-weighted_TuneCP5_5p36TeV_pythia8/OO_MC_DijetEmbedded_pThat-15to1200_TuneCP5_5p36TeV_pythia8/260306_002843/0000/HiForestMiniAOD_471.root
Time elapsed: 10548 seconds
File Contains: 127000 entries.
NMiss: 1842077 | NFake: 6068073 | NMatch: 67735868
Processing file 413 of 817: /eos/cms/store/group/phys_heavyions/hbossi/mc_productions/QCD-dijet_pThat15-event-weighted_TuneCP5_5p36TeV_pythia8/OO_MC_DijetEmbedded_pThat-15to1200_TuneCP5_5p36TeV_pythia8/260306_002843/0000/HiForestMiniAOD_472.root
Time elapsed: 10568 seconds
File Contains: 109000 entries.
NMiss: 1845988 | NFake: 6081103 | NMatch: 67880122
Processing file 414 of 817: /eos/cms/store/group/phys_heavyions/hbossi/mc_productions/QCD-dijet_pThat15-event-weighted_TuneCP5_5p36TeV_pythia8/OO_MC_DijetEmbedded_pThat-15to1200_TuneCP5_5p36TeV_pythia8/260306_002843/0000/HiForestMiniAOD_473.root
Time elapsed: 10594 seconds
File Contains: 133000 entries.
NMiss: 1850785 | NFake: 6096872 | NMatch: 68055704
Processing file 415 of 817: /eos/cms/store/group/phys_heavyions/hbossi/mc_productions/QCD-dijet_pThat15-event-weighted_TuneCP5_5p36TeV_pythia8/OO_MC_DijetEmbedded_pThat-15to1200_TuneCP5_5p36TeV_pythia8/260306_002843/0000/HiForestMiniAOD_474.root
Time elapsed: 10617 seconds
File Contains: 111000 entries.
NMiss: 1854740 | NFake: 6110222 | NMatch: 68202534
Processing file 416 of 817: /eos/cms/store/group/phys_heavyions/hbossi/mc_productions/QCD-dijet_pThat15-event-weighted_TuneCP5_5p36TeV_pythia8/OO_MC_DijetEmbedded_pThat-15to1200_TuneCP5_5p36TeV_pythia8/260306_002843/0000/HiForestMiniAOD_475.root
Time elapsed: 10634 seconds
File Contains: 114000 entries.
NMiss: 1858841 | NFake: 6123879 | NMatch: 68352775
Processing file 417 of 817: /eos/cms/store/group/phys_heavyions/hbossi/mc_productions/QCD-dijet_pThat15-event-weighted_TuneCP5_5p36TeV_pythia8/OO_MC_DijetEmbedded_pThat-15to1200_TuneCP5_5p36TeV_pythia8/260306_002843/0000/HiForestMiniAOD_476.root
Time elapsed: 10655 seconds
File Contains: 145000 entries.
NMiss: 1864135 | NFake: 6141070 | NMatch: 68544040
Processing file 418 of 817: /eos/cms/store/group/phys_heavyions/hbossi/mc_productions/QCD-dijet_pThat15-event-weighted_TuneCP5_5p36TeV_pythia8/OO_MC_DijetEmbedded_pThat-15to1200_TuneCP5_5p36TeV_pythia8/260306_002843/0000/HiForestMiniAOD_477.root
Time elapsed: 10677 seconds
File Contains: 120000 entries.
NMiss: 1868512 | NFake: 6155382 | NMatch: 68702205
Processing file 419 of 817: /eos/cms/store/group/phys_heavyions/hbossi/mc_productions/QCD-dijet_pThat15-event-weighted_TuneCP5_5p36TeV_pythia8/OO_MC_DijetEmbedded_pThat-15to1200_TuneCP5_5p36TeV_pythia8/260306_002843/0000/HiForestMiniAOD_478.root
Time elapsed: 10696 seconds
File Contains: 124000 entries.
NMiss: 1872974 | NFake: 6169914 | NMatch: 68866129
Processing file 420 of 817: /eos/cms/store/group/phys_heavyions/hbossi/mc_productions/QCD-dijet_pThat15-event-weighted_TuneCP5_5p36TeV_pythia8/OO_MC_DijetEmbedded_pThat-15to1200_TuneCP5_5p36TeV_pythia8/260306_002843/0000/HiForestMiniAOD_479.root
Time elapsed: 10716 seconds
File Contains: 149000 entries.
NMiss: 1878384 | NFake: 6187348 | NMatch: 69062738
Processing file 421 of 817: /eos/cms/store/group/phys_heavyions/hbossi/mc_productions/QCD-dijet_pThat15-event-weighted_TuneCP5_5p36TeV_pythia8/OO_MC_DijetEmbedded_pThat-15to1200_TuneCP5_5p36TeV_pythia8/260306_002843/0000/HiForestMiniAOD_48.root
Time elapsed: 10742 seconds
File Contains: 102000 entries.
NMiss: 1882108 | NFake: 6199412 | NMatch: 69197614
Processing file 422 of 817: /eos/cms/store/group/phys_heavyions/hbossi/mc_productions/QCD-dijet_pThat15-event-weighted_TuneCP5_5p36TeV_pythia8/OO_MC_DijetEmbedded_pThat-15to1200_TuneCP5_5p36TeV_pythia8/260306_002843/0000/HiForestMiniAOD_480.root
Time elapsed: 10761 seconds
File Contains: 89000 entries.
NMiss: 1885341 | NFake: 6209977 | NMatch: 69315023
Processing file 423 of 817: /eos/cms/store/group/phys_heavyions/hbossi/mc_productions/QCD-dijet_pThat15-event-weighted_TuneCP5_5p36TeV_pythia8/OO_MC_DijetEmbedded_pThat-15to1200_TuneCP5_5p36TeV_pythia8/260306_002843/0000/HiForestMiniAOD_481.root
Time elapsed: 10777 seconds
File Contains: 150000 entries.
NMiss: 1890760 | NFake: 6227633 | NMatch: 69513219
Processing file 424 of 817: /eos/cms/store/group/phys_heavyions/hbossi/mc_productions/QCD-dijet_pThat15-event-weighted_TuneCP5_5p36TeV_pythia8/OO_MC_DijetEmbedded_pThat-15to1200_TuneCP5_5p36TeV_pythia8/260306_002843/0000/HiForestMiniAOD_482.root
Time elapsed: 10799 seconds
File Contains: 151000 entries.
NMiss: 1896130 | NFake: 6245612 | NMatch: 69712999
Processing file 425 of 817: /eos/cms/store/group/phys_heavyions/hbossi/mc_productions/QCD-dijet_pThat15-event-weighted_TuneCP5_5p36TeV_pythia8/OO_MC_DijetEmbedded_pThat-15to1200_TuneCP5_5p36TeV_pythia8/260306_002843/0000/HiForestMiniAOD_483.root
Time elapsed: 10824 seconds
File Contains: 134000 entries.
NMiss: 1900920 | NFake: 6261194 | NMatch: 69889392
Processing file 426 of 817: /eos/cms/store/group/phys_heavyions/hbossi/mc_productions/QCD-dijet_pThat15-event-weighted_TuneCP5_5p36TeV_pythia8/OO_MC_DijetEmbedded_pThat-15to1200_TuneCP5_5p36TeV_pythia8/260306_002843/0000/HiForestMiniAOD_484.root
Time elapsed: 10842 seconds
File Contains: 110000 entries.
NMiss: 1904773 | NFake: 6274363 | NMatch: 70034161
Processing file 427 of 817: /eos/cms/store/group/phys_heavyions/hbossi/mc_productions/QCD-dijet_pThat15-event-weighted_TuneCP5_5p36TeV_pythia8/OO_MC_DijetEmbedded_pThat-15to1200_TuneCP5_5p36TeV_pythia8/260306_002843/0000/HiForestMiniAOD_485.root
Time elapsed: 10863 seconds
File Contains: 110000 entries.
NMiss: 1908684 | NFake: 6287155 | NMatch: 70179714
Processing file 428 of 817: /eos/cms/store/group/phys_heavyions/hbossi/mc_productions/QCD-dijet_pThat15-event-weighted_TuneCP5_5p36TeV_pythia8/OO_MC_DijetEmbedded_pThat-15to1200_TuneCP5_5p36TeV_pythia8/260306_002843/0000/HiForestMiniAOD_486.root
Time elapsed: 10884 seconds
File Contains: 93000 entries.
NMiss: 1912038 | NFake: 6297984 | NMatch: 70302826
Processing file 429 of 817: /eos/cms/store/group/phys_heavyions/hbossi/mc_productions/QCD-dijet_pThat15-event-weighted_TuneCP5_5p36TeV_pythia8/OO_MC_DijetEmbedded_pThat-15to1200_TuneCP5_5p36TeV_pythia8/260306_002843/0000/HiForestMiniAOD_487.root
Time elapsed: 10897 seconds
File Contains: 134000 entries.
NMiss: 1916824 | NFake: 6313866 | NMatch: 70479469
Processing file 430 of 817: /eos/cms/store/group/phys_heavyions/hbossi/mc_productions/QCD-dijet_pThat15-event-weighted_TuneCP5_5p36TeV_pythia8/OO_MC_DijetEmbedded_pThat-15to1200_TuneCP5_5p36TeV_pythia8/260306_002843/0000/HiForestMiniAOD_488.root
Time elapsed: 10921 seconds
File Contains: 151000 entries.
NMiss: 1922245 | NFake: 6331544 | NMatch: 70678517
Processing file 431 of 817: /eos/cms/store/group/phys_heavyions/hbossi/mc_productions/QCD-dijet_pThat15-event-weighted_TuneCP5_5p36TeV_pythia8/OO_MC_DijetEmbedded_pThat-15to1200_TuneCP5_5p36TeV_pythia8/260306_002843/0000/HiForestMiniAOD_489.root
Time elapsed: 10956 seconds
File Contains: 128000 entries.
NMiss: 1926831 | NFake: 6346766 | NMatch: 70847160
Processing file 432 of 817: /eos/cms/store/group/phys_heavyions/hbossi/mc_productions/QCD-dijet_pThat15-event-weighted_TuneCP5_5p36TeV_pythia8/OO_MC_DijetEmbedded_pThat-15to1200_TuneCP5_5p36TeV_pythia8/260306_002843/0000/HiForestMiniAOD_49.root
Time elapsed: 10975 seconds
File Contains: 133000 entries.
NMiss: 1931703 | NFake: 6362807 | NMatch: 71022686
Processing file 433 of 817: /eos/cms/store/group/phys_heavyions/hbossi/mc_productions/QCD-dijet_pThat15-event-weighted_TuneCP5_5p36TeV_pythia8/OO_MC_DijetEmbedded_pThat-15to1200_TuneCP5_5p36TeV_pythia8/260306_002843/0000/HiForestMiniAOD_490.root
Time elapsed: 11017 seconds
File Contains: 95000 entries.
NMiss: 1935085 | NFake: 6374071 | NMatch: 71148486
Processing file 434 of 817: /eos/cms/store/group/phys_heavyions/hbossi/mc_productions/QCD-dijet_pThat15-event-weighted_TuneCP5_5p36TeV_pythia8/OO_MC_DijetEmbedded_pThat-15to1200_TuneCP5_5p36TeV_pythia8/260306_002843/0000/HiForestMiniAOD_491.root
Time elapsed: 11036 seconds
File Contains: 136000 entries.
NMiss: 1939843 | NFake: 6390052 | NMatch: 71328414
Processing file 435 of 817: /eos/cms/store/group/phys_heavyions/hbossi/mc_productions/QCD-dijet_pThat15-event-weighted_TuneCP5_5p36TeV_pythia8/OO_MC_DijetEmbedded_pThat-15to1200_TuneCP5_5p36TeV_pythia8/260306_002843/0000/HiForestMiniAOD_492.root
Time elapsed: 11066 seconds
File Contains: 125000 entries.
NMiss: 1944371 | NFake: 6405002 | NMatch: 71493667
Processing file 436 of 817: /eos/cms/store/group/phys_heavyions/hbossi/mc_productions/QCD-dijet_pThat15-event-weighted_TuneCP5_5p36TeV_pythia8/OO_MC_DijetEmbedded_pThat-15to1200_TuneCP5_5p36TeV_pythia8/260306_002843/0000/HiForestMiniAOD_493.root
Time elapsed: 11090 seconds
File Contains: 121000 entries.
NMiss: 1948662 | NFake: 6419403 | NMatch: 71654059
Processing file 437 of 817: /eos/cms/store/group/phys_heavyions/hbossi/mc_productions/QCD-dijet_pThat15-event-weighted_TuneCP5_5p36TeV_pythia8/OO_MC_DijetEmbedded_pThat-15to1200_TuneCP5_5p36TeV_pythia8/260306_002843/0000/HiForestMiniAOD_494.root
Time elapsed: 11125 seconds
File Contains: 127000 entries.
NMiss: 1953305 | NFake: 6434095 | NMatch: 71821396
Processing file 438 of 817: /eos/cms/store/group/phys_heavyions/hbossi/mc_productions/QCD-dijet_pThat15-event-weighted_TuneCP5_5p36TeV_pythia8/OO_MC_DijetEmbedded_pThat-15to1200_TuneCP5_5p36TeV_pythia8/260306_002843/0000/HiForestMiniAOD_495.root
Time elapsed: 11153 seconds
File Contains: 132000 entries.
NMiss: 1958024 | NFake: 6449725 | NMatch: 71995728
Processing file 439 of 817: /eos/cms/store/group/phys_heavyions/hbossi/mc_productions/QCD-dijet_pThat15-event-weighted_TuneCP5_5p36TeV_pythia8/OO_MC_DijetEmbedded_pThat-15to1200_TuneCP5_5p36TeV_pythia8/260306_002843/0000/HiForestMiniAOD_496.root
Time elapsed: 11169 seconds
File Contains: 114000 entries.
NMiss: 1962065 | NFake: 6463328 | NMatch: 72146686
Processing file 440 of 817: /eos/cms/store/group/phys_heavyions/hbossi/mc_productions/QCD-dijet_pThat15-event-weighted_TuneCP5_5p36TeV_pythia8/OO_MC_DijetEmbedded_pThat-15to1200_TuneCP5_5p36TeV_pythia8/260306_002843/0000/HiForestMiniAOD_497.root
Time elapsed: 11188 seconds
File Contains: 121000 entries.
NMiss: 1966395 | NFake: 6477560 | NMatch: 72306113
Processing file 441 of 817: /eos/cms/store/group/phys_heavyions/hbossi/mc_productions/QCD-dijet_pThat15-event-weighted_TuneCP5_5p36TeV_pythia8/OO_MC_DijetEmbedded_pThat-15to1200_TuneCP5_5p36TeV_pythia8/260306_002843/0000/HiForestMiniAOD_498.root
Time elapsed: 11206 seconds
File Contains: 125000 entries.
NMiss: 1970894 | NFake: 6492351 | NMatch: 72470530
Processing file 442 of 817: /eos/cms/store/group/phys_heavyions/hbossi/mc_productions/QCD-dijet_pThat15-event-weighted_TuneCP5_5p36TeV_pythia8/OO_MC_DijetEmbedded_pThat-15to1200_TuneCP5_5p36TeV_pythia8/260306_002843/0000/HiForestMiniAOD_499.root
Time elapsed: 11226 seconds
File Contains: 119000 entries.
NMiss: 1975213 | NFake: 6506249 | NMatch: 72627451
Processing file 443 of 817: /eos/cms/store/group/phys_heavyions/hbossi/mc_productions/QCD-dijet_pThat15-event-weighted_TuneCP5_5p36TeV_pythia8/OO_MC_DijetEmbedded_pThat-15to1200_TuneCP5_5p36TeV_pythia8/260306_002843/0000/HiForestMiniAOD_5.root
Time elapsed: 11245 seconds
File Contains: 105000 entries.
NMiss: 1979084 | NFake: 6518862 | NMatch: 72766385
Processing file 444 of 817: /eos/cms/store/group/phys_heavyions/hbossi/mc_productions/QCD-dijet_pThat15-event-weighted_TuneCP5_5p36TeV_pythia8/OO_MC_DijetEmbedded_pThat-15to1200_TuneCP5_5p36TeV_pythia8/260306_002843/0000/HiForestMiniAOD_50.root
Time elapsed: 11264 seconds
File Contains: 165000 entries.
NMiss: 1985030 | NFake: 6538276 | NMatch: 72984366
Processing file 445 of 817: /eos/cms/store/group/phys_heavyions/hbossi/mc_productions/QCD-dijet_pThat15-event-weighted_TuneCP5_5p36TeV_pythia8/OO_MC_DijetEmbedded_pThat-15to1200_TuneCP5_5p36TeV_pythia8/260306_002843/0000/HiForestMiniAOD_500.root
Time elapsed: 11291 seconds
File Contains: 148000 entries.
NMiss: 1990414 | NFake: 6555815 | NMatch: 73180566
Processing file 446 of 817: /eos/cms/store/group/phys_heavyions/hbossi/mc_productions/QCD-dijet_pThat15-event-weighted_TuneCP5_5p36TeV_pythia8/OO_MC_DijetEmbedded_pThat-15to1200_TuneCP5_5p36TeV_pythia8/260306_002843/0000/HiForestMiniAOD_501.root
Time elapsed: 11316 seconds
File Contains: 123000 entries.
NMiss: 1994879 | NFake: 6570330 | NMatch: 73342659
Processing file 447 of 817: /eos/cms/store/group/phys_heavyions/hbossi/mc_productions/QCD-dijet_pThat15-event-weighted_TuneCP5_5p36TeV_pythia8/OO_MC_DijetEmbedded_pThat-15to1200_TuneCP5_5p36TeV_pythia8/260306_002843/0000/HiForestMiniAOD_502.root
Time elapsed: 11351 seconds
File Contains: 168000 entries.
NMiss: 2000919 | NFake: 6590355 | NMatch: 73563223
Processing file 448 of 817: /eos/cms/store/group/phys_heavyions/hbossi/mc_productions/QCD-dijet_pThat15-event-weighted_TuneCP5_5p36TeV_pythia8/OO_MC_DijetEmbedded_pThat-15to1200_TuneCP5_5p36TeV_pythia8/260306_002843/0000/HiForestMiniAOD_503.root
Time elapsed: 11438 seconds
File Contains: 98000 entries.
NMiss: 2004455 | NFake: 6601962 | NMatch: 73692417
Processing file 449 of 817: /eos/cms/store/group/phys_heavyions/hbossi/mc_productions/QCD-dijet_pThat15-event-weighted_TuneCP5_5p36TeV_pythia8/OO_MC_DijetEmbedded_pThat-15to1200_TuneCP5_5p36TeV_pythia8/260306_002843/0000/HiForestMiniAOD_504.root
Time elapsed: 11481 seconds
File Contains: 126000 entries.
NMiss: 2009013 | NFake: 6616968 | NMatch: 73858443
Processing file 450 of 817: /eos/cms/store/group/phys_heavyions/hbossi/mc_productions/QCD-dijet_pThat15-event-weighted_TuneCP5_5p36TeV_pythia8/OO_MC_DijetEmbedded_pThat-15to1200_TuneCP5_5p36TeV_pythia8/260306_002843/0000/HiForestMiniAOD_505.root
Time elapsed: 11523 seconds
File Contains: 105000 entries.
NMiss: 2012827 | NFake: 6629253 | NMatch: 73997161
Processing file 451 of 817: /eos/cms/store/group/phys_heavyions/hbossi/mc_productions/QCD-dijet_pThat15-event-weighted_TuneCP5_5p36TeV_pythia8/OO_MC_DijetEmbedded_pThat-15to1200_TuneCP5_5p36TeV_pythia8/260306_002843/0000/HiForestMiniAOD_506.root
Time elapsed: 11538 seconds
File Contains: 147000 entries.
NMiss: 2018026 | NFake: 6646783 | NMatch: 74190837
Processing file 452 of 817: /eos/cms/store/group/phys_heavyions/hbossi/mc_productions/QCD-dijet_pThat15-event-weighted_TuneCP5_5p36TeV_pythia8/OO_MC_DijetEmbedded_pThat-15to1200_TuneCP5_5p36TeV_pythia8/260306_002843/0000/HiForestMiniAOD_507.root
Time elapsed: 11562 seconds
File Contains: 129000 entries.
NMiss: 2022639 | NFake: 6662258 | NMatch: 74360920
Processing file 453 of 817: /eos/cms/store/group/phys_heavyions/hbossi/mc_productions/QCD-dijet_pThat15-event-weighted_TuneCP5_5p36TeV_pythia8/OO_MC_DijetEmbedded_pThat-15to1200_TuneCP5_5p36TeV_pythia8/260306_002843/0000/HiForestMiniAOD_508.root
Time elapsed: 11583 seconds
File Contains: 107000 entries.
NMiss: 2026365 | NFake: 6674935 | NMatch: 74502281
Processing file 454 of 817: /eos/cms/store/group/phys_heavyions/hbossi/mc_productions/QCD-dijet_pThat15-event-weighted_TuneCP5_5p36TeV_pythia8/OO_MC_DijetEmbedded_pThat-15to1200_TuneCP5_5p36TeV_pythia8/260306_002843/0000/HiForestMiniAOD_509.root
Time elapsed: 11600 seconds
File Contains: 120000 entries.
NMiss: 2030746 | NFake: 6688925 | NMatch: 74660936
Processing file 455 of 817: /eos/cms/store/group/phys_heavyions/hbossi/mc_productions/QCD-dijet_pThat15-event-weighted_TuneCP5_5p36TeV_pythia8/OO_MC_DijetEmbedded_pThat-15to1200_TuneCP5_5p36TeV_pythia8/260306_002843/0000/HiForestMiniAOD_51.root
Time elapsed: 11623 seconds
File Contains: 106000 entries.
NMiss: 2034560 | NFake: 6701422 | NMatch: 74801060
Processing file 456 of 817: /eos/cms/store/group/phys_heavyions/hbossi/mc_productions/QCD-dijet_pThat15-event-weighted_TuneCP5_5p36TeV_pythia8/OO_MC_DijetEmbedded_pThat-15to1200_TuneCP5_5p36TeV_pythia8/260306_002843/0000/HiForestMiniAOD_510.root
Time elapsed: 11641 seconds
File Contains: 134000 entries.
NMiss: 2039352 | NFake: 6717275 | NMatch: 74978444
Processing file 457 of 817: /eos/cms/store/group/phys_heavyions/hbossi/mc_productions/QCD-dijet_pThat15-event-weighted_TuneCP5_5p36TeV_pythia8/OO_MC_DijetEmbedded_pThat-15to1200_TuneCP5_5p36TeV_pythia8/260306_002843/0000/HiForestMiniAOD_511.root
Time elapsed: 11667 seconds
File Contains: 98000 entries.
NMiss: 2042862 | NFake: 6728911 | NMatch: 75107379
Processing file 458 of 817: /eos/cms/store/group/phys_heavyions/hbossi/mc_productions/QCD-dijet_pThat15-event-weighted_TuneCP5_5p36TeV_pythia8/OO_MC_DijetEmbedded_pThat-15to1200_TuneCP5_5p36TeV_pythia8/260306_002843/0000/HiForestMiniAOD_512.root
Time elapsed: 11684 seconds
File Contains: 114000 entries.
NMiss: 2046918 | NFake: 6742507 | NMatch: 75257875
Processing file 459 of 817: /eos/cms/store/group/phys_heavyions/hbossi/mc_productions/QCD-dijet_pThat15-event-weighted_TuneCP5_5p36TeV_pythia8/OO_MC_DijetEmbedded_pThat-15to1200_TuneCP5_5p36TeV_pythia8/260306_002843/0000/HiForestMiniAOD_513.root
Time elapsed: 11710 seconds
File Contains: 127000 entries.
NMiss: 2051432 | NFake: 6757619 | NMatch: 75425691
Processing file 460 of 817: /eos/cms/store/group/phys_heavyions/hbossi/mc_productions/QCD-dijet_pThat15-event-weighted_TuneCP5_5p36TeV_pythia8/OO_MC_DijetEmbedded_pThat-15to1200_TuneCP5_5p36TeV_pythia8/260306_002843/0000/HiForestMiniAOD_514.root
Time elapsed: 11732 seconds
File Contains: 137000 entries.
NMiss: 2056396 | NFake: 6773726 | NMatch: 75607313
Processing file 461 of 817: /eos/cms/store/group/phys_heavyions/hbossi/mc_productions/QCD-dijet_pThat15-event-weighted_TuneCP5_5p36TeV_pythia8/OO_MC_DijetEmbedded_pThat-15to1200_TuneCP5_5p36TeV_pythia8/260306_002843/0000/HiForestMiniAOD_515.root
Time elapsed: 11769 seconds
File Contains: 115000 entries.
NMiss: 2060615 | NFake: 6787171 | NMatch: 75759209
Processing file 462 of 817: /eos/cms/store/group/phys_heavyions/hbossi/mc_productions/QCD-dijet_pThat15-event-weighted_TuneCP5_5p36TeV_pythia8/OO_MC_DijetEmbedded_pThat-15to1200_TuneCP5_5p36TeV_pythia8/260306_002843/0000/HiForestMiniAOD_516.root
Time elapsed: 11810 seconds
File Contains: 115000 entries.
NMiss: 2064628 | NFake: 6800835 | NMatch: 75911397
Processing file 463 of 817: /eos/cms/store/group/phys_heavyions/hbossi/mc_productions/QCD-dijet_pThat15-event-weighted_TuneCP5_5p36TeV_pythia8/OO_MC_DijetEmbedded_pThat-15to1200_TuneCP5_5p36TeV_pythia8/260306_002843/0000/HiForestMiniAOD_517.root
Time elapsed: 11829 seconds
File Contains: 148000 entries.
NMiss: 2069956 | NFake: 6818687 | NMatch: 76106512
Processing file 464 of 817: /eos/cms/store/group/phys_heavyions/hbossi/mc_productions/QCD-dijet_pThat15-event-weighted_TuneCP5_5p36TeV_pythia8/OO_MC_DijetEmbedded_pThat-15to1200_TuneCP5_5p36TeV_pythia8/260306_002843/0000/HiForestMiniAOD_518.root
Time elapsed: 11852 seconds
File Contains: 151000 entries.
NMiss: 2075345 | NFake: 6836785 | NMatch: 76306481
Processing file 465 of 817: /eos/cms/store/group/phys_heavyions/hbossi/mc_productions/QCD-dijet_pThat15-event-weighted_TuneCP5_5p36TeV_pythia8/OO_MC_DijetEmbedded_pThat-15to1200_TuneCP5_5p36TeV_pythia8/260306_002843/0000/HiForestMiniAOD_519.root
Time elapsed: 11875 seconds
File Contains: 99000 entries.
NMiss: 2078892 | NFake: 6848480 | NMatch: 76437571
Processing file 466 of 817: /eos/cms/store/group/phys_heavyions/hbossi/mc_productions/QCD-dijet_pThat15-event-weighted_TuneCP5_5p36TeV_pythia8/OO_MC_DijetEmbedded_pThat-15to1200_TuneCP5_5p36TeV_pythia8/260306_002843/0000/HiForestMiniAOD_52.root
Time elapsed: 11898 seconds
File Contains: 93000 entries.
NMiss: 2082269 | NFake: 6859312 | NMatch: 76560628
Processing file 467 of 817: /eos/cms/store/group/phys_heavyions/hbossi/mc_productions/QCD-dijet_pThat15-event-weighted_TuneCP5_5p36TeV_pythia8/OO_MC_DijetEmbedded_pThat-15to1200_TuneCP5_5p36TeV_pythia8/260306_002843/0000/HiForestMiniAOD_520.root
Time elapsed: 11929 seconds
File Contains: 144000 entries.
NMiss: 2087381 | NFake: 6876201 | NMatch: 76750144
Processing file 468 of 817: /eos/cms/store/group/phys_heavyions/hbossi/mc_productions/QCD-dijet_pThat15-event-weighted_TuneCP5_5p36TeV_pythia8/OO_MC_DijetEmbedded_pThat-15to1200_TuneCP5_5p36TeV_pythia8/260306_002843/0000/HiForestMiniAOD_521.root
Time elapsed: 11957 seconds
File Contains: 127000 entries.
NMiss: 2091957 | NFake: 6891069 | NMatch: 76918309
Processing file 469 of 817: /eos/cms/store/group/phys_heavyions/hbossi/mc_productions/QCD-dijet_pThat15-event-weighted_TuneCP5_5p36TeV_pythia8/OO_MC_DijetEmbedded_pThat-15to1200_TuneCP5_5p36TeV_pythia8/260306_002843/0000/HiForestMiniAOD_522.root
Time elapsed: 11980 seconds
File Contains: 96000 entries.
NMiss: 2095369 | NFake: 6902435 | NMatch: 77045656
Processing file 470 of 817: /eos/cms/store/group/phys_heavyions/hbossi/mc_productions/QCD-dijet_pThat15-event-weighted_TuneCP5_5p36TeV_pythia8/OO_MC_DijetEmbedded_pThat-15to1200_TuneCP5_5p36TeV_pythia8/260306_002843/0000/HiForestMiniAOD_523.root
Time elapsed: 11997 seconds
File Contains: 93000 entries.
NMiss: 2098590 | NFake: 6913339 | NMatch: 77168429
Processing file 471 of 817: /eos/cms/store/group/phys_heavyions/hbossi/mc_productions/QCD-dijet_pThat15-event-weighted_TuneCP5_5p36TeV_pythia8/OO_MC_DijetEmbedded_pThat-15to1200_TuneCP5_5p36TeV_pythia8/260306_002843/0000/HiForestMiniAOD_524.root
Time elapsed: 12013 seconds
File Contains: 91000 entries.
NMiss: 2101791 | NFake: 6924127 | NMatch: 77288971
Processing file 472 of 817: /eos/cms/store/group/phys_heavyions/hbossi/mc_productions/QCD-dijet_pThat15-event-weighted_TuneCP5_5p36TeV_pythia8/OO_MC_DijetEmbedded_pThat-15to1200_TuneCP5_5p36TeV_pythia8/260306_002843/0000/HiForestMiniAOD_525.root
Time elapsed: 12032 seconds
File Contains: 90000 entries.
NMiss: 2105125 | NFake: 6935000 | NMatch: 77407959
Processing file 473 of 817: /eos/cms/store/group/phys_heavyions/hbossi/mc_productions/QCD-dijet_pThat15-event-weighted_TuneCP5_5p36TeV_pythia8/OO_MC_DijetEmbedded_pThat-15to1200_TuneCP5_5p36TeV_pythia8/260306_002843/0000/HiForestMiniAOD_526.root
Time elapsed: 12046 seconds
File Contains: 115000 entries.
NMiss: 2109223 | NFake: 6948366 | NMatch: 77559927
Processing file 474 of 817: /eos/cms/store/group/phys_heavyions/hbossi/mc_productions/QCD-dijet_pThat15-event-weighted_TuneCP5_5p36TeV_pythia8/OO_MC_DijetEmbedded_pThat-15to1200_TuneCP5_5p36TeV_pythia8/260306_002843/0000/HiForestMiniAOD_527.root
Time elapsed: 12065 seconds
File Contains: 90000 entries.
NMiss: 2112399 | NFake: 6958986 | NMatch: 77678821
Processing file 475 of 817: /eos/cms/store/group/phys_heavyions/hbossi/mc_productions/QCD-dijet_pThat15-event-weighted_TuneCP5_5p36TeV_pythia8/OO_MC_DijetEmbedded_pThat-15to1200_TuneCP5_5p36TeV_pythia8/260306_002843/0000/HiForestMiniAOD_528.root
Time elapsed: 12083 seconds
File Contains: 111000 entries.
NMiss: 2116392 | NFake: 6972155 | NMatch: 77825686
Processing file 476 of 817: /eos/cms/store/group/phys_heavyions/hbossi/mc_productions/QCD-dijet_pThat15-event-weighted_TuneCP5_5p36TeV_pythia8/OO_MC_DijetEmbedded_pThat-15to1200_TuneCP5_5p36TeV_pythia8/260306_002843/0000/HiForestMiniAOD_529.root
Time elapsed: 12103 seconds
File Contains: 130000 entries.
NMiss: 2120869 | NFake: 6987549 | NMatch: 77996587
Processing file 477 of 817: /eos/cms/store/group/phys_heavyions/hbossi/mc_productions/QCD-dijet_pThat15-event-weighted_TuneCP5_5p36TeV_pythia8/OO_MC_DijetEmbedded_pThat-15to1200_TuneCP5_5p36TeV_pythia8/260306_002843/0000/HiForestMiniAOD_53.root
Time elapsed: 12145 seconds
File Contains: 113000 entries.
NMiss: 2125013 | NFake: 7000844 | NMatch: 78145914
Processing file 478 of 817: /eos/cms/store/group/phys_heavyions/hbossi/mc_productions/QCD-dijet_pThat15-event-weighted_TuneCP5_5p36TeV_pythia8/OO_MC_DijetEmbedded_pThat-15to1200_TuneCP5_5p36TeV_pythia8/260306_002843/0000/HiForestMiniAOD_530.root
Time elapsed: 12169 seconds
File Contains: 131000 entries.
NMiss: 2129761 | NFake: 7016423 | NMatch: 78319360
Processing file 479 of 817: /eos/cms/store/group/phys_heavyions/hbossi/mc_productions/QCD-dijet_pThat15-event-weighted_TuneCP5_5p36TeV_pythia8/OO_MC_DijetEmbedded_pThat-15to1200_TuneCP5_5p36TeV_pythia8/260306_002843/0000/HiForestMiniAOD_531.root
Time elapsed: 12201 seconds
File Contains: 126000 entries.
NMiss: 2134215 | NFake: 7031442 | NMatch: 78486092
Processing file 480 of 817: /eos/cms/store/group/phys_heavyions/hbossi/mc_productions/QCD-dijet_pThat15-event-weighted_TuneCP5_5p36TeV_pythia8/OO_MC_DijetEmbedded_pThat-15to1200_TuneCP5_5p36TeV_pythia8/260306_002843/0000/HiForestMiniAOD_532.root
Time elapsed: 12234 seconds
File Contains: 148000 entries.
NMiss: 2139486 | NFake: 7048579 | NMatch: 78681941
Processing file 481 of 817: /eos/cms/store/group/phys_heavyions/hbossi/mc_productions/QCD-dijet_pThat15-event-weighted_TuneCP5_5p36TeV_pythia8/OO_MC_DijetEmbedded_pThat-15to1200_TuneCP5_5p36TeV_pythia8/260306_002843/0000/HiForestMiniAOD_533.root
Time elapsed: 12259 seconds
File Contains: 141000 entries.
NMiss: 2144679 | NFake: 7065195 | NMatch: 78867521
Processing file 482 of 817: /eos/cms/store/group/phys_heavyions/hbossi/mc_productions/QCD-dijet_pThat15-event-weighted_TuneCP5_5p36TeV_pythia8/OO_MC_DijetEmbedded_pThat-15to1200_TuneCP5_5p36TeV_pythia8/260306_002843/0000/HiForestMiniAOD_534.root
Time elapsed: 12291 seconds
File Contains: 70000 entries.
NMiss: 2147195 | NFake: 7073434 | NMatch: 78960349
Processing file 483 of 817: /eos/cms/store/group/phys_heavyions/hbossi/mc_productions/QCD-dijet_pThat15-event-weighted_TuneCP5_5p36TeV_pythia8/OO_MC_DijetEmbedded_pThat-15to1200_TuneCP5_5p36TeV_pythia8/260306_002843/0000/HiForestMiniAOD_535.root
Time elapsed: 12306 seconds
File Contains: 121000 entries.
NMiss: 2151450 | NFake: 7087838 | NMatch: 79120232
Processing file 484 of 817: /eos/cms/store/group/phys_heavyions/hbossi/mc_productions/QCD-dijet_pThat15-event-weighted_TuneCP5_5p36TeV_pythia8/OO_MC_DijetEmbedded_pThat-15to1200_TuneCP5_5p36TeV_pythia8/260306_002843/0000/HiForestMiniAOD_536.root
Time elapsed: 12329 seconds
File Contains: 134000 entries.
NMiss: 2156183 | NFake: 7103994 | NMatch: 79297019
Processing file 485 of 817: /eos/cms/store/group/phys_heavyions/hbossi/mc_productions/QCD-dijet_pThat15-event-weighted_TuneCP5_5p36TeV_pythia8/OO_MC_DijetEmbedded_pThat-15to1200_TuneCP5_5p36TeV_pythia8/260306_002843/0000/HiForestMiniAOD_537.root
Time elapsed: 12349 seconds
File Contains: 167000 entries.
NMiss: 2162165 | NFake: 7123825 | NMatch: 79518095
Processing file 486 of 817: /eos/cms/store/group/phys_heavyions/hbossi/mc_productions/QCD-dijet_pThat15-event-weighted_TuneCP5_5p36TeV_pythia8/OO_MC_DijetEmbedded_pThat-15to1200_TuneCP5_5p36TeV_pythia8/260306_002843/0000/HiForestMiniAOD_538.root
Time elapsed: 12372 seconds
File Contains: 131000 entries.
NMiss: 2166921 | NFake: 7139388 | NMatch: 79691196
Processing file 487 of 817: /eos/cms/store/group/phys_heavyions/hbossi/mc_productions/QCD-dijet_pThat15-event-weighted_TuneCP5_5p36TeV_pythia8/OO_MC_DijetEmbedded_pThat-15to1200_TuneCP5_5p36TeV_pythia8/260306_002843/0000/HiForestMiniAOD_539.root
Time elapsed: 12398 seconds
File Contains: 153000 entries.
NMiss: 2172582 | NFake: 7157490 | NMatch: 79894193
Processing file 488 of 817: /eos/cms/store/group/phys_heavyions/hbossi/mc_productions/QCD-dijet_pThat15-event-weighted_TuneCP5_5p36TeV_pythia8/OO_MC_DijetEmbedded_pThat-15to1200_TuneCP5_5p36TeV_pythia8/260306_002843/0000/HiForestMiniAOD_54.root
Time elapsed: 12419 seconds
File Contains: 163000 entries.
NMiss: 2178434 | NFake: 7176793 | NMatch: 80109119
Processing file 489 of 817: /eos/cms/store/group/phys_heavyions/hbossi/mc_productions/QCD-dijet_pThat15-event-weighted_TuneCP5_5p36TeV_pythia8/OO_MC_DijetEmbedded_pThat-15to1200_TuneCP5_5p36TeV_pythia8/260306_002843/0000/HiForestMiniAOD_540.root
Time elapsed: 12444 seconds
File Contains: 108000 entries.
NMiss: 2182272 | NFake: 7189537 | NMatch: 80251750
Processing file 490 of 817: /eos/cms/store/group/phys_heavyions/hbossi/mc_productions/QCD-dijet_pThat15-event-weighted_TuneCP5_5p36TeV_pythia8/OO_MC_DijetEmbedded_pThat-15to1200_TuneCP5_5p36TeV_pythia8/260306_002843/0000/HiForestMiniAOD_541.root
Time elapsed: 12463 seconds
File Contains: 154000 entries.
NMiss: 2187707 | NFake: 7207752 | NMatch: 80455337
Processing file 491 of 817: /eos/cms/store/group/phys_heavyions/hbossi/mc_productions/QCD-dijet_pThat15-event-weighted_TuneCP5_5p36TeV_pythia8/OO_MC_DijetEmbedded_pThat-15to1200_TuneCP5_5p36TeV_pythia8/260306_002843/0000/HiForestMiniAOD_542.root
Time elapsed: 12482 seconds
File Contains: 146000 entries.
NMiss: 2192974 | NFake: 7225064 | NMatch: 80647858
Processing file 492 of 817: /eos/cms/store/group/phys_heavyions/hbossi/mc_productions/QCD-dijet_pThat15-event-weighted_TuneCP5_5p36TeV_pythia8/OO_MC_DijetEmbedded_pThat-15to1200_TuneCP5_5p36TeV_pythia8/260306_002843/0000/HiForestMiniAOD_543.root
Time elapsed: 12509 seconds
File Contains: 101000 entries.
NMiss: 2196614 | NFake: 7237108 | NMatch: 80781585
Processing file 493 of 817: /eos/cms/store/group/phys_heavyions/hbossi/mc_productions/QCD-dijet_pThat15-event-weighted_TuneCP5_5p36TeV_pythia8/OO_MC_DijetEmbedded_pThat-15to1200_TuneCP5_5p36TeV_pythia8/260306_002843/0000/HiForestMiniAOD_544.root
Time elapsed: 12534 seconds
File Contains: 133000 entries.
NMiss: 2201450 | NFake: 7252756 | NMatch: 80957215
Processing file 494 of 817: /eos/cms/store/group/phys_heavyions/hbossi/mc_productions/QCD-dijet_pThat15-event-weighted_TuneCP5_5p36TeV_pythia8/OO_MC_DijetEmbedded_pThat-15to1200_TuneCP5_5p36TeV_pythia8/260306_002843/0000/HiForestMiniAOD_545.root
Time elapsed: 12587 seconds
File Contains: 106000 entries.
NMiss: 2205373 | NFake: 7265290 | NMatch: 81097418
Processing file 495 of 817: /eos/cms/store/group/phys_heavyions/hbossi/mc_productions/QCD-dijet_pThat15-event-weighted_TuneCP5_5p36TeV_pythia8/OO_MC_DijetEmbedded_pThat-15to1200_TuneCP5_5p36TeV_pythia8/260306_002843/0000/HiForestMiniAOD_546.root
Time elapsed: 12606 seconds
File Contains: 108000 entries.
NMiss: 2209267 | NFake: 7278009 | NMatch: 81240451
Processing file 496 of 817: /eos/cms/store/group/phys_heavyions/hbossi/mc_productions/QCD-dijet_pThat15-event-weighted_TuneCP5_5p36TeV_pythia8/OO_MC_DijetEmbedded_pThat-15to1200_TuneCP5_5p36TeV_pythia8/260306_002843/0000/HiForestMiniAOD_547.root
Time elapsed: 12621 seconds
File Contains: 147000 entries.
NMiss: 2214439 | NFake: 7295555 | NMatch: 81434532
Processing file 497 of 817: /eos/cms/store/group/phys_heavyions/hbossi/mc_productions/QCD-dijet_pThat15-event-weighted_TuneCP5_5p36TeV_pythia8/OO_MC_DijetEmbedded_pThat-15to1200_TuneCP5_5p36TeV_pythia8/260306_002843/0000/HiForestMiniAOD_548.root
Time elapsed: 12647 seconds
File Contains: 125000 entries.
NMiss: 2218925 | NFake: 7310442 | NMatch: 81599420
Processing file 498 of 817: /eos/cms/store/group/phys_heavyions/hbossi/mc_productions/QCD-dijet_pThat15-event-weighted_TuneCP5_5p36TeV_pythia8/OO_MC_DijetEmbedded_pThat-15to1200_TuneCP5_5p36TeV_pythia8/260306_002843/0000/HiForestMiniAOD_549.root
Time elapsed: 12672 seconds
File Contains: 100000 entries.
NMiss: 2222423 | NFake: 7322301 | NMatch: 81732075
Processing file 499 of 817: /eos/cms/store/group/phys_heavyions/hbossi/mc_productions/QCD-dijet_pThat15-event-weighted_TuneCP5_5p36TeV_pythia8/OO_MC_DijetEmbedded_pThat-15to1200_TuneCP5_5p36TeV_pythia8/260306_002843/0000/HiForestMiniAOD_55.root
Time elapsed: 12704 seconds
File Contains: 90000 entries.
NMiss: 2225637 | NFake: 7332940 | NMatch: 81851386
Processing file 500 of 817: /eos/cms/store/group/phys_heavyions/hbossi/mc_productions/QCD-dijet_pThat15-event-weighted_TuneCP5_5p36TeV_pythia8/OO_MC_DijetEmbedded_pThat-15to1200_TuneCP5_5p36TeV_pythia8/260306_002843/0000/HiForestMiniAOD_550.root
Time elapsed: 12724 seconds
File Contains: 114000 entries.
NMiss: 2229747 | NFake: 7346432 | NMatch: 82001392
Processing file 501 of 817: /eos/cms/store/group/phys_heavyions/hbossi/mc_productions/QCD-dijet_pThat15-event-weighted_TuneCP5_5p36TeV_pythia8/OO_MC_DijetEmbedded_pThat-15to1200_TuneCP5_5p36TeV_pythia8/260306_002843/0000/HiForestMiniAOD_551.root
Time elapsed: 12745 seconds
File Contains: 108000 entries.
NMiss: 2233633 | NFake: 7359161 | NMatch: 82144146
Processing file 502 of 817: /eos/cms/store/group/phys_heavyions/hbossi/mc_productions/QCD-dijet_pThat15-event-weighted_TuneCP5_5p36TeV_pythia8/OO_MC_DijetEmbedded_pThat-15to1200_TuneCP5_5p36TeV_pythia8/260306_002843/0000/HiForestMiniAOD_552.root
Time elapsed: 12776 seconds
File Contains: 108000 entries.
NMiss: 2237484 | NFake: 7372210 | NMatch: 82286479
Processing file 503 of 817: /eos/cms/store/group/phys_heavyions/hbossi/mc_productions/QCD-dijet_pThat15-event-weighted_TuneCP5_5p36TeV_pythia8/OO_MC_DijetEmbedded_pThat-15to1200_TuneCP5_5p36TeV_pythia8/260306_002843/0000/HiForestMiniAOD_553.root
Time elapsed: 12794 seconds
File Contains: 116000 entries.
NMiss: 2241706 | NFake: 7385928 | NMatch: 82439652
Processing file 504 of 817: /eos/cms/store/group/phys_heavyions/hbossi/mc_productions/QCD-dijet_pThat15-event-weighted_TuneCP5_5p36TeV_pythia8/OO_MC_DijetEmbedded_pThat-15to1200_TuneCP5_5p36TeV_pythia8/260306_002843/0000/HiForestMiniAOD_554.root
Time elapsed: 12816 seconds
File Contains: 167000 entries.
NMiss: 2247830 | NFake: 7405631 | NMatch: 82660267
Processing file 505 of 817: /eos/cms/store/group/phys_heavyions/hbossi/mc_productions/QCD-dijet_pThat15-event-weighted_TuneCP5_5p36TeV_pythia8/OO_MC_DijetEmbedded_pThat-15to1200_TuneCP5_5p36TeV_pythia8/260306_002843/0000/HiForestMiniAOD_555.root
Time elapsed: 12837 seconds
File Contains: 140000 entries.
NMiss: 2252840 | NFake: 7422152 | NMatch: 82844658
Processing file 506 of 817: /eos/cms/store/group/phys_heavyions/hbossi/mc_productions/QCD-dijet_pThat15-event-weighted_TuneCP5_5p36TeV_pythia8/OO_MC_DijetEmbedded_pThat-15to1200_TuneCP5_5p36TeV_pythia8/260306_002843/0000/HiForestMiniAOD_556.root
Time elapsed: 12860 seconds
File Contains: 90000 entries.
NMiss: 2256061 | NFake: 7432929 | NMatch: 82963529
Processing file 507 of 817: /eos/cms/store/group/phys_heavyions/hbossi/mc_productions/QCD-dijet_pThat15-event-weighted_TuneCP5_5p36TeV_pythia8/OO_MC_DijetEmbedded_pThat-15to1200_TuneCP5_5p36TeV_pythia8/260306_002843/0000/HiForestMiniAOD_557.root
Time elapsed: 12879 seconds
File Contains: 110000 entries.
NMiss: 2260058 | NFake: 7445739 | NMatch: 83109442
Processing file 508 of 817: /eos/cms/store/group/phys_heavyions/hbossi/mc_productions/QCD-dijet_pThat15-event-weighted_TuneCP5_5p36TeV_pythia8/OO_MC_DijetEmbedded_pThat-15to1200_TuneCP5_5p36TeV_pythia8/260306_002843/0000/HiForestMiniAOD_558.root
Time elapsed: 12901 seconds
File Contains: 165000 entries.
NMiss: 2266060 | NFake: 7465237 | NMatch: 83327406
Processing file 509 of 817: /eos/cms/store/group/phys_heavyions/hbossi/mc_productions/QCD-dijet_pThat15-event-weighted_TuneCP5_5p36TeV_pythia8/OO_MC_DijetEmbedded_pThat-15to1200_TuneCP5_5p36TeV_pythia8/260306_002843/0000/HiForestMiniAOD_559.root
Time elapsed: 12926 seconds
File Contains: 136000 entries.
NMiss: 2270917 | NFake: 7481558 | NMatch: 83506934
Processing file 510 of 817: /eos/cms/store/group/phys_heavyions/hbossi/mc_productions/QCD-dijet_pThat15-event-weighted_TuneCP5_5p36TeV_pythia8/OO_MC_DijetEmbedded_pThat-15to1200_TuneCP5_5p36TeV_pythia8/260306_002843/0000/HiForestMiniAOD_56.root
Time elapsed: 12946 seconds
File Contains: 103000 entries.
NMiss: 2274717 | NFake: 7493738 | NMatch: 83643213
Processing file 511 of 817: /eos/cms/store/group/phys_heavyions/hbossi/mc_productions/QCD-dijet_pThat15-event-weighted_TuneCP5_5p36TeV_pythia8/OO_MC_DijetEmbedded_pThat-15to1200_TuneCP5_5p36TeV_pythia8/260306_002843/0000/HiForestMiniAOD_560.root
Time elapsed: 12970 seconds
File Contains: 112000 entries.
NMiss: 2278749 | NFake: 7507144 | NMatch: 83790854
Processing file 512 of 817: /eos/cms/store/group/phys_heavyions/hbossi/mc_productions/QCD-dijet_pThat15-event-weighted_TuneCP5_5p36TeV_pythia8/OO_MC_DijetEmbedded_pThat-15to1200_TuneCP5_5p36TeV_pythia8/260306_002843/0000/HiForestMiniAOD_561.root
Time elapsed: 12988 seconds
File Contains: 128000 entries.
NMiss: 2283410 | NFake: 7522463 | NMatch: 83960236
Processing file 513 of 817: /eos/cms/store/group/phys_heavyions/hbossi/mc_productions/QCD-dijet_pThat15-event-weighted_TuneCP5_5p36TeV_pythia8/OO_MC_DijetEmbedded_pThat-15to1200_TuneCP5_5p36TeV_pythia8/260306_002843/0000/HiForestMiniAOD_562.root
Time elapsed: 13016 seconds
File Contains: 165000 entries.
NMiss: 2289387 | NFake: 7541965 | NMatch: 84177704
Processing file 514 of 817: /eos/cms/store/group/phys_heavyions/hbossi/mc_productions/QCD-dijet_pThat15-event-weighted_TuneCP5_5p36TeV_pythia8/OO_MC_DijetEmbedded_pThat-15to1200_TuneCP5_5p36TeV_pythia8/260306_002843/0000/HiForestMiniAOD_563.root
Time elapsed: 13041 seconds
File Contains: 149000 entries.
NMiss: 2294640 | NFake: 7559800 | NMatch: 84374430
Processing file 515 of 817: /eos/cms/store/group/phys_heavyions/hbossi/mc_productions/QCD-dijet_pThat15-event-weighted_TuneCP5_5p36TeV_pythia8/OO_MC_DijetEmbedded_pThat-15to1200_TuneCP5_5p36TeV_pythia8/260306_002843/0000/HiForestMiniAOD_564.root
Time elapsed: 13066 seconds
File Contains: 93000 entries.
NMiss: 2297989 | NFake: 7570587 | NMatch: 84496902
Processing file 516 of 817: /eos/cms/store/group/phys_heavyions/hbossi/mc_productions/QCD-dijet_pThat15-event-weighted_TuneCP5_5p36TeV_pythia8/OO_MC_DijetEmbedded_pThat-15to1200_TuneCP5_5p36TeV_pythia8/260306_002843/0000/HiForestMiniAOD_565.root
Time elapsed: 13085 seconds
File Contains: 95000 entries.
NMiss: 2301392 | NFake: 7581945 | NMatch: 84622377
Processing file 517 of 817: /eos/cms/store/group/phys_heavyions/hbossi/mc_productions/QCD-dijet_pThat15-event-weighted_TuneCP5_5p36TeV_pythia8/OO_MC_DijetEmbedded_pThat-15to1200_TuneCP5_5p36TeV_pythia8/260306_002843/0000/HiForestMiniAOD_566.root
Time elapsed: 13102 seconds
File Contains: 159000 entries.
NMiss: 2307080 | NFake: 7600757 | NMatch: 84832320
Processing file 518 of 817: /eos/cms/store/group/phys_heavyions/hbossi/mc_productions/QCD-dijet_pThat15-event-weighted_TuneCP5_5p36TeV_pythia8/OO_MC_DijetEmbedded_pThat-15to1200_TuneCP5_5p36TeV_pythia8/260306_002843/0000/HiForestMiniAOD_567.root
Time elapsed: 13153 seconds
File Contains: 155000 entries.
NMiss: 2312688 | NFake: 7618481 | NMatch: 85036375
Processing file 519 of 817: /eos/cms/store/group/phys_heavyions/hbossi/mc_productions/QCD-dijet_pThat15-event-weighted_TuneCP5_5p36TeV_pythia8/OO_MC_DijetEmbedded_pThat-15to1200_TuneCP5_5p36TeV_pythia8/260306_002843/0000/HiForestMiniAOD_568.root
Time elapsed: 13177 seconds
File Contains: 165000 entries.
NMiss: 2318632 | NFake: 7638031 | NMatch: 85254202
Processing file 520 of 817: /eos/cms/store/group/phys_heavyions/hbossi/mc_productions/QCD-dijet_pThat15-event-weighted_TuneCP5_5p36TeV_pythia8/OO_MC_DijetEmbedded_pThat-15to1200_TuneCP5_5p36TeV_pythia8/260306_002843/0000/HiForestMiniAOD_569.root
Time elapsed: 13207 seconds
File Contains: 129000 entries.
NMiss: 2323345 | NFake: 7653526 | NMatch: 85423813
Processing file 521 of 817: /eos/cms/store/group/phys_heavyions/hbossi/mc_productions/QCD-dijet_pThat15-event-weighted_TuneCP5_5p36TeV_pythia8/OO_MC_DijetEmbedded_pThat-15to1200_TuneCP5_5p36TeV_pythia8/260306_002843/0000/HiForestMiniAOD_57.root
Time elapsed: 13226 seconds
File Contains: 122000 entries.
NMiss: 2327777 | NFake: 7668263 | NMatch: 85585297
Processing file 522 of 817: /eos/cms/store/group/phys_heavyions/hbossi/mc_productions/QCD-dijet_pThat15-event-weighted_TuneCP5_5p36TeV_pythia8/OO_MC_DijetEmbedded_pThat-15to1200_TuneCP5_5p36TeV_pythia8/260306_002843/0000/HiForestMiniAOD_570.root
Time elapsed: 13251 seconds
File Contains: 129000 entries.
NMiss: 2332486 | NFake: 7683895 | NMatch: 85756224
Processing file 523 of 817: /eos/cms/store/group/phys_heavyions/hbossi/mc_productions/QCD-dijet_pThat15-event-weighted_TuneCP5_5p36TeV_pythia8/OO_MC_DijetEmbedded_pThat-15to1200_TuneCP5_5p36TeV_pythia8/260306_002843/0000/HiForestMiniAOD_571.root
Time elapsed: 13290 seconds
File Contains: 120000 entries.
NMiss: 2336672 | NFake: 7698303 | NMatch: 85914855
Processing file 524 of 817: /eos/cms/store/group/phys_heavyions/hbossi/mc_productions/QCD-dijet_pThat15-event-weighted_TuneCP5_5p36TeV_pythia8/OO_MC_DijetEmbedded_pThat-15to1200_TuneCP5_5p36TeV_pythia8/260306_002843/0000/HiForestMiniAOD_572.root
Time elapsed: 13315 seconds
File Contains: 143000 entries.
NMiss: 2341880 | NFake: 7715290 | NMatch: 86104189
Processing file 525 of 817: /eos/cms/store/group/phys_heavyions/hbossi/mc_productions/QCD-dijet_pThat15-event-weighted_TuneCP5_5p36TeV_pythia8/OO_MC_DijetEmbedded_pThat-15to1200_TuneCP5_5p36TeV_pythia8/260306_002843/0000/HiForestMiniAOD_573.root
Time elapsed: 13338 seconds
File Contains: 113000 entries.
NMiss: 2345845 | NFake: 7728813 | NMatch: 86253123
Processing file 526 of 817: /eos/cms/store/group/phys_heavyions/hbossi/mc_productions/QCD-dijet_pThat15-event-weighted_TuneCP5_5p36TeV_pythia8/OO_MC_DijetEmbedded_pThat-15to1200_TuneCP5_5p36TeV_pythia8/260306_002843/0000/HiForestMiniAOD_574.root
Time elapsed: 13361 seconds
File Contains: 115000 entries.
NMiss: 2349930 | NFake: 7742265 | NMatch: 86404522
Processing file 527 of 817: /eos/cms/store/group/phys_heavyions/hbossi/mc_productions/QCD-dijet_pThat15-event-weighted_TuneCP5_5p36TeV_pythia8/OO_MC_DijetEmbedded_pThat-15to1200_TuneCP5_5p36TeV_pythia8/260306_002843/0000/HiForestMiniAOD_575.root
Time elapsed: 13383 seconds
File Contains: 102000 entries.
NMiss: 2353626 | NFake: 7754272 | NMatch: 86538899
Processing file 528 of 817: /eos/cms/store/group/phys_heavyions/hbossi/mc_productions/QCD-dijet_pThat15-event-weighted_TuneCP5_5p36TeV_pythia8/OO_MC_DijetEmbedded_pThat-15to1200_TuneCP5_5p36TeV_pythia8/260306_002843/0000/HiForestMiniAOD_576.root
Time elapsed: 13405 seconds
File Contains: 143000 entries.
NMiss: 2358761 | NFake: 7771302 | NMatch: 86727729
Processing file 529 of 817: /eos/cms/store/group/phys_heavyions/hbossi/mc_productions/QCD-dijet_pThat15-event-weighted_TuneCP5_5p36TeV_pythia8/OO_MC_DijetEmbedded_pThat-15to1200_TuneCP5_5p36TeV_pythia8/260306_002843/0000/HiForestMiniAOD_577.root
Time elapsed: 13441 seconds
File Contains: 114000 entries.
NMiss: 2362807 | NFake: 7784728 | NMatch: 86878618
Processing file 530 of 817: /eos/cms/store/group/phys_heavyions/hbossi/mc_productions/QCD-dijet_pThat15-event-weighted_TuneCP5_5p36TeV_pythia8/OO_MC_DijetEmbedded_pThat-15to1200_TuneCP5_5p36TeV_pythia8/260306_002843/0000/HiForestMiniAOD_578.root
Time elapsed: 13466 seconds
File Contains: 114000 entries.
NMiss: 2366860 | NFake: 7798131 | NMatch: 87028813
Processing file 531 of 817: /eos/cms/store/group/phys_heavyions/hbossi/mc_productions/QCD-dijet_pThat15-event-weighted_TuneCP5_5p36TeV_pythia8/OO_MC_DijetEmbedded_pThat-15to1200_TuneCP5_5p36TeV_pythia8/260306_002843/0000/HiForestMiniAOD_579.root
Time elapsed: 13490 seconds
File Contains: 145000 entries.
NMiss: 2372136 | NFake: 7815279 | NMatch: 87220198
Processing file 532 of 817: /eos/cms/store/group/phys_heavyions/hbossi/mc_productions/QCD-dijet_pThat15-event-weighted_TuneCP5_5p36TeV_pythia8/OO_MC_DijetEmbedded_pThat-15to1200_TuneCP5_5p36TeV_pythia8/260306_002843/0000/HiForestMiniAOD_58.root
Time elapsed: 13512 seconds
File Contains: 97000 entries.
NMiss: 2375683 | NFake: 7826829 | NMatch: 87349106
Processing file 533 of 817: /eos/cms/store/group/phys_heavyions/hbossi/mc_productions/QCD-dijet_pThat15-event-weighted_TuneCP5_5p36TeV_pythia8/OO_MC_DijetEmbedded_pThat-15to1200_TuneCP5_5p36TeV_pythia8/260306_002843/0000/HiForestMiniAOD_580.root
Time elapsed: 13528 seconds
File Contains: 94000 entries.
NMiss: 2379016 | NFake: 7838090 | NMatch: 87472880
Processing file 534 of 817: /eos/cms/store/group/phys_heavyions/hbossi/mc_productions/QCD-dijet_pThat15-event-weighted_TuneCP5_5p36TeV_pythia8/OO_MC_DijetEmbedded_pThat-15to1200_TuneCP5_5p36TeV_pythia8/260306_002843/0000/HiForestMiniAOD_581.root
Time elapsed: 13544 seconds
File Contains: 116000 entries.
NMiss: 2383220 | NFake: 7851883 | NMatch: 87625518
Processing file 535 of 817: /eos/cms/store/group/phys_heavyions/hbossi/mc_productions/QCD-dijet_pThat15-event-weighted_TuneCP5_5p36TeV_pythia8/OO_MC_DijetEmbedded_pThat-15to1200_TuneCP5_5p36TeV_pythia8/260306_002843/0000/HiForestMiniAOD_582.root
Time elapsed: 13576 seconds
File Contains: 142000 entries.
NMiss: 2388309 | NFake: 7868905 | NMatch: 87812954
Processing file 536 of 817: /eos/cms/store/group/phys_heavyions/hbossi/mc_productions/QCD-dijet_pThat15-event-weighted_TuneCP5_5p36TeV_pythia8/OO_MC_DijetEmbedded_pThat-15to1200_TuneCP5_5p36TeV_pythia8/260306_002843/0000/HiForestMiniAOD_583.root
Time elapsed: 13599 seconds
File Contains: 118000 entries.
NMiss: 2392453 | NFake: 7883007 | NMatch: 87968740
Processing file 537 of 817: /eos/cms/store/group/phys_heavyions/hbossi/mc_productions/QCD-dijet_pThat15-event-weighted_TuneCP5_5p36TeV_pythia8/OO_MC_DijetEmbedded_pThat-15to1200_TuneCP5_5p36TeV_pythia8/260306_002843/0000/HiForestMiniAOD_584.root
Time elapsed: 13624 seconds
File Contains: 105000 entries.
NMiss: 2396223 | NFake: 7895340 | NMatch: 88107370
Processing file 538 of 817: /eos/cms/store/group/phys_heavyions/hbossi/mc_productions/QCD-dijet_pThat15-event-weighted_TuneCP5_5p36TeV_pythia8/OO_MC_DijetEmbedded_pThat-15to1200_TuneCP5_5p36TeV_pythia8/260306_002843/0000/HiForestMiniAOD_585.root
Time elapsed: 13641 seconds
File Contains: 97000 entries.
NMiss: 2399675 | NFake: 7906904 | NMatch: 88235485
Processing file 539 of 817: /eos/cms/store/group/phys_heavyions/hbossi/mc_productions/QCD-dijet_pThat15-event-weighted_TuneCP5_5p36TeV_pythia8/OO_MC_DijetEmbedded_pThat-15to1200_TuneCP5_5p36TeV_pythia8/260306_002843/0000/HiForestMiniAOD_586.root
Time elapsed: 13666 seconds
File Contains: 167000 entries.
NMiss: 2405668 | NFake: 7926494 | NMatch: 88456472
Processing file 540 of 817: /eos/cms/store/group/phys_heavyions/hbossi/mc_productions/QCD-dijet_pThat15-event-weighted_TuneCP5_5p36TeV_pythia8/OO_MC_DijetEmbedded_pThat-15to1200_TuneCP5_5p36TeV_pythia8/260306_002843/0000/HiForestMiniAOD_587.root
Time elapsed: 13689 seconds
File Contains: 103000 entries.
NMiss: 2409497 | NFake: 7938706 | NMatch: 88591534
Processing file 541 of 817: /eos/cms/store/group/phys_heavyions/hbossi/mc_productions/QCD-dijet_pThat15-event-weighted_TuneCP5_5p36TeV_pythia8/OO_MC_DijetEmbedded_pThat-15to1200_TuneCP5_5p36TeV_pythia8/260306_002843/0000/HiForestMiniAOD_588.root
Time elapsed: 13713 seconds
File Contains: 106000 entries.
NMiss: 2413343 | NFake: 7951185 | NMatch: 88732363
Processing file 542 of 817: /eos/cms/store/group/phys_heavyions/hbossi/mc_productions/QCD-dijet_pThat15-event-weighted_TuneCP5_5p36TeV_pythia8/OO_MC_DijetEmbedded_pThat-15to1200_TuneCP5_5p36TeV_pythia8/260306_002843/0000/HiForestMiniAOD_589.root
Time elapsed: 13731 seconds
File Contains: 115000 entries.
NMiss: 2417463 | NFake: 7964683 | NMatch: 88883976
Processing file 543 of 817: /eos/cms/store/group/phys_heavyions/hbossi/mc_productions/QCD-dijet_pThat15-event-weighted_TuneCP5_5p36TeV_pythia8/OO_MC_DijetEmbedded_pThat-15to1200_TuneCP5_5p36TeV_pythia8/260306_002843/0000/HiForestMiniAOD_59.root
Time elapsed: 13755 seconds
File Contains: 106000 entries.
NMiss: 2421192 | NFake: 7977259 | NMatch: 89024389
Processing file 544 of 817: /eos/cms/store/group/phys_heavyions/hbossi/mc_productions/QCD-dijet_pThat15-event-weighted_TuneCP5_5p36TeV_pythia8/OO_MC_DijetEmbedded_pThat-15to1200_TuneCP5_5p36TeV_pythia8/260306_002843/0000/HiForestMiniAOD_590.root
Time elapsed: 13777 seconds
File Contains: 128000 entries.
NMiss: 2425720 | NFake: 7992451 | NMatch: 89193422
Processing file 545 of 817: /eos/cms/store/group/phys_heavyions/hbossi/mc_productions/QCD-dijet_pThat15-event-weighted_TuneCP5_5p36TeV_pythia8/OO_MC_DijetEmbedded_pThat-15to1200_TuneCP5_5p36TeV_pythia8/260306_002843/0000/HiForestMiniAOD_591.root
Time elapsed: 13824 seconds
File Contains: 123000 entries.
NMiss: 2430203 | NFake: 8006872 | NMatch: 89355977
Processing file 546 of 817: /eos/cms/store/group/phys_heavyions/hbossi/mc_productions/QCD-dijet_pThat15-event-weighted_TuneCP5_5p36TeV_pythia8/OO_MC_DijetEmbedded_pThat-15to1200_TuneCP5_5p36TeV_pythia8/260306_002843/0000/HiForestMiniAOD_592.root
Time elapsed: 13843 seconds
File Contains: 108000 entries.
NMiss: 2434007 | NFake: 8019614 | NMatch: 89498870
Processing file 547 of 817: /eos/cms/store/group/phys_heavyions/hbossi/mc_productions/QCD-dijet_pThat15-event-weighted_TuneCP5_5p36TeV_pythia8/OO_MC_DijetEmbedded_pThat-15to1200_TuneCP5_5p36TeV_pythia8/260306_002843/0000/HiForestMiniAOD_593.root
Time elapsed: 13867 seconds
File Contains: 139000 entries.
NMiss: 2438969 | NFake: 8036066 | NMatch: 89682689
Processing file 548 of 817: /eos/cms/store/group/phys_heavyions/hbossi/mc_productions/QCD-dijet_pThat15-event-weighted_TuneCP5_5p36TeV_pythia8/OO_MC_DijetEmbedded_pThat-15to1200_TuneCP5_5p36TeV_pythia8/260306_002843/0000/HiForestMiniAOD_594.root
Time elapsed: 13889 seconds
File Contains: 119000 entries.
NMiss: 2443266 | NFake: 8050191 | NMatch: 89840137
Processing file 549 of 817: /eos/cms/store/group/phys_heavyions/hbossi/mc_productions/QCD-dijet_pThat15-event-weighted_TuneCP5_5p36TeV_pythia8/OO_MC_DijetEmbedded_pThat-15to1200_TuneCP5_5p36TeV_pythia8/260306_002843/0000/HiForestMiniAOD_595.root
Time elapsed: 13912 seconds
File Contains: 108000 entries.
NMiss: 2447162 | NFake: 8062974 | NMatch: 89982842
Processing file 550 of 817: /eos/cms/store/group/phys_heavyions/hbossi/mc_productions/QCD-dijet_pThat15-event-weighted_TuneCP5_5p36TeV_pythia8/OO_MC_DijetEmbedded_pThat-15to1200_TuneCP5_5p36TeV_pythia8/260306_002843/0000/HiForestMiniAOD_596.root
Time elapsed: 13930 seconds
File Contains: 112000 entries.
NMiss: 2451144 | NFake: 8076206 | NMatch: 90130702
Processing file 551 of 817: /eos/cms/store/group/phys_heavyions/hbossi/mc_productions/QCD-dijet_pThat15-event-weighted_TuneCP5_5p36TeV_pythia8/OO_MC_DijetEmbedded_pThat-15to1200_TuneCP5_5p36TeV_pythia8/260306_002843/0000/HiForestMiniAOD_597.root
Time elapsed: 13952 seconds
File Contains: 128000 entries.
NMiss: 2455738 | NFake: 8091460 | NMatch: 90300034
Processing file 552 of 817: /eos/cms/store/group/phys_heavyions/hbossi/mc_productions/QCD-dijet_pThat15-event-weighted_TuneCP5_5p36TeV_pythia8/OO_MC_DijetEmbedded_pThat-15to1200_TuneCP5_5p36TeV_pythia8/260306_002843/0000/HiForestMiniAOD_598.root
Time elapsed: 13974 seconds
File Contains: 142000 entries.
NMiss: 2460861 | NFake: 8108346 | NMatch: 90487244
Processing file 553 of 817: /eos/cms/store/group/phys_heavyions/hbossi/mc_productions/QCD-dijet_pThat15-event-weighted_TuneCP5_5p36TeV_pythia8/OO_MC_DijetEmbedded_pThat-15to1200_TuneCP5_5p36TeV_pythia8/260306_002843/0000/HiForestMiniAOD_599.root
Time elapsed: 13997 seconds
File Contains: 138000 entries.
NMiss: 2465871 | NFake: 8124536 | NMatch: 90670147
Processing file 554 of 817: /eos/cms/store/group/phys_heavyions/hbossi/mc_productions/QCD-dijet_pThat15-event-weighted_TuneCP5_5p36TeV_pythia8/OO_MC_DijetEmbedded_pThat-15to1200_TuneCP5_5p36TeV_pythia8/260306_002843/0000/HiForestMiniAOD_6.root
Time elapsed: 14028 seconds
File Contains: 163000 entries.
NMiss: 2471735 | NFake: 8143654 | NMatch: 90884796
Processing file 555 of 817: /eos/cms/store/group/phys_heavyions/hbossi/mc_productions/QCD-dijet_pThat15-event-weighted_TuneCP5_5p36TeV_pythia8/OO_MC_DijetEmbedded_pThat-15to1200_TuneCP5_5p36TeV_pythia8/260306_002843/0000/HiForestMiniAOD_60.root
Time elapsed: 14053 seconds
File Contains: 133000 entries.
NMiss: 2476449 | NFake: 8159535 | NMatch: 91060224
Processing file 556 of 817: /eos/cms/store/group/phys_heavyions/hbossi/mc_productions/QCD-dijet_pThat15-event-weighted_TuneCP5_5p36TeV_pythia8/OO_MC_DijetEmbedded_pThat-15to1200_TuneCP5_5p36TeV_pythia8/260306_002843/0000/HiForestMiniAOD_600.root
Time elapsed: 14088 seconds
File Contains: 91000 entries.
NMiss: 2479757 | NFake: 8170356 | NMatch: 91180658
Processing file 557 of 817: /eos/cms/store/group/phys_heavyions/hbossi/mc_productions/QCD-dijet_pThat15-event-weighted_TuneCP5_5p36TeV_pythia8/OO_MC_DijetEmbedded_pThat-15to1200_TuneCP5_5p36TeV_pythia8/260306_002843/0000/HiForestMiniAOD_601.root
Time elapsed: 14107 seconds
File Contains: 137000 entries.
NMiss: 2484727 | NFake: 8186314 | NMatch: 91361558
Processing file 558 of 817: /eos/cms/store/group/phys_heavyions/hbossi/mc_productions/QCD-dijet_pThat15-event-weighted_TuneCP5_5p36TeV_pythia8/OO_MC_DijetEmbedded_pThat-15to1200_TuneCP5_5p36TeV_pythia8/260306_002843/0000/HiForestMiniAOD_602.root
Time elapsed: 14136 seconds
File Contains: 92000 entries.
NMiss: 2488089 | NFake: 8197401 | NMatch: 91482462
Processing file 559 of 817: /eos/cms/store/group/phys_heavyions/hbossi/mc_productions/QCD-dijet_pThat15-event-weighted_TuneCP5_5p36TeV_pythia8/OO_MC_DijetEmbedded_pThat-15to1200_TuneCP5_5p36TeV_pythia8/260306_002843/0000/HiForestMiniAOD_603.root
Time elapsed: 14161 seconds
File Contains: 140000 entries.
NMiss: 2493129 | NFake: 8213921 | NMatch: 91667111
Processing file 560 of 817: /eos/cms/store/group/phys_heavyions/hbossi/mc_productions/QCD-dijet_pThat15-event-weighted_TuneCP5_5p36TeV_pythia8/OO_MC_DijetEmbedded_pThat-15to1200_TuneCP5_5p36TeV_pythia8/260306_002843/0000/HiForestMiniAOD_604.root
Time elapsed: 14182 seconds
File Contains: 137000 entries.
NMiss: 2498115 | NFake: 8230052 | NMatch: 91848133
Processing file 561 of 817: /eos/cms/store/group/phys_heavyions/hbossi/mc_productions/QCD-dijet_pThat15-event-weighted_TuneCP5_5p36TeV_pythia8/OO_MC_DijetEmbedded_pThat-15to1200_TuneCP5_5p36TeV_pythia8/260306_002843/0000/HiForestMiniAOD_605.root
Time elapsed: 14206 seconds
File Contains: 111000 entries.
NMiss: 2502100 | NFake: 8243013 | NMatch: 91995123
Processing file 562 of 817: /eos/cms/store/group/phys_heavyions/hbossi/mc_productions/QCD-dijet_pThat15-event-weighted_TuneCP5_5p36TeV_pythia8/OO_MC_DijetEmbedded_pThat-15to1200_TuneCP5_5p36TeV_pythia8/260306_002843/0000/HiForestMiniAOD_606.root
Time elapsed: 14226 seconds
File Contains: 134000 entries.
NMiss: 2506947 | NFake: 8258749 | NMatch: 92171991
Processing file 563 of 817: /eos/cms/store/group/phys_heavyions/hbossi/mc_productions/QCD-dijet_pThat15-event-weighted_TuneCP5_5p36TeV_pythia8/OO_MC_DijetEmbedded_pThat-15to1200_TuneCP5_5p36TeV_pythia8/260306_002843/0000/HiForestMiniAOD_607.root
Time elapsed: 14266 seconds
File Contains: 112000 entries.
NMiss: 2510894 | NFake: 8271997 | NMatch: 92320310
Processing file 564 of 817: /eos/cms/store/group/phys_heavyions/hbossi/mc_productions/QCD-dijet_pThat15-event-weighted_TuneCP5_5p36TeV_pythia8/OO_MC_DijetEmbedded_pThat-15to1200_TuneCP5_5p36TeV_pythia8/260306_002843/0000/HiForestMiniAOD_608.root
Time elapsed: 14285 seconds
File Contains: 139000 entries.
NMiss: 2515969 | NFake: 8288372 | NMatch: 92504422
Processing file 565 of 817: /eos/cms/store/group/phys_heavyions/hbossi/mc_productions/QCD-dijet_pThat15-event-weighted_TuneCP5_5p36TeV_pythia8/OO_MC_DijetEmbedded_pThat-15to1200_TuneCP5_5p36TeV_pythia8/260306_002843/0000/HiForestMiniAOD_609.root
Time elapsed: 14308 seconds
File Contains: 94000 entries.
NMiss: 2519312 | NFake: 8299499 | NMatch: 92628236
Processing file 566 of 817: /eos/cms/store/group/phys_heavyions/hbossi/mc_productions/QCD-dijet_pThat15-event-weighted_TuneCP5_5p36TeV_pythia8/OO_MC_DijetEmbedded_pThat-15to1200_TuneCP5_5p36TeV_pythia8/260306_002843/0000/HiForestMiniAOD_61.root
Time elapsed: 14323 seconds
File Contains: 130000 entries.
NMiss: 2524019 | NFake: 8314939 | NMatch: 92799947
Processing file 567 of 817: /eos/cms/store/group/phys_heavyions/hbossi/mc_productions/QCD-dijet_pThat15-event-weighted_TuneCP5_5p36TeV_pythia8/OO_MC_DijetEmbedded_pThat-15to1200_TuneCP5_5p36TeV_pythia8/260306_002843/0000/HiForestMiniAOD_610.root
Time elapsed: 14346 seconds
File Contains: 126000 entries.
NMiss: 2528578 | NFake: 8329863 | NMatch: 92966257
Processing file 568 of 817: /eos/cms/store/group/phys_heavyions/hbossi/mc_productions/QCD-dijet_pThat15-event-weighted_TuneCP5_5p36TeV_pythia8/OO_MC_DijetEmbedded_pThat-15to1200_TuneCP5_5p36TeV_pythia8/260306_002843/0000/HiForestMiniAOD_611.root
Time elapsed: 14380 seconds
File Contains: 130000 entries.
NMiss: 2533133 | NFake: 8345196 | NMatch: 93138276
Processing file 569 of 817: /eos/cms/store/group/phys_heavyions/hbossi/mc_productions/QCD-dijet_pThat15-event-weighted_TuneCP5_5p36TeV_pythia8/OO_MC_DijetEmbedded_pThat-15to1200_TuneCP5_5p36TeV_pythia8/260306_002843/0000/HiForestMiniAOD_612.root
Time elapsed: 14400 seconds
File Contains: 97000 entries.
NMiss: 2536669 | NFake: 8356788 | NMatch: 93266096
Processing file 570 of 817: /eos/cms/store/group/phys_heavyions/hbossi/mc_productions/QCD-dijet_pThat15-event-weighted_TuneCP5_5p36TeV_pythia8/OO_MC_DijetEmbedded_pThat-15to1200_TuneCP5_5p36TeV_pythia8/260306_002843/0000/HiForestMiniAOD_613.root
Time elapsed: 14419 seconds
File Contains: 148000 entries.
NMiss: 2541952 | NFake: 8374436 | NMatch: 93462342
Processing file 571 of 817: /eos/cms/store/group/phys_heavyions/hbossi/mc_productions/QCD-dijet_pThat15-event-weighted_TuneCP5_5p36TeV_pythia8/OO_MC_DijetEmbedded_pThat-15to1200_TuneCP5_5p36TeV_pythia8/260306_002843/0000/HiForestMiniAOD_614.root
Time elapsed: 14441 seconds
File Contains: 110000 entries.
NMiss: 2545871 | NFake: 8387294 | NMatch: 93607249
Processing file 572 of 817: /eos/cms/store/group/phys_heavyions/hbossi/mc_productions/QCD-dijet_pThat15-event-weighted_TuneCP5_5p36TeV_pythia8/OO_MC_DijetEmbedded_pThat-15to1200_TuneCP5_5p36TeV_pythia8/260306_002843/0000/HiForestMiniAOD_615.root
Time elapsed: 14461 seconds
File Contains: 159000 entries.
NMiss: 2551683 | NFake: 8405871 | NMatch: 93816719
Processing file 573 of 817: /eos/cms/store/group/phys_heavyions/hbossi/mc_productions/QCD-dijet_pThat15-event-weighted_TuneCP5_5p36TeV_pythia8/OO_MC_DijetEmbedded_pThat-15to1200_TuneCP5_5p36TeV_pythia8/260306_002843/0000/HiForestMiniAOD_616.root
Time elapsed: 14487 seconds
File Contains: 101000 entries.
NMiss: 2555318 | NFake: 8418081 | NMatch: 93950674
Processing file 574 of 817: /eos/cms/store/group/phys_heavyions/hbossi/mc_productions/QCD-dijet_pThat15-event-weighted_TuneCP5_5p36TeV_pythia8/OO_MC_DijetEmbedded_pThat-15to1200_TuneCP5_5p36TeV_pythia8/260306_002843/0000/HiForestMiniAOD_617.root
Time elapsed: 14509 seconds
File Contains: 114000 entries.
NMiss: 2559325 | NFake: 8431660 | NMatch: 94102208
Processing file 575 of 817: /eos/cms/store/group/phys_heavyions/hbossi/mc_productions/QCD-dijet_pThat15-event-weighted_TuneCP5_5p36TeV_pythia8/OO_MC_DijetEmbedded_pThat-15to1200_TuneCP5_5p36TeV_pythia8/260306_002843/0000/HiForestMiniAOD_618.root
Time elapsed: 14546 seconds
File Contains: 129000 entries.
NMiss: 2563932 | NFake: 8446928 | NMatch: 94272343
Processing file 576 of 817: /eos/cms/store/group/phys_heavyions/hbossi/mc_productions/QCD-dijet_pThat15-event-weighted_TuneCP5_5p36TeV_pythia8/OO_MC_DijetEmbedded_pThat-15to1200_TuneCP5_5p36TeV_pythia8/260306_002843/0000/HiForestMiniAOD_619.root
Time elapsed: 14566 seconds
File Contains: 135000 entries.
NMiss: 2568822 | NFake: 8462856 | NMatch: 94450860
Processing file 577 of 817: /eos/cms/store/group/phys_heavyions/hbossi/mc_productions/QCD-dijet_pThat15-event-weighted_TuneCP5_5p36TeV_pythia8/OO_MC_DijetEmbedded_pThat-15to1200_TuneCP5_5p36TeV_pythia8/260306_002843/0000/HiForestMiniAOD_62.root
Time elapsed: 14595 seconds
File Contains: 127000 entries.
NMiss: 2573400 | NFake: 8477651 | NMatch: 94618611
Processing file 578 of 817: /eos/cms/store/group/phys_heavyions/hbossi/mc_productions/QCD-dijet_pThat15-event-weighted_TuneCP5_5p36TeV_pythia8/OO_MC_DijetEmbedded_pThat-15to1200_TuneCP5_5p36TeV_pythia8/260306_002843/0000/HiForestMiniAOD_620.root
Time elapsed: 14620 seconds
File Contains: 137000 entries.
NMiss: 2578375 | NFake: 8493609 | NMatch: 94799862
Processing file 579 of 817: /eos/cms/store/group/phys_heavyions/hbossi/mc_productions/QCD-dijet_pThat15-event-weighted_TuneCP5_5p36TeV_pythia8/OO_MC_DijetEmbedded_pThat-15to1200_TuneCP5_5p36TeV_pythia8/260306_002843/0000/HiForestMiniAOD_621.root
Time elapsed: 14651 seconds
File Contains: 113000 entries.
NMiss: 2582568 | NFake: 8506788 | NMatch: 94948891
Processing file 580 of 817: /eos/cms/store/group/phys_heavyions/hbossi/mc_productions/QCD-dijet_pThat15-event-weighted_TuneCP5_5p36TeV_pythia8/OO_MC_DijetEmbedded_pThat-15to1200_TuneCP5_5p36TeV_pythia8/260306_002843/0000/HiForestMiniAOD_622.root
Time elapsed: 14677 seconds
File Contains: 165000 entries.
NMiss: 2588337 | NFake: 8526454 | NMatch: 95166200
Processing file 581 of 817: /eos/cms/store/group/phys_heavyions/hbossi/mc_productions/QCD-dijet_pThat15-event-weighted_TuneCP5_5p36TeV_pythia8/OO_MC_DijetEmbedded_pThat-15to1200_TuneCP5_5p36TeV_pythia8/260306_002843/0000/HiForestMiniAOD_623.root
Time elapsed: 14707 seconds
File Contains: 119000 entries.
NMiss: 2592637 | NFake: 8540604 | NMatch: 95323575
Processing file 582 of 817: /eos/cms/store/group/phys_heavyions/hbossi/mc_productions/QCD-dijet_pThat15-event-weighted_TuneCP5_5p36TeV_pythia8/OO_MC_DijetEmbedded_pThat-15to1200_TuneCP5_5p36TeV_pythia8/260306_002843/0000/HiForestMiniAOD_624.root
Time elapsed: 14738 seconds
File Contains: 137000 entries.
NMiss: 2597604 | NFake: 8556947 | NMatch: 95504609
Processing file 583 of 817: /eos/cms/store/group/phys_heavyions/hbossi/mc_productions/QCD-dijet_pThat15-event-weighted_TuneCP5_5p36TeV_pythia8/OO_MC_DijetEmbedded_pThat-15to1200_TuneCP5_5p36TeV_pythia8/260306_002843/0000/HiForestMiniAOD_625.root
Time elapsed: 14763 seconds
File Contains: 101000 entries.
NMiss: 2601206 | NFake: 8568956 | NMatch: 95638675
Processing file 584 of 817: /eos/cms/store/group/phys_heavyions/hbossi/mc_productions/QCD-dijet_pThat15-event-weighted_TuneCP5_5p36TeV_pythia8/OO_MC_DijetEmbedded_pThat-15to1200_TuneCP5_5p36TeV_pythia8/260306_002843/0000/HiForestMiniAOD_626.root
Time elapsed: 14790 seconds
File Contains: 123000 entries.
NMiss: 2605611 | NFake: 8583613 | NMatch: 95800971
Processing file 585 of 817: /eos/cms/store/group/phys_heavyions/hbossi/mc_productions/QCD-dijet_pThat15-event-weighted_TuneCP5_5p36TeV_pythia8/OO_MC_DijetEmbedded_pThat-15to1200_TuneCP5_5p36TeV_pythia8/260306_002843/0000/HiForestMiniAOD_627.root
Time elapsed: 14814 seconds
File Contains: 113000 entries.
NMiss: 2609677 | NFake: 8596902 | NMatch: 95950349
Processing file 586 of 817: /eos/cms/store/group/phys_heavyions/hbossi/mc_productions/QCD-dijet_pThat15-event-weighted_TuneCP5_5p36TeV_pythia8/OO_MC_DijetEmbedded_pThat-15to1200_TuneCP5_5p36TeV_pythia8/260306_002843/0000/HiForestMiniAOD_628.root
Time elapsed: 14836 seconds
File Contains: 115000 entries.
NMiss: 2613778 | NFake: 8610564 | NMatch: 96102442
Processing file 587 of 817: /eos/cms/store/group/phys_heavyions/hbossi/mc_productions/QCD-dijet_pThat15-event-weighted_TuneCP5_5p36TeV_pythia8/OO_MC_DijetEmbedded_pThat-15to1200_TuneCP5_5p36TeV_pythia8/260306_002843/0000/HiForestMiniAOD_629.root
Time elapsed: 14871 seconds
File Contains: 128000 entries.
NMiss: 2618333 | NFake: 8625868 | NMatch: 96271312
Processing file 588 of 817: /eos/cms/store/group/phys_heavyions/hbossi/mc_productions/QCD-dijet_pThat15-event-weighted_TuneCP5_5p36TeV_pythia8/OO_MC_DijetEmbedded_pThat-15to1200_TuneCP5_5p36TeV_pythia8/260306_002843/0000/HiForestMiniAOD_63.root
Time elapsed: 14888 seconds
File Contains: 124000 entries.
NMiss: 2622795 | NFake: 8640525 | NMatch: 96434768
Processing file 589 of 817: /eos/cms/store/group/phys_heavyions/hbossi/mc_productions/QCD-dijet_pThat15-event-weighted_TuneCP5_5p36TeV_pythia8/OO_MC_DijetEmbedded_pThat-15to1200_TuneCP5_5p36TeV_pythia8/260306_002843/0000/HiForestMiniAOD_630.root
Time elapsed: 14942 seconds
File Contains: 164000 entries.
NMiss: 2628652 | NFake: 8659927 | NMatch: 96651174
Processing file 590 of 817: /eos/cms/store/group/phys_heavyions/hbossi/mc_productions/QCD-dijet_pThat15-event-weighted_TuneCP5_5p36TeV_pythia8/OO_MC_DijetEmbedded_pThat-15to1200_TuneCP5_5p36TeV_pythia8/260306_002843/0000/HiForestMiniAOD_631.root
Time elapsed: 14961 seconds
File Contains: 142000 entries.
NMiss: 2633833 | NFake: 8676746 | NMatch: 96839123
Processing file 591 of 817: /eos/cms/store/group/phys_heavyions/hbossi/mc_productions/QCD-dijet_pThat15-event-weighted_TuneCP5_5p36TeV_pythia8/OO_MC_DijetEmbedded_pThat-15to1200_TuneCP5_5p36TeV_pythia8/260306_002843/0000/HiForestMiniAOD_632.root
Time elapsed: 15004 seconds
File Contains: 107000 entries.
NMiss: 2637654 | NFake: 8689295 | NMatch: 96980243
Processing file 592 of 817: /eos/cms/store/group/phys_heavyions/hbossi/mc_productions/QCD-dijet_pThat15-event-weighted_TuneCP5_5p36TeV_pythia8/OO_MC_DijetEmbedded_pThat-15to1200_TuneCP5_5p36TeV_pythia8/260306_002843/0000/HiForestMiniAOD_633.root
Time elapsed: 15042 seconds
File Contains: 88000 entries.
NMiss: 2640840 | NFake: 8699889 | NMatch: 97096001
Processing file 593 of 817: /eos/cms/store/group/phys_heavyions/hbossi/mc_productions/QCD-dijet_pThat15-event-weighted_TuneCP5_5p36TeV_pythia8/OO_MC_DijetEmbedded_pThat-15to1200_TuneCP5_5p36TeV_pythia8/260306_002843/0000/HiForestMiniAOD_634.root
Time elapsed: 15083 seconds
File Contains: 106000 entries.
NMiss: 2644687 | NFake: 8712441 | NMatch: 97236377
Processing file 594 of 817: /eos/cms/store/group/phys_heavyions/hbossi/mc_productions/QCD-dijet_pThat15-event-weighted_TuneCP5_5p36TeV_pythia8/OO_MC_DijetEmbedded_pThat-15to1200_TuneCP5_5p36TeV_pythia8/260306_002843/0000/HiForestMiniAOD_635.root
Time elapsed: 15108 seconds
File Contains: 138000 entries.
NMiss: 2649556 | NFake: 8728866 | NMatch: 97418640
Processing file 595 of 817: /eos/cms/store/group/phys_heavyions/hbossi/mc_productions/QCD-dijet_pThat15-event-weighted_TuneCP5_5p36TeV_pythia8/OO_MC_DijetEmbedded_pThat-15to1200_TuneCP5_5p36TeV_pythia8/260306_002843/0000/HiForestMiniAOD_636.root
Time elapsed: 15139 seconds
File Contains: 128000 entries.
NMiss: 2654139 | NFake: 8744079 | NMatch: 97587989
Processing file 596 of 817: /eos/cms/store/group/phys_heavyions/hbossi/mc_productions/QCD-dijet_pThat15-event-weighted_TuneCP5_5p36TeV_pythia8/OO_MC_DijetEmbedded_pThat-15to1200_TuneCP5_5p36TeV_pythia8/260306_002843/0000/HiForestMiniAOD_637.root
Time elapsed: 15166 seconds
File Contains: 108000 entries.
NMiss: 2657957 | NFake: 8756870 | NMatch: 97730227
Processing file 597 of 817: /eos/cms/store/group/phys_heavyions/hbossi/mc_productions/QCD-dijet_pThat15-event-weighted_TuneCP5_5p36TeV_pythia8/OO_MC_DijetEmbedded_pThat-15to1200_TuneCP5_5p36TeV_pythia8/260306_002843/0000/HiForestMiniAOD_638.root
Time elapsed: 15201 seconds
File Contains: 129000 entries.
NMiss: 2662636 | NFake: 8771999 | NMatch: 97900889
Processing file 598 of 817: /eos/cms/store/group/phys_heavyions/hbossi/mc_productions/QCD-dijet_pThat15-event-weighted_TuneCP5_5p36TeV_pythia8/OO_MC_DijetEmbedded_pThat-15to1200_TuneCP5_5p36TeV_pythia8/260306_002843/0000/HiForestMiniAOD_639.root
Time elapsed: 15223 seconds
File Contains: 116000 entries.
NMiss: 2666722 | NFake: 8786080 | NMatch: 98053874
Processing file 599 of 817: /eos/cms/store/group/phys_heavyions/hbossi/mc_productions/QCD-dijet_pThat15-event-weighted_TuneCP5_5p36TeV_pythia8/OO_MC_DijetEmbedded_pThat-15to1200_TuneCP5_5p36TeV_pythia8/260306_002843/0000/HiForestMiniAOD_64.root
Time elapsed: 15242 seconds
File Contains: 138000 entries.
NMiss: 2671540 | NFake: 8802768 | NMatch: 98236506
Processing file 600 of 817: /eos/cms/store/group/phys_heavyions/hbossi/mc_productions/QCD-dijet_pThat15-event-weighted_TuneCP5_5p36TeV_pythia8/OO_MC_DijetEmbedded_pThat-15to1200_TuneCP5_5p36TeV_pythia8/260306_002843/0000/HiForestMiniAOD_640.root
Time elapsed: 15264 seconds
File Contains: 113000 entries.
NMiss: 2675523 | NFake: 8816188 | NMatch: 98386206
Processing file 601 of 817: /eos/cms/store/group/phys_heavyions/hbossi/mc_productions/QCD-dijet_pThat15-event-weighted_TuneCP5_5p36TeV_pythia8/OO_MC_DijetEmbedded_pThat-15to1200_TuneCP5_5p36TeV_pythia8/260306_002843/0000/HiForestMiniAOD_641.root
Time elapsed: 15291 seconds
File Contains: 117000 entries.
NMiss: 2679655 | NFake: 8829998 | NMatch: 98541005
Processing file 602 of 817: /eos/cms/store/group/phys_heavyions/hbossi/mc_productions/QCD-dijet_pThat15-event-weighted_TuneCP5_5p36TeV_pythia8/OO_MC_DijetEmbedded_pThat-15to1200_TuneCP5_5p36TeV_pythia8/260306_002843/0000/HiForestMiniAOD_642.root
Time elapsed: 15317 seconds
File Contains: 97000 entries.
NMiss: 2683122 | NFake: 8841477 | NMatch: 98668721
Processing file 603 of 817: /eos/cms/store/group/phys_heavyions/hbossi/mc_productions/QCD-dijet_pThat15-event-weighted_TuneCP5_5p36TeV_pythia8/OO_MC_DijetEmbedded_pThat-15to1200_TuneCP5_5p36TeV_pythia8/260306_002843/0000/HiForestMiniAOD_643.root
Time elapsed: 15336 seconds
File Contains: 126000 entries.
NMiss: 2687716 | NFake: 8856463 | NMatch: 98834516
Processing file 604 of 817: /eos/cms/store/group/phys_heavyions/hbossi/mc_productions/QCD-dijet_pThat15-event-weighted_TuneCP5_5p36TeV_pythia8/OO_MC_DijetEmbedded_pThat-15to1200_TuneCP5_5p36TeV_pythia8/260306_002843/0000/HiForestMiniAOD_644.root
Time elapsed: 15352 seconds
File Contains: 154000 entries.
NMiss: 2693256 | NFake: 8874769 | NMatch: 99037762
Processing file 605 of 817: /eos/cms/store/group/phys_heavyions/hbossi/mc_productions/QCD-dijet_pThat15-event-weighted_TuneCP5_5p36TeV_pythia8/OO_MC_DijetEmbedded_pThat-15to1200_TuneCP5_5p36TeV_pythia8/260306_002843/0000/HiForestMiniAOD_645.root
Time elapsed: 15391 seconds
File Contains: 120000 entries.
NMiss: 2697546 | NFake: 8889113 | NMatch: 99195762
Processing file 606 of 817: /eos/cms/store/group/phys_heavyions/hbossi/mc_productions/QCD-dijet_pThat15-event-weighted_TuneCP5_5p36TeV_pythia8/OO_MC_DijetEmbedded_pThat-15to1200_TuneCP5_5p36TeV_pythia8/260306_002843/0000/HiForestMiniAOD_646.root
Time elapsed: 15416 seconds
File Contains: 101000 entries.
NMiss: 2701159 | NFake: 8901075 | NMatch: 99328701
Processing file 607 of 817: /eos/cms/store/group/phys_heavyions/hbossi/mc_productions/QCD-dijet_pThat15-event-weighted_TuneCP5_5p36TeV_pythia8/OO_MC_DijetEmbedded_pThat-15to1200_TuneCP5_5p36TeV_pythia8/260306_002843/0000/HiForestMiniAOD_647.root
Time elapsed: 15434 seconds
File Contains: 135000 entries.
NMiss: 2705920 | NFake: 8916991 | NMatch: 99507037
Processing file 608 of 817: /eos/cms/store/group/phys_heavyions/hbossi/mc_productions/QCD-dijet_pThat15-event-weighted_TuneCP5_5p36TeV_pythia8/OO_MC_DijetEmbedded_pThat-15to1200_TuneCP5_5p36TeV_pythia8/260306_002843/0000/HiForestMiniAOD_648.root
Time elapsed: 15459 seconds
File Contains: 143000 entries.
NMiss: 2711007 | NFake: 8934027 | NMatch: 99695972
Processing file 609 of 817: /eos/cms/store/group/phys_heavyions/hbossi/mc_productions/QCD-dijet_pThat15-event-weighted_TuneCP5_5p36TeV_pythia8/OO_MC_DijetEmbedded_pThat-15to1200_TuneCP5_5p36TeV_pythia8/260306_002843/0000/HiForestMiniAOD_649.root
Time elapsed: 15485 seconds
File Contains: 106000 entries.
NMiss: 2714768 | NFake: 8946791 | NMatch: 99836069
Processing file 610 of 817: /eos/cms/store/group/phys_heavyions/hbossi/mc_productions/QCD-dijet_pThat15-event-weighted_TuneCP5_5p36TeV_pythia8/OO_MC_DijetEmbedded_pThat-15to1200_TuneCP5_5p36TeV_pythia8/260306_002843/0000/HiForestMiniAOD_65.root
Time elapsed: 15507 seconds
File Contains: 88000 entries.
NMiss: 2717911 | NFake: 8957368 | NMatch: 99951911
Processing file 611 of 817: /eos/cms/store/group/phys_heavyions/hbossi/mc_productions/QCD-dijet_pThat15-event-weighted_TuneCP5_5p36TeV_pythia8/OO_MC_DijetEmbedded_pThat-15to1200_TuneCP5_5p36TeV_pythia8/260306_002843/0000/HiForestMiniAOD_650.root
Time elapsed: 15526 seconds
File Contains: 138000 entries.
NMiss: 2722802 | NFake: 8973842 | NMatch: 100133928
Processing file 612 of 817: /eos/cms/store/group/phys_heavyions/hbossi/mc_productions/QCD-dijet_pThat15-event-weighted_TuneCP5_5p36TeV_pythia8/OO_MC_DijetEmbedded_pThat-15to1200_TuneCP5_5p36TeV_pythia8/260306_002843/0000/HiForestMiniAOD_651.root
Time elapsed: 15554 seconds
File Contains: 122000 entries.
NMiss: 2727169 | NFake: 8988232 | NMatch: 100295412
Processing file 613 of 817: /eos/cms/store/group/phys_heavyions/hbossi/mc_productions/QCD-dijet_pThat15-event-weighted_TuneCP5_5p36TeV_pythia8/OO_MC_DijetEmbedded_pThat-15to1200_TuneCP5_5p36TeV_pythia8/260306_002843/0000/HiForestMiniAOD_652.root
Time elapsed: 15574 seconds
File Contains: 111000 entries.
NMiss: 2731036 | NFake: 9001107 | NMatch: 100441496
Processing file 614 of 817: /eos/cms/store/group/phys_heavyions/hbossi/mc_productions/QCD-dijet_pThat15-event-weighted_TuneCP5_5p36TeV_pythia8/OO_MC_DijetEmbedded_pThat-15to1200_TuneCP5_5p36TeV_pythia8/260306_002843/0000/HiForestMiniAOD_653.root
Time elapsed: 15612 seconds
File Contains: 87000 entries.
NMiss: 2734182 | NFake: 9011511 | NMatch: 100556770
Processing file 615 of 817: /eos/cms/store/group/phys_heavyions/hbossi/mc_productions/QCD-dijet_pThat15-event-weighted_TuneCP5_5p36TeV_pythia8/OO_MC_DijetEmbedded_pThat-15to1200_TuneCP5_5p36TeV_pythia8/260306_002843/0000/HiForestMiniAOD_654.root
Time elapsed: 15628 seconds
File Contains: 110000 entries.
NMiss: 2738163 | NFake: 9024369 | NMatch: 100702049
Processing file 616 of 817: /eos/cms/store/group/phys_heavyions/hbossi/mc_productions/QCD-dijet_pThat15-event-weighted_TuneCP5_5p36TeV_pythia8/OO_MC_DijetEmbedded_pThat-15to1200_TuneCP5_5p36TeV_pythia8/260306_002843/0000/HiForestMiniAOD_655.root
Time elapsed: 15645 seconds
File Contains: 114000 entries.
NMiss: 2742209 | NFake: 9037664 | NMatch: 100853025
Processing file 617 of 817: /eos/cms/store/group/phys_heavyions/hbossi/mc_productions/QCD-dijet_pThat15-event-weighted_TuneCP5_5p36TeV_pythia8/OO_MC_DijetEmbedded_pThat-15to1200_TuneCP5_5p36TeV_pythia8/260306_002843/0000/HiForestMiniAOD_656.root
Time elapsed: 15665 seconds
File Contains: 105000 entries.
NMiss: 2745955 | NFake: 9049975 | NMatch: 100991651
Processing file 618 of 817: /eos/cms/store/group/phys_heavyions/hbossi/mc_productions/QCD-dijet_pThat15-event-weighted_TuneCP5_5p36TeV_pythia8/OO_MC_DijetEmbedded_pThat-15to1200_TuneCP5_5p36TeV_pythia8/260306_002843/0000/HiForestMiniAOD_657.root
Time elapsed: 15688 seconds
File Contains: 132000 entries.
NMiss: 2750649 | NFake: 9065757 | NMatch: 101165735
Processing file 619 of 817: /eos/cms/store/group/phys_heavyions/hbossi/mc_productions/QCD-dijet_pThat15-event-weighted_TuneCP5_5p36TeV_pythia8/OO_MC_DijetEmbedded_pThat-15to1200_TuneCP5_5p36TeV_pythia8/260306_002843/0000/HiForestMiniAOD_658.root
Time elapsed: 15711 seconds
File Contains: 115000 entries.
NMiss: 2754898 | NFake: 9079133 | NMatch: 101317683
Processing file 620 of 817: /eos/cms/store/group/phys_heavyions/hbossi/mc_productions/QCD-dijet_pThat15-event-weighted_TuneCP5_5p36TeV_pythia8/OO_MC_DijetEmbedded_pThat-15to1200_TuneCP5_5p36TeV_pythia8/260306_002843/0000/HiForestMiniAOD_659.root
Time elapsed: 15731 seconds
File Contains: 114000 entries.
NMiss: 2758906 | NFake: 9092655 | NMatch: 101468298
Processing file 621 of 817: /eos/cms/store/group/phys_heavyions/hbossi/mc_productions/QCD-dijet_pThat15-event-weighted_TuneCP5_5p36TeV_pythia8/OO_MC_DijetEmbedded_pThat-15to1200_TuneCP5_5p36TeV_pythia8/260306_002843/0000/HiForestMiniAOD_66.root
Time elapsed: 15747 seconds
File Contains: 101000 entries.
NMiss: 2762572 | NFake: 9104751 | NMatch: 101601863
Processing file 622 of 817: /eos/cms/store/group/phys_heavyions/hbossi/mc_productions/QCD-dijet_pThat15-event-weighted_TuneCP5_5p36TeV_pythia8/OO_MC_DijetEmbedded_pThat-15to1200_TuneCP5_5p36TeV_pythia8/260306_002843/0000/HiForestMiniAOD_660.root
Time elapsed: 15770 seconds
File Contains: 87000 entries.
NMiss: 2765798 | NFake: 9115085 | NMatch: 101716576
Processing file 623 of 817: /eos/cms/store/group/phys_heavyions/hbossi/mc_productions/QCD-dijet_pThat15-event-weighted_TuneCP5_5p36TeV_pythia8/OO_MC_DijetEmbedded_pThat-15to1200_TuneCP5_5p36TeV_pythia8/260306_002843/0000/HiForestMiniAOD_661.root
Time elapsed: 15784 seconds
File Contains: 160000 entries.
NMiss: 2771638 | NFake: 9133866 | NMatch: 101927394
Processing file 624 of 817: /eos/cms/store/group/phys_heavyions/hbossi/mc_productions/QCD-dijet_pThat15-event-weighted_TuneCP5_5p36TeV_pythia8/OO_MC_DijetEmbedded_pThat-15to1200_TuneCP5_5p36TeV_pythia8/260306_002843/0000/HiForestMiniAOD_662.root
Time elapsed: 15815 seconds
File Contains: 109000 entries.
NMiss: 2775475 | NFake: 9146739 | NMatch: 102071919
Processing file 625 of 817: /eos/cms/store/group/phys_heavyions/hbossi/mc_productions/QCD-dijet_pThat15-event-weighted_TuneCP5_5p36TeV_pythia8/OO_MC_DijetEmbedded_pThat-15to1200_TuneCP5_5p36TeV_pythia8/260306_002843/0000/HiForestMiniAOD_663.root
Time elapsed: 15832 seconds
File Contains: 105000 entries.
NMiss: 2779304 | NFake: 9159073 | NMatch: 102210931
Processing file 626 of 817: /eos/cms/store/group/phys_heavyions/hbossi/mc_productions/QCD-dijet_pThat15-event-weighted_TuneCP5_5p36TeV_pythia8/OO_MC_DijetEmbedded_pThat-15to1200_TuneCP5_5p36TeV_pythia8/260306_002843/0000/HiForestMiniAOD_664.root
Time elapsed: 15852 seconds
File Contains: 142000 entries.
NMiss: 2784300 | NFake: 9175876 | NMatch: 102397558
Processing file 627 of 817: /eos/cms/store/group/phys_heavyions/hbossi/mc_productions/QCD-dijet_pThat15-event-weighted_TuneCP5_5p36TeV_pythia8/OO_MC_DijetEmbedded_pThat-15to1200_TuneCP5_5p36TeV_pythia8/260306_002843/0000/HiForestMiniAOD_665.root
Time elapsed: 15874 seconds
File Contains: 109000 entries.
NMiss: 2788236 | NFake: 9188811 | NMatch: 102541181
Processing file 628 of 817: /eos/cms/store/group/phys_heavyions/hbossi/mc_productions/QCD-dijet_pThat15-event-weighted_TuneCP5_5p36TeV_pythia8/OO_MC_DijetEmbedded_pThat-15to1200_TuneCP5_5p36TeV_pythia8/260306_002843/0000/HiForestMiniAOD_666.root
Time elapsed: 15892 seconds
File Contains: 97000 entries.
NMiss: 2791759 | NFake: 9200227 | NMatch: 102670075
Processing file 629 of 817: /eos/cms/store/group/phys_heavyions/hbossi/mc_productions/QCD-dijet_pThat15-event-weighted_TuneCP5_5p36TeV_pythia8/OO_MC_DijetEmbedded_pThat-15to1200_TuneCP5_5p36TeV_pythia8/260306_002843/0000/HiForestMiniAOD_667.root
Time elapsed: 15926 seconds
File Contains: 133000 entries.
NMiss: 2796531 | NFake: 9215843 | NMatch: 102846349
Processing file 630 of 817: /eos/cms/store/group/phys_heavyions/hbossi/mc_productions/QCD-dijet_pThat15-event-weighted_TuneCP5_5p36TeV_pythia8/OO_MC_DijetEmbedded_pThat-15to1200_TuneCP5_5p36TeV_pythia8/260306_002843/0000/HiForestMiniAOD_668.root
Time elapsed: 15951 seconds
File Contains: 94000 entries.
NMiss: 2799920 | NFake: 9227041 | NMatch: 102970646
Processing file 631 of 817: /eos/cms/store/group/phys_heavyions/hbossi/mc_productions/QCD-dijet_pThat15-event-weighted_TuneCP5_5p36TeV_pythia8/OO_MC_DijetEmbedded_pThat-15to1200_TuneCP5_5p36TeV_pythia8/260306_002843/0000/HiForestMiniAOD_669.root
Time elapsed: 15968 seconds
File Contains: 96000 entries.
NMiss: 2803371 | NFake: 9238345 | NMatch: 103097441
Processing file 632 of 817: /eos/cms/store/group/phys_heavyions/hbossi/mc_productions/QCD-dijet_pThat15-event-weighted_TuneCP5_5p36TeV_pythia8/OO_MC_DijetEmbedded_pThat-15to1200_TuneCP5_5p36TeV_pythia8/260306_002843/0000/HiForestMiniAOD_67.root
Time elapsed: 15988 seconds
File Contains: 167000 entries.
NMiss: 2809372 | NFake: 9258052 | NMatch: 103317918
Processing file 633 of 817: /eos/cms/store/group/phys_heavyions/hbossi/mc_productions/QCD-dijet_pThat15-event-weighted_TuneCP5_5p36TeV_pythia8/OO_MC_DijetEmbedded_pThat-15to1200_TuneCP5_5p36TeV_pythia8/260306_002843/0000/HiForestMiniAOD_670.root
Time elapsed: 16013 seconds
File Contains: 120000 entries.
NMiss: 2813762 | NFake: 9272035 | NMatch: 103476733
Processing file 634 of 817: /eos/cms/store/group/phys_heavyions/hbossi/mc_productions/QCD-dijet_pThat15-event-weighted_TuneCP5_5p36TeV_pythia8/OO_MC_DijetEmbedded_pThat-15to1200_TuneCP5_5p36TeV_pythia8/260306_002843/0000/HiForestMiniAOD_671.root
Time elapsed: 16031 seconds
File Contains: 103000 entries.
NMiss: 2817470 | NFake: 9284435 | NMatch: 103613442
Processing file 635 of 817: /eos/cms/store/group/phys_heavyions/hbossi/mc_productions/QCD-dijet_pThat15-event-weighted_TuneCP5_5p36TeV_pythia8/OO_MC_DijetEmbedded_pThat-15to1200_TuneCP5_5p36TeV_pythia8/260306_002843/0000/HiForestMiniAOD_672.root
Time elapsed: 16050 seconds
File Contains: 114000 entries.
NMiss: 2821447 | NFake: 9298007 | NMatch: 103764114
Processing file 636 of 817: /eos/cms/store/group/phys_heavyions/hbossi/mc_productions/QCD-dijet_pThat15-event-weighted_TuneCP5_5p36TeV_pythia8/OO_MC_DijetEmbedded_pThat-15to1200_TuneCP5_5p36TeV_pythia8/260306_002843/0000/HiForestMiniAOD_673.root
Time elapsed: 16070 seconds
File Contains: 105000 entries.
NMiss: 2825262 | NFake: 9310355 | NMatch: 103902434
Processing file 637 of 817: /eos/cms/store/group/phys_heavyions/hbossi/mc_productions/QCD-dijet_pThat15-event-weighted_TuneCP5_5p36TeV_pythia8/OO_MC_DijetEmbedded_pThat-15to1200_TuneCP5_5p36TeV_pythia8/260306_002843/0000/HiForestMiniAOD_674.root
Time elapsed: 16093 seconds
File Contains: 115000 entries.
NMiss: 2829461 | NFake: 9323895 | NMatch: 104054256
Processing file 638 of 817: /eos/cms/store/group/phys_heavyions/hbossi/mc_productions/QCD-dijet_pThat15-event-weighted_TuneCP5_5p36TeV_pythia8/OO_MC_DijetEmbedded_pThat-15to1200_TuneCP5_5p36TeV_pythia8/260306_002843/0000/HiForestMiniAOD_675.root
Time elapsed: 16111 seconds
File Contains: 122000 entries.
NMiss: 2833834 | NFake: 9338367 | NMatch: 104215568
Processing file 639 of 817: /eos/cms/store/group/phys_heavyions/hbossi/mc_productions/QCD-dijet_pThat15-event-weighted_TuneCP5_5p36TeV_pythia8/OO_MC_DijetEmbedded_pThat-15to1200_TuneCP5_5p36TeV_pythia8/260306_002843/0000/HiForestMiniAOD_676.root
Time elapsed: 16140 seconds
File Contains: 141000 entries.
NMiss: 2838887 | NFake: 9354903 | NMatch: 104401268
Processing file 640 of 817: /eos/cms/store/group/phys_heavyions/hbossi/mc_productions/QCD-dijet_pThat15-event-weighted_TuneCP5_5p36TeV_pythia8/OO_MC_DijetEmbedded_pThat-15to1200_TuneCP5_5p36TeV_pythia8/260306_002843/0000/HiForestMiniAOD_677.root
Time elapsed: 16160 seconds
File Contains: 105000 entries.
NMiss: 2842626 | NFake: 9367436 | NMatch: 104540680
Processing file 641 of 817: /eos/cms/store/group/phys_heavyions/hbossi/mc_productions/QCD-dijet_pThat15-event-weighted_TuneCP5_5p36TeV_pythia8/OO_MC_DijetEmbedded_pThat-15to1200_TuneCP5_5p36TeV_pythia8/260306_002843/0000/HiForestMiniAOD_678.root
Time elapsed: 16186 seconds
File Contains: 111000 entries.
NMiss: 2846716 | NFake: 9380560 | NMatch: 104687582
Processing file 642 of 817: /eos/cms/store/group/phys_heavyions/hbossi/mc_productions/QCD-dijet_pThat15-event-weighted_TuneCP5_5p36TeV_pythia8/OO_MC_DijetEmbedded_pThat-15to1200_TuneCP5_5p36TeV_pythia8/260306_002843/0000/HiForestMiniAOD_679.root
Time elapsed: 16205 seconds
File Contains: 128000 entries.
NMiss: 2851337 | NFake: 9395566 | NMatch: 104856955
Processing file 643 of 817: /eos/cms/store/group/phys_heavyions/hbossi/mc_productions/QCD-dijet_pThat15-event-weighted_TuneCP5_5p36TeV_pythia8/OO_MC_DijetEmbedded_pThat-15to1200_TuneCP5_5p36TeV_pythia8/260306_002843/0000/HiForestMiniAOD_68.root
Time elapsed: 16231 seconds
File Contains: 99000 entries.
NMiss: 2855033 | NFake: 9407333 | NMatch: 104987606
Processing file 644 of 817: /eos/cms/store/group/phys_heavyions/hbossi/mc_productions/QCD-dijet_pThat15-event-weighted_TuneCP5_5p36TeV_pythia8/OO_MC_DijetEmbedded_pThat-15to1200_TuneCP5_5p36TeV_pythia8/260306_002843/0000/HiForestMiniAOD_680.root
Time elapsed: 16250 seconds
File Contains: 122000 entries.
NMiss: 2859389 | NFake: 9421944 | NMatch: 105148753
Processing file 645 of 817: /eos/cms/store/group/phys_heavyions/hbossi/mc_productions/QCD-dijet_pThat15-event-weighted_TuneCP5_5p36TeV_pythia8/OO_MC_DijetEmbedded_pThat-15to1200_TuneCP5_5p36TeV_pythia8/260306_002843/0000/HiForestMiniAOD_681.root
Time elapsed: 16270 seconds
File Contains: 97000 entries.
NMiss: 2862887 | NFake: 9433478 | NMatch: 105276723
Processing file 646 of 817: /eos/cms/store/group/phys_heavyions/hbossi/mc_productions/QCD-dijet_pThat15-event-weighted_TuneCP5_5p36TeV_pythia8/OO_MC_DijetEmbedded_pThat-15to1200_TuneCP5_5p36TeV_pythia8/260306_002843/0000/HiForestMiniAOD_682.root
Time elapsed: 16287 seconds
File Contains: 140000 entries.
NMiss: 2867961 | NFake: 9450152 | NMatch: 105461576
Processing file 647 of 817: /eos/cms/store/group/phys_heavyions/hbossi/mc_productions/QCD-dijet_pThat15-event-weighted_TuneCP5_5p36TeV_pythia8/OO_MC_DijetEmbedded_pThat-15to1200_TuneCP5_5p36TeV_pythia8/260306_002843/0000/HiForestMiniAOD_683.root
Time elapsed: 16334 seconds
File Contains: 118000 entries.
NMiss: 2872154 | NFake: 9464101 | NMatch: 105616861
Processing file 648 of 817: /eos/cms/store/group/phys_heavyions/hbossi/mc_productions/QCD-dijet_pThat15-event-weighted_TuneCP5_5p36TeV_pythia8/OO_MC_DijetEmbedded_pThat-15to1200_TuneCP5_5p36TeV_pythia8/260306_002843/0000/HiForestMiniAOD_684.root
Time elapsed: 16351 seconds
File Contains: 167000 entries.
NMiss: 2878219 | NFake: 9483892 | NMatch: 105838053
Processing file 649 of 817: /eos/cms/store/group/phys_heavyions/hbossi/mc_productions/QCD-dijet_pThat15-event-weighted_TuneCP5_5p36TeV_pythia8/OO_MC_DijetEmbedded_pThat-15to1200_TuneCP5_5p36TeV_pythia8/260306_002843/0000/HiForestMiniAOD_685.root
Time elapsed: 16383 seconds
File Contains: 134000 entries.
NMiss: 2883060 | NFake: 9499792 | NMatch: 106015095
Processing file 650 of 817: /eos/cms/store/group/phys_heavyions/hbossi/mc_productions/QCD-dijet_pThat15-event-weighted_TuneCP5_5p36TeV_pythia8/OO_MC_DijetEmbedded_pThat-15to1200_TuneCP5_5p36TeV_pythia8/260306_002843/0000/HiForestMiniAOD_686.root
Time elapsed: 16406 seconds
File Contains: 144000 entries.
NMiss: 2888133 | NFake: 9516852 | NMatch: 106204539
Processing file 651 of 817: /eos/cms/store/group/phys_heavyions/hbossi/mc_productions/QCD-dijet_pThat15-event-weighted_TuneCP5_5p36TeV_pythia8/OO_MC_DijetEmbedded_pThat-15to1200_TuneCP5_5p36TeV_pythia8/260306_002843/0000/HiForestMiniAOD_687.root
Time elapsed: 16426 seconds
File Contains: 147000 entries.
NMiss: 2893384 | NFake: 9534339 | NMatch: 106398425
Processing file 652 of 817: /eos/cms/store/group/phys_heavyions/hbossi/mc_productions/QCD-dijet_pThat15-event-weighted_TuneCP5_5p36TeV_pythia8/OO_MC_DijetEmbedded_pThat-15to1200_TuneCP5_5p36TeV_pythia8/260306_002843/0000/HiForestMiniAOD_688.root
Time elapsed: 16449 seconds
File Contains: 92000 entries.
NMiss: 2896733 | NFake: 9545246 | NMatch: 106520224
Processing file 653 of 817: /eos/cms/store/group/phys_heavyions/hbossi/mc_productions/QCD-dijet_pThat15-event-weighted_TuneCP5_5p36TeV_pythia8/OO_MC_DijetEmbedded_pThat-15to1200_TuneCP5_5p36TeV_pythia8/260306_002843/0000/HiForestMiniAOD_689.root
Time elapsed: 16468 seconds
File Contains: 122000 entries.
NMiss: 2901136 | NFake: 9559709 | NMatch: 106680574
Processing file 654 of 817: /eos/cms/store/group/phys_heavyions/hbossi/mc_productions/QCD-dijet_pThat15-event-weighted_TuneCP5_5p36TeV_pythia8/OO_MC_DijetEmbedded_pThat-15to1200_TuneCP5_5p36TeV_pythia8/260306_002843/0000/HiForestMiniAOD_69.root
Time elapsed: 16488 seconds
File Contains: 92000 entries.
NMiss: 2904366 | NFake: 9570519 | NMatch: 106801755
Processing file 655 of 817: /eos/cms/store/group/phys_heavyions/hbossi/mc_productions/QCD-dijet_pThat15-event-weighted_TuneCP5_5p36TeV_pythia8/OO_MC_DijetEmbedded_pThat-15to1200_TuneCP5_5p36TeV_pythia8/260306_002843/0000/HiForestMiniAOD_690.root
Time elapsed: 16504 seconds
File Contains: 124000 entries.
NMiss: 2908804 | NFake: 9585077 | NMatch: 106965826
Processing file 656 of 817: /eos/cms/store/group/phys_heavyions/hbossi/mc_productions/QCD-dijet_pThat15-event-weighted_TuneCP5_5p36TeV_pythia8/OO_MC_DijetEmbedded_pThat-15to1200_TuneCP5_5p36TeV_pythia8/260306_002843/0000/HiForestMiniAOD_691.root
Time elapsed: 16522 seconds
File Contains: 141000 entries.
NMiss: 2913742 | NFake: 9601586 | NMatch: 107152283
Processing file 657 of 817: /eos/cms/store/group/phys_heavyions/hbossi/mc_productions/QCD-dijet_pThat15-event-weighted_TuneCP5_5p36TeV_pythia8/OO_MC_DijetEmbedded_pThat-15to1200_TuneCP5_5p36TeV_pythia8/260306_002843/0000/HiForestMiniAOD_692.root
Time elapsed: 16548 seconds
File Contains: 113000 entries.
NMiss: 2917820 | NFake: 9615133 | NMatch: 107301863
Processing file 658 of 817: /eos/cms/store/group/phys_heavyions/hbossi/mc_productions/QCD-dijet_pThat15-event-weighted_TuneCP5_5p36TeV_pythia8/OO_MC_DijetEmbedded_pThat-15to1200_TuneCP5_5p36TeV_pythia8/260306_002843/0000/HiForestMiniAOD_693.root
Time elapsed: 16568 seconds
File Contains: 133000 entries.
NMiss: 2922602 | NFake: 9630794 | NMatch: 107476821
Processing file 659 of 817: /eos/cms/store/group/phys_heavyions/hbossi/mc_productions/QCD-dijet_pThat15-event-weighted_TuneCP5_5p36TeV_pythia8/OO_MC_DijetEmbedded_pThat-15to1200_TuneCP5_5p36TeV_pythia8/260306_002843/0000/HiForestMiniAOD_694.root
Time elapsed: 16601 seconds
File Contains: 138000 entries.
NMiss: 2927560 | NFake: 9647135 | NMatch: 107659366
Processing file 660 of 817: /eos/cms/store/group/phys_heavyions/hbossi/mc_productions/QCD-dijet_pThat15-event-weighted_TuneCP5_5p36TeV_pythia8/OO_MC_DijetEmbedded_pThat-15to1200_TuneCP5_5p36TeV_pythia8/260306_002843/0000/HiForestMiniAOD_695.root
Time elapsed: 16635 seconds
File Contains: 165000 entries.
NMiss: 2933562 | NFake: 9666891 | NMatch: 107878268
Processing file 661 of 817: /eos/cms/store/group/phys_heavyions/hbossi/mc_productions/QCD-dijet_pThat15-event-weighted_TuneCP5_5p36TeV_pythia8/OO_MC_DijetEmbedded_pThat-15to1200_TuneCP5_5p36TeV_pythia8/260306_002843/0000/HiForestMiniAOD_696.root
Time elapsed: 16658 seconds
File Contains: 146000 entries.
NMiss: 2938737 | NFake: 9684097 | NMatch: 108071008
Processing file 662 of 817: /eos/cms/store/group/phys_heavyions/hbossi/mc_productions/QCD-dijet_pThat15-event-weighted_TuneCP5_5p36TeV_pythia8/OO_MC_DijetEmbedded_pThat-15to1200_TuneCP5_5p36TeV_pythia8/260306_002843/0000/HiForestMiniAOD_697.root
Time elapsed: 16680 seconds
File Contains: 124000 entries.
NMiss: 2943193 | NFake: 9698741 | NMatch: 108234772
Processing file 663 of 817: /eos/cms/store/group/phys_heavyions/hbossi/mc_productions/QCD-dijet_pThat15-event-weighted_TuneCP5_5p36TeV_pythia8/OO_MC_DijetEmbedded_pThat-15to1200_TuneCP5_5p36TeV_pythia8/260306_002843/0000/HiForestMiniAOD_698.root
Time elapsed: 16696 seconds
File Contains: 121000 entries.
NMiss: 2947487 | NFake: 9712914 | NMatch: 108394479
Processing file 664 of 817: /eos/cms/store/group/phys_heavyions/hbossi/mc_productions/QCD-dijet_pThat15-event-weighted_TuneCP5_5p36TeV_pythia8/OO_MC_DijetEmbedded_pThat-15to1200_TuneCP5_5p36TeV_pythia8/260306_002843/0000/HiForestMiniAOD_699.root
Time elapsed: 16715 seconds
File Contains: 138000 entries.
NMiss: 2952498 | NFake: 9729410 | NMatch: 108576595
Processing file 665 of 817: /eos/cms/store/group/phys_heavyions/hbossi/mc_productions/QCD-dijet_pThat15-event-weighted_TuneCP5_5p36TeV_pythia8/OO_MC_DijetEmbedded_pThat-15to1200_TuneCP5_5p36TeV_pythia8/260306_002843/0000/HiForestMiniAOD_7.root
Time elapsed: 16745 seconds
File Contains: 126000 entries.
NMiss: 2956934 | NFake: 9744131 | NMatch: 108742752
Processing file 666 of 817: /eos/cms/store/group/phys_heavyions/hbossi/mc_productions/QCD-dijet_pThat15-event-weighted_TuneCP5_5p36TeV_pythia8/OO_MC_DijetEmbedded_pThat-15to1200_TuneCP5_5p36TeV_pythia8/260306_002843/0000/HiForestMiniAOD_70.root
Time elapsed: 16772 seconds
File Contains: 97000 entries.
NMiss: 2960370 | NFake: 9755654 | NMatch: 108871107
Processing file 667 of 817: /eos/cms/store/group/phys_heavyions/hbossi/mc_productions/QCD-dijet_pThat15-event-weighted_TuneCP5_5p36TeV_pythia8/OO_MC_DijetEmbedded_pThat-15to1200_TuneCP5_5p36TeV_pythia8/260306_002843/0000/HiForestMiniAOD_700.root
Time elapsed: 16825 seconds
File Contains: 103000 entries.
NMiss: 2964197 | NFake: 9767946 | NMatch: 109006610
Processing file 668 of 817: /eos/cms/store/group/phys_heavyions/hbossi/mc_productions/QCD-dijet_pThat15-event-weighted_TuneCP5_5p36TeV_pythia8/OO_MC_DijetEmbedded_pThat-15to1200_TuneCP5_5p36TeV_pythia8/260306_002843/0000/HiForestMiniAOD_701.root
Time elapsed: 16870 seconds
File Contains: 100000 entries.
NMiss: 2967806 | NFake: 9779686 | NMatch: 109139093
Processing file 669 of 817: /eos/cms/store/group/phys_heavyions/hbossi/mc_productions/QCD-dijet_pThat15-event-weighted_TuneCP5_5p36TeV_pythia8/OO_MC_DijetEmbedded_pThat-15to1200_TuneCP5_5p36TeV_pythia8/260306_002843/0000/HiForestMiniAOD_702.root
Time elapsed: 16887 seconds
File Contains: 112000 entries.
NMiss: 2971866 | NFake: 9792883 | NMatch: 109286953
Processing file 670 of 817: /eos/cms/store/group/phys_heavyions/hbossi/mc_productions/QCD-dijet_pThat15-event-weighted_TuneCP5_5p36TeV_pythia8/OO_MC_DijetEmbedded_pThat-15to1200_TuneCP5_5p36TeV_pythia8/260306_002843/0000/HiForestMiniAOD_703.root
Time elapsed: 16906 seconds
File Contains: 95000 entries.
NMiss: 2975303 | NFake: 9804341 | NMatch: 109412194
Processing file 671 of 817: /eos/cms/store/group/phys_heavyions/hbossi/mc_productions/QCD-dijet_pThat15-event-weighted_TuneCP5_5p36TeV_pythia8/OO_MC_DijetEmbedded_pThat-15to1200_TuneCP5_5p36TeV_pythia8/260306_002843/0000/HiForestMiniAOD_704.root
Time elapsed: 16941 seconds
File Contains: 139000 entries.
NMiss: 2980244 | NFake: 9820629 | NMatch: 109596286
Processing file 672 of 817: /eos/cms/store/group/phys_heavyions/hbossi/mc_productions/QCD-dijet_pThat15-event-weighted_TuneCP5_5p36TeV_pythia8/OO_MC_DijetEmbedded_pThat-15to1200_TuneCP5_5p36TeV_pythia8/260306_002843/0000/HiForestMiniAOD_705.root
Time elapsed: 16962 seconds
File Contains: 114000 entries.
NMiss: 2984285 | NFake: 9834049 | NMatch: 109747442
Processing file 673 of 817: /eos/cms/store/group/phys_heavyions/hbossi/mc_productions/QCD-dijet_pThat15-event-weighted_TuneCP5_5p36TeV_pythia8/OO_MC_DijetEmbedded_pThat-15to1200_TuneCP5_5p36TeV_pythia8/260306_002843/0000/HiForestMiniAOD_706.root
Time elapsed: 16986 seconds
File Contains: 133000 entries.
NMiss: 2989103 | NFake: 9850027 | NMatch: 109923142
Processing file 674 of 817: /eos/cms/store/group/phys_heavyions/hbossi/mc_productions/QCD-dijet_pThat15-event-weighted_TuneCP5_5p36TeV_pythia8/OO_MC_DijetEmbedded_pThat-15to1200_TuneCP5_5p36TeV_pythia8/260306_002843/0000/HiForestMiniAOD_707.root
Time elapsed: 17010 seconds
File Contains: 111000 entries.
NMiss: 2993227 | NFake: 9862732 | NMatch: 110069376
Processing file 675 of 817: /eos/cms/store/group/phys_heavyions/hbossi/mc_productions/QCD-dijet_pThat15-event-weighted_TuneCP5_5p36TeV_pythia8/OO_MC_DijetEmbedded_pThat-15to1200_TuneCP5_5p36TeV_pythia8/260306_002843/0000/HiForestMiniAOD_708.root
Time elapsed: 17029 seconds
File Contains: 98000 entries.
NMiss: 2996681 | NFake: 9874546 | NMatch: 110198586
Processing file 676 of 817: /eos/cms/store/group/phys_heavyions/hbossi/mc_productions/QCD-dijet_pThat15-event-weighted_TuneCP5_5p36TeV_pythia8/OO_MC_DijetEmbedded_pThat-15to1200_TuneCP5_5p36TeV_pythia8/260306_002843/0000/HiForestMiniAOD_709.root
Time elapsed: 17049 seconds
File Contains: 128000 entries.
NMiss: 3001303 | NFake: 9889546 | NMatch: 110367989
Processing file 677 of 817: /eos/cms/store/group/phys_heavyions/hbossi/mc_productions/QCD-dijet_pThat15-event-weighted_TuneCP5_5p36TeV_pythia8/OO_MC_DijetEmbedded_pThat-15to1200_TuneCP5_5p36TeV_pythia8/260306_002843/0000/HiForestMiniAOD_71.root
Time elapsed: 17076 seconds
File Contains: 104000 entries.
NMiss: 3005061 | NFake: 9902062 | NMatch: 110505676
Processing file 678 of 817: /eos/cms/store/group/phys_heavyions/hbossi/mc_productions/QCD-dijet_pThat15-event-weighted_TuneCP5_5p36TeV_pythia8/OO_MC_DijetEmbedded_pThat-15to1200_TuneCP5_5p36TeV_pythia8/260306_002843/0000/HiForestMiniAOD_710.root
Time elapsed: 17093 seconds
File Contains: 117000 entries.
NMiss: 3009163 | NFake: 9915847 | NMatch: 110660515
Processing file 679 of 817: /eos/cms/store/group/phys_heavyions/hbossi/mc_productions/QCD-dijet_pThat15-event-weighted_TuneCP5_5p36TeV_pythia8/OO_MC_DijetEmbedded_pThat-15to1200_TuneCP5_5p36TeV_pythia8/260306_002843/0000/HiForestMiniAOD_711.root
Time elapsed: 17115 seconds
File Contains: 110000 entries.
NMiss: 3013089 | NFake: 9928667 | NMatch: 110806191
Processing file 680 of 817: /eos/cms/store/group/phys_heavyions/hbossi/mc_productions/QCD-dijet_pThat15-event-weighted_TuneCP5_5p36TeV_pythia8/OO_MC_DijetEmbedded_pThat-15to1200_TuneCP5_5p36TeV_pythia8/260306_002843/0000/HiForestMiniAOD_712.root
Time elapsed: 17139 seconds
File Contains: 90000 entries.
NMiss: 3016312 | NFake: 9939293 | NMatch: 110925372
Processing file 681 of 817: /eos/cms/store/group/phys_heavyions/hbossi/mc_productions/QCD-dijet_pThat15-event-weighted_TuneCP5_5p36TeV_pythia8/OO_MC_DijetEmbedded_pThat-15to1200_TuneCP5_5p36TeV_pythia8/260306_002843/0000/HiForestMiniAOD_713.root
Time elapsed: 17155 seconds
File Contains: 123000 entries.
NMiss: 3020669 | NFake: 9953934 | NMatch: 111087844
Processing file 682 of 817: /eos/cms/store/group/phys_heavyions/hbossi/mc_productions/QCD-dijet_pThat15-event-weighted_TuneCP5_5p36TeV_pythia8/OO_MC_DijetEmbedded_pThat-15to1200_TuneCP5_5p36TeV_pythia8/260306_002843/0000/HiForestMiniAOD_714.root
Time elapsed: 17205 seconds
File Contains: 101000 entries.
NMiss: 3024245 | NFake: 9965904 | NMatch: 111221644
Processing file 683 of 817: /eos/cms/store/group/phys_heavyions/hbossi/mc_productions/QCD-dijet_pThat15-event-weighted_TuneCP5_5p36TeV_pythia8/OO_MC_DijetEmbedded_pThat-15to1200_TuneCP5_5p36TeV_pythia8/260306_002843/0000/HiForestMiniAOD_715.root
Time elapsed: 17234 seconds
File Contains: 129000 entries.
NMiss: 3028904 | NFake: 9981134 | NMatch: 111392730
Processing file 684 of 817: /eos/cms/store/group/phys_heavyions/hbossi/mc_productions/QCD-dijet_pThat15-event-weighted_TuneCP5_5p36TeV_pythia8/OO_MC_DijetEmbedded_pThat-15to1200_TuneCP5_5p36TeV_pythia8/260306_002843/0000/HiForestMiniAOD_716.root
Time elapsed: 17256 seconds
File Contains: 119000 entries.
NMiss: 3033201 | NFake: 9995234 | NMatch: 111549807
Processing file 685 of 817: /eos/cms/store/group/phys_heavyions/hbossi/mc_productions/QCD-dijet_pThat15-event-weighted_TuneCP5_5p36TeV_pythia8/OO_MC_DijetEmbedded_pThat-15to1200_TuneCP5_5p36TeV_pythia8/260306_002843/0000/HiForestMiniAOD_717.root
Time elapsed: 17282 seconds
File Contains: 111000 entries.
NMiss: 3037204 | NFake: 10008465 | NMatch: 111696135
Processing file 686 of 817: /eos/cms/store/group/phys_heavyions/hbossi/mc_productions/QCD-dijet_pThat15-event-weighted_TuneCP5_5p36TeV_pythia8/OO_MC_DijetEmbedded_pThat-15to1200_TuneCP5_5p36TeV_pythia8/260306_002843/0000/HiForestMiniAOD_718.root
Time elapsed: 17300 seconds
File Contains: 105000 entries.
NMiss: 3041025 | NFake: 10020829 | NMatch: 111835462
Processing file 687 of 817: /eos/cms/store/group/phys_heavyions/hbossi/mc_productions/QCD-dijet_pThat15-event-weighted_TuneCP5_5p36TeV_pythia8/OO_MC_DijetEmbedded_pThat-15to1200_TuneCP5_5p36TeV_pythia8/260306_002843/0000/HiForestMiniAOD_719.root
Time elapsed: 17319 seconds
File Contains: 113000 entries.
NMiss: 3045012 | NFake: 10034052 | NMatch: 111984727
Processing file 688 of 817: /eos/cms/store/group/phys_heavyions/hbossi/mc_productions/QCD-dijet_pThat15-event-weighted_TuneCP5_5p36TeV_pythia8/OO_MC_DijetEmbedded_pThat-15to1200_TuneCP5_5p36TeV_pythia8/260306_002843/0000/HiForestMiniAOD_72.root
Time elapsed: 17340 seconds
File Contains: 112000 entries.
NMiss: 3049056 | NFake: 10047329 | NMatch: 112132825
Processing file 689 of 817: /eos/cms/store/group/phys_heavyions/hbossi/mc_productions/QCD-dijet_pThat15-event-weighted_TuneCP5_5p36TeV_pythia8/OO_MC_DijetEmbedded_pThat-15to1200_TuneCP5_5p36TeV_pythia8/260306_002843/0000/HiForestMiniAOD_720.root
Time elapsed: 17356 seconds
File Contains: 102000 entries.
NMiss: 3052661 | NFake: 10059312 | NMatch: 112267841
Processing file 690 of 817: /eos/cms/store/group/phys_heavyions/hbossi/mc_productions/QCD-dijet_pThat15-event-weighted_TuneCP5_5p36TeV_pythia8/OO_MC_DijetEmbedded_pThat-15to1200_TuneCP5_5p36TeV_pythia8/260306_002843/0000/HiForestMiniAOD_721.root
Time elapsed: 17377 seconds
File Contains: 130000 entries.
NMiss: 3057396 | NFake: 10074918 | NMatch: 112439574
Processing file 691 of 817: /eos/cms/store/group/phys_heavyions/hbossi/mc_productions/QCD-dijet_pThat15-event-weighted_TuneCP5_5p36TeV_pythia8/OO_MC_DijetEmbedded_pThat-15to1200_TuneCP5_5p36TeV_pythia8/260306_002843/0000/HiForestMiniAOD_722.root
Time elapsed: 17402 seconds
File Contains: 122000 entries.
NMiss: 3061748 | NFake: 10089541 | NMatch: 112600576
Processing file 692 of 817: /eos/cms/store/group/phys_heavyions/hbossi/mc_productions/QCD-dijet_pThat15-event-weighted_TuneCP5_5p36TeV_pythia8/OO_MC_DijetEmbedded_pThat-15to1200_TuneCP5_5p36TeV_pythia8/260306_002843/0000/HiForestMiniAOD_723.root
Time elapsed: 17421 seconds
File Contains: 164000 entries.
NMiss: 3067679 | NFake: 10109264 | NMatch: 112817037
Processing file 693 of 817: /eos/cms/store/group/phys_heavyions/hbossi/mc_productions/QCD-dijet_pThat15-event-weighted_TuneCP5_5p36TeV_pythia8/OO_MC_DijetEmbedded_pThat-15to1200_TuneCP5_5p36TeV_pythia8/260306_002843/0000/HiForestMiniAOD_724.root
Time elapsed: 17454 seconds
File Contains: 128000 entries.
NMiss: 3072348 | NFake: 10124295 | NMatch: 112986075
Processing file 694 of 817: /eos/cms/store/group/phys_heavyions/hbossi/mc_productions/QCD-dijet_pThat15-event-weighted_TuneCP5_5p36TeV_pythia8/OO_MC_DijetEmbedded_pThat-15to1200_TuneCP5_5p36TeV_pythia8/260306_002843/0000/HiForestMiniAOD_725.root
Time elapsed: 17473 seconds
File Contains: 135000 entries.
NMiss: 3077209 | NFake: 10140019 | NMatch: 113164678
Processing file 695 of 817: /eos/cms/store/group/phys_heavyions/hbossi/mc_productions/QCD-dijet_pThat15-event-weighted_TuneCP5_5p36TeV_pythia8/OO_MC_DijetEmbedded_pThat-15to1200_TuneCP5_5p36TeV_pythia8/260306_002843/0000/HiForestMiniAOD_726.root
Time elapsed: 17504 seconds
File Contains: 134000 entries.
NMiss: 3082020 | NFake: 10155960 | NMatch: 113341632
Processing file 696 of 817: /eos/cms/store/group/phys_heavyions/hbossi/mc_productions/QCD-dijet_pThat15-event-weighted_TuneCP5_5p36TeV_pythia8/OO_MC_DijetEmbedded_pThat-15to1200_TuneCP5_5p36TeV_pythia8/260306_002843/0000/HiForestMiniAOD_727.root
Time elapsed: 17525 seconds
File Contains: 123000 entries.
NMiss: 3086441 | NFake: 10170642 | NMatch: 113504381
Processing file 697 of 817: /eos/cms/store/group/phys_heavyions/hbossi/mc_productions/QCD-dijet_pThat15-event-weighted_TuneCP5_5p36TeV_pythia8/OO_MC_DijetEmbedded_pThat-15to1200_TuneCP5_5p36TeV_pythia8/260306_002843/0000/HiForestMiniAOD_728.root
Time elapsed: 17551 seconds
File Contains: 129000 entries.
NMiss: 3091102 | NFake: 10186044 | NMatch: 113674450
Processing file 698 of 817: /eos/cms/store/group/phys_heavyions/hbossi/mc_productions/QCD-dijet_pThat15-event-weighted_TuneCP5_5p36TeV_pythia8/OO_MC_DijetEmbedded_pThat-15to1200_TuneCP5_5p36TeV_pythia8/260306_002843/0000/HiForestMiniAOD_729.root
Time elapsed: 17575 seconds
File Contains: 165000 entries.
NMiss: 3097166 | NFake: 10205845 | NMatch: 113891832
Processing file 699 of 817: /eos/cms/store/group/phys_heavyions/hbossi/mc_productions/QCD-dijet_pThat15-event-weighted_TuneCP5_5p36TeV_pythia8/OO_MC_DijetEmbedded_pThat-15to1200_TuneCP5_5p36TeV_pythia8/260306_002843/0000/HiForestMiniAOD_73.root
Time elapsed: 17601 seconds
File Contains: 99000 entries.
NMiss: 3100722 | NFake: 10217563 | NMatch: 114022280
Processing file 700 of 817: /eos/cms/store/group/phys_heavyions/hbossi/mc_productions/QCD-dijet_pThat15-event-weighted_TuneCP5_5p36TeV_pythia8/OO_MC_DijetEmbedded_pThat-15to1200_TuneCP5_5p36TeV_pythia8/260306_002843/0000/HiForestMiniAOD_730.root
Time elapsed: 17617 seconds
File Contains: 131000 entries.
NMiss: 3105341 | NFake: 10233049 | NMatch: 114194886
Processing file 701 of 817: /eos/cms/store/group/phys_heavyions/hbossi/mc_productions/QCD-dijet_pThat15-event-weighted_TuneCP5_5p36TeV_pythia8/OO_MC_DijetEmbedded_pThat-15to1200_TuneCP5_5p36TeV_pythia8/260306_002843/0000/HiForestMiniAOD_731.root
Time elapsed: 17642 seconds
File Contains: 69000 entries.
NMiss: 3107840 | NFake: 10241202 | NMatch: 114286201
Processing file 702 of 817: /eos/cms/store/group/phys_heavyions/hbossi/mc_productions/QCD-dijet_pThat15-event-weighted_TuneCP5_5p36TeV_pythia8/OO_MC_DijetEmbedded_pThat-15to1200_TuneCP5_5p36TeV_pythia8/260306_002843/0000/HiForestMiniAOD_732.root
Time elapsed: 17661 seconds
File Contains: 129000 entries.
NMiss: 3112467 | NFake: 10256583 | NMatch: 114455814
Processing file 703 of 817: /eos/cms/store/group/phys_heavyions/hbossi/mc_productions/QCD-dijet_pThat15-event-weighted_TuneCP5_5p36TeV_pythia8/OO_MC_DijetEmbedded_pThat-15to1200_TuneCP5_5p36TeV_pythia8/260306_002843/0000/HiForestMiniAOD_733.root
Time elapsed: 17680 seconds
File Contains: 114000 entries.
NMiss: 3116546 | NFake: 10270058 | NMatch: 114606511
Processing file 704 of 817: /eos/cms/store/group/phys_heavyions/hbossi/mc_productions/QCD-dijet_pThat15-event-weighted_TuneCP5_5p36TeV_pythia8/OO_MC_DijetEmbedded_pThat-15to1200_TuneCP5_5p36TeV_pythia8/260306_002843/0000/HiForestMiniAOD_734.root
Time elapsed: 17701 seconds
File Contains: 87000 entries.
NMiss: 3119697 | NFake: 10280516 | NMatch: 114722024
Processing file 705 of 817: /eos/cms/store/group/phys_heavyions/hbossi/mc_productions/QCD-dijet_pThat15-event-weighted_TuneCP5_5p36TeV_pythia8/OO_MC_DijetEmbedded_pThat-15to1200_TuneCP5_5p36TeV_pythia8/260306_002843/0000/HiForestMiniAOD_735.root
Time elapsed: 17719 seconds
File Contains: 117000 entries.
NMiss: 3123838 | NFake: 10294560 | NMatch: 114876521
Processing file 706 of 817: /eos/cms/store/group/phys_heavyions/hbossi/mc_productions/QCD-dijet_pThat15-event-weighted_TuneCP5_5p36TeV_pythia8/OO_MC_DijetEmbedded_pThat-15to1200_TuneCP5_5p36TeV_pythia8/260306_002843/0000/HiForestMiniAOD_736.root
Time elapsed: 17741 seconds
File Contains: 136000 entries.
NMiss: 3128614 | NFake: 10310717 | NMatch: 115055822
Processing file 707 of 817: /eos/cms/store/group/phys_heavyions/hbossi/mc_productions/QCD-dijet_pThat15-event-weighted_TuneCP5_5p36TeV_pythia8/OO_MC_DijetEmbedded_pThat-15to1200_TuneCP5_5p36TeV_pythia8/260306_002843/0000/HiForestMiniAOD_737.root
Time elapsed: 17767 seconds
File Contains: 100000 entries.
NMiss: 3132209 | NFake: 10322547 | NMatch: 115187965
Processing file 708 of 817: /eos/cms/store/group/phys_heavyions/hbossi/mc_productions/QCD-dijet_pThat15-event-weighted_TuneCP5_5p36TeV_pythia8/OO_MC_DijetEmbedded_pThat-15to1200_TuneCP5_5p36TeV_pythia8/260306_002843/0000/HiForestMiniAOD_738.root
Time elapsed: 17789 seconds
File Contains: 114000 entries.
NMiss: 3136328 | NFake: 10335997 | NMatch: 115338640
Processing file 709 of 817: /eos/cms/store/group/phys_heavyions/hbossi/mc_productions/QCD-dijet_pThat15-event-weighted_TuneCP5_5p36TeV_pythia8/OO_MC_DijetEmbedded_pThat-15to1200_TuneCP5_5p36TeV_pythia8/260306_002843/0000/HiForestMiniAOD_739.root
Time elapsed: 17816 seconds
File Contains: 100000 entries.
NMiss: 3139903 | NFake: 10347931 | NMatch: 115470818
Processing file 710 of 817: /eos/cms/store/group/phys_heavyions/hbossi/mc_productions/QCD-dijet_pThat15-event-weighted_TuneCP5_5p36TeV_pythia8/OO_MC_DijetEmbedded_pThat-15to1200_TuneCP5_5p36TeV_pythia8/260306_002843/0000/HiForestMiniAOD_74.root
Time elapsed: 17834 seconds
File Contains: 116000 entries.
NMiss: 3144136 | NFake: 10361446 | NMatch: 115624642
Processing file 711 of 817: /eos/cms/store/group/phys_heavyions/hbossi/mc_productions/QCD-dijet_pThat15-event-weighted_TuneCP5_5p36TeV_pythia8/OO_MC_DijetEmbedded_pThat-15to1200_TuneCP5_5p36TeV_pythia8/260306_002843/0000/HiForestMiniAOD_740.root
Time elapsed: 17857 seconds
File Contains: 110000 entries.
NMiss: 3147981 | NFake: 10374535 | NMatch: 115769858
Processing file 712 of 817: /eos/cms/store/group/phys_heavyions/hbossi/mc_productions/QCD-dijet_pThat15-event-weighted_TuneCP5_5p36TeV_pythia8/OO_MC_DijetEmbedded_pThat-15to1200_TuneCP5_5p36TeV_pythia8/260306_002843/0000/HiForestMiniAOD_741.root
Time elapsed: 17909 seconds
File Contains: 109000 entries.
NMiss: 3151875 | NFake: 10387547 | NMatch: 115913663
Processing file 713 of 817: /eos/cms/store/group/phys_heavyions/hbossi/mc_productions/QCD-dijet_pThat15-event-weighted_TuneCP5_5p36TeV_pythia8/OO_MC_DijetEmbedded_pThat-15to1200_TuneCP5_5p36TeV_pythia8/260306_002843/0000/HiForestMiniAOD_742.root
Time elapsed: 17933 seconds
File Contains: 133000 entries.
NMiss: 3156723 | NFake: 10403300 | NMatch: 116088936
Processing file 714 of 817: /eos/cms/store/group/phys_heavyions/hbossi/mc_productions/QCD-dijet_pThat15-event-weighted_TuneCP5_5p36TeV_pythia8/OO_MC_DijetEmbedded_pThat-15to1200_TuneCP5_5p36TeV_pythia8/260306_002843/0000/HiForestMiniAOD_743.root
Time elapsed: 17956 seconds
File Contains: 118000 entries.
NMiss: 3160968 | NFake: 10417277 | NMatch: 116245024
Processing file 715 of 817: /eos/cms/store/group/phys_heavyions/hbossi/mc_productions/QCD-dijet_pThat15-event-weighted_TuneCP5_5p36TeV_pythia8/OO_MC_DijetEmbedded_pThat-15to1200_TuneCP5_5p36TeV_pythia8/260306_002843/0000/HiForestMiniAOD_744.root
Time elapsed: 17975 seconds
File Contains: 114000 entries.
NMiss: 3165067 | NFake: 10430737 | NMatch: 116395412
Processing file 716 of 817: /eos/cms/store/group/phys_heavyions/hbossi/mc_productions/QCD-dijet_pThat15-event-weighted_TuneCP5_5p36TeV_pythia8/OO_MC_DijetEmbedded_pThat-15to1200_TuneCP5_5p36TeV_pythia8/260306_002843/0000/HiForestMiniAOD_745.root
Time elapsed: 17992 seconds
File Contains: 123000 entries.
NMiss: 3169492 | NFake: 10445262 | NMatch: 116557796
Processing file 717 of 817: /eos/cms/store/group/phys_heavyions/hbossi/mc_productions/QCD-dijet_pThat15-event-weighted_TuneCP5_5p36TeV_pythia8/OO_MC_DijetEmbedded_pThat-15to1200_TuneCP5_5p36TeV_pythia8/260306_002843/0000/HiForestMiniAOD_746.root
Time elapsed: 18028 seconds
File Contains: 119000 entries.
NMiss: 3173781 | NFake: 10459339 | NMatch: 116715428
Processing file 718 of 817: /eos/cms/store/group/phys_heavyions/hbossi/mc_productions/QCD-dijet_pThat15-event-weighted_TuneCP5_5p36TeV_pythia8/OO_MC_DijetEmbedded_pThat-15to1200_TuneCP5_5p36TeV_pythia8/260306_002843/0000/HiForestMiniAOD_747.root
Time elapsed: 18055 seconds
File Contains: 101000 entries.
NMiss: 3177435 | NFake: 10471294 | NMatch: 116849181
Processing file 719 of 817: /eos/cms/store/group/phys_heavyions/hbossi/mc_productions/QCD-dijet_pThat15-event-weighted_TuneCP5_5p36TeV_pythia8/OO_MC_DijetEmbedded_pThat-15to1200_TuneCP5_5p36TeV_pythia8/260306_002843/0000/HiForestMiniAOD_748.root
Time elapsed: 18078 seconds
File Contains: 112000 entries.
NMiss: 3181579 | NFake: 10484252 | NMatch: 116996645
Processing file 720 of 817: /eos/cms/store/group/phys_heavyions/hbossi/mc_productions/QCD-dijet_pThat15-event-weighted_TuneCP5_5p36TeV_pythia8/OO_MC_DijetEmbedded_pThat-15to1200_TuneCP5_5p36TeV_pythia8/260306_002843/0000/HiForestMiniAOD_749.root
Time elapsed: 18094 seconds
File Contains: 100000 entries.
NMiss: 3185142 | NFake: 10496194 | NMatch: 117128824
Processing file 721 of 817: /eos/cms/store/group/phys_heavyions/hbossi/mc_productions/QCD-dijet_pThat15-event-weighted_TuneCP5_5p36TeV_pythia8/OO_MC_DijetEmbedded_pThat-15to1200_TuneCP5_5p36TeV_pythia8/260306_002843/0000/HiForestMiniAOD_75.root
Time elapsed: 18114 seconds
File Contains: 131000 entries.
NMiss: 3189856 | NFake: 10511614 | NMatch: 117302007
Processing file 722 of 817: /eos/cms/store/group/phys_heavyions/hbossi/mc_productions/QCD-dijet_pThat15-event-weighted_TuneCP5_5p36TeV_pythia8/OO_MC_DijetEmbedded_pThat-15to1200_TuneCP5_5p36TeV_pythia8/260306_002843/0000/HiForestMiniAOD_750.root
Time elapsed: 18133 seconds
File Contains: 90000 entries.
NMiss: 3193107 | NFake: 10522211 | NMatch: 117420518
Processing file 723 of 817: /eos/cms/store/group/phys_heavyions/hbossi/mc_productions/QCD-dijet_pThat15-event-weighted_TuneCP5_5p36TeV_pythia8/OO_MC_DijetEmbedded_pThat-15to1200_TuneCP5_5p36TeV_pythia8/260306_002843/0000/HiForestMiniAOD_751.root
Time elapsed: 18153 seconds
File Contains: 119000 entries.
NMiss: 3197353 | NFake: 10536452 | NMatch: 117577963
Processing file 724 of 817: /eos/cms/store/group/phys_heavyions/hbossi/mc_productions/QCD-dijet_pThat15-event-weighted_TuneCP5_5p36TeV_pythia8/OO_MC_DijetEmbedded_pThat-15to1200_TuneCP5_5p36TeV_pythia8/260306_002843/0000/HiForestMiniAOD_752.root
Time elapsed: 18171 seconds
File Contains: 130000 entries.
NMiss: 3201961 | NFake: 10551778 | NMatch: 117749520
Processing file 725 of 817: /eos/cms/store/group/phys_heavyions/hbossi/mc_productions/QCD-dijet_pThat15-event-weighted_TuneCP5_5p36TeV_pythia8/OO_MC_DijetEmbedded_pThat-15to1200_TuneCP5_5p36TeV_pythia8/260306_002843/0000/HiForestMiniAOD_753.root
Time elapsed: 18190 seconds
File Contains: 131000 entries.
NMiss: 3206633 | NFake: 10567402 | NMatch: 117922082
Processing file 726 of 817: /eos/cms/store/group/phys_heavyions/hbossi/mc_productions/QCD-dijet_pThat15-event-weighted_TuneCP5_5p36TeV_pythia8/OO_MC_DijetEmbedded_pThat-15to1200_TuneCP5_5p36TeV_pythia8/260306_002843/0000/HiForestMiniAOD_754.root
Time elapsed: 18213 seconds
File Contains: 101000 entries.
NMiss: 3210255 | NFake: 10579303 | NMatch: 118055136
Processing file 727 of 817: /eos/cms/store/group/phys_heavyions/hbossi/mc_productions/QCD-dijet_pThat15-event-weighted_TuneCP5_5p36TeV_pythia8/OO_MC_DijetEmbedded_pThat-15to1200_TuneCP5_5p36TeV_pythia8/260306_002843/0000/HiForestMiniAOD_755.root
Time elapsed: 18230 seconds
File Contains: 122000 entries.
NMiss: 3214675 | NFake: 10593979 | NMatch: 118215541
Processing file 728 of 817: /eos/cms/store/group/phys_heavyions/hbossi/mc_productions/QCD-dijet_pThat15-event-weighted_TuneCP5_5p36TeV_pythia8/OO_MC_DijetEmbedded_pThat-15to1200_TuneCP5_5p36TeV_pythia8/260306_002843/0000/HiForestMiniAOD_756.root
Time elapsed: 18250 seconds
File Contains: 144000 entries.
NMiss: 3219853 | NFake: 10611001 | NMatch: 118405979
Processing file 729 of 817: /eos/cms/store/group/phys_heavyions/hbossi/mc_productions/QCD-dijet_pThat15-event-weighted_TuneCP5_5p36TeV_pythia8/OO_MC_DijetEmbedded_pThat-15to1200_TuneCP5_5p36TeV_pythia8/260306_002843/0000/HiForestMiniAOD_757.root
Time elapsed: 18270 seconds
File Contains: 107000 entries.
NMiss: 3223672 | NFake: 10623840 | NMatch: 118547341
Processing file 730 of 817: /eos/cms/store/group/phys_heavyions/hbossi/mc_productions/QCD-dijet_pThat15-event-weighted_TuneCP5_5p36TeV_pythia8/OO_MC_DijetEmbedded_pThat-15to1200_TuneCP5_5p36TeV_pythia8/260306_002843/0000/HiForestMiniAOD_758.root
Time elapsed: 18303 seconds
File Contains: 115000 entries.
NMiss: 3227944 | NFake: 10637490 | NMatch: 118699355
Processing file 731 of 817: /eos/cms/store/group/phys_heavyions/hbossi/mc_productions/QCD-dijet_pThat15-event-weighted_TuneCP5_5p36TeV_pythia8/OO_MC_DijetEmbedded_pThat-15to1200_TuneCP5_5p36TeV_pythia8/260306_002843/0000/HiForestMiniAOD_759.root
Time elapsed: 18325 seconds
File Contains: 96000 entries.
NMiss: 3231418 | NFake: 10648798 | NMatch: 118825885
Processing file 732 of 817: /eos/cms/store/group/phys_heavyions/hbossi/mc_productions/QCD-dijet_pThat15-event-weighted_TuneCP5_5p36TeV_pythia8/OO_MC_DijetEmbedded_pThat-15to1200_TuneCP5_5p36TeV_pythia8/260306_002843/0000/HiForestMiniAOD_76.root
Time elapsed: 18338 seconds
File Contains: 125000 entries.
NMiss: 3236000 | NFake: 10663503 | NMatch: 118990813
Processing file 733 of 817: /eos/cms/store/group/phys_heavyions/hbossi/mc_productions/QCD-dijet_pThat15-event-weighted_TuneCP5_5p36TeV_pythia8/OO_MC_DijetEmbedded_pThat-15to1200_TuneCP5_5p36TeV_pythia8/260306_002843/0000/HiForestMiniAOD_760.root
Time elapsed: 18355 seconds
File Contains: 116000 entries.
NMiss: 3240091 | NFake: 10677087 | NMatch: 119144019
Processing file 734 of 817: /eos/cms/store/group/phys_heavyions/hbossi/mc_productions/QCD-dijet_pThat15-event-weighted_TuneCP5_5p36TeV_pythia8/OO_MC_DijetEmbedded_pThat-15to1200_TuneCP5_5p36TeV_pythia8/260306_002843/0000/HiForestMiniAOD_761.root
Time elapsed: 18376 seconds
File Contains: 99000 entries.
NMiss: 3243671 | NFake: 10688874 | NMatch: 119274666
Processing file 735 of 817: /eos/cms/store/group/phys_heavyions/hbossi/mc_productions/QCD-dijet_pThat15-event-weighted_TuneCP5_5p36TeV_pythia8/OO_MC_DijetEmbedded_pThat-15to1200_TuneCP5_5p36TeV_pythia8/260306_002843/0000/HiForestMiniAOD_762.root
Time elapsed: 18395 seconds
File Contains: 110000 entries.
NMiss: 3247655 | NFake: 10702016 | NMatch: 119420098
Processing file 736 of 817: /eos/cms/store/group/phys_heavyions/hbossi/mc_productions/QCD-dijet_pThat15-event-weighted_TuneCP5_5p36TeV_pythia8/OO_MC_DijetEmbedded_pThat-15to1200_TuneCP5_5p36TeV_pythia8/260306_002843/0000/HiForestMiniAOD_763.root
Time elapsed: 18413 seconds
File Contains: 108000 entries.
NMiss: 3251545 | NFake: 10714892 | NMatch: 119563520
Processing file 737 of 817: /eos/cms/store/group/phys_heavyions/hbossi/mc_productions/QCD-dijet_pThat15-event-weighted_TuneCP5_5p36TeV_pythia8/OO_MC_DijetEmbedded_pThat-15to1200_TuneCP5_5p36TeV_pythia8/260306_002843/0000/HiForestMiniAOD_764.root
Time elapsed: 18431 seconds
File Contains: 109000 entries.
NMiss: 3255498 | NFake: 10727865 | NMatch: 119707575
Processing file 738 of 817: /eos/cms/store/group/phys_heavyions/hbossi/mc_productions/QCD-dijet_pThat15-event-weighted_TuneCP5_5p36TeV_pythia8/OO_MC_DijetEmbedded_pThat-15to1200_TuneCP5_5p36TeV_pythia8/260306_002843/0000/HiForestMiniAOD_765.root
Time elapsed: 18462 seconds
File Contains: 114000 entries.
NMiss: 3259601 | NFake: 10741187 | NMatch: 119858308
Processing file 739 of 817: /eos/cms/store/group/phys_heavyions/hbossi/mc_productions/QCD-dijet_pThat15-event-weighted_TuneCP5_5p36TeV_pythia8/OO_MC_DijetEmbedded_pThat-15to1200_TuneCP5_5p36TeV_pythia8/260306_002843/0000/HiForestMiniAOD_766.root
Time elapsed: 18496 seconds
File Contains: 104000 entries.
NMiss: 3263320 | NFake: 10753523 | NMatch: 119995858
Processing file 740 of 817: /eos/cms/store/group/phys_heavyions/hbossi/mc_productions/QCD-dijet_pThat15-event-weighted_TuneCP5_5p36TeV_pythia8/OO_MC_DijetEmbedded_pThat-15to1200_TuneCP5_5p36TeV_pythia8/260306_002843/0000/HiForestMiniAOD_767.root
Time elapsed: 18514 seconds
File Contains: 130000 entries.
NMiss: 3267972 | NFake: 10768692 | NMatch: 120166753
Processing file 741 of 817: /eos/cms/store/group/phys_heavyions/hbossi/mc_productions/QCD-dijet_pThat15-event-weighted_TuneCP5_5p36TeV_pythia8/OO_MC_DijetEmbedded_pThat-15to1200_TuneCP5_5p36TeV_pythia8/260306_002843/0000/HiForestMiniAOD_768.root
Time elapsed: 18534 seconds
File Contains: 84000 entries.
NMiss: 3271012 | NFake: 10778678 | NMatch: 120277557
Processing file 742 of 817: /eos/cms/store/group/phys_heavyions/hbossi/mc_productions/QCD-dijet_pThat15-event-weighted_TuneCP5_5p36TeV_pythia8/OO_MC_DijetEmbedded_pThat-15to1200_TuneCP5_5p36TeV_pythia8/260306_002843/0000/HiForestMiniAOD_769.root
Time elapsed: 18555 seconds
File Contains: 121000 entries.
NMiss: 3275326 | NFake: 10792924 | NMatch: 120437052
Processing file 743 of 817: /eos/cms/store/group/phys_heavyions/hbossi/mc_productions/QCD-dijet_pThat15-event-weighted_TuneCP5_5p36TeV_pythia8/OO_MC_DijetEmbedded_pThat-15to1200_TuneCP5_5p36TeV_pythia8/260306_002843/0000/HiForestMiniAOD_77.root
Time elapsed: 18605 seconds
File Contains: 105000 entries.
NMiss: 3279073 | NFake: 10805488 | NMatch: 120575868
Processing file 744 of 817: /eos/cms/store/group/phys_heavyions/hbossi/mc_productions/QCD-dijet_pThat15-event-weighted_TuneCP5_5p36TeV_pythia8/OO_MC_DijetEmbedded_pThat-15to1200_TuneCP5_5p36TeV_pythia8/260306_002843/0000/HiForestMiniAOD_770.root
Time elapsed: 18630 seconds
File Contains: 103000 entries.
NMiss: 3282684 | NFake: 10817718 | NMatch: 120712512
Processing file 745 of 817: /eos/cms/store/group/phys_heavyions/hbossi/mc_productions/QCD-dijet_pThat15-event-weighted_TuneCP5_5p36TeV_pythia8/OO_MC_DijetEmbedded_pThat-15to1200_TuneCP5_5p36TeV_pythia8/260306_002843/0000/HiForestMiniAOD_771.root
Time elapsed: 18647 seconds
File Contains: 119000 entries.
NMiss: 3287062 | NFake: 10831689 | NMatch: 120869030
Processing file 746 of 817: /eos/cms/store/group/phys_heavyions/hbossi/mc_productions/QCD-dijet_pThat15-event-weighted_TuneCP5_5p36TeV_pythia8/OO_MC_DijetEmbedded_pThat-15to1200_TuneCP5_5p36TeV_pythia8/260306_002843/0000/HiForestMiniAOD_772.root
Time elapsed: 18687 seconds
File Contains: 94000 entries.
NMiss: 3290397 | NFake: 10842860 | NMatch: 120993274
Processing file 747 of 817: /eos/cms/store/group/phys_heavyions/hbossi/mc_productions/QCD-dijet_pThat15-event-weighted_TuneCP5_5p36TeV_pythia8/OO_MC_DijetEmbedded_pThat-15to1200_TuneCP5_5p36TeV_pythia8/260306_002843/0000/HiForestMiniAOD_773.root
Time elapsed: 18708 seconds
File Contains: 108000 entries.
NMiss: 3294429 | NFake: 10855880 | NMatch: 121136200
Processing file 748 of 817: /eos/cms/store/group/phys_heavyions/hbossi/mc_productions/QCD-dijet_pThat15-event-weighted_TuneCP5_5p36TeV_pythia8/OO_MC_DijetEmbedded_pThat-15to1200_TuneCP5_5p36TeV_pythia8/260306_002843/0000/HiForestMiniAOD_774.root
Time elapsed: 18730 seconds
File Contains: 109000 entries.
NMiss: 3298439 | NFake: 10868769 | NMatch: 121280735
Processing file 749 of 817: /eos/cms/store/group/phys_heavyions/hbossi/mc_productions/QCD-dijet_pThat15-event-weighted_TuneCP5_5p36TeV_pythia8/OO_MC_DijetEmbedded_pThat-15to1200_TuneCP5_5p36TeV_pythia8/260306_002843/0000/HiForestMiniAOD_775.root
Time elapsed: 18748 seconds
File Contains: 91000 entries.
NMiss: 3301723 | NFake: 10879707 | NMatch: 121400817
Processing file 750 of 817: /eos/cms/store/group/phys_heavyions/hbossi/mc_productions/QCD-dijet_pThat15-event-weighted_TuneCP5_5p36TeV_pythia8/OO_MC_DijetEmbedded_pThat-15to1200_TuneCP5_5p36TeV_pythia8/260306_002843/0000/HiForestMiniAOD_776.root
Time elapsed: 18763 seconds
File Contains: 138000 entries.
NMiss: 3306726 | NFake: 10896081 | NMatch: 121582771
Processing file 751 of 817: /eos/cms/store/group/phys_heavyions/hbossi/mc_productions/QCD-dijet_pThat15-event-weighted_TuneCP5_5p36TeV_pythia8/OO_MC_DijetEmbedded_pThat-15to1200_TuneCP5_5p36TeV_pythia8/260306_002843/0000/HiForestMiniAOD_777.root
Time elapsed: 18785 seconds
File Contains: 117000 entries.
NMiss: 3310954 | NFake: 10910022 | NMatch: 121737488
Processing file 752 of 817: /eos/cms/store/group/phys_heavyions/hbossi/mc_productions/QCD-dijet_pThat15-event-weighted_TuneCP5_5p36TeV_pythia8/OO_MC_DijetEmbedded_pThat-15to1200_TuneCP5_5p36TeV_pythia8/260306_002843/0000/HiForestMiniAOD_778.root
Time elapsed: 18840 seconds
File Contains: 82000 entries.
NMiss: 3313890 | NFake: 10919601 | NMatch: 121845968
Processing file 753 of 817: /eos/cms/store/group/phys_heavyions/hbossi/mc_productions/QCD-dijet_pThat15-event-weighted_TuneCP5_5p36TeV_pythia8/OO_MC_DijetEmbedded_pThat-15to1200_TuneCP5_5p36TeV_pythia8/260306_002843/0000/HiForestMiniAOD_779.root
Time elapsed: 18857 seconds
File Contains: 125000 entries.
NMiss: 3318357 | NFake: 10934335 | NMatch: 122011485
Processing file 754 of 817: /eos/cms/store/group/phys_heavyions/hbossi/mc_productions/QCD-dijet_pThat15-event-weighted_TuneCP5_5p36TeV_pythia8/OO_MC_DijetEmbedded_pThat-15to1200_TuneCP5_5p36TeV_pythia8/260306_002843/0000/HiForestMiniAOD_78.root
Time elapsed: 18875 seconds
File Contains: 142000 entries.
NMiss: 3323479 | NFake: 10951328 | NMatch: 122200471
Processing file 755 of 817: /eos/cms/store/group/phys_heavyions/hbossi/mc_productions/QCD-dijet_pThat15-event-weighted_TuneCP5_5p36TeV_pythia8/OO_MC_DijetEmbedded_pThat-15to1200_TuneCP5_5p36TeV_pythia8/260306_002843/0000/HiForestMiniAOD_780.root
Time elapsed: 18920 seconds
File Contains: 114000 entries.
NMiss: 3327524 | NFake: 10964911 | NMatch: 122351132
Processing file 756 of 817: /eos/cms/store/group/phys_heavyions/hbossi/mc_productions/QCD-dijet_pThat15-event-weighted_TuneCP5_5p36TeV_pythia8/OO_MC_DijetEmbedded_pThat-15to1200_TuneCP5_5p36TeV_pythia8/260306_002843/0000/HiForestMiniAOD_781.root
Time elapsed: 18965 seconds
File Contains: 150000 entries.
NMiss: 3332880 | NFake: 10982813 | NMatch: 122549804
Processing file 757 of 817: /eos/cms/store/group/phys_heavyions/hbossi/mc_productions/QCD-dijet_pThat15-event-weighted_TuneCP5_5p36TeV_pythia8/OO_MC_DijetEmbedded_pThat-15to1200_TuneCP5_5p36TeV_pythia8/260306_002843/0000/HiForestMiniAOD_782.root
Time elapsed: 18990 seconds
File Contains: 134000 entries.
NMiss: 3337796 | NFake: 10998644 | NMatch: 122726648
Processing file 758 of 817: /eos/cms/store/group/phys_heavyions/hbossi/mc_productions/QCD-dijet_pThat15-event-weighted_TuneCP5_5p36TeV_pythia8/OO_MC_DijetEmbedded_pThat-15to1200_TuneCP5_5p36TeV_pythia8/260306_002843/0000/HiForestMiniAOD_783.root
Time elapsed: 19013 seconds
File Contains: 111000 entries.
NMiss: 3341800 | NFake: 11011606 | NMatch: 122873484
Processing file 759 of 817: /eos/cms/store/group/phys_heavyions/hbossi/mc_productions/QCD-dijet_pThat15-event-weighted_TuneCP5_5p36TeV_pythia8/OO_MC_DijetEmbedded_pThat-15to1200_TuneCP5_5p36TeV_pythia8/260306_002843/0000/HiForestMiniAOD_784.root
Time elapsed: 19035 seconds
File Contains: 96000 entries.
NMiss: 3345219 | NFake: 11023080 | NMatch: 123000300
Processing file 760 of 817: /eos/cms/store/group/phys_heavyions/hbossi/mc_productions/QCD-dijet_pThat15-event-weighted_TuneCP5_5p36TeV_pythia8/OO_MC_DijetEmbedded_pThat-15to1200_TuneCP5_5p36TeV_pythia8/260306_002843/0000/HiForestMiniAOD_785.root
Time elapsed: 19055 seconds
File Contains: 129000 entries.
NMiss: 3349891 | NFake: 11038277 | NMatch: 123170545
Processing file 761 of 817: /eos/cms/store/group/phys_heavyions/hbossi/mc_productions/QCD-dijet_pThat15-event-weighted_TuneCP5_5p36TeV_pythia8/OO_MC_DijetEmbedded_pThat-15to1200_TuneCP5_5p36TeV_pythia8/260306_002843/0000/HiForestMiniAOD_786.root
Time elapsed: 19075 seconds
File Contains: 88000 entries.
NMiss: 3353067 | NFake: 11048799 | NMatch: 123286928
Processing file 762 of 817: /eos/cms/store/group/phys_heavyions/hbossi/mc_productions/QCD-dijet_pThat15-event-weighted_TuneCP5_5p36TeV_pythia8/OO_MC_DijetEmbedded_pThat-15to1200_TuneCP5_5p36TeV_pythia8/260306_002843/0000/HiForestMiniAOD_787.root
Time elapsed: 19090 seconds
File Contains: 114000 entries.
NMiss: 3357251 | NFake: 11062359 | NMatch: 123437627
Processing file 763 of 817: /eos/cms/store/group/phys_heavyions/hbossi/mc_productions/QCD-dijet_pThat15-event-weighted_TuneCP5_5p36TeV_pythia8/OO_MC_DijetEmbedded_pThat-15to1200_TuneCP5_5p36TeV_pythia8/260306_002843/0000/HiForestMiniAOD_788.root
Time elapsed: 19108 seconds
File Contains: 136000 entries.
NMiss: 3362161 | NFake: 11078406 | NMatch: 123617738
Processing file 764 of 817: /eos/cms/store/group/phys_heavyions/hbossi/mc_productions/QCD-dijet_pThat15-event-weighted_TuneCP5_5p36TeV_pythia8/OO_MC_DijetEmbedded_pThat-15to1200_TuneCP5_5p36TeV_pythia8/260306_002843/0000/HiForestMiniAOD_789.root
Time elapsed: 19147 seconds
File Contains: 96000 entries.
NMiss: 3365518 | NFake: 11090133 | NMatch: 123744228
Processing file 765 of 817: /eos/cms/store/group/phys_heavyions/hbossi/mc_productions/QCD-dijet_pThat15-event-weighted_TuneCP5_5p36TeV_pythia8/OO_MC_DijetEmbedded_pThat-15to1200_TuneCP5_5p36TeV_pythia8/260306_002843/0000/HiForestMiniAOD_79.root
Time elapsed: 19164 seconds
File Contains: 130000 entries.
NMiss: 3370185 | NFake: 11105707 | NMatch: 123916225
Processing file 766 of 817: /eos/cms/store/group/phys_heavyions/hbossi/mc_productions/QCD-dijet_pThat15-event-weighted_TuneCP5_5p36TeV_pythia8/OO_MC_DijetEmbedded_pThat-15to1200_TuneCP5_5p36TeV_pythia8/260306_002843/0000/HiForestMiniAOD_790.root
Time elapsed: 19184 seconds
File Contains: 96000 entries.
NMiss: 3373636 | NFake: 11117140 | NMatch: 124044062
Processing file 767 of 817: /eos/cms/store/group/phys_heavyions/hbossi/mc_productions/QCD-dijet_pThat15-event-weighted_TuneCP5_5p36TeV_pythia8/OO_MC_DijetEmbedded_pThat-15to1200_TuneCP5_5p36TeV_pythia8/260306_002843/0000/HiForestMiniAOD_791.root
Time elapsed: 19200 seconds
File Contains: 126000 entries.
NMiss: 3378130 | NFake: 11131986 | NMatch: 124210644
Processing file 768 of 817: /eos/cms/store/group/phys_heavyions/hbossi/mc_productions/QCD-dijet_pThat15-event-weighted_TuneCP5_5p36TeV_pythia8/OO_MC_DijetEmbedded_pThat-15to1200_TuneCP5_5p36TeV_pythia8/260306_002843/0000/HiForestMiniAOD_792.root
Time elapsed: 19221 seconds
File Contains: 128000 entries.
NMiss: 3382808 | NFake: 11147392 | NMatch: 124379540
Processing file 769 of 817: /eos/cms/store/group/phys_heavyions/hbossi/mc_productions/QCD-dijet_pThat15-event-weighted_TuneCP5_5p36TeV_pythia8/OO_MC_DijetEmbedded_pThat-15to1200_TuneCP5_5p36TeV_pythia8/260306_002843/0000/HiForestMiniAOD_793.root
Time elapsed: 19245 seconds
File Contains: 104000 entries.
NMiss: 3386518 | NFake: 11159737 | NMatch: 124517508
Processing file 770 of 817: /eos/cms/store/group/phys_heavyions/hbossi/mc_productions/QCD-dijet_pThat15-event-weighted_TuneCP5_5p36TeV_pythia8/OO_MC_DijetEmbedded_pThat-15to1200_TuneCP5_5p36TeV_pythia8/260306_002843/0000/HiForestMiniAOD_794.root
Time elapsed: 19265 seconds
File Contains: 108000 entries.
NMiss: 3390437 | NFake: 11172447 | NMatch: 124660602
Processing file 771 of 817: /eos/cms/store/group/phys_heavyions/hbossi/mc_productions/QCD-dijet_pThat15-event-weighted_TuneCP5_5p36TeV_pythia8/OO_MC_DijetEmbedded_pThat-15to1200_TuneCP5_5p36TeV_pythia8/260306_002843/0000/HiForestMiniAOD_795.root
Time elapsed: 19280 seconds
File Contains: 122000 entries.
NMiss: 3394852 | NFake: 11186874 | NMatch: 124821781
Processing file 772 of 817: /eos/cms/store/group/phys_heavyions/hbossi/mc_productions/QCD-dijet_pThat15-event-weighted_TuneCP5_5p36TeV_pythia8/OO_MC_DijetEmbedded_pThat-15to1200_TuneCP5_5p36TeV_pythia8/260306_002843/0000/HiForestMiniAOD_796.root
Time elapsed: 19303 seconds
File Contains: 120000 entries.
NMiss: 3399148 | NFake: 11201334 | NMatch: 124979831
Processing file 773 of 817: /eos/cms/store/group/phys_heavyions/hbossi/mc_productions/QCD-dijet_pThat15-event-weighted_TuneCP5_5p36TeV_pythia8/OO_MC_DijetEmbedded_pThat-15to1200_TuneCP5_5p36TeV_pythia8/260306_002843/0000/HiForestMiniAOD_797.root
Time elapsed: 19319 seconds
File Contains: 133000 entries.
NMiss: 3403978 | NFake: 11217242 | NMatch: 125155626
Processing file 774 of 817: /eos/cms/store/group/phys_heavyions/hbossi/mc_productions/QCD-dijet_pThat15-event-weighted_TuneCP5_5p36TeV_pythia8/OO_MC_DijetEmbedded_pThat-15to1200_TuneCP5_5p36TeV_pythia8/260306_002843/0000/HiForestMiniAOD_798.root
Time elapsed: 19343 seconds
File Contains: 127000 entries.
NMiss: 3408482 | NFake: 11232317 | NMatch: 125322917
Processing file 775 of 817: /eos/cms/store/group/phys_heavyions/hbossi/mc_productions/QCD-dijet_pThat15-event-weighted_TuneCP5_5p36TeV_pythia8/OO_MC_DijetEmbedded_pThat-15to1200_TuneCP5_5p36TeV_pythia8/260306_002843/0000/HiForestMiniAOD_799.root
Time elapsed: 19374 seconds
File Contains: 114000 entries.
NMiss: 3412584 | NFake: 11245854 | NMatch: 125473414
Processing file 776 of 817: /eos/cms/store/group/phys_heavyions/hbossi/mc_productions/QCD-dijet_pThat15-event-weighted_TuneCP5_5p36TeV_pythia8/OO_MC_DijetEmbedded_pThat-15to1200_TuneCP5_5p36TeV_pythia8/260306_002843/0000/HiForestMiniAOD_8.root
Time elapsed: 19398 seconds
File Contains: 117000 entries.
NMiss: 3416695 | NFake: 11259637 | NMatch: 125627528
Processing file 777 of 817: /eos/cms/store/group/phys_heavyions/hbossi/mc_productions/QCD-dijet_pThat15-event-weighted_TuneCP5_5p36TeV_pythia8/OO_MC_DijetEmbedded_pThat-15to1200_TuneCP5_5p36TeV_pythia8/260306_002843/0000/HiForestMiniAOD_80.root
Time elapsed: 19419 seconds
File Contains: 119000 entries.
NMiss: 3421001 | NFake: 11273547 | NMatch: 125784254
Processing file 778 of 817: /eos/cms/store/group/phys_heavyions/hbossi/mc_productions/QCD-dijet_pThat15-event-weighted_TuneCP5_5p36TeV_pythia8/OO_MC_DijetEmbedded_pThat-15to1200_TuneCP5_5p36TeV_pythia8/260306_002843/0000/HiForestMiniAOD_800.root
Time elapsed: 19443 seconds
File Contains: 128000 entries.
NMiss: 3425559 | NFake: 11288681 | NMatch: 125953257
Processing file 779 of 817: /eos/cms/store/group/phys_heavyions/hbossi/mc_productions/QCD-dijet_pThat15-event-weighted_TuneCP5_5p36TeV_pythia8/OO_MC_DijetEmbedded_pThat-15to1200_TuneCP5_5p36TeV_pythia8/260306_002843/0000/HiForestMiniAOD_801.root
Time elapsed: 19465 seconds
File Contains: 129000 entries.
NMiss: 3430146 | NFake: 11303853 | NMatch: 126124119
Processing file 780 of 817: /eos/cms/store/group/phys_heavyions/hbossi/mc_productions/QCD-dijet_pThat15-event-weighted_TuneCP5_5p36TeV_pythia8/OO_MC_DijetEmbedded_pThat-15to1200_TuneCP5_5p36TeV_pythia8/260306_002843/0000/HiForestMiniAOD_802.root
Time elapsed: 19490 seconds
File Contains: 86000 entries.
NMiss: 3433131 | NFake: 11313931 | NMatch: 126237919
Processing file 781 of 817: /eos/cms/store/group/phys_heavyions/hbossi/mc_productions/QCD-dijet_pThat15-event-weighted_TuneCP5_5p36TeV_pythia8/OO_MC_DijetEmbedded_pThat-15to1200_TuneCP5_5p36TeV_pythia8/260306_002843/0000/HiForestMiniAOD_803.root
Time elapsed: 19506 seconds
File Contains: 125000 entries.
NMiss: 3437648 | NFake: 11328685 | NMatch: 126403899
Processing file 782 of 817: /eos/cms/store/group/phys_heavyions/hbossi/mc_productions/QCD-dijet_pThat15-event-weighted_TuneCP5_5p36TeV_pythia8/OO_MC_DijetEmbedded_pThat-15to1200_TuneCP5_5p36TeV_pythia8/260306_002843/0000/HiForestMiniAOD_804.root
Time elapsed: 19532 seconds
File Contains: 107000 entries.
NMiss: 3441451 | NFake: 11341390 | NMatch: 126545662
Processing file 783 of 817: /eos/cms/store/group/phys_heavyions/hbossi/mc_productions/QCD-dijet_pThat15-event-weighted_TuneCP5_5p36TeV_pythia8/OO_MC_DijetEmbedded_pThat-15to1200_TuneCP5_5p36TeV_pythia8/260306_002843/0000/HiForestMiniAOD_805.root
Time elapsed: 19555 seconds
File Contains: 146000 entries.
NMiss: 3446722 | NFake: 11358722 | NMatch: 126739051
Processing file 784 of 817: /eos/cms/store/group/phys_heavyions/hbossi/mc_productions/QCD-dijet_pThat15-event-weighted_TuneCP5_5p36TeV_pythia8/OO_MC_DijetEmbedded_pThat-15to1200_TuneCP5_5p36TeV_pythia8/260306_002843/0000/HiForestMiniAOD_806.root
Time elapsed: 19640 seconds
File Contains: 116000 entries.
NMiss: 3450963 | NFake: 11372514 | NMatch: 126892527
Processing file 785 of 817: /eos/cms/store/group/phys_heavyions/hbossi/mc_productions/QCD-dijet_pThat15-event-weighted_TuneCP5_5p36TeV_pythia8/OO_MC_DijetEmbedded_pThat-15to1200_TuneCP5_5p36TeV_pythia8/260306_002843/0000/HiForestMiniAOD_807.root
Time elapsed: 19666 seconds
File Contains: 119000 entries.
NMiss: 3455136 | NFake: 11386777 | NMatch: 127049411
Processing file 786 of 817: /eos/cms/store/group/phys_heavyions/hbossi/mc_productions/QCD-dijet_pThat15-event-weighted_TuneCP5_5p36TeV_pythia8/OO_MC_DijetEmbedded_pThat-15to1200_TuneCP5_5p36TeV_pythia8/260306_002843/0000/HiForestMiniAOD_808.root
Time elapsed: 19690 seconds
File Contains: 131000 entries.
NMiss: 3459747 | NFake: 11402375 | NMatch: 127223004
Processing file 787 of 817: /eos/cms/store/group/phys_heavyions/hbossi/mc_productions/QCD-dijet_pThat15-event-weighted_TuneCP5_5p36TeV_pythia8/OO_MC_DijetEmbedded_pThat-15to1200_TuneCP5_5p36TeV_pythia8/260306_002843/0000/HiForestMiniAOD_809.root
Time elapsed: 19709 seconds
File Contains: 104000 entries.
NMiss: 3463567 | NFake: 11415005 | NMatch: 127359634
Processing file 788 of 817: /eos/cms/store/group/phys_heavyions/hbossi/mc_productions/QCD-dijet_pThat15-event-weighted_TuneCP5_5p36TeV_pythia8/OO_MC_DijetEmbedded_pThat-15to1200_TuneCP5_5p36TeV_pythia8/260306_002843/0000/HiForestMiniAOD_81.root
Time elapsed: 19731 seconds
File Contains: 109000 entries.
NMiss: 3467554 | NFake: 11427920 | NMatch: 127503330
Processing file 789 of 817: /eos/cms/store/group/phys_heavyions/hbossi/mc_productions/QCD-dijet_pThat15-event-weighted_TuneCP5_5p36TeV_pythia8/OO_MC_DijetEmbedded_pThat-15to1200_TuneCP5_5p36TeV_pythia8/260306_002843/0000/HiForestMiniAOD_810.root
Time elapsed: 19749 seconds
File Contains: 118000 entries.
NMiss: 3471778 | NFake: 11442009 | NMatch: 127659105
Processing file 790 of 817: /eos/cms/store/group/phys_heavyions/hbossi/mc_productions/QCD-dijet_pThat15-event-weighted_TuneCP5_5p36TeV_pythia8/OO_MC_DijetEmbedded_pThat-15to1200_TuneCP5_5p36TeV_pythia8/260306_002843/0000/HiForestMiniAOD_811.root
Time elapsed: 19780 seconds
File Contains: 122000 entries.
NMiss: 3476159 | NFake: 11456386 | NMatch: 127820207
Processing file 791 of 817: /eos/cms/store/group/phys_heavyions/hbossi/mc_productions/QCD-dijet_pThat15-event-weighted_TuneCP5_5p36TeV_pythia8/OO_MC_DijetEmbedded_pThat-15to1200_TuneCP5_5p36TeV_pythia8/260306_002843/0000/HiForestMiniAOD_812.root
Time elapsed: 19801 seconds
File Contains: 104000 entries.
NMiss: 3479966 | NFake: 11468757 | NMatch: 127957511
Processing file 792 of 817: /eos/cms/store/group/phys_heavyions/hbossi/mc_productions/QCD-dijet_pThat15-event-weighted_TuneCP5_5p36TeV_pythia8/OO_MC_DijetEmbedded_pThat-15to1200_TuneCP5_5p36TeV_pythia8/260306_002843/0000/HiForestMiniAOD_813.root
Time elapsed: 19816 seconds
File Contains: 114000 entries.
NMiss: 3484056 | NFake: 11482178 | NMatch: 128107498
Processing file 793 of 817: /eos/cms/store/group/phys_heavyions/hbossi/mc_productions/QCD-dijet_pThat15-event-weighted_TuneCP5_5p36TeV_pythia8/OO_MC_DijetEmbedded_pThat-15to1200_TuneCP5_5p36TeV_pythia8/260306_002843/0000/HiForestMiniAOD_814.root
Time elapsed: 19892 seconds
File Contains: 104000 entries.
NMiss: 3487719 | NFake: 11494252 | NMatch: 128245238
Processing file 794 of 817: /eos/cms/store/group/phys_heavyions/hbossi/mc_productions/QCD-dijet_pThat15-event-weighted_TuneCP5_5p36TeV_pythia8/OO_MC_DijetEmbedded_pThat-15to1200_TuneCP5_5p36TeV_pythia8/260306_002843/0000/HiForestMiniAOD_815.root
Time elapsed: 19917 seconds
File Contains: 119000 entries.
NMiss: 3492020 | NFake: 11508502 | NMatch: 128402423
Processing file 795 of 817: /eos/cms/store/group/phys_heavyions/hbossi/mc_productions/QCD-dijet_pThat15-event-weighted_TuneCP5_5p36TeV_pythia8/OO_MC_DijetEmbedded_pThat-15to1200_TuneCP5_5p36TeV_pythia8/260306_002843/0000/HiForestMiniAOD_816.root
Time elapsed: 19935 seconds
File Contains: 109000 entries.
NMiss: 3495952 | NFake: 11521468 | NMatch: 128546685
Processing file 796 of 817: /eos/cms/store/group/phys_heavyions/hbossi/mc_productions/QCD-dijet_pThat15-event-weighted_TuneCP5_5p36TeV_pythia8/OO_MC_DijetEmbedded_pThat-15to1200_TuneCP5_5p36TeV_pythia8/260306_002843/0000/HiForestMiniAOD_817.root
Time elapsed: 19957 seconds
File Contains: 121000 entries.
NMiss: 3500407 | NFake: 11535773 | NMatch: 128706873
Processing file 797 of 817: /eos/cms/store/group/phys_heavyions/hbossi/mc_productions/QCD-dijet_pThat15-event-weighted_TuneCP5_5p36TeV_pythia8/OO_MC_DijetEmbedded_pThat-15to1200_TuneCP5_5p36TeV_pythia8/260306_002843/0000/HiForestMiniAOD_818.root
Time elapsed: 19975 seconds
File Contains: 128000 entries.
NMiss: 3505004 | NFake: 11551137 | NMatch: 128876503
Processing file 798 of 817: /eos/cms/store/group/phys_heavyions/hbossi/mc_productions/QCD-dijet_pThat15-event-weighted_TuneCP5_5p36TeV_pythia8/OO_MC_DijetEmbedded_pThat-15to1200_TuneCP5_5p36TeV_pythia8/260306_002843/0000/HiForestMiniAOD_819.root
Time elapsed: 20004 seconds
File Contains: 47000 entries.
NMiss: 3506748 | NFake: 11556731 | NMatch: 128938594
Processing file 799 of 817: /eos/cms/store/group/phys_heavyions/hbossi/mc_productions/QCD-dijet_pThat15-event-weighted_TuneCP5_5p36TeV_pythia8/OO_MC_DijetEmbedded_pThat-15to1200_TuneCP5_5p36TeV_pythia8/260306_002843/0000/HiForestMiniAOD_82.root
Time elapsed: 20016 seconds
File Contains: 98000 entries.
NMiss: 3510230 | NFake: 11568236 | NMatch: 129067743
Processing file 800 of 817: /eos/cms/store/group/phys_heavyions/hbossi/mc_productions/QCD-dijet_pThat15-event-weighted_TuneCP5_5p36TeV_pythia8/OO_MC_DijetEmbedded_pThat-15to1200_TuneCP5_5p36TeV_pythia8/260306_002843/0000/HiForestMiniAOD_83.root
Time elapsed: 20033 seconds
File Contains: 146000 entries.
NMiss: 3515494 | NFake: 11585841 | NMatch: 129260690
Processing file 801 of 817: /eos/cms/store/group/phys_heavyions/hbossi/mc_productions/QCD-dijet_pThat15-event-weighted_TuneCP5_5p36TeV_pythia8/OO_MC_DijetEmbedded_pThat-15to1200_TuneCP5_5p36TeV_pythia8/260306_002843/0000/HiForestMiniAOD_84.root
Time elapsed: 20085 seconds
File Contains: 109000 entries.
NMiss: 3519360 | NFake: 11598605 | NMatch: 129405304
Processing file 802 of 817: /eos/cms/store/group/phys_heavyions/hbossi/mc_productions/QCD-dijet_pThat15-event-weighted_TuneCP5_5p36TeV_pythia8/OO_MC_DijetEmbedded_pThat-15to1200_TuneCP5_5p36TeV_pythia8/260306_002843/0000/HiForestMiniAOD_85.root
Time elapsed: 20104 seconds
File Contains: 94000 entries.
NMiss: 3522739 | NFake: 11609723 | NMatch: 129529811
Processing file 803 of 817: /eos/cms/store/group/phys_heavyions/hbossi/mc_productions/QCD-dijet_pThat15-event-weighted_TuneCP5_5p36TeV_pythia8/OO_MC_DijetEmbedded_pThat-15to1200_TuneCP5_5p36TeV_pythia8/260306_002843/0000/HiForestMiniAOD_86.root
Time elapsed: 20122 seconds
File Contains: 125000 entries.
NMiss: 3527163 | NFake: 11624603 | NMatch: 129694936
Processing file 804 of 817: /eos/cms/store/group/phys_heavyions/hbossi/mc_productions/QCD-dijet_pThat15-event-weighted_TuneCP5_5p36TeV_pythia8/OO_MC_DijetEmbedded_pThat-15to1200_TuneCP5_5p36TeV_pythia8/260306_002843/0000/HiForestMiniAOD_87.root
Time elapsed: 20143 seconds
File Contains: 157000 entries.
NMiss: 3532855 | NFake: 11643261 | NMatch: 129901942
Processing file 805 of 817: /eos/cms/store/group/phys_heavyions/hbossi/mc_productions/QCD-dijet_pThat15-event-weighted_TuneCP5_5p36TeV_pythia8/OO_MC_DijetEmbedded_pThat-15to1200_TuneCP5_5p36TeV_pythia8/260306_002843/0000/HiForestMiniAOD_88.root
Time elapsed: 20173 seconds
File Contains: 126000 entries.
NMiss: 3537346 | NFake: 11658212 | NMatch: 130068562
Processing file 806 of 817: /eos/cms/store/group/phys_heavyions/hbossi/mc_productions/QCD-dijet_pThat15-event-weighted_TuneCP5_5p36TeV_pythia8/OO_MC_DijetEmbedded_pThat-15to1200_TuneCP5_5p36TeV_pythia8/260306_002843/0000/HiForestMiniAOD_89.root
Time elapsed: 20192 seconds
File Contains: 89000 entries.
NMiss: 3540559 | NFake: 11668598 | NMatch: 130186195
Processing file 807 of 817: /eos/cms/store/group/phys_heavyions/hbossi/mc_productions/QCD-dijet_pThat15-event-weighted_TuneCP5_5p36TeV_pythia8/OO_MC_DijetEmbedded_pThat-15to1200_TuneCP5_5p36TeV_pythia8/260306_002843/0000/HiForestMiniAOD_9.root
Time elapsed: 20219 seconds
File Contains: 91000 entries.
NMiss: 3543805 | NFake: 11679496 | NMatch: 130306511
Processing file 808 of 817: /eos/cms/store/group/phys_heavyions/hbossi/mc_productions/QCD-dijet_pThat15-event-weighted_TuneCP5_5p36TeV_pythia8/OO_MC_DijetEmbedded_pThat-15to1200_TuneCP5_5p36TeV_pythia8/260306_002843/0000/HiForestMiniAOD_90.root
Time elapsed: 20240 seconds
File Contains: 94000 entries.
NMiss: 3547141 | NFake: 11690707 | NMatch: 130430524
Processing file 809 of 817: /eos/cms/store/group/phys_heavyions/hbossi/mc_productions/QCD-dijet_pThat15-event-weighted_TuneCP5_5p36TeV_pythia8/OO_MC_DijetEmbedded_pThat-15to1200_TuneCP5_5p36TeV_pythia8/260306_002843/0000/HiForestMiniAOD_91.root
Time elapsed: 20264 seconds
File Contains: 115000 entries.
NMiss: 3551336 | NFake: 11704306 | NMatch: 130582378
Processing file 810 of 817: /eos/cms/store/group/phys_heavyions/hbossi/mc_productions/QCD-dijet_pThat15-event-weighted_TuneCP5_5p36TeV_pythia8/OO_MC_DijetEmbedded_pThat-15to1200_TuneCP5_5p36TeV_pythia8/260306_002843/0000/HiForestMiniAOD_92.root
Time elapsed: 20286 seconds
File Contains: 92000 entries.
NMiss: 3554581 | NFake: 11715191 | NMatch: 130703718
Processing file 811 of 817: /eos/cms/store/group/phys_heavyions/hbossi/mc_productions/QCD-dijet_pThat15-event-weighted_TuneCP5_5p36TeV_pythia8/OO_MC_DijetEmbedded_pThat-15to1200_TuneCP5_5p36TeV_pythia8/260306_002843/0000/HiForestMiniAOD_93.root
Time elapsed: 20303 seconds
File Contains: 119000 entries.
NMiss: 3558821 | NFake: 11729374 | NMatch: 130860929
Processing file 812 of 817: /eos/cms/store/group/phys_heavyions/hbossi/mc_productions/QCD-dijet_pThat15-event-weighted_TuneCP5_5p36TeV_pythia8/OO_MC_DijetEmbedded_pThat-15to1200_TuneCP5_5p36TeV_pythia8/260306_002843/0000/HiForestMiniAOD_94.root
Time elapsed: 20321 seconds
File Contains: 97000 entries.
NMiss: 3562270 | NFake: 11740696 | NMatch: 130989526
Processing file 813 of 817: /eos/cms/store/group/phys_heavyions/hbossi/mc_productions/QCD-dijet_pThat15-event-weighted_TuneCP5_5p36TeV_pythia8/OO_MC_DijetEmbedded_pThat-15to1200_TuneCP5_5p36TeV_pythia8/260306_002843/0000/HiForestMiniAOD_95.root
Time elapsed: 20336 seconds
File Contains: 103000 entries.
NMiss: 3565981 | NFake: 11753008 | NMatch: 131125774
Processing file 814 of 817: /eos/cms/store/group/phys_heavyions/hbossi/mc_productions/QCD-dijet_pThat15-event-weighted_TuneCP5_5p36TeV_pythia8/OO_MC_DijetEmbedded_pThat-15to1200_TuneCP5_5p36TeV_pythia8/260306_002843/0000/HiForestMiniAOD_96.root
Time elapsed: 20371 seconds
File Contains: 110000 entries.
NMiss: 3569989 | NFake: 11765918 | NMatch: 131270974
Processing file 815 of 817: /eos/cms/store/group/phys_heavyions/hbossi/mc_productions/QCD-dijet_pThat15-event-weighted_TuneCP5_5p36TeV_pythia8/OO_MC_DijetEmbedded_pThat-15to1200_TuneCP5_5p36TeV_pythia8/260306_002843/0000/HiForestMiniAOD_97.root
Time elapsed: 20391 seconds
File Contains: 133000 entries.
NMiss: 3574807 | NFake: 11781771 | NMatch: 131446162
Processing file 816 of 817: /eos/cms/store/group/phys_heavyions/hbossi/mc_productions/QCD-dijet_pThat15-event-weighted_TuneCP5_5p36TeV_pythia8/OO_MC_DijetEmbedded_pThat-15to1200_TuneCP5_5p36TeV_pythia8/260306_002843/0000/HiForestMiniAOD_98.root
Time elapsed: 20413 seconds
File Contains: 93000 entries.
NMiss: 3578108 | NFake: 11792787 | NMatch: 131569429
Processing file 817 of 817: /eos/cms/store/group/phys_heavyions/hbossi/mc_productions/QCD-dijet_pThat15-event-weighted_TuneCP5_5p36TeV_pythia8/OO_MC_DijetEmbedded_pThat-15to1200_TuneCP5_5p36TeV_pythia8/260306_002843/0000/HiForestMiniAOD_99.root
Time elapsed: 20436 seconds
File Contains: 138000 entries.
NMiss: 3583015 | NFake: 11809115 | NMatch: 131751384

=== PROCESSING SUMMARY ===
NMatches: 131751384
NMisses: 3583015
NFakes: 11809115
Train Counter: 44830898
Test Counter: 44823312
=======================

=== TIMING SUMMARY ===
Total processing time: 5h 41m 10.34s
Events processed per second: 4872.17 Hz
Average time per event: 0.205247 ms
=======================

=== MEMORY SUMMARY ===
Peak memory usage: 547.273 MB
Memory cleanup completed.
=======================
Cuts applied: L1 MinBias Trigger;Cluster Compatibility Filter;Primary Vertex Filter;HF E_{Max}+ AND HF E_{Max}- > 14;Jet PF CEF < 0.8;Jet PF NEF < 0.8;Jet PF MUF < 0.8;Jet PF CHM > 0;Match iff Reco&Gen pT > 30.0 GeV/c;Jet |eta| < 1.6;
General info: NEntries: 99.7M;Sample: MC;Tag: MC_FullPD_FineBin;EventsBeforeCuts: 99735000;EventsAfterCuts: 89654210;EventCutEfficiency: 89.89%;TotalJetsProcessed: 382395953;TotalProcessingTime: 5h 41m 10.34s;NMiss: 3583015;NFake: 11809115;NMatch: 131751384;MC: Yes;
Output written to: /home/xirong/JetStudiesOO/LynnsCode/RootFiles/0414HalfHalfTest/Response_MC_99.7MEvts_MC_FullPD_FineBin_20260417.root
