nohup: ignoring input
Have 6 arguments:
MC: 0
Jet pT min cut: 400 GeV/c
Jet pT max cut: 500 GeV/c
Number of events to process: 0
Current time: 2026-05-02 19:29:59
Found 212 ROOT files matching pattern: /eos/cms/store/group/phys_heavyions/hbossi/OOJetSubstructure/DataForests/IonPhysics0/OO_Data_PromptReco_IonPhsyics0/260306_195006/0000/*
Number of ROOT files to process: 212
Processing file 1 of 212: /eos/cms/store/group/phys_heavyions/hbossi/OOJetSubstructure/DataForests/IonPhysics0/OO_Data_PromptReco_IonPhsyics0/260306_195006/0000/HiForestMiniAOD_112.root
Processing file 2 of 212: /eos/cms/store/group/phys_heavyions/hbossi/OOJetSubstructure/DataForests/IonPhysics0/OO_Data_PromptReco_IonPhsyics0/260306_195006/0000/HiForestMiniAOD_140.root
Processing file 3 of 212: /eos/cms/store/group/phys_heavyions/hbossi/OOJetSubstructure/DataForests/IonPhysics0/OO_Data_PromptReco_IonPhsyics0/260306_195006/0000/HiForestMiniAOD_163.root
Processing file 4 of 212: /eos/cms/store/group/phys_heavyions/hbossi/OOJetSubstructure/DataForests/IonPhysics0/OO_Data_PromptReco_IonPhsyics0/260306_195006/0000/HiForestMiniAOD_185.root
Processing file 5 of 212: /eos/cms/store/group/phys_heavyions/hbossi/OOJetSubstructure/DataForests/IonPhysics0/OO_Data_PromptReco_IonPhsyics0/260306_195006/0000/HiForestMiniAOD_192.root
Processing file 6 of 212: /eos/cms/store/group/phys_heavyions/hbossi/OOJetSubstructure/DataForests/IonPhysics0/OO_Data_PromptReco_IonPhsyics0/260306_195006/0000/HiForestMiniAOD_194.root
Processing file 7 of 212: /eos/cms/store/group/phys_heavyions/hbossi/OOJetSubstructure/DataForests/IonPhysics0/OO_Data_PromptReco_IonPhsyics0/260306_195006/0000/HiForestMiniAOD_197.root
Processing file 8 of 212: /eos/cms/store/group/phys_heavyions/hbossi/OOJetSubstructure/DataForests/IonPhysics0/OO_Data_PromptReco_IonPhsyics0/260306_195006/0000/HiForestMiniAOD_204.root
Processing file 9 of 212: /eos/cms/store/group/phys_heavyions/hbossi/OOJetSubstructure/DataForests/IonPhysics0/OO_Data_PromptReco_IonPhsyics0/260306_195006/0000/HiForestMiniAOD_214.root
Processing file 10 of 212: /eos/cms/store/group/phys_heavyions/hbossi/OOJetSubstructure/DataForests/IonPhysics0/OO_Data_PromptReco_IonPhsyics0/260306_195006/0000/HiForestMiniAOD_222.root
Processing file 11 of 212: /eos/cms/store/group/phys_heavyions/hbossi/OOJetSubstructure/DataForests/IonPhysics0/OO_Data_PromptReco_IonPhsyics0/260306_195006/0000/HiForestMiniAOD_228.root
Processing file 12 of 212: /eos/cms/store/group/phys_heavyions/hbossi/OOJetSubstructure/DataForests/IonPhysics0/OO_Data_PromptReco_IonPhsyics0/260306_195006/0000/HiForestMiniAOD_229.root
Processing file 13 of 212: /eos/cms/store/group/phys_heavyions/hbossi/OOJetSubstructure/DataForests/IonPhysics0/OO_Data_PromptReco_IonPhsyics0/260306_195006/0000/HiForestMiniAOD_231.root
Processing file 14 of 212: /eos/cms/store/group/phys_heavyions/hbossi/OOJetSubstructure/DataForests/IonPhysics0/OO_Data_PromptReco_IonPhsyics0/260306_195006/0000/HiForestMiniAOD_234.root
Processing file 15 of 212: /eos/cms/store/group/phys_heavyions/hbossi/OOJetSubstructure/DataForests/IonPhysics0/OO_Data_PromptReco_IonPhsyics0/260306_195006/0000/HiForestMiniAOD_237.root
Processing file 16 of 212: /eos/cms/store/group/phys_heavyions/hbossi/OOJetSubstructure/DataForests/IonPhysics0/OO_Data_PromptReco_IonPhsyics0/260306_195006/0000/HiForestMiniAOD_238.root
Processing file 17 of 212: /eos/cms/store/group/phys_heavyions/hbossi/OOJetSubstructure/DataForests/IonPhysics0/OO_Data_PromptReco_IonPhsyics0/260306_195006/0000/HiForestMiniAOD_239.root
Processing file 18 of 212: /eos/cms/store/group/phys_heavyions/hbossi/OOJetSubstructure/DataForests/IonPhysics0/OO_Data_PromptReco_IonPhsyics0/260306_195006/0000/HiForestMiniAOD_240.root
Processing file 19 of 212: /eos/cms/store/group/phys_heavyions/hbossi/OOJetSubstructure/DataForests/IonPhysics0/OO_Data_PromptReco_IonPhsyics0/260306_195006/0000/HiForestMiniAOD_241.root
Processing file 20 of 212: /eos/cms/store/group/phys_heavyions/hbossi/OOJetSubstructure/DataForests/IonPhysics0/OO_Data_PromptReco_IonPhsyics0/260306_195006/0000/HiForestMiniAOD_242.root
Processing file 21 of 212: /eos/cms/store/group/phys_heavyions/hbossi/OOJetSubstructure/DataForests/IonPhysics0/OO_Data_PromptReco_IonPhsyics0/260306_195006/0000/HiForestMiniAOD_245.root
Processing file 22 of 212: /eos/cms/store/group/phys_heavyions/hbossi/OOJetSubstructure/DataForests/IonPhysics0/OO_Data_PromptReco_IonPhsyics0/260306_195006/0000/HiForestMiniAOD_248.root
Processing file 23 of 212: /eos/cms/store/group/phys_heavyions/hbossi/OOJetSubstructure/DataForests/IonPhysics0/OO_Data_PromptReco_IonPhsyics0/260306_195006/0000/HiForestMiniAOD_250.root
Processing file 24 of 212: /eos/cms/store/group/phys_heavyions/hbossi/OOJetSubstructure/DataForests/IonPhysics0/OO_Data_PromptReco_IonPhsyics0/260306_195006/0000/HiForestMiniAOD_252.root
Processing file 25 of 212: /eos/cms/store/group/phys_heavyions/hbossi/OOJetSubstructure/DataForests/IonPhysics0/OO_Data_PromptReco_IonPhsyics0/260306_195006/0000/HiForestMiniAOD_256.root
Processing file 26 of 212: /eos/cms/store/group/phys_heavyions/hbossi/OOJetSubstructure/DataForests/IonPhysics0/OO_Data_PromptReco_IonPhsyics0/260306_195006/0000/HiForestMiniAOD_257.root
Processing file 27 of 212: /eos/cms/store/group/phys_heavyions/hbossi/OOJetSubstructure/DataForests/IonPhysics0/OO_Data_PromptReco_IonPhsyics0/260306_195006/0000/HiForestMiniAOD_261.root
Processing file 28 of 212: /eos/cms/store/group/phys_heavyions/hbossi/OOJetSubstructure/DataForests/IonPhysics0/OO_Data_PromptReco_IonPhsyics0/260306_195006/0000/HiForestMiniAOD_263.root
Processing file 29 of 212: /eos/cms/store/group/phys_heavyions/hbossi/OOJetSubstructure/DataForests/IonPhysics0/OO_Data_PromptReco_IonPhsyics0/260306_195006/0000/HiForestMiniAOD_267.root
Processing file 30 of 212: /eos/cms/store/group/phys_heavyions/hbossi/OOJetSubstructure/DataForests/IonPhysics0/OO_Data_PromptReco_IonPhsyics0/260306_195006/0000/HiForestMiniAOD_270.root
Processing file 31 of 212: /eos/cms/store/group/phys_heavyions/hbossi/OOJetSubstructure/DataForests/IonPhysics0/OO_Data_PromptReco_IonPhsyics0/260306_195006/0000/HiForestMiniAOD_272.root
Processing file 32 of 212: /eos/cms/store/group/phys_heavyions/hbossi/OOJetSubstructure/DataForests/IonPhysics0/OO_Data_PromptReco_IonPhsyics0/260306_195006/0000/HiForestMiniAOD_274.root
Processing file 33 of 212: /eos/cms/store/group/phys_heavyions/hbossi/OOJetSubstructure/DataForests/IonPhysics0/OO_Data_PromptReco_IonPhsyics0/260306_195006/0000/HiForestMiniAOD_275.root
Processing file 34 of 212: /eos/cms/store/group/phys_heavyions/hbossi/OOJetSubstructure/DataForests/IonPhysics0/OO_Data_PromptReco_IonPhsyics0/260306_195006/0000/HiForestMiniAOD_276.root
Processing file 35 of 212: /eos/cms/store/group/phys_heavyions/hbossi/OOJetSubstructure/DataForests/IonPhysics0/OO_Data_PromptReco_IonPhsyics0/260306_195006/0000/HiForestMiniAOD_277.root
Processing file 36 of 212: /eos/cms/store/group/phys_heavyions/hbossi/OOJetSubstructure/DataForests/IonPhysics0/OO_Data_PromptReco_IonPhsyics0/260306_195006/0000/HiForestMiniAOD_281.root
Processing file 37 of 212: /eos/cms/store/group/phys_heavyions/hbossi/OOJetSubstructure/DataForests/IonPhysics0/OO_Data_PromptReco_IonPhsyics0/260306_195006/0000/HiForestMiniAOD_282.root
Processing file 38 of 212: /eos/cms/store/group/phys_heavyions/hbossi/OOJetSubstructure/DataForests/IonPhysics0/OO_Data_PromptReco_IonPhsyics0/260306_195006/0000/HiForestMiniAOD_283.root
Processing file 39 of 212: /eos/cms/store/group/phys_heavyions/hbossi/OOJetSubstructure/DataForests/IonPhysics0/OO_Data_PromptReco_IonPhsyics0/260306_195006/0000/HiForestMiniAOD_284.root
Processing file 40 of 212: /eos/cms/store/group/phys_heavyions/hbossi/OOJetSubstructure/DataForests/IonPhysics0/OO_Data_PromptReco_IonPhsyics0/260306_195006/0000/HiForestMiniAOD_286.root
Processing file 41 of 212: /eos/cms/store/group/phys_heavyions/hbossi/OOJetSubstructure/DataForests/IonPhysics0/OO_Data_PromptReco_IonPhsyics0/260306_195006/0000/HiForestMiniAOD_287.root
Processing file 42 of 212: /eos/cms/store/group/phys_heavyions/hbossi/OOJetSubstructure/DataForests/IonPhysics0/OO_Data_PromptReco_IonPhsyics0/260306_195006/0000/HiForestMiniAOD_289.root
Processing file 43 of 212: /eos/cms/store/group/phys_heavyions/hbossi/OOJetSubstructure/DataForests/IonPhysics0/OO_Data_PromptReco_IonPhsyics0/260306_195006/0000/HiForestMiniAOD_294.root
Processing file 44 of 212: /eos/cms/store/group/phys_heavyions/hbossi/OOJetSubstructure/DataForests/IonPhysics0/OO_Data_PromptReco_IonPhsyics0/260306_195006/0000/HiForestMiniAOD_295.root
Processing file 45 of 212: /eos/cms/store/group/phys_heavyions/hbossi/OOJetSubstructure/DataForests/IonPhysics0/OO_Data_PromptReco_IonPhsyics0/260306_195006/0000/HiForestMiniAOD_297.root
Processing file 46 of 212: /eos/cms/store/group/phys_heavyions/hbossi/OOJetSubstructure/DataForests/IonPhysics0/OO_Data_PromptReco_IonPhsyics0/260306_195006/0000/HiForestMiniAOD_299.root
Processing file 47 of 212: /eos/cms/store/group/phys_heavyions/hbossi/OOJetSubstructure/DataForests/IonPhysics0/OO_Data_PromptReco_IonPhsyics0/260306_195006/0000/HiForestMiniAOD_300.root
Processing file 48 of 212: /eos/cms/store/group/phys_heavyions/hbossi/OOJetSubstructure/DataForests/IonPhysics0/OO_Data_PromptReco_IonPhsyics0/260306_195006/0000/HiForestMiniAOD_301.root
Processing file 49 of 212: /eos/cms/store/group/phys_heavyions/hbossi/OOJetSubstructure/DataForests/IonPhysics0/OO_Data_PromptReco_IonPhsyics0/260306_195006/0000/HiForestMiniAOD_302.root
Processing file 50 of 212: /eos/cms/store/group/phys_heavyions/hbossi/OOJetSubstructure/DataForests/IonPhysics0/OO_Data_PromptReco_IonPhsyics0/260306_195006/0000/HiForestMiniAOD_303.root
Processing file 51 of 212: /eos/cms/store/group/phys_heavyions/hbossi/OOJetSubstructure/DataForests/IonPhysics0/OO_Data_PromptReco_IonPhsyics0/260306_195006/0000/HiForestMiniAOD_305.root
Processing file 52 of 212: /eos/cms/store/group/phys_heavyions/hbossi/OOJetSubstructure/DataForests/IonPhysics0/OO_Data_PromptReco_IonPhsyics0/260306_195006/0000/HiForestMiniAOD_308.root
Processing file 53 of 212: /eos/cms/store/group/phys_heavyions/hbossi/OOJetSubstructure/DataForests/IonPhysics0/OO_Data_PromptReco_IonPhsyics0/260306_195006/0000/HiForestMiniAOD_311.root
Processing file 54 of 212: /eos/cms/store/group/phys_heavyions/hbossi/OOJetSubstructure/DataForests/IonPhysics0/OO_Data_PromptReco_IonPhsyics0/260306_195006/0000/HiForestMiniAOD_315.root
Processing file 55 of 212: /eos/cms/store/group/phys_heavyions/hbossi/OOJetSubstructure/DataForests/IonPhysics0/OO_Data_PromptReco_IonPhsyics0/260306_195006/0000/HiForestMiniAOD_318.root
Processing file 56 of 212: /eos/cms/store/group/phys_heavyions/hbossi/OOJetSubstructure/DataForests/IonPhysics0/OO_Data_PromptReco_IonPhsyics0/260306_195006/0000/HiForestMiniAOD_319.root
Processing file 57 of 212: /eos/cms/store/group/phys_heavyions/hbossi/OOJetSubstructure/DataForests/IonPhysics0/OO_Data_PromptReco_IonPhsyics0/260306_195006/0000/HiForestMiniAOD_320.root
Processing file 58 of 212: /eos/cms/store/group/phys_heavyions/hbossi/OOJetSubstructure/DataForests/IonPhysics0/OO_Data_PromptReco_IonPhsyics0/260306_195006/0000/HiForestMiniAOD_321.root
Processing file 59 of 212: /eos/cms/store/group/phys_heavyions/hbossi/OOJetSubstructure/DataForests/IonPhysics0/OO_Data_PromptReco_IonPhsyics0/260306_195006/0000/HiForestMiniAOD_323.root
Processing file 60 of 212: /eos/cms/store/group/phys_heavyions/hbossi/OOJetSubstructure/DataForests/IonPhysics0/OO_Data_PromptReco_IonPhsyics0/260306_195006/0000/HiForestMiniAOD_324.root
Processing file 61 of 212: /eos/cms/store/group/phys_heavyions/hbossi/OOJetSubstructure/DataForests/IonPhysics0/OO_Data_PromptReco_IonPhsyics0/260306_195006/0000/HiForestMiniAOD_327.root
Processing file 62 of 212: /eos/cms/store/group/phys_heavyions/hbossi/OOJetSubstructure/DataForests/IonPhysics0/OO_Data_PromptReco_IonPhsyics0/260306_195006/0000/HiForestMiniAOD_329.root
Processing file 63 of 212: /eos/cms/store/group/phys_heavyions/hbossi/OOJetSubstructure/DataForests/IonPhysics0/OO_Data_PromptReco_IonPhsyics0/260306_195006/0000/HiForestMiniAOD_330.root
Processing file 64 of 212: /eos/cms/store/group/phys_heavyions/hbossi/OOJetSubstructure/DataForests/IonPhysics0/OO_Data_PromptReco_IonPhsyics0/260306_195006/0000/HiForestMiniAOD_331.root
Processing file 65 of 212: /eos/cms/store/group/phys_heavyions/hbossi/OOJetSubstructure/DataForests/IonPhysics0/OO_Data_PromptReco_IonPhsyics0/260306_195006/0000/HiForestMiniAOD_332.root
Processing file 66 of 212: /eos/cms/store/group/phys_heavyions/hbossi/OOJetSubstructure/DataForests/IonPhysics0/OO_Data_PromptReco_IonPhsyics0/260306_195006/0000/HiForestMiniAOD_333.root
Processing file 67 of 212: /eos/cms/store/group/phys_heavyions/hbossi/OOJetSubstructure/DataForests/IonPhysics0/OO_Data_PromptReco_IonPhsyics0/260306_195006/0000/HiForestMiniAOD_335.root
Processing file 68 of 212: /eos/cms/store/group/phys_heavyions/hbossi/OOJetSubstructure/DataForests/IonPhysics0/OO_Data_PromptReco_IonPhsyics0/260306_195006/0000/HiForestMiniAOD_336.root
Processing file 69 of 212: /eos/cms/store/group/phys_heavyions/hbossi/OOJetSubstructure/DataForests/IonPhysics0/OO_Data_PromptReco_IonPhsyics0/260306_195006/0000/HiForestMiniAOD_337.root
Processing file 70 of 212: /eos/cms/store/group/phys_heavyions/hbossi/OOJetSubstructure/DataForests/IonPhysics0/OO_Data_PromptReco_IonPhsyics0/260306_195006/0000/HiForestMiniAOD_338.root
Processing file 71 of 212: /eos/cms/store/group/phys_heavyions/hbossi/OOJetSubstructure/DataForests/IonPhysics0/OO_Data_PromptReco_IonPhsyics0/260306_195006/0000/HiForestMiniAOD_339.root
Processing file 72 of 212: /eos/cms/store/group/phys_heavyions/hbossi/OOJetSubstructure/DataForests/IonPhysics0/OO_Data_PromptReco_IonPhsyics0/260306_195006/0000/HiForestMiniAOD_343.root
Processing file 73 of 212: /eos/cms/store/group/phys_heavyions/hbossi/OOJetSubstructure/DataForests/IonPhysics0/OO_Data_PromptReco_IonPhsyics0/260306_195006/0000/HiForestMiniAOD_344.root
Processing file 74 of 212: /eos/cms/store/group/phys_heavyions/hbossi/OOJetSubstructure/DataForests/IonPhysics0/OO_Data_PromptReco_IonPhsyics0/260306_195006/0000/HiForestMiniAOD_345.root
Processing file 75 of 212: /eos/cms/store/group/phys_heavyions/hbossi/OOJetSubstructure/DataForests/IonPhysics0/OO_Data_PromptReco_IonPhsyics0/260306_195006/0000/HiForestMiniAOD_346.root
Processing file 76 of 212: /eos/cms/store/group/phys_heavyions/hbossi/OOJetSubstructure/DataForests/IonPhysics0/OO_Data_PromptReco_IonPhsyics0/260306_195006/0000/HiForestMiniAOD_348.root
Processing file 77 of 212: /eos/cms/store/group/phys_heavyions/hbossi/OOJetSubstructure/DataForests/IonPhysics0/OO_Data_PromptReco_IonPhsyics0/260306_195006/0000/HiForestMiniAOD_349.root
Processing file 78 of 212: /eos/cms/store/group/phys_heavyions/hbossi/OOJetSubstructure/DataForests/IonPhysics0/OO_Data_PromptReco_IonPhsyics0/260306_195006/0000/HiForestMiniAOD_352.root
Processing file 79 of 212: /eos/cms/store/group/phys_heavyions/hbossi/OOJetSubstructure/DataForests/IonPhysics0/OO_Data_PromptReco_IonPhsyics0/260306_195006/0000/HiForestMiniAOD_354.root
Processing file 80 of 212: /eos/cms/store/group/phys_heavyions/hbossi/OOJetSubstructure/DataForests/IonPhysics0/OO_Data_PromptReco_IonPhsyics0/260306_195006/0000/HiForestMiniAOD_356.root
Processing file 81 of 212: /eos/cms/store/group/phys_heavyions/hbossi/OOJetSubstructure/DataForests/IonPhysics0/OO_Data_PromptReco_IonPhsyics0/260306_195006/0000/HiForestMiniAOD_364.root
Processing file 82 of 212: /eos/cms/store/group/phys_heavyions/hbossi/OOJetSubstructure/DataForests/IonPhysics0/OO_Data_PromptReco_IonPhsyics0/260306_195006/0000/HiForestMiniAOD_368.root
Processing file 83 of 212: /eos/cms/store/group/phys_heavyions/hbossi/OOJetSubstructure/DataForests/IonPhysics0/OO_Data_PromptReco_IonPhsyics0/260306_195006/0000/HiForestMiniAOD_369.root
Processing file 84 of 212: /eos/cms/store/group/phys_heavyions/hbossi/OOJetSubstructure/DataForests/IonPhysics0/OO_Data_PromptReco_IonPhsyics0/260306_195006/0000/HiForestMiniAOD_371.root
Processing file 85 of 212: /eos/cms/store/group/phys_heavyions/hbossi/OOJetSubstructure/DataForests/IonPhysics0/OO_Data_PromptReco_IonPhsyics0/260306_195006/0000/HiForestMiniAOD_372.root
Processing file 86 of 212: /eos/cms/store/group/phys_heavyions/hbossi/OOJetSubstructure/DataForests/IonPhysics0/OO_Data_PromptReco_IonPhsyics0/260306_195006/0000/HiForestMiniAOD_373.root
Processing file 87 of 212: /eos/cms/store/group/phys_heavyions/hbossi/OOJetSubstructure/DataForests/IonPhysics0/OO_Data_PromptReco_IonPhsyics0/260306_195006/0000/HiForestMiniAOD_374.root
Processing file 88 of 212: /eos/cms/store/group/phys_heavyions/hbossi/OOJetSubstructure/DataForests/IonPhysics0/OO_Data_PromptReco_IonPhsyics0/260306_195006/0000/HiForestMiniAOD_376.root
Processing file 89 of 212: /eos/cms/store/group/phys_heavyions/hbossi/OOJetSubstructure/DataForests/IonPhysics0/OO_Data_PromptReco_IonPhsyics0/260306_195006/0000/HiForestMiniAOD_377.root
Processing file 90 of 212: /eos/cms/store/group/phys_heavyions/hbossi/OOJetSubstructure/DataForests/IonPhysics0/OO_Data_PromptReco_IonPhsyics0/260306_195006/0000/HiForestMiniAOD_379.root
Processing file 91 of 212: /eos/cms/store/group/phys_heavyions/hbossi/OOJetSubstructure/DataForests/IonPhysics0/OO_Data_PromptReco_IonPhsyics0/260306_195006/0000/HiForestMiniAOD_380.root
Processing file 92 of 212: /eos/cms/store/group/phys_heavyions/hbossi/OOJetSubstructure/DataForests/IonPhysics0/OO_Data_PromptReco_IonPhsyics0/260306_195006/0000/HiForestMiniAOD_381.root
Processing file 93 of 212: /eos/cms/store/group/phys_heavyions/hbossi/OOJetSubstructure/DataForests/IonPhysics0/OO_Data_PromptReco_IonPhsyics0/260306_195006/0000/HiForestMiniAOD_383.root
Processing file 94 of 212: /eos/cms/store/group/phys_heavyions/hbossi/OOJetSubstructure/DataForests/IonPhysics0/OO_Data_PromptReco_IonPhsyics0/260306_195006/0000/HiForestMiniAOD_385.root
Processing file 95 of 212: /eos/cms/store/group/phys_heavyions/hbossi/OOJetSubstructure/DataForests/IonPhysics0/OO_Data_PromptReco_IonPhsyics0/260306_195006/0000/HiForestMiniAOD_386.root
Processing file 96 of 212: /eos/cms/store/group/phys_heavyions/hbossi/OOJetSubstructure/DataForests/IonPhysics0/OO_Data_PromptReco_IonPhsyics0/260306_195006/0000/HiForestMiniAOD_388.root
Processing file 97 of 212: /eos/cms/store/group/phys_heavyions/hbossi/OOJetSubstructure/DataForests/IonPhysics0/OO_Data_PromptReco_IonPhsyics0/260306_195006/0000/HiForestMiniAOD_390.root
Processing file 98 of 212: /eos/cms/store/group/phys_heavyions/hbossi/OOJetSubstructure/DataForests/IonPhysics0/OO_Data_PromptReco_IonPhsyics0/260306_195006/0000/HiForestMiniAOD_391.root
Processing file 99 of 212: /eos/cms/store/group/phys_heavyions/hbossi/OOJetSubstructure/DataForests/IonPhysics0/OO_Data_PromptReco_IonPhsyics0/260306_195006/0000/HiForestMiniAOD_392.root
Processing file 100 of 212: /eos/cms/store/group/phys_heavyions/hbossi/OOJetSubstructure/DataForests/IonPhysics0/OO_Data_PromptReco_IonPhsyics0/260306_195006/0000/HiForestMiniAOD_393.root
Processing file 101 of 212: /eos/cms/store/group/phys_heavyions/hbossi/OOJetSubstructure/DataForests/IonPhysics0/OO_Data_PromptReco_IonPhsyics0/260306_195006/0000/HiForestMiniAOD_394.root
Processing file 102 of 212: /eos/cms/store/group/phys_heavyions/hbossi/OOJetSubstructure/DataForests/IonPhysics0/OO_Data_PromptReco_IonPhsyics0/260306_195006/0000/HiForestMiniAOD_395.root
Processing file 103 of 212: /eos/cms/store/group/phys_heavyions/hbossi/OOJetSubstructure/DataForests/IonPhysics0/OO_Data_PromptReco_IonPhsyics0/260306_195006/0000/HiForestMiniAOD_397.root
Processing file 104 of 212: /eos/cms/store/group/phys_heavyions/hbossi/OOJetSubstructure/DataForests/IonPhysics0/OO_Data_PromptReco_IonPhsyics0/260306_195006/0000/HiForestMiniAOD_398.root
Processing file 105 of 212: /eos/cms/store/group/phys_heavyions/hbossi/OOJetSubstructure/DataForests/IonPhysics0/OO_Data_PromptReco_IonPhsyics0/260306_195006/0000/HiForestMiniAOD_399.root
Processing file 106 of 212: /eos/cms/store/group/phys_heavyions/hbossi/OOJetSubstructure/DataForests/IonPhysics0/OO_Data_PromptReco_IonPhsyics0/260306_195006/0000/HiForestMiniAOD_400.root
Processing file 107 of 212: /eos/cms/store/group/phys_heavyions/hbossi/OOJetSubstructure/DataForests/IonPhysics0/OO_Data_PromptReco_IonPhsyics0/260306_195006/0000/HiForestMiniAOD_401.root
Processing file 108 of 212: /eos/cms/store/group/phys_heavyions/hbossi/OOJetSubstructure/DataForests/IonPhysics0/OO_Data_PromptReco_IonPhsyics0/260306_195006/0000/HiForestMiniAOD_402.root
Processing file 109 of 212: /eos/cms/store/group/phys_heavyions/hbossi/OOJetSubstructure/DataForests/IonPhysics0/OO_Data_PromptReco_IonPhsyics0/260306_195006/0000/HiForestMiniAOD_403.root
Processing file 110 of 212: /eos/cms/store/group/phys_heavyions/hbossi/OOJetSubstructure/DataForests/IonPhysics0/OO_Data_PromptReco_IonPhsyics0/260306_195006/0000/HiForestMiniAOD_405.root
Processing file 111 of 212: /eos/cms/store/group/phys_heavyions/hbossi/OOJetSubstructure/DataForests/IonPhysics0/OO_Data_PromptReco_IonPhsyics0/260306_195006/0000/HiForestMiniAOD_406.root
Processing file 112 of 212: /eos/cms/store/group/phys_heavyions/hbossi/OOJetSubstructure/DataForests/IonPhysics0/OO_Data_PromptReco_IonPhsyics0/260306_195006/0000/HiForestMiniAOD_407.root
Processing file 113 of 212: /eos/cms/store/group/phys_heavyions/hbossi/OOJetSubstructure/DataForests/IonPhysics0/OO_Data_PromptReco_IonPhsyics0/260306_195006/0000/HiForestMiniAOD_408.root
Processing file 114 of 212: /eos/cms/store/group/phys_heavyions/hbossi/OOJetSubstructure/DataForests/IonPhysics0/OO_Data_PromptReco_IonPhsyics0/260306_195006/0000/HiForestMiniAOD_409.root
Processing file 115 of 212: /eos/cms/store/group/phys_heavyions/hbossi/OOJetSubstructure/DataForests/IonPhysics0/OO_Data_PromptReco_IonPhsyics0/260306_195006/0000/HiForestMiniAOD_410.root
Processing file 116 of 212: /eos/cms/store/group/phys_heavyions/hbossi/OOJetSubstructure/DataForests/IonPhysics0/OO_Data_PromptReco_IonPhsyics0/260306_195006/0000/HiForestMiniAOD_414.root
Processing file 117 of 212: /eos/cms/store/group/phys_heavyions/hbossi/OOJetSubstructure/DataForests/IonPhysics0/OO_Data_PromptReco_IonPhsyics0/260306_195006/0000/HiForestMiniAOD_425.root
Processing file 118 of 212: /eos/cms/store/group/phys_heavyions/hbossi/OOJetSubstructure/DataForests/IonPhysics0/OO_Data_PromptReco_IonPhsyics0/260306_195006/0000/HiForestMiniAOD_426.root
Processing file 119 of 212: /eos/cms/store/group/phys_heavyions/hbossi/OOJetSubstructure/DataForests/IonPhysics0/OO_Data_PromptReco_IonPhsyics0/260306_195006/0000/HiForestMiniAOD_427.root
Processing file 120 of 212: /eos/cms/store/group/phys_heavyions/hbossi/OOJetSubstructure/DataForests/IonPhysics0/OO_Data_PromptReco_IonPhsyics0/260306_195006/0000/HiForestMiniAOD_431.root
Processing file 121 of 212: /eos/cms/store/group/phys_heavyions/hbossi/OOJetSubstructure/DataForests/IonPhysics0/OO_Data_PromptReco_IonPhsyics0/260306_195006/0000/HiForestMiniAOD_432.root
Processing file 122 of 212: /eos/cms/store/group/phys_heavyions/hbossi/OOJetSubstructure/DataForests/IonPhysics0/OO_Data_PromptReco_IonPhsyics0/260306_195006/0000/HiForestMiniAOD_433.root
Processing file 123 of 212: /eos/cms/store/group/phys_heavyions/hbossi/OOJetSubstructure/DataForests/IonPhysics0/OO_Data_PromptReco_IonPhsyics0/260306_195006/0000/HiForestMiniAOD_435.root
Processing file 124 of 212: /eos/cms/store/group/phys_heavyions/hbossi/OOJetSubstructure/DataForests/IonPhysics0/OO_Data_PromptReco_IonPhsyics0/260306_195006/0000/HiForestMiniAOD_438.root
Processing file 125 of 212: /eos/cms/store/group/phys_heavyions/hbossi/OOJetSubstructure/DataForests/IonPhysics0/OO_Data_PromptReco_IonPhsyics0/260306_195006/0000/HiForestMiniAOD_439.root
Processing file 126 of 212: /eos/cms/store/group/phys_heavyions/hbossi/OOJetSubstructure/DataForests/IonPhysics0/OO_Data_PromptReco_IonPhsyics0/260306_195006/0000/HiForestMiniAOD_44.root
Processing file 127 of 212: /eos/cms/store/group/phys_heavyions/hbossi/OOJetSubstructure/DataForests/IonPhysics0/OO_Data_PromptReco_IonPhsyics0/260306_195006/0000/HiForestMiniAOD_440.root
Processing file 128 of 212: /eos/cms/store/group/phys_heavyions/hbossi/OOJetSubstructure/DataForests/IonPhysics0/OO_Data_PromptReco_IonPhsyics0/260306_195006/0000/HiForestMiniAOD_441.root
Processing file 129 of 212: /eos/cms/store/group/phys_heavyions/hbossi/OOJetSubstructure/DataForests/IonPhysics0/OO_Data_PromptReco_IonPhsyics0/260306_195006/0000/HiForestMiniAOD_442.root
Processing file 130 of 212: /eos/cms/store/group/phys_heavyions/hbossi/OOJetSubstructure/DataForests/IonPhysics0/OO_Data_PromptReco_IonPhsyics0/260306_195006/0000/HiForestMiniAOD_443.root
Processing file 131 of 212: /eos/cms/store/group/phys_heavyions/hbossi/OOJetSubstructure/DataForests/IonPhysics0/OO_Data_PromptReco_IonPhsyics0/260306_195006/0000/HiForestMiniAOD_444.root
Processing file 132 of 212: /eos/cms/store/group/phys_heavyions/hbossi/OOJetSubstructure/DataForests/IonPhysics0/OO_Data_PromptReco_IonPhsyics0/260306_195006/0000/HiForestMiniAOD_445.root
Processing file 133 of 212: /eos/cms/store/group/phys_heavyions/hbossi/OOJetSubstructure/DataForests/IonPhysics0/OO_Data_PromptReco_IonPhsyics0/260306_195006/0000/HiForestMiniAOD_448.root
Processing file 134 of 212: /eos/cms/store/group/phys_heavyions/hbossi/OOJetSubstructure/DataForests/IonPhysics0/OO_Data_PromptReco_IonPhsyics0/260306_195006/0000/HiForestMiniAOD_449.root
Processing file 135 of 212: /eos/cms/store/group/phys_heavyions/hbossi/OOJetSubstructure/DataForests/IonPhysics0/OO_Data_PromptReco_IonPhsyics0/260306_195006/0000/HiForestMiniAOD_450.root
Processing file 136 of 212: /eos/cms/store/group/phys_heavyions/hbossi/OOJetSubstructure/DataForests/IonPhysics0/OO_Data_PromptReco_IonPhsyics0/260306_195006/0000/HiForestMiniAOD_451.root
Processing file 137 of 212: /eos/cms/store/group/phys_heavyions/hbossi/OOJetSubstructure/DataForests/IonPhysics0/OO_Data_PromptReco_IonPhsyics0/260306_195006/0000/HiForestMiniAOD_457.root
Processing file 138 of 212: /eos/cms/store/group/phys_heavyions/hbossi/OOJetSubstructure/DataForests/IonPhysics0/OO_Data_PromptReco_IonPhsyics0/260306_195006/0000/HiForestMiniAOD_458.root
Processing file 139 of 212: /eos/cms/store/group/phys_heavyions/hbossi/OOJetSubstructure/DataForests/IonPhysics0/OO_Data_PromptReco_IonPhsyics0/260306_195006/0000/HiForestMiniAOD_459.root
Processing file 140 of 212: /eos/cms/store/group/phys_heavyions/hbossi/OOJetSubstructure/DataForests/IonPhysics0/OO_Data_PromptReco_IonPhsyics0/260306_195006/0000/HiForestMiniAOD_460.root
Processing file 141 of 212: /eos/cms/store/group/phys_heavyions/hbossi/OOJetSubstructure/DataForests/IonPhysics0/OO_Data_PromptReco_IonPhsyics0/260306_195006/0000/HiForestMiniAOD_466.root
Processing file 142 of 212: /eos/cms/store/group/phys_heavyions/hbossi/OOJetSubstructure/DataForests/IonPhysics0/OO_Data_PromptReco_IonPhsyics0/260306_195006/0000/HiForestMiniAOD_467.root
Processing file 143 of 212: /eos/cms/store/group/phys_heavyions/hbossi/OOJetSubstructure/DataForests/IonPhysics0/OO_Data_PromptReco_IonPhsyics0/260306_195006/0000/HiForestMiniAOD_470.root
Processing file 144 of 212: /eos/cms/store/group/phys_heavyions/hbossi/OOJetSubstructure/DataForests/IonPhysics0/OO_Data_PromptReco_IonPhsyics0/260306_195006/0000/HiForestMiniAOD_471.root
Processing file 145 of 212: /eos/cms/store/group/phys_heavyions/hbossi/OOJetSubstructure/DataForests/IonPhysics0/OO_Data_PromptReco_IonPhsyics0/260306_195006/0000/HiForestMiniAOD_472.root
Processing file 146 of 212: /eos/cms/store/group/phys_heavyions/hbossi/OOJetSubstructure/DataForests/IonPhysics0/OO_Data_PromptReco_IonPhsyics0/260306_195006/0000/HiForestMiniAOD_474.root
Processing file 147 of 212: /eos/cms/store/group/phys_heavyions/hbossi/OOJetSubstructure/DataForests/IonPhysics0/OO_Data_PromptReco_IonPhsyics0/260306_195006/0000/HiForestMiniAOD_480.root
Processing file 148 of 212: /eos/cms/store/group/phys_heavyions/hbossi/OOJetSubstructure/DataForests/IonPhysics0/OO_Data_PromptReco_IonPhsyics0/260306_195006/0000/HiForestMiniAOD_483.root
Processing file 149 of 212: /eos/cms/store/group/phys_heavyions/hbossi/OOJetSubstructure/DataForests/IonPhysics0/OO_Data_PromptReco_IonPhsyics0/260306_195006/0000/HiForestMiniAOD_486.root
Processing file 150 of 212: /eos/cms/store/group/phys_heavyions/hbossi/OOJetSubstructure/DataForests/IonPhysics0/OO_Data_PromptReco_IonPhsyics0/260306_195006/0000/HiForestMiniAOD_488.root
Processing file 151 of 212: /eos/cms/store/group/phys_heavyions/hbossi/OOJetSubstructure/DataForests/IonPhysics0/OO_Data_PromptReco_IonPhsyics0/260306_195006/0000/HiForestMiniAOD_489.root
Processing file 152 of 212: /eos/cms/store/group/phys_heavyions/hbossi/OOJetSubstructure/DataForests/IonPhysics0/OO_Data_PromptReco_IonPhsyics0/260306_195006/0000/HiForestMiniAOD_491.root
Processing file 153 of 212: /eos/cms/store/group/phys_heavyions/hbossi/OOJetSubstructure/DataForests/IonPhysics0/OO_Data_PromptReco_IonPhsyics0/260306_195006/0000/HiForestMiniAOD_492.root
Processing file 154 of 212: /eos/cms/store/group/phys_heavyions/hbossi/OOJetSubstructure/DataForests/IonPhysics0/OO_Data_PromptReco_IonPhsyics0/260306_195006/0000/HiForestMiniAOD_493.root
Processing file 155 of 212: /eos/cms/store/group/phys_heavyions/hbossi/OOJetSubstructure/DataForests/IonPhysics0/OO_Data_PromptReco_IonPhsyics0/260306_195006/0000/HiForestMiniAOD_496.root
Processing file 156 of 212: /eos/cms/store/group/phys_heavyions/hbossi/OOJetSubstructure/DataForests/IonPhysics0/OO_Data_PromptReco_IonPhsyics0/260306_195006/0000/HiForestMiniAOD_498.root
Processing file 157 of 212: /eos/cms/store/group/phys_heavyions/hbossi/OOJetSubstructure/DataForests/IonPhysics0/OO_Data_PromptReco_IonPhsyics0/260306_195006/0000/HiForestMiniAOD_499.root
Processing file 158 of 212: /eos/cms/store/group/phys_heavyions/hbossi/OOJetSubstructure/DataForests/IonPhysics0/OO_Data_PromptReco_IonPhsyics0/260306_195006/0000/HiForestMiniAOD_502.root
Processing file 159 of 212: /eos/cms/store/group/phys_heavyions/hbossi/OOJetSubstructure/DataForests/IonPhysics0/OO_Data_PromptReco_IonPhsyics0/260306_195006/0000/HiForestMiniAOD_504.root
Processing file 160 of 212: /eos/cms/store/group/phys_heavyions/hbossi/OOJetSubstructure/DataForests/IonPhysics0/OO_Data_PromptReco_IonPhsyics0/260306_195006/0000/HiForestMiniAOD_505.root
Processing file 161 of 212: /eos/cms/store/group/phys_heavyions/hbossi/OOJetSubstructure/DataForests/IonPhysics0/OO_Data_PromptReco_IonPhsyics0/260306_195006/0000/HiForestMiniAOD_506.root
Processing file 162 of 212: /eos/cms/store/group/phys_heavyions/hbossi/OOJetSubstructure/DataForests/IonPhysics0/OO_Data_PromptReco_IonPhsyics0/260306_195006/0000/HiForestMiniAOD_507.root
Processing file 163 of 212: /eos/cms/store/group/phys_heavyions/hbossi/OOJetSubstructure/DataForests/IonPhysics0/OO_Data_PromptReco_IonPhsyics0/260306_195006/0000/HiForestMiniAOD_508.root
Processing file 164 of 212: /eos/cms/store/group/phys_heavyions/hbossi/OOJetSubstructure/DataForests/IonPhysics0/OO_Data_PromptReco_IonPhsyics0/260306_195006/0000/HiForestMiniAOD_516.root
Processing file 165 of 212: /eos/cms/store/group/phys_heavyions/hbossi/OOJetSubstructure/DataForests/IonPhysics0/OO_Data_PromptReco_IonPhsyics0/260306_195006/0000/HiForestMiniAOD_517.root
Processing file 166 of 212: /eos/cms/store/group/phys_heavyions/hbossi/OOJetSubstructure/DataForests/IonPhysics0/OO_Data_PromptReco_IonPhsyics0/260306_195006/0000/HiForestMiniAOD_518.root
Processing file 167 of 212: /eos/cms/store/group/phys_heavyions/hbossi/OOJetSubstructure/DataForests/IonPhysics0/OO_Data_PromptReco_IonPhsyics0/260306_195006/0000/HiForestMiniAOD_519.root
Processing file 168 of 212: /eos/cms/store/group/phys_heavyions/hbossi/OOJetSubstructure/DataForests/IonPhysics0/OO_Data_PromptReco_IonPhsyics0/260306_195006/0000/HiForestMiniAOD_520.root
Processing file 169 of 212: /eos/cms/store/group/phys_heavyions/hbossi/OOJetSubstructure/DataForests/IonPhysics0/OO_Data_PromptReco_IonPhsyics0/260306_195006/0000/HiForestMiniAOD_523.root
Processing file 170 of 212: /eos/cms/store/group/phys_heavyions/hbossi/OOJetSubstructure/DataForests/IonPhysics0/OO_Data_PromptReco_IonPhsyics0/260306_195006/0000/HiForestMiniAOD_526.root
Processing file 171 of 212: /eos/cms/store/group/phys_heavyions/hbossi/OOJetSubstructure/DataForests/IonPhysics0/OO_Data_PromptReco_IonPhsyics0/260306_195006/0000/HiForestMiniAOD_528.root
Processing file 172 of 212: /eos/cms/store/group/phys_heavyions/hbossi/OOJetSubstructure/DataForests/IonPhysics0/OO_Data_PromptReco_IonPhsyics0/260306_195006/0000/HiForestMiniAOD_529.root
Processing file 173 of 212: /eos/cms/store/group/phys_heavyions/hbossi/OOJetSubstructure/DataForests/IonPhysics0/OO_Data_PromptReco_IonPhsyics0/260306_195006/0000/HiForestMiniAOD_530.root
Processing file 174 of 212: /eos/cms/store/group/phys_heavyions/hbossi/OOJetSubstructure/DataForests/IonPhysics0/OO_Data_PromptReco_IonPhsyics0/260306_195006/0000/HiForestMiniAOD_532.root
Processing file 175 of 212: /eos/cms/store/group/phys_heavyions/hbossi/OOJetSubstructure/DataForests/IonPhysics0/OO_Data_PromptReco_IonPhsyics0/260306_195006/0000/HiForestMiniAOD_535.root
Processing file 176 of 212: /eos/cms/store/group/phys_heavyions/hbossi/OOJetSubstructure/DataForests/IonPhysics0/OO_Data_PromptReco_IonPhsyics0/260306_195006/0000/HiForestMiniAOD_538.root
Processing file 177 of 212: /eos/cms/store/group/phys_heavyions/hbossi/OOJetSubstructure/DataForests/IonPhysics0/OO_Data_PromptReco_IonPhsyics0/260306_195006/0000/HiForestMiniAOD_539.root
Processing file 178 of 212: /eos/cms/store/group/phys_heavyions/hbossi/OOJetSubstructure/DataForests/IonPhysics0/OO_Data_PromptReco_IonPhsyics0/260306_195006/0000/HiForestMiniAOD_542.root
Processing file 179 of 212: /eos/cms/store/group/phys_heavyions/hbossi/OOJetSubstructure/DataForests/IonPhysics0/OO_Data_PromptReco_IonPhsyics0/260306_195006/0000/HiForestMiniAOD_545.root
Processing file 180 of 212: /eos/cms/store/group/phys_heavyions/hbossi/OOJetSubstructure/DataForests/IonPhysics0/OO_Data_PromptReco_IonPhsyics0/260306_195006/0000/HiForestMiniAOD_547.root
Processing file 181 of 212: /eos/cms/store/group/phys_heavyions/hbossi/OOJetSubstructure/DataForests/IonPhysics0/OO_Data_PromptReco_IonPhsyics0/260306_195006/0000/HiForestMiniAOD_55.root
Processing file 182 of 212: /eos/cms/store/group/phys_heavyions/hbossi/OOJetSubstructure/DataForests/IonPhysics0/OO_Data_PromptReco_IonPhsyics0/260306_195006/0000/HiForestMiniAOD_550.root
Processing file 183 of 212: /eos/cms/store/group/phys_heavyions/hbossi/OOJetSubstructure/DataForests/IonPhysics0/OO_Data_PromptReco_IonPhsyics0/260306_195006/0000/HiForestMiniAOD_551.root
Processing file 184 of 212: /eos/cms/store/group/phys_heavyions/hbossi/OOJetSubstructure/DataForests/IonPhysics0/OO_Data_PromptReco_IonPhsyics0/260306_195006/0000/HiForestMiniAOD_552.root
Processing file 185 of 212: /eos/cms/store/group/phys_heavyions/hbossi/OOJetSubstructure/DataForests/IonPhysics0/OO_Data_PromptReco_IonPhsyics0/260306_195006/0000/HiForestMiniAOD_554.root
Processing file 186 of 212: /eos/cms/store/group/phys_heavyions/hbossi/OOJetSubstructure/DataForests/IonPhysics0/OO_Data_PromptReco_IonPhsyics0/260306_195006/0000/HiForestMiniAOD_558.root
Processing file 187 of 212: /eos/cms/store/group/phys_heavyions/hbossi/OOJetSubstructure/DataForests/IonPhysics0/OO_Data_PromptReco_IonPhsyics0/260306_195006/0000/HiForestMiniAOD_561.root
Processing file 188 of 212: /eos/cms/store/group/phys_heavyions/hbossi/OOJetSubstructure/DataForests/IonPhysics0/OO_Data_PromptReco_IonPhsyics0/260306_195006/0000/HiForestMiniAOD_562.root
Processing file 189 of 212: /eos/cms/store/group/phys_heavyions/hbossi/OOJetSubstructure/DataForests/IonPhysics0/OO_Data_PromptReco_IonPhsyics0/260306_195006/0000/HiForestMiniAOD_567.root
Processing file 190 of 212: /eos/cms/store/group/phys_heavyions/hbossi/OOJetSubstructure/DataForests/IonPhysics0/OO_Data_PromptReco_IonPhsyics0/260306_195006/0000/HiForestMiniAOD_568.root
Processing file 191 of 212: /eos/cms/store/group/phys_heavyions/hbossi/OOJetSubstructure/DataForests/IonPhysics0/OO_Data_PromptReco_IonPhsyics0/260306_195006/0000/HiForestMiniAOD_572.root
Processing file 192 of 212: /eos/cms/store/group/phys_heavyions/hbossi/OOJetSubstructure/DataForests/IonPhysics0/OO_Data_PromptReco_IonPhsyics0/260306_195006/0000/HiForestMiniAOD_575.root
Processing file 193 of 212: /eos/cms/store/group/phys_heavyions/hbossi/OOJetSubstructure/DataForests/IonPhysics0/OO_Data_PromptReco_IonPhsyics0/260306_195006/0000/HiForestMiniAOD_577.root
Processing file 194 of 212: /eos/cms/store/group/phys_heavyions/hbossi/OOJetSubstructure/DataForests/IonPhysics0/OO_Data_PromptReco_IonPhsyics0/260306_195006/0000/HiForestMiniAOD_578.root
Processing file 195 of 212: /eos/cms/store/group/phys_heavyions/hbossi/OOJetSubstructure/DataForests/IonPhysics0/OO_Data_PromptReco_IonPhsyics0/260306_195006/0000/HiForestMiniAOD_580.root
Processing file 196 of 212: /eos/cms/store/group/phys_heavyions/hbossi/OOJetSubstructure/DataForests/IonPhysics0/OO_Data_PromptReco_IonPhsyics0/260306_195006/0000/HiForestMiniAOD_581.root
Processing file 197 of 212: /eos/cms/store/group/phys_heavyions/hbossi/OOJetSubstructure/DataForests/IonPhysics0/OO_Data_PromptReco_IonPhsyics0/260306_195006/0000/HiForestMiniAOD_583.root
Processing file 198 of 212: /eos/cms/store/group/phys_heavyions/hbossi/OOJetSubstructure/DataForests/IonPhysics0/OO_Data_PromptReco_IonPhsyics0/260306_195006/0000/HiForestMiniAOD_584.root
Processing file 199 of 212: /eos/cms/store/group/phys_heavyions/hbossi/OOJetSubstructure/DataForests/IonPhysics0/OO_Data_PromptReco_IonPhsyics0/260306_195006/0000/HiForestMiniAOD_587.root
Processing file 200 of 212: /eos/cms/store/group/phys_heavyions/hbossi/OOJetSubstructure/DataForests/IonPhysics0/OO_Data_PromptReco_IonPhsyics0/260306_195006/0000/HiForestMiniAOD_588.root
Processing file 201 of 212: /eos/cms/store/group/phys_heavyions/hbossi/OOJetSubstructure/DataForests/IonPhysics0/OO_Data_PromptReco_IonPhsyics0/260306_195006/0000/HiForestMiniAOD_589.root
Processing file 202 of 212: /eos/cms/store/group/phys_heavyions/hbossi/OOJetSubstructure/DataForests/IonPhysics0/OO_Data_PromptReco_IonPhsyics0/260306_195006/0000/HiForestMiniAOD_591.root
Processing file 203 of 212: /eos/cms/store/group/phys_heavyions/hbossi/OOJetSubstructure/DataForests/IonPhysics0/OO_Data_PromptReco_IonPhsyics0/260306_195006/0000/HiForestMiniAOD_593.root
Processing file 204 of 212: /eos/cms/store/group/phys_heavyions/hbossi/OOJetSubstructure/DataForests/IonPhysics0/OO_Data_PromptReco_IonPhsyics0/260306_195006/0000/HiForestMiniAOD_595.root
Processing file 205 of 212: /eos/cms/store/group/phys_heavyions/hbossi/OOJetSubstructure/DataForests/IonPhysics0/OO_Data_PromptReco_IonPhsyics0/260306_195006/0000/HiForestMiniAOD_598.root
Processing file 206 of 212: /eos/cms/store/group/phys_heavyions/hbossi/OOJetSubstructure/DataForests/IonPhysics0/OO_Data_PromptReco_IonPhsyics0/260306_195006/0000/HiForestMiniAOD_600.root
Processing file 207 of 212: /eos/cms/store/group/phys_heavyions/hbossi/OOJetSubstructure/DataForests/IonPhysics0/OO_Data_PromptReco_IonPhsyics0/260306_195006/0000/HiForestMiniAOD_602.root
Processing file 208 of 212: /eos/cms/store/group/phys_heavyions/hbossi/OOJetSubstructure/DataForests/IonPhysics0/OO_Data_PromptReco_IonPhsyics0/260306_195006/0000/HiForestMiniAOD_604.root
Processing file 209 of 212: /eos/cms/store/group/phys_heavyions/hbossi/OOJetSubstructure/DataForests/IonPhysics0/OO_Data_PromptReco_IonPhsyics0/260306_195006/0000/HiForestMiniAOD_605.root
Processing file 210 of 212: /eos/cms/store/group/phys_heavyions/hbossi/OOJetSubstructure/DataForests/IonPhysics0/OO_Data_PromptReco_IonPhsyics0/260306_195006/0000/HiForestMiniAOD_606.root
Processing file 211 of 212: /eos/cms/store/group/phys_heavyions/hbossi/OOJetSubstructure/DataForests/IonPhysics0/OO_Data_PromptReco_IonPhsyics0/260306_195006/0000/HiForestMiniAOD_607.root
Processing file 212 of 212: /eos/cms/store/group/phys_heavyions/hbossi/OOJetSubstructure/DataForests/IonPhysics0/OO_Data_PromptReco_IonPhsyics0/260306_195006/0000/HiForestMiniAOD_93.root
Number of entries: 93407205

Starting processing...

Processing entry 0 out of 93407205; 0%
Number of Jets in this event: 0
Total jets processed so far: 0
Time elapsed: 0 seconds
Current memory usage: 380.512 MB (+0 MB from start)


Processing entry 100000 out of 93407205; 0.107058%
Number of Jets in this event: 2
Total jets processed so far: 67494
Time elapsed: 2 seconds
Current memory usage: 380.539 MB (+0.0273438 MB from start)


Processing entry 200000 out of 93407205; 0.214116%
Number of Jets in this event: 2
Total jets processed so far: 136574
Time elapsed: 3 seconds
Current memory usage: 382.117 MB (+1.60547 MB from start)


Processing entry 300000 out of 93407205; 0.321174%
Number of Jets in this event: 1
Total jets processed so far: 205378
Time elapsed: 5 seconds
Current memory usage: 382.344 MB (+1.83203 MB from start)


Processing entry 400000 out of 93407205; 0.428232%
Number of Jets in this event: 0
Total jets processed so far: 272964
Time elapsed: 11 seconds
Current memory usage: 382.586 MB (+2.07422 MB from start)


Processing entry 500000 out of 93407205; 0.535291%
Number of Jets in this event: 0
Total jets processed so far: 338930
Time elapsed: 21 seconds
Current memory usage: 385.551 MB (+5.03906 MB from start)


Processing entry 600000 out of 93407205; 0.642349%
Number of Jets in this event: 0
Total jets processed so far: 402072
Time elapsed: 32 seconds
Current memory usage: 385.691 MB (+5.17969 MB from start)


Processing entry 700000 out of 93407205; 0.749407%
Number of Jets in this event: 0
Total jets processed so far: 463593
Time elapsed: 40 seconds
Current memory usage: 385.691 MB (+5.17969 MB from start)


Processing entry 800000 out of 93407205; 0.856465%
Number of Jets in this event: 8
Total jets processed so far: 530488
Time elapsed: 49 seconds
Current memory usage: 385.691 MB (+5.17969 MB from start)


Processing entry 900000 out of 93407205; 0.963523%
Number of Jets in this event: 9
Total jets processed so far: 606158
Time elapsed: 57 seconds
Current memory usage: 387.625 MB (+7.11328 MB from start)


Processing entry 1000000 out of 93407205; 1.07058%
Number of Jets in this event: 1
Total jets processed so far: 679707
Time elapsed: 64 seconds
Current memory usage: 387.691 MB (+7.17969 MB from start)


Processing entry 1100000 out of 93407205; 1.17764%
Number of Jets in this event: 0
Total jets processed so far: 752430
Time elapsed: 71 seconds
Current memory usage: 387.691 MB (+7.17969 MB from start)


Processing entry 1200000 out of 93407205; 1.2847%
Number of Jets in this event: 0
Total jets processed so far: 824556
Time elapsed: 79 seconds
Current memory usage: 387.797 MB (+7.28516 MB from start)


Processing entry 1300000 out of 93407205; 1.39176%
Number of Jets in this event: 0
Total jets processed so far: 893908
Time elapsed: 91 seconds
Current memory usage: 387.832 MB (+7.32031 MB from start)


Processing entry 1400000 out of 93407205; 1.49881%
Number of Jets in this event: 0
Total jets processed so far: 962450
Time elapsed: 98 seconds
Current memory usage: 387.832 MB (+7.32031 MB from start)


Processing entry 1500000 out of 93407205; 1.60587%
Number of Jets in this event: 0
Total jets processed so far: 1031145
Time elapsed: 104 seconds
Current memory usage: 387.832 MB (+7.32031 MB from start)


Processing entry 1600000 out of 93407205; 1.71293%
Number of Jets in this event: 0
Total jets processed so far: 1094191
Time elapsed: 110 seconds
Current memory usage: 387.832 MB (+7.32031 MB from start)


Processing entry 1700000 out of 93407205; 1.81999%
Number of Jets in this event: 0
Total jets processed so far: 1153412
Time elapsed: 117 seconds
Current memory usage: 390.41 MB (+9.89844 MB from start)


Processing entry 1800000 out of 93407205; 1.92705%
Number of Jets in this event: 1
Total jets processed so far: 1212362
Time elapsed: 141 seconds
Current memory usage: 390.41 MB (+9.89844 MB from start)


Processing entry 1900000 out of 93407205; 2.0341%
Number of Jets in this event: 6
Total jets processed so far: 1282853
Time elapsed: 150 seconds
Current memory usage: 390.41 MB (+9.89844 MB from start)


Processing entry 2000000 out of 93407205; 2.14116%
Number of Jets in this event: 0
Total jets processed so far: 1351875
Time elapsed: 163 seconds
Current memory usage: 390.41 MB (+9.89844 MB from start)


Processing entry 2100000 out of 93407205; 2.24822%
Number of Jets in this event: 2
Total jets processed so far: 1419539
Time elapsed: 176 seconds
Current memory usage: 390.543 MB (+10.0312 MB from start)


Processing entry 2200000 out of 93407205; 2.35528%
Number of Jets in this event: 0
Total jets processed so far: 1486628
Time elapsed: 188 seconds
Current memory usage: 390.543 MB (+10.0312 MB from start)


Processing entry 2300000 out of 93407205; 2.46234%
Number of Jets in this event: 0
Total jets processed so far: 1555922
Time elapsed: 196 seconds
Current memory usage: 390.543 MB (+10.0312 MB from start)


Processing entry 2400000 out of 93407205; 2.56939%
Number of Jets in this event: 2
Total jets processed so far: 1625202
Time elapsed: 215 seconds
Current memory usage: 390.543 MB (+10.0312 MB from start)


Processing entry 2500000 out of 93407205; 2.67645%
Number of Jets in this event: 4
Total jets processed so far: 1683009
Time elapsed: 223 seconds
Current memory usage: 390.543 MB (+10.0312 MB from start)


Processing entry 2600000 out of 93407205; 2.78351%
Number of Jets in this event: 0
Total jets processed so far: 1749771
Time elapsed: 230 seconds
Current memory usage: 390.543 MB (+10.0312 MB from start)


Processing entry 2700000 out of 93407205; 2.89057%
Number of Jets in this event: 0
Total jets processed so far: 1816073
Time elapsed: 237 seconds
Current memory usage: 390.543 MB (+10.0312 MB from start)


Processing entry 2800000 out of 93407205; 2.99763%
Number of Jets in this event: 0
Total jets processed so far: 1879113
Time elapsed: 243 seconds
Current memory usage: 390.543 MB (+10.0312 MB from start)


Processing entry 2900000 out of 93407205; 3.10469%
Number of Jets in this event: 0
Total jets processed so far: 1947488
Time elapsed: 250 seconds
Current memory usage: 390.543 MB (+10.0312 MB from start)


Processing entry 3000000 out of 93407205; 3.21174%
Number of Jets in this event: 0
Total jets processed so far: 2012967
Time elapsed: 257 seconds
Current memory usage: 390.543 MB (+10.0312 MB from start)


Processing entry 3100000 out of 93407205; 3.3188%
Number of Jets in this event: 0
Total jets processed so far: 2074326
Time elapsed: 264 seconds
Current memory usage: 390.543 MB (+10.0312 MB from start)


Processing entry 3200000 out of 93407205; 3.42586%
Number of Jets in this event: 0
Total jets processed so far: 2130529
Time elapsed: 270 seconds
Current memory usage: 390.543 MB (+10.0312 MB from start)


Processing entry 3300000 out of 93407205; 3.53292%
Number of Jets in this event: 0
Total jets processed so far: 2190296
Time elapsed: 277 seconds
Current memory usage: 390.543 MB (+10.0312 MB from start)


Processing entry 3400000 out of 93407205; 3.63998%
Number of Jets in this event: 0
Total jets processed so far: 2245307
Time elapsed: 285 seconds
Current memory usage: 390.543 MB (+10.0312 MB from start)


Processing entry 3500000 out of 93407205; 3.74703%
Number of Jets in this event: 0
Total jets processed so far: 2305212
Time elapsed: 293 seconds
Current memory usage: 390.543 MB (+10.0312 MB from start)


Processing entry 3600000 out of 93407205; 3.85409%
Number of Jets in this event: 0
Total jets processed so far: 2366370
Time elapsed: 301 seconds
Current memory usage: 390.543 MB (+10.0312 MB from start)


Processing entry 3700000 out of 93407205; 3.96115%
Number of Jets in this event: 0
Total jets processed so far: 2426571
Time elapsed: 309 seconds
Current memory usage: 390.543 MB (+10.0312 MB from start)


Processing entry 3800000 out of 93407205; 4.06821%
Number of Jets in this event: 3
Total jets processed so far: 2486196
Time elapsed: 316 seconds
Current memory usage: 390.543 MB (+10.0312 MB from start)


Processing entry 3900000 out of 93407205; 4.17527%
Number of Jets in this event: 0
Total jets processed so far: 2543040
Time elapsed: 327 seconds
Current memory usage: 390.543 MB (+10.0312 MB from start)


Processing entry 4000000 out of 93407205; 4.28232%
Number of Jets in this event: 0
Total jets processed so far: 2600054
Time elapsed: 345 seconds
Current memory usage: 390.543 MB (+10.0312 MB from start)


Processing entry 4100000 out of 93407205; 4.38938%
Number of Jets in this event: 0
Total jets processed so far: 2653298
Time elapsed: 349 seconds
Current memory usage: 390.543 MB (+10.0312 MB from start)


Processing entry 4200000 out of 93407205; 4.49644%
Number of Jets in this event: 0
Total jets processed so far: 2701757
Time elapsed: 356 seconds
Current memory usage: 390.543 MB (+10.0312 MB from start)


Processing entry 4300000 out of 93407205; 4.6035%
Number of Jets in this event: 0
Total jets processed so far: 2751190
Time elapsed: 369 seconds
Current memory usage: 390.543 MB (+10.0312 MB from start)


Processing entry 4400000 out of 93407205; 4.71056%
Number of Jets in this event: 0
Total jets processed so far: 2806281
Time elapsed: 376 seconds
Current memory usage: 390.543 MB (+10.0312 MB from start)


Processing entry 4500000 out of 93407205; 4.81762%
Number of Jets in this event: 1
Total jets processed so far: 2860182
Time elapsed: 383 seconds
Current memory usage: 390.543 MB (+10.0312 MB from start)


Processing entry 4600000 out of 93407205; 4.92467%
Number of Jets in this event: 0
Total jets processed so far: 2913871
Time elapsed: 391 seconds
Current memory usage: 390.543 MB (+10.0312 MB from start)


Processing entry 4700000 out of 93407205; 5.03173%
Number of Jets in this event: 1
Total jets processed so far: 2968551
Time elapsed: 396 seconds
Current memory usage: 390.543 MB (+10.0312 MB from start)


Processing entry 4800000 out of 93407205; 5.13879%
Number of Jets in this event: 0
Total jets processed so far: 3023041
Time elapsed: 405 seconds
Current memory usage: 390.543 MB (+10.0312 MB from start)


Processing entry 4900000 out of 93407205; 5.24585%
Number of Jets in this event: 0
Total jets processed so far: 3076990
Time elapsed: 412 seconds
Current memory usage: 390.543 MB (+10.0312 MB from start)


Processing entry 5000000 out of 93407205; 5.35291%
Number of Jets in this event: 0
Total jets processed so far: 3128688
Time elapsed: 419 seconds
Current memory usage: 390.543 MB (+10.0312 MB from start)


Processing entry 5100000 out of 93407205; 5.45996%
Number of Jets in this event: 0
Total jets processed so far: 3182254
Time elapsed: 427 seconds
Current memory usage: 390.543 MB (+10.0312 MB from start)


Processing entry 5200000 out of 93407205; 5.56702%
Number of Jets in this event: 0
Total jets processed so far: 3232690
Time elapsed: 434 seconds
Current memory usage: 390.543 MB (+10.0312 MB from start)


Processing entry 5300000 out of 93407205; 5.67408%
Number of Jets in this event: 0
Total jets processed so far: 3283849
Time elapsed: 440 seconds
Current memory usage: 390.543 MB (+10.0312 MB from start)


Processing entry 5400000 out of 93407205; 5.78114%
Number of Jets in this event: 0
Total jets processed so far: 3331457
Time elapsed: 445 seconds
Current memory usage: 390.543 MB (+10.0312 MB from start)


Processing entry 5500000 out of 93407205; 5.8882%
Number of Jets in this event: 0
Total jets processed so far: 3375751
Time elapsed: 451 seconds
Current memory usage: 390.543 MB (+10.0312 MB from start)


Processing entry 5600000 out of 93407205; 5.99525%
Number of Jets in this event: 0
Total jets processed so far: 3421989
Time elapsed: 456 seconds
Current memory usage: 390.543 MB (+10.0312 MB from start)


Processing entry 5700000 out of 93407205; 6.10231%
Number of Jets in this event: 0
Total jets processed so far: 3469357
Time elapsed: 465 seconds
Current memory usage: 390.543 MB (+10.0312 MB from start)


Processing entry 5800000 out of 93407205; 6.20937%
Number of Jets in this event: 0
Total jets processed so far: 3520716
Time elapsed: 471 seconds
Current memory usage: 390.543 MB (+10.0312 MB from start)


Processing entry 5900000 out of 93407205; 6.31643%
Number of Jets in this event: 0
Total jets processed so far: 3571903
Time elapsed: 482 seconds
Current memory usage: 390.543 MB (+10.0312 MB from start)


Processing entry 6000000 out of 93407205; 6.42349%
Number of Jets in this event: 0
Total jets processed so far: 3623475
Time elapsed: 488 seconds
Current memory usage: 390.543 MB (+10.0312 MB from start)


Processing entry 6100000 out of 93407205; 6.53054%
Number of Jets in this event: 0
Total jets processed so far: 3673251
Time elapsed: 495 seconds
Current memory usage: 390.543 MB (+10.0312 MB from start)


Processing entry 6200000 out of 93407205; 6.6376%
Number of Jets in this event: 0
Total jets processed so far: 3720958
Time elapsed: 501 seconds
Current memory usage: 390.543 MB (+10.0312 MB from start)


Processing entry 6300000 out of 93407205; 6.74466%
Number of Jets in this event: 0
Total jets processed so far: 3768915
Time elapsed: 506 seconds
Current memory usage: 390.543 MB (+10.0312 MB from start)


Processing entry 6400000 out of 93407205; 6.85172%
Number of Jets in this event: 0
Total jets processed so far: 3817053
Time elapsed: 513 seconds
Current memory usage: 390.543 MB (+10.0312 MB from start)


Processing entry 6500000 out of 93407205; 6.95878%
Number of Jets in this event: 7
Total jets processed so far: 3862706
Time elapsed: 518 seconds
Current memory usage: 390.543 MB (+10.0312 MB from start)


Processing entry 6600000 out of 93407205; 7.06584%
Number of Jets in this event: 0
Total jets processed so far: 3910796
Time elapsed: 527 seconds
Current memory usage: 390.543 MB (+10.0312 MB from start)


Processing entry 6700000 out of 93407205; 7.17289%
Number of Jets in this event: 0
Total jets processed so far: 3954974
Time elapsed: 532 seconds
Current memory usage: 390.543 MB (+10.0312 MB from start)


Processing entry 6800000 out of 93407205; 7.27995%
Number of Jets in this event: 0
Total jets processed so far: 3999440
Time elapsed: 538 seconds
Current memory usage: 390.543 MB (+10.0312 MB from start)


Processing entry 6900000 out of 93407205; 7.38701%
Number of Jets in this event: 0
Total jets processed so far: 4047528
Time elapsed: 544 seconds
Current memory usage: 390.543 MB (+10.0312 MB from start)


Processing entry 7000000 out of 93407205; 7.49407%
Number of Jets in this event: 0
Total jets processed so far: 4094129
Time elapsed: 551 seconds
Current memory usage: 390.543 MB (+10.0312 MB from start)


Processing entry 7100000 out of 93407205; 7.60113%
Number of Jets in this event: 4
Total jets processed so far: 4140793
Time elapsed: 558 seconds
Current memory usage: 390.543 MB (+10.0312 MB from start)


Processing entry 7200000 out of 93407205; 7.70818%
Number of Jets in this event: 0
Total jets processed so far: 4187283
Time elapsed: 563 seconds
Current memory usage: 390.543 MB (+10.0312 MB from start)


Processing entry 7300000 out of 93407205; 7.81524%
Number of Jets in this event: 0
Total jets processed so far: 4234486
Time elapsed: 569 seconds
Current memory usage: 390.543 MB (+10.0312 MB from start)


Processing entry 7400000 out of 93407205; 7.9223%
Number of Jets in this event: 0
Total jets processed so far: 4279149
Time elapsed: 575 seconds
Current memory usage: 390.543 MB (+10.0312 MB from start)


Processing entry 7500000 out of 93407205; 8.02936%
Number of Jets in this event: 0
Total jets processed so far: 4326526
Time elapsed: 582 seconds
Current memory usage: 390.543 MB (+10.0312 MB from start)


Processing entry 7600000 out of 93407205; 8.13642%
Number of Jets in this event: 0
Total jets processed so far: 4372147
Time elapsed: 588 seconds
Current memory usage: 390.543 MB (+10.0312 MB from start)


Processing entry 7700000 out of 93407205; 8.24347%
Number of Jets in this event: 0
Total jets processed so far: 4416284
Time elapsed: 593 seconds
Current memory usage: 390.543 MB (+10.0312 MB from start)


Processing entry 7800000 out of 93407205; 8.35053%
Number of Jets in this event: 0
Total jets processed so far: 4462808
Time elapsed: 599 seconds
Current memory usage: 390.543 MB (+10.0312 MB from start)


Processing entry 7900000 out of 93407205; 8.45759%
Number of Jets in this event: 0
Total jets processed so far: 4510679
Time elapsed: 606 seconds
Current memory usage: 390.543 MB (+10.0312 MB from start)


Processing entry 8000000 out of 93407205; 8.56465%
Number of Jets in this event: 0
Total jets processed so far: 4558313
Time elapsed: 613 seconds
Current memory usage: 390.543 MB (+10.0312 MB from start)


Processing entry 8100000 out of 93407205; 8.67171%
Number of Jets in this event: 0
Total jets processed so far: 4605186
Time elapsed: 618 seconds
Current memory usage: 390.543 MB (+10.0312 MB from start)


Processing entry 8200000 out of 93407205; 8.77877%
Number of Jets in this event: 0
Total jets processed so far: 4653149
Time elapsed: 624 seconds
Current memory usage: 390.543 MB (+10.0312 MB from start)


Processing entry 8300000 out of 93407205; 8.88582%
Number of Jets in this event: 0
Total jets processed so far: 4698289
Time elapsed: 631 seconds
Current memory usage: 390.543 MB (+10.0312 MB from start)


Processing entry 8400000 out of 93407205; 8.99288%
Number of Jets in this event: 0
Total jets processed so far: 4745301
Time elapsed: 639 seconds
Current memory usage: 390.543 MB (+10.0312 MB from start)


Processing entry 8500000 out of 93407205; 9.09994%
Number of Jets in this event: 1
Total jets processed so far: 4791018
Time elapsed: 646 seconds
Current memory usage: 390.543 MB (+10.0312 MB from start)


Processing entry 8600000 out of 93407205; 9.207%
Number of Jets in this event: 0
Total jets processed so far: 4836066
Time elapsed: 653 seconds
Current memory usage: 390.543 MB (+10.0312 MB from start)


Processing entry 8700000 out of 93407205; 9.31406%
Number of Jets in this event: 5
Total jets processed so far: 4877795
Time elapsed: 660 seconds
Current memory usage: 390.543 MB (+10.0312 MB from start)


Processing entry 8800000 out of 93407205; 9.42111%
Number of Jets in this event: 0
Total jets processed so far: 4921612
Time elapsed: 673 seconds
Current memory usage: 390.543 MB (+10.0312 MB from start)


Processing entry 8900000 out of 93407205; 9.52817%
Number of Jets in this event: 0
Total jets processed so far: 4966269
Time elapsed: 688 seconds
Current memory usage: 390.543 MB (+10.0312 MB from start)


Processing entry 9000000 out of 93407205; 9.63523%
Number of Jets in this event: 0
Total jets processed so far: 5010621
Time elapsed: 697 seconds
Current memory usage: 390.543 MB (+10.0312 MB from start)


Processing entry 9100000 out of 93407205; 9.74229%
Number of Jets in this event: 0
Total jets processed so far: 5055235
Time elapsed: 705 seconds
Current memory usage: 390.543 MB (+10.0312 MB from start)


Processing entry 9200000 out of 93407205; 9.84935%
Number of Jets in this event: 0
Total jets processed so far: 5099987
Time elapsed: 721 seconds
Current memory usage: 390.543 MB (+10.0312 MB from start)


Processing entry 9300000 out of 93407205; 9.95641%
Number of Jets in this event: 0
Total jets processed so far: 5143864
Time elapsed: 758 seconds
Current memory usage: 390.543 MB (+10.0312 MB from start)


Processing entry 9400000 out of 93407205; 10.0635%
Number of Jets in this event: 0
Total jets processed so far: 5187967
Time elapsed: 765 seconds
Current memory usage: 390.543 MB (+10.0312 MB from start)


Processing entry 9500000 out of 93407205; 10.1705%
Number of Jets in this event: 2
Total jets processed so far: 5231909
Time elapsed: 773 seconds
Current memory usage: 390.543 MB (+10.0312 MB from start)


Processing entry 9600000 out of 93407205; 10.2776%
Number of Jets in this event: 0
Total jets processed so far: 5276220
Time elapsed: 780 seconds
Current memory usage: 390.543 MB (+10.0312 MB from start)


Processing entry 9700000 out of 93407205; 10.3846%
Number of Jets in this event: 2
Total jets processed so far: 5320293
Time elapsed: 787 seconds
Current memory usage: 390.543 MB (+10.0312 MB from start)


Processing entry 9800000 out of 93407205; 10.4917%
Number of Jets in this event: 0
Total jets processed so far: 5364486
Time elapsed: 795 seconds
Current memory usage: 390.543 MB (+10.0312 MB from start)


Processing entry 9900000 out of 93407205; 10.5988%
Number of Jets in this event: 0
Total jets processed so far: 5407777
Time elapsed: 802 seconds
Current memory usage: 390.543 MB (+10.0312 MB from start)


Processing entry 10000000 out of 93407205; 10.7058%
Number of Jets in this event: 0
Total jets processed so far: 5451938
Time elapsed: 810 seconds
Current memory usage: 390.543 MB (+10.0312 MB from start)


Processing entry 10100000 out of 93407205; 10.8129%
Number of Jets in this event: 0
Total jets processed so far: 5493764
Time elapsed: 819 seconds
Current memory usage: 392.82 MB (+12.3086 MB from start)


Processing entry 10200000 out of 93407205; 10.9199%
Number of Jets in this event: 0
Total jets processed so far: 5535154
Time elapsed: 823 seconds
Current memory usage: 392.82 MB (+12.3086 MB from start)


Processing entry 10300000 out of 93407205; 11.027%
Number of Jets in this event: 3
Total jets processed so far: 5577081
Time elapsed: 828 seconds
Current memory usage: 392.82 MB (+12.3086 MB from start)


Processing entry 10400000 out of 93407205; 11.134%
Number of Jets in this event: 0
Total jets processed so far: 5619533
Time elapsed: 833 seconds
Current memory usage: 392.82 MB (+12.3086 MB from start)


Processing entry 10500000 out of 93407205; 11.2411%
Number of Jets in this event: 0
Total jets processed so far: 5661225
Time elapsed: 838 seconds
Current memory usage: 392.82 MB (+12.3086 MB from start)


Processing entry 10600000 out of 93407205; 11.3482%
Number of Jets in this event: 0
Total jets processed so far: 5701957
Time elapsed: 845 seconds
Current memory usage: 392.82 MB (+12.3086 MB from start)


Processing entry 10700000 out of 93407205; 11.4552%
Number of Jets in this event: 0
Total jets processed so far: 5743025
Time elapsed: 850 seconds
Current memory usage: 392.82 MB (+12.3086 MB from start)


Processing entry 10800000 out of 93407205; 11.5623%
Number of Jets in this event: 3
Total jets processed so far: 5785169
Time elapsed: 855 seconds
Current memory usage: 392.82 MB (+12.3086 MB from start)


Processing entry 10900000 out of 93407205; 11.6693%
Number of Jets in this event: 1
Total jets processed so far: 5826574
Time elapsed: 860 seconds
Current memory usage: 392.82 MB (+12.3086 MB from start)


Processing entry 11000000 out of 93407205; 11.7764%
Number of Jets in this event: 1
Total jets processed so far: 5868831
Time elapsed: 867 seconds
Current memory usage: 392.82 MB (+12.3086 MB from start)


Processing entry 11100000 out of 93407205; 11.8835%
Number of Jets in this event: 0
Total jets processed so far: 5910315
Time elapsed: 873 seconds
Current memory usage: 392.82 MB (+12.3086 MB from start)


Processing entry 11200000 out of 93407205; 11.9905%
Number of Jets in this event: 5
Total jets processed so far: 5952333
Time elapsed: 880 seconds
Current memory usage: 392.82 MB (+12.3086 MB from start)


Processing entry 11300000 out of 93407205; 12.0976%
Number of Jets in this event: 0
Total jets processed so far: 5994062
Time elapsed: 887 seconds
Current memory usage: 392.82 MB (+12.3086 MB from start)


Processing entry 11400000 out of 93407205; 12.2046%
Number of Jets in this event: 0
Total jets processed so far: 6035732
Time elapsed: 894 seconds
Current memory usage: 392.82 MB (+12.3086 MB from start)


Processing entry 11500000 out of 93407205; 12.3117%
Number of Jets in this event: 0
Total jets processed so far: 6099031
Time elapsed: 904 seconds
Current memory usage: 392.82 MB (+12.3086 MB from start)


Processing entry 11600000 out of 93407205; 12.4187%
Number of Jets in this event: 0
Total jets processed so far: 6169020
Time elapsed: 912 seconds
Current memory usage: 392.82 MB (+12.3086 MB from start)


Processing entry 11700000 out of 93407205; 12.5258%
Number of Jets in this event: 0
Total jets processed so far: 6239506
Time elapsed: 920 seconds
Current memory usage: 392.82 MB (+12.3086 MB from start)


Processing entry 11800000 out of 93407205; 12.6329%
Number of Jets in this event: 0
Total jets processed so far: 6309175
Time elapsed: 928 seconds
Current memory usage: 392.82 MB (+12.3086 MB from start)


Processing entry 11900000 out of 93407205; 12.7399%
Number of Jets in this event: 0
Total jets processed so far: 6373584
Time elapsed: 936 seconds
Current memory usage: 392.82 MB (+12.3086 MB from start)


Processing entry 12000000 out of 93407205; 12.847%
Number of Jets in this event: 0
Total jets processed so far: 6440567
Time elapsed: 944 seconds
Current memory usage: 392.82 MB (+12.3086 MB from start)


Processing entry 12100000 out of 93407205; 12.954%
Number of Jets in this event: 1
Total jets processed so far: 6506558
Time elapsed: 953 seconds
Current memory usage: 392.82 MB (+12.3086 MB from start)


Processing entry 12200000 out of 93407205; 13.0611%
Number of Jets in this event: 0
Total jets processed so far: 6574086
Time elapsed: 962 seconds
Current memory usage: 392.82 MB (+12.3086 MB from start)


Processing entry 12300000 out of 93407205; 13.1681%
Number of Jets in this event: 0
Total jets processed so far: 6640536
Time elapsed: 971 seconds
Current memory usage: 392.82 MB (+12.3086 MB from start)


Processing entry 12400000 out of 93407205; 13.2752%
Number of Jets in this event: 0
Total jets processed so far: 6709190
Time elapsed: 982 seconds
Current memory usage: 392.82 MB (+12.3086 MB from start)


Processing entry 12500000 out of 93407205; 13.3823%
Number of Jets in this event: 0
Total jets processed so far: 6775595
Time elapsed: 991 seconds
Current memory usage: 392.82 MB (+12.3086 MB from start)


Processing entry 12600000 out of 93407205; 13.4893%
Number of Jets in this event: 0
Total jets processed so far: 6836877
Time elapsed: 1004 seconds
Current memory usage: 392.82 MB (+12.3086 MB from start)


Processing entry 12700000 out of 93407205; 13.5964%
Number of Jets in this event: 0
Total jets processed so far: 6901199
Time elapsed: 1017 seconds
Current memory usage: 392.82 MB (+12.3086 MB from start)


Processing entry 12800000 out of 93407205; 13.7034%
Number of Jets in this event: 0
Total jets processed so far: 6968388
Time elapsed: 1031 seconds
Current memory usage: 392.82 MB (+12.3086 MB from start)


Processing entry 12900000 out of 93407205; 13.8105%
Number of Jets in this event: 13
Total jets processed so far: 7035098
Time elapsed: 1039 seconds
Current memory usage: 392.82 MB (+12.3086 MB from start)


Processing entry 13000000 out of 93407205; 13.9176%
Number of Jets in this event: 0
Total jets processed so far: 7096731
Time elapsed: 1048 seconds
Current memory usage: 392.82 MB (+12.3086 MB from start)


Processing entry 13100000 out of 93407205; 14.0246%
Number of Jets in this event: 0
Total jets processed so far: 7163125
Time elapsed: 1056 seconds
Current memory usage: 392.82 MB (+12.3086 MB from start)


Processing entry 13200000 out of 93407205; 14.1317%
Number of Jets in this event: 0
Total jets processed so far: 7229161
Time elapsed: 1064 seconds
Current memory usage: 392.82 MB (+12.3086 MB from start)


Processing entry 13300000 out of 93407205; 14.2387%
Number of Jets in this event: 0
Total jets processed so far: 7292077
Time elapsed: 1071 seconds
Current memory usage: 392.82 MB (+12.3086 MB from start)


Processing entry 13400000 out of 93407205; 14.3458%
Number of Jets in this event: 0
Total jets processed so far: 7360205
Time elapsed: 1080 seconds
Current memory usage: 392.82 MB (+12.3086 MB from start)


Processing entry 13500000 out of 93407205; 14.4528%
Number of Jets in this event: 0
Total jets processed so far: 7426496
Time elapsed: 1087 seconds
Current memory usage: 392.82 MB (+12.3086 MB from start)


Processing entry 13600000 out of 93407205; 14.5599%
Number of Jets in this event: 4
Total jets processed so far: 7494183
Time elapsed: 1095 seconds
Current memory usage: 392.82 MB (+12.3086 MB from start)


Processing entry 13700000 out of 93407205; 14.667%
Number of Jets in this event: 0
Total jets processed so far: 7560760
Time elapsed: 1106 seconds
Current memory usage: 392.82 MB (+12.3086 MB from start)


Processing entry 13800000 out of 93407205; 14.774%
Number of Jets in this event: 1
Total jets processed so far: 7620695
Time elapsed: 1113 seconds
Current memory usage: 392.82 MB (+12.3086 MB from start)


Processing entry 13900000 out of 93407205; 14.8811%
Number of Jets in this event: 0
Total jets processed so far: 7684343
Time elapsed: 1119 seconds
Current memory usage: 392.82 MB (+12.3086 MB from start)


Processing entry 14000000 out of 93407205; 14.9881%
Number of Jets in this event: 0
Total jets processed so far: 7751210
Time elapsed: 1127 seconds
Current memory usage: 392.82 MB (+12.3086 MB from start)


Processing entry 14100000 out of 93407205; 15.0952%
Number of Jets in this event: 1
Total jets processed so far: 7817920
Time elapsed: 1137 seconds
Current memory usage: 392.82 MB (+12.3086 MB from start)


Processing entry 14200000 out of 93407205; 15.2023%
Number of Jets in this event: 1
Total jets processed so far: 7885553
Time elapsed: 1147 seconds
Current memory usage: 392.82 MB (+12.3086 MB from start)


Processing entry 14300000 out of 93407205; 15.3093%
Number of Jets in this event: 0
Total jets processed so far: 7952458
Time elapsed: 1155 seconds
Current memory usage: 392.82 MB (+12.3086 MB from start)


Processing entry 14400000 out of 93407205; 15.4164%
Number of Jets in this event: 0
Total jets processed so far: 8018979
Time elapsed: 1162 seconds
Current memory usage: 392.82 MB (+12.3086 MB from start)


Processing entry 14500000 out of 93407205; 15.5234%
Number of Jets in this event: 0
Total jets processed so far: 8085959
Time elapsed: 1169 seconds
Current memory usage: 392.82 MB (+12.3086 MB from start)


Processing entry 14600000 out of 93407205; 15.6305%
Number of Jets in this event: 0
Total jets processed so far: 8152673
Time elapsed: 1179 seconds
Current memory usage: 392.82 MB (+12.3086 MB from start)


Processing entry 14700000 out of 93407205; 15.7375%
Number of Jets in this event: 0
Total jets processed so far: 8220605
Time elapsed: 1186 seconds
Current memory usage: 392.82 MB (+12.3086 MB from start)


Processing entry 14800000 out of 93407205; 15.8446%
Number of Jets in this event: 1
Total jets processed so far: 8287221
Time elapsed: 1194 seconds
Current memory usage: 392.82 MB (+12.3086 MB from start)


Processing entry 14900000 out of 93407205; 15.9517%
Number of Jets in this event: 0
Total jets processed so far: 8353989
Time elapsed: 1204 seconds
Current memory usage: 392.82 MB (+12.3086 MB from start)


Processing entry 15000000 out of 93407205; 16.0587%
Number of Jets in this event: 0
Total jets processed so far: 8420305
Time elapsed: 1222 seconds
Current memory usage: 392.82 MB (+12.3086 MB from start)


Processing entry 15100000 out of 93407205; 16.1658%
Number of Jets in this event: 0
Total jets processed so far: 8485397
Time elapsed: 1233 seconds
Current memory usage: 392.82 MB (+12.3086 MB from start)


Processing entry 15200000 out of 93407205; 16.2728%
Number of Jets in this event: 0
Total jets processed so far: 8550982
Time elapsed: 1239 seconds
Current memory usage: 392.82 MB (+12.3086 MB from start)


Processing entry 15300000 out of 93407205; 16.3799%
Number of Jets in this event: 0
Total jets processed so far: 8616739
Time elapsed: 1245 seconds
Current memory usage: 392.82 MB (+12.3086 MB from start)


Processing entry 15400000 out of 93407205; 16.4869%
Number of Jets in this event: 0
Total jets processed so far: 8679960
Time elapsed: 1250 seconds
Current memory usage: 392.82 MB (+12.3086 MB from start)


Processing entry 15500000 out of 93407205; 16.594%
Number of Jets in this event: 0
Total jets processed so far: 8745556
Time elapsed: 1261 seconds
Current memory usage: 392.82 MB (+12.3086 MB from start)


Processing entry 15600000 out of 93407205; 16.7011%
Number of Jets in this event: 2
Total jets processed so far: 8809981
Time elapsed: 1269 seconds
Current memory usage: 392.82 MB (+12.3086 MB from start)


Processing entry 15700000 out of 93407205; 16.8081%
Number of Jets in this event: 0
Total jets processed so far: 8875292
Time elapsed: 1278 seconds
Current memory usage: 392.82 MB (+12.3086 MB from start)


Processing entry 15800000 out of 93407205; 16.9152%
Number of Jets in this event: 0
Total jets processed so far: 8940069
Time elapsed: 1287 seconds
Current memory usage: 392.82 MB (+12.3086 MB from start)


Processing entry 15900000 out of 93407205; 17.0222%
Number of Jets in this event: 0
Total jets processed so far: 9002428
Time elapsed: 1296 seconds
Current memory usage: 392.82 MB (+12.3086 MB from start)


Processing entry 16000000 out of 93407205; 17.1293%
Number of Jets in this event: 0
Total jets processed so far: 9066327
Time elapsed: 1303 seconds
Current memory usage: 392.82 MB (+12.3086 MB from start)


Processing entry 16100000 out of 93407205; 17.2364%
Number of Jets in this event: 0
Total jets processed so far: 9130751
Time elapsed: 1310 seconds
Current memory usage: 392.82 MB (+12.3086 MB from start)


Processing entry 16200000 out of 93407205; 17.3434%
Number of Jets in this event: 0
Total jets processed so far: 9195462
Time elapsed: 1317 seconds
Current memory usage: 392.82 MB (+12.3086 MB from start)


Processing entry 16300000 out of 93407205; 17.4505%
Number of Jets in this event: 0
Total jets processed so far: 9259800
Time elapsed: 1323 seconds
Current memory usage: 392.82 MB (+12.3086 MB from start)


Processing entry 16400000 out of 93407205; 17.5575%
Number of Jets in this event: 0
Total jets processed so far: 9323106
Time elapsed: 1340 seconds
Current memory usage: 392.82 MB (+12.3086 MB from start)


Processing entry 16500000 out of 93407205; 17.6646%
Number of Jets in this event: 2
Total jets processed so far: 9384921
Time elapsed: 1347 seconds
Current memory usage: 392.82 MB (+12.3086 MB from start)


Processing entry 16600000 out of 93407205; 17.7716%
Number of Jets in this event: 0
Total jets processed so far: 9448959
Time elapsed: 1354 seconds
Current memory usage: 392.82 MB (+12.3086 MB from start)


Processing entry 16700000 out of 93407205; 17.8787%
Number of Jets in this event: 0
Total jets processed so far: 9510994
Time elapsed: 1364 seconds
Current memory usage: 392.82 MB (+12.3086 MB from start)


Processing entry 16800000 out of 93407205; 17.9858%
Number of Jets in this event: 8
Total jets processed so far: 9571237
Time elapsed: 1378 seconds
Current memory usage: 392.82 MB (+12.3086 MB from start)


Processing entry 16900000 out of 93407205; 18.0928%
Number of Jets in this event: 0
Total jets processed so far: 9634201
Time elapsed: 1384 seconds
Current memory usage: 392.82 MB (+12.3086 MB from start)


Processing entry 17000000 out of 93407205; 18.1999%
Number of Jets in this event: 0
Total jets processed so far: 9694067
Time elapsed: 1391 seconds
Current memory usage: 392.82 MB (+12.3086 MB from start)


Processing entry 17100000 out of 93407205; 18.3069%
Number of Jets in this event: 0
Total jets processed so far: 9754197
Time elapsed: 1398 seconds
Current memory usage: 392.82 MB (+12.3086 MB from start)


Processing entry 17200000 out of 93407205; 18.414%
Number of Jets in this event: 1
Total jets processed so far: 9816098
Time elapsed: 1419 seconds
Current memory usage: 392.82 MB (+12.3086 MB from start)


Processing entry 17300000 out of 93407205; 18.5211%
Number of Jets in this event: 0
Total jets processed so far: 9876965
Time elapsed: 1430 seconds
Current memory usage: 392.82 MB (+12.3086 MB from start)


Processing entry 17400000 out of 93407205; 18.6281%
Number of Jets in this event: 0
Total jets processed so far: 9936682
Time elapsed: 1439 seconds
Current memory usage: 392.82 MB (+12.3086 MB from start)


Processing entry 17500000 out of 93407205; 18.7352%
Number of Jets in this event: 0
Total jets processed so far: 9997277
Time elapsed: 1446 seconds
Current memory usage: 392.82 MB (+12.3086 MB from start)


Processing entry 17600000 out of 93407205; 18.8422%
Number of Jets in this event: 0
Total jets processed so far: 10057873
Time elapsed: 1456 seconds
Current memory usage: 392.82 MB (+12.3086 MB from start)


Processing entry 17700000 out of 93407205; 18.9493%
Number of Jets in this event: 6
Total jets processed so far: 10118575
Time elapsed: 1470 seconds
Current memory usage: 392.82 MB (+12.3086 MB from start)


Processing entry 17800000 out of 93407205; 19.0563%
Number of Jets in this event: 0
Total jets processed so far: 10178643
Time elapsed: 1478 seconds
Current memory usage: 392.82 MB (+12.3086 MB from start)


Processing entry 17900000 out of 93407205; 19.1634%
Number of Jets in this event: 0
Total jets processed so far: 10238618
Time elapsed: 1487 seconds
Current memory usage: 392.82 MB (+12.3086 MB from start)


Processing entry 18000000 out of 93407205; 19.2705%
Number of Jets in this event: 0
Total jets processed so far: 10297651
Time elapsed: 1495 seconds
Current memory usage: 392.82 MB (+12.3086 MB from start)


Processing entry 18100000 out of 93407205; 19.3775%
Number of Jets in this event: 0
Total jets processed so far: 10357420
Time elapsed: 1503 seconds
Current memory usage: 392.82 MB (+12.3086 MB from start)


Processing entry 18200000 out of 93407205; 19.4846%
Number of Jets in this event: 2
Total jets processed so far: 10416862
Time elapsed: 1514 seconds
Current memory usage: 392.82 MB (+12.3086 MB from start)


Processing entry 18300000 out of 93407205; 19.5916%
Number of Jets in this event: 0
Total jets processed so far: 10476801
Time elapsed: 1522 seconds
Current memory usage: 392.82 MB (+12.3086 MB from start)


Processing entry 18400000 out of 93407205; 19.6987%
Number of Jets in this event: 0
Total jets processed so far: 10535896
Time elapsed: 1530 seconds
Current memory usage: 392.82 MB (+12.3086 MB from start)


Processing entry 18500000 out of 93407205; 19.8058%
Number of Jets in this event: 0
Total jets processed so far: 10595275
Time elapsed: 1543 seconds
Current memory usage: 392.82 MB (+12.3086 MB from start)


Processing entry 18600000 out of 93407205; 19.9128%
Number of Jets in this event: 0
Total jets processed so far: 10655042
Time elapsed: 1554 seconds
Current memory usage: 392.82 MB (+12.3086 MB from start)


Processing entry 18700000 out of 93407205; 20.0199%
Number of Jets in this event: 2
Total jets processed so far: 10713854
Time elapsed: 1561 seconds
Current memory usage: 392.82 MB (+12.3086 MB from start)


Processing entry 18800000 out of 93407205; 20.1269%
Number of Jets in this event: 0
Total jets processed so far: 10772577
Time elapsed: 1570 seconds
Current memory usage: 392.82 MB (+12.3086 MB from start)


Processing entry 18900000 out of 93407205; 20.234%
Number of Jets in this event: 0
Total jets processed so far: 10829770
Time elapsed: 1578 seconds
Current memory usage: 392.82 MB (+12.3086 MB from start)


Processing entry 19000000 out of 93407205; 20.341%
Number of Jets in this event: 0
Total jets processed so far: 10888641
Time elapsed: 1586 seconds
Current memory usage: 392.82 MB (+12.3086 MB from start)


Processing entry 19100000 out of 93407205; 20.4481%
Number of Jets in this event: 1
Total jets processed so far: 10948310
Time elapsed: 1594 seconds
Current memory usage: 392.82 MB (+12.3086 MB from start)


Processing entry 19200000 out of 93407205; 20.5552%
Number of Jets in this event: 0
Total jets processed so far: 11007558
Time elapsed: 1602 seconds
Current memory usage: 392.82 MB (+12.3086 MB from start)


Processing entry 19300000 out of 93407205; 20.6622%
Number of Jets in this event: 0
Total jets processed so far: 11066786
Time elapsed: 1609 seconds
Current memory usage: 392.82 MB (+12.3086 MB from start)


Processing entry 19400000 out of 93407205; 20.7693%
Number of Jets in this event: 0
Total jets processed so far: 11123062
Time elapsed: 1618 seconds
Current memory usage: 392.82 MB (+12.3086 MB from start)


Processing entry 19500000 out of 93407205; 20.8763%
Number of Jets in this event: 0
Total jets processed so far: 11181679
Time elapsed: 1632 seconds
Current memory usage: 392.82 MB (+12.3086 MB from start)


Processing entry 19600000 out of 93407205; 20.9834%
Number of Jets in this event: 0
Total jets processed so far: 11240329
Time elapsed: 1644 seconds
Current memory usage: 392.82 MB (+12.3086 MB from start)


Processing entry 19700000 out of 93407205; 21.0905%
Number of Jets in this event: 0
Total jets processed so far: 11298066
Time elapsed: 1652 seconds
Current memory usage: 392.82 MB (+12.3086 MB from start)


Processing entry 19800000 out of 93407205; 21.1975%
Number of Jets in this event: 0
Total jets processed so far: 11356008
Time elapsed: 1670 seconds
Current memory usage: 392.82 MB (+12.3086 MB from start)


Processing entry 19900000 out of 93407205; 21.3046%
Number of Jets in this event: 0
Total jets processed so far: 11413597
Time elapsed: 1676 seconds
Current memory usage: 392.82 MB (+12.3086 MB from start)


Processing entry 20000000 out of 93407205; 21.4116%
Number of Jets in this event: 0
Total jets processed so far: 11470731
Time elapsed: 1684 seconds
Current memory usage: 392.82 MB (+12.3086 MB from start)


Processing entry 20100000 out of 93407205; 21.5187%
Number of Jets in this event: 1
Total jets processed so far: 11528822
Time elapsed: 1692 seconds
Current memory usage: 392.82 MB (+12.3086 MB from start)


Processing entry 20200000 out of 93407205; 21.6257%
Number of Jets in this event: 0
Total jets processed so far: 11586199
Time elapsed: 1699 seconds
Current memory usage: 392.82 MB (+12.3086 MB from start)


Processing entry 20300000 out of 93407205; 21.7328%
Number of Jets in this event: 0
Total jets processed so far: 11643561
Time elapsed: 1704 seconds
Current memory usage: 392.82 MB (+12.3086 MB from start)


Processing entry 20400000 out of 93407205; 21.8399%
Number of Jets in this event: 3
Total jets processed so far: 11700787
Time elapsed: 1713 seconds
Current memory usage: 392.82 MB (+12.3086 MB from start)


Processing entry 20500000 out of 93407205; 21.9469%
Number of Jets in this event: 0
Total jets processed so far: 11757384
Time elapsed: 1734 seconds
Current memory usage: 392.82 MB (+12.3086 MB from start)


Processing entry 20600000 out of 93407205; 22.054%
Number of Jets in this event: 1
Total jets processed so far: 11811695
Time elapsed: 1754 seconds
Current memory usage: 392.82 MB (+12.3086 MB from start)


Processing entry 20700000 out of 93407205; 22.161%
Number of Jets in this event: 0
Total jets processed so far: 11865767
Time elapsed: 1766 seconds
Current memory usage: 392.82 MB (+12.3086 MB from start)


Processing entry 20800000 out of 93407205; 22.2681%
Number of Jets in this event: 1
Total jets processed so far: 11920803
Time elapsed: 1776 seconds
Current memory usage: 392.82 MB (+12.3086 MB from start)


Processing entry 20900000 out of 93407205; 22.3751%
Number of Jets in this event: 0
Total jets processed so far: 11973126
Time elapsed: 1783 seconds
Current memory usage: 392.82 MB (+12.3086 MB from start)


Processing entry 21000000 out of 93407205; 22.4822%
Number of Jets in this event: 0
Total jets processed so far: 12028572
Time elapsed: 1826 seconds
Current memory usage: 392.82 MB (+12.3086 MB from start)


Processing entry 21100000 out of 93407205; 22.5893%
Number of Jets in this event: 0
Total jets processed so far: 12084326
Time elapsed: 1834 seconds
Current memory usage: 392.82 MB (+12.3086 MB from start)


Processing entry 21200000 out of 93407205; 22.6963%
Number of Jets in this event: 0
Total jets processed so far: 12139752
Time elapsed: 1839 seconds
Current memory usage: 392.82 MB (+12.3086 MB from start)


Processing entry 21300000 out of 93407205; 22.8034%
Number of Jets in this event: 0
Total jets processed so far: 12196388
Time elapsed: 1863 seconds
Current memory usage: 392.82 MB (+12.3086 MB from start)


Processing entry 21400000 out of 93407205; 22.9104%
Number of Jets in this event: 0
Total jets processed so far: 12252440
Time elapsed: 1873 seconds
Current memory usage: 392.82 MB (+12.3086 MB from start)


Processing entry 21500000 out of 93407205; 23.0175%
Number of Jets in this event: 0
Total jets processed so far: 12307455
Time elapsed: 1878 seconds
Current memory usage: 392.82 MB (+12.3086 MB from start)


Processing entry 21600000 out of 93407205; 23.1246%
Number of Jets in this event: 0
Total jets processed so far: 12363244
Time elapsed: 1884 seconds
Current memory usage: 392.82 MB (+12.3086 MB from start)


Processing entry 21700000 out of 93407205; 23.2316%
Number of Jets in this event: 0
Total jets processed so far: 12419307
Time elapsed: 1891 seconds
Current memory usage: 392.82 MB (+12.3086 MB from start)


Processing entry 21800000 out of 93407205; 23.3387%
Number of Jets in this event: 0
Total jets processed so far: 12474342
Time elapsed: 1898 seconds
Current memory usage: 392.82 MB (+12.3086 MB from start)


Processing entry 21900000 out of 93407205; 23.4457%
Number of Jets in this event: 12
Total jets processed so far: 12528741
Time elapsed: 1905 seconds
Current memory usage: 392.82 MB (+12.3086 MB from start)


Processing entry 22000000 out of 93407205; 23.5528%
Number of Jets in this event: 0
Total jets processed so far: 12583625
Time elapsed: 1912 seconds
Current memory usage: 392.82 MB (+12.3086 MB from start)


Processing entry 22100000 out of 93407205; 23.6598%
Number of Jets in this event: 0
Total jets processed so far: 12636172
Time elapsed: 1918 seconds
Current memory usage: 392.82 MB (+12.3086 MB from start)


Processing entry 22200000 out of 93407205; 23.7669%
Number of Jets in this event: 1
Total jets processed so far: 12690798
Time elapsed: 1925 seconds
Current memory usage: 392.82 MB (+12.3086 MB from start)


Processing entry 22300000 out of 93407205; 23.874%
Number of Jets in this event: 0
Total jets processed so far: 12746739
Time elapsed: 1930 seconds
Current memory usage: 392.82 MB (+12.3086 MB from start)


Processing entry 22400000 out of 93407205; 23.981%
Number of Jets in this event: 2
Total jets processed so far: 12801852
Time elapsed: 1936 seconds
Current memory usage: 392.82 MB (+12.3086 MB from start)


Processing entry 22500000 out of 93407205; 24.0881%
Number of Jets in this event: 6
Total jets processed so far: 12857002
Time elapsed: 1941 seconds
Current memory usage: 392.82 MB (+12.3086 MB from start)


Processing entry 22600000 out of 93407205; 24.1951%
Number of Jets in this event: 0
Total jets processed so far: 12910870
Time elapsed: 1952 seconds
Current memory usage: 392.82 MB (+12.3086 MB from start)


Processing entry 22700000 out of 93407205; 24.3022%
Number of Jets in this event: 0
Total jets processed so far: 12964026
Time elapsed: 1963 seconds
Current memory usage: 392.82 MB (+12.3086 MB from start)


Processing entry 22800000 out of 93407205; 24.4093%
Number of Jets in this event: 5
Total jets processed so far: 13018445
Time elapsed: 1970 seconds
Current memory usage: 392.82 MB (+12.3086 MB from start)


Processing entry 22900000 out of 93407205; 24.5163%
Number of Jets in this event: 0
Total jets processed so far: 13072728
Time elapsed: 1977 seconds
Current memory usage: 392.82 MB (+12.3086 MB from start)


Processing entry 23000000 out of 93407205; 24.6234%
Number of Jets in this event: 0
Total jets processed so far: 13126137
Time elapsed: 1983 seconds
Current memory usage: 392.82 MB (+12.3086 MB from start)


Processing entry 23100000 out of 93407205; 24.7304%
Number of Jets in this event: 0
Total jets processed so far: 13178977
Time elapsed: 1993 seconds
Current memory usage: 392.82 MB (+12.3086 MB from start)


Processing entry 23200000 out of 93407205; 24.8375%
Number of Jets in this event: 2
Total jets processed so far: 13231223
Time elapsed: 1999 seconds
Current memory usage: 392.82 MB (+12.3086 MB from start)


Processing entry 23300000 out of 93407205; 24.9445%
Number of Jets in this event: 0
Total jets processed so far: 13284250
Time elapsed: 2006 seconds
Current memory usage: 392.82 MB (+12.3086 MB from start)


Processing entry 23400000 out of 93407205; 25.0516%
Number of Jets in this event: 0
Total jets processed so far: 13335839
Time elapsed: 2012 seconds
Current memory usage: 392.82 MB (+12.3086 MB from start)


Processing entry 23500000 out of 93407205; 25.1587%
Number of Jets in this event: 0
Total jets processed so far: 13387773
Time elapsed: 2020 seconds
Current memory usage: 392.82 MB (+12.3086 MB from start)


Processing entry 23600000 out of 93407205; 25.2657%
Number of Jets in this event: 0
Total jets processed so far: 13419567
Time elapsed: 2025 seconds
Current memory usage: 392.82 MB (+12.3086 MB from start)


Processing entry 23700000 out of 93407205; 25.3728%
Number of Jets in this event: 1
Total jets processed so far: 13483258
Time elapsed: 2031 seconds
Current memory usage: 392.82 MB (+12.3086 MB from start)


Processing entry 23800000 out of 93407205; 25.4798%
Number of Jets in this event: 0
Total jets processed so far: 13546631
Time elapsed: 2038 seconds
Current memory usage: 392.82 MB (+12.3086 MB from start)


Processing entry 23900000 out of 93407205; 25.5869%
Number of Jets in this event: 0
Total jets processed so far: 13609488
Time elapsed: 2046 seconds
Current memory usage: 392.82 MB (+12.3086 MB from start)


Processing entry 24000000 out of 93407205; 25.694%
Number of Jets in this event: 11
Total jets processed so far: 13673019
Time elapsed: 2056 seconds
Current memory usage: 392.82 MB (+12.3086 MB from start)


Processing entry 24100000 out of 93407205; 25.801%
Number of Jets in this event: 5
Total jets processed so far: 13736361
Time elapsed: 2065 seconds
Current memory usage: 392.82 MB (+12.3086 MB from start)


Processing entry 24200000 out of 93407205; 25.9081%
Number of Jets in this event: 0
Total jets processed so far: 13799938
Time elapsed: 2078 seconds
Current memory usage: 392.82 MB (+12.3086 MB from start)


Processing entry 24300000 out of 93407205; 26.0151%
Number of Jets in this event: 0
Total jets processed so far: 13862082
Time elapsed: 2088 seconds
Current memory usage: 392.82 MB (+12.3086 MB from start)


Processing entry 24400000 out of 93407205; 26.1222%
Number of Jets in this event: 0
Total jets processed so far: 13924652
Time elapsed: 2104 seconds
Current memory usage: 392.82 MB (+12.3086 MB from start)


Processing entry 24500000 out of 93407205; 26.2292%
Number of Jets in this event: 2
Total jets processed so far: 13987643
Time elapsed: 2114 seconds
Current memory usage: 392.82 MB (+12.3086 MB from start)


Processing entry 24600000 out of 93407205; 26.3363%
Number of Jets in this event: 0
Total jets processed so far: 14046969
Time elapsed: 2124 seconds
Current memory usage: 392.82 MB (+12.3086 MB from start)


Processing entry 24700000 out of 93407205; 26.4434%
Number of Jets in this event: 0
Total jets processed so far: 14106827
Time elapsed: 2131 seconds
Current memory usage: 392.82 MB (+12.3086 MB from start)


Processing entry 24800000 out of 93407205; 26.5504%
Number of Jets in this event: 0
Total jets processed so far: 14170612
Time elapsed: 2137 seconds
Current memory usage: 392.82 MB (+12.3086 MB from start)


Processing entry 24900000 out of 93407205; 26.6575%
Number of Jets in this event: 0
Total jets processed so far: 14233253
Time elapsed: 2148 seconds
Current memory usage: 392.82 MB (+12.3086 MB from start)


Processing entry 25000000 out of 93407205; 26.7645%
Number of Jets in this event: 0
Total jets processed so far: 14296519
Time elapsed: 2157 seconds
Current memory usage: 392.82 MB (+12.3086 MB from start)


Processing entry 25100000 out of 93407205; 26.8716%
Number of Jets in this event: 0
Total jets processed so far: 14359568
Time elapsed: 2171 seconds
Current memory usage: 392.82 MB (+12.3086 MB from start)


Processing entry 25200000 out of 93407205; 26.9786%
Number of Jets in this event: 0
Total jets processed so far: 14421964
Time elapsed: 2182 seconds
Current memory usage: 392.82 MB (+12.3086 MB from start)


Processing entry 25300000 out of 93407205; 27.0857%
Number of Jets in this event: 0
Total jets processed so far: 14485256
Time elapsed: 2191 seconds
Current memory usage: 392.82 MB (+12.3086 MB from start)


Processing entry 25400000 out of 93407205; 27.1928%
Number of Jets in this event: 0
Total jets processed so far: 14549303
Time elapsed: 2200 seconds
Current memory usage: 392.82 MB (+12.3086 MB from start)


Processing entry 25500000 out of 93407205; 27.2998%
Number of Jets in this event: 0
Total jets processed so far: 14612251
Time elapsed: 2207 seconds
Current memory usage: 392.82 MB (+12.3086 MB from start)


Processing entry 25600000 out of 93407205; 27.4069%
Number of Jets in this event: 0
Total jets processed so far: 14674694
Time elapsed: 2215 seconds
Current memory usage: 392.82 MB (+12.3086 MB from start)


Processing entry 25700000 out of 93407205; 27.5139%
Number of Jets in this event: 0
Total jets processed so far: 14737155
Time elapsed: 2225 seconds
Current memory usage: 392.82 MB (+12.3086 MB from start)


Processing entry 25800000 out of 93407205; 27.621%
Number of Jets in this event: 0
Total jets processed so far: 14800162
Time elapsed: 2233 seconds
Current memory usage: 392.82 MB (+12.3086 MB from start)


Processing entry 25900000 out of 93407205; 27.7281%
Number of Jets in this event: 2
Total jets processed so far: 14863131
Time elapsed: 2238 seconds
Current memory usage: 392.82 MB (+12.3086 MB from start)


Processing entry 26000000 out of 93407205; 27.8351%
Number of Jets in this event: 0
Total jets processed so far: 14925698
Time elapsed: 2244 seconds
Current memory usage: 392.82 MB (+12.3086 MB from start)


Processing entry 26100000 out of 93407205; 27.9422%
Number of Jets in this event: 0
Total jets processed so far: 14988506
Time elapsed: 2249 seconds
Current memory usage: 392.82 MB (+12.3086 MB from start)


Processing entry 26200000 out of 93407205; 28.0492%
Number of Jets in this event: 0
Total jets processed so far: 15050177
Time elapsed: 2256 seconds
Current memory usage: 392.82 MB (+12.3086 MB from start)


Processing entry 26300000 out of 93407205; 28.1563%
Number of Jets in this event: 0
Total jets processed so far: 15113827
Time elapsed: 2304 seconds
Current memory usage: 392.82 MB (+12.3086 MB from start)


Processing entry 26400000 out of 93407205; 28.2633%
Number of Jets in this event: 0
Total jets processed so far: 15175948
Time elapsed: 2312 seconds
Current memory usage: 392.82 MB (+12.3086 MB from start)


Processing entry 26500000 out of 93407205; 28.3704%
Number of Jets in this event: 0
Total jets processed so far: 15236093
Time elapsed: 2318 seconds
Current memory usage: 392.82 MB (+12.3086 MB from start)


Processing entry 26600000 out of 93407205; 28.4775%
Number of Jets in this event: 0
Total jets processed so far: 15296827
Time elapsed: 2339 seconds
Current memory usage: 392.82 MB (+12.3086 MB from start)


Processing entry 26700000 out of 93407205; 28.5845%
Number of Jets in this event: 1
Total jets processed so far: 15357909
Time elapsed: 2363 seconds
Current memory usage: 392.82 MB (+12.3086 MB from start)


Processing entry 26800000 out of 93407205; 28.6916%
Number of Jets in this event: 0
Total jets processed so far: 15420282
Time elapsed: 2368 seconds
Current memory usage: 392.82 MB (+12.3086 MB from start)


Processing entry 26900000 out of 93407205; 28.7986%
Number of Jets in this event: 0
Total jets processed so far: 15480793
Time elapsed: 2373 seconds
Current memory usage: 392.82 MB (+12.3086 MB from start)


Processing entry 27000000 out of 93407205; 28.9057%
Number of Jets in this event: 0
Total jets processed so far: 15539787
Time elapsed: 2378 seconds
Current memory usage: 392.82 MB (+12.3086 MB from start)


Processing entry 27100000 out of 93407205; 29.0128%
Number of Jets in this event: 0
Total jets processed so far: 15599277
Time elapsed: 2390 seconds
Current memory usage: 392.82 MB (+12.3086 MB from start)


Processing entry 27200000 out of 93407205; 29.1198%
Number of Jets in this event: 0
Total jets processed so far: 15660763
Time elapsed: 2417 seconds
Current memory usage: 392.82 MB (+12.3086 MB from start)


Processing entry 27300000 out of 93407205; 29.2269%
Number of Jets in this event: 0
Total jets processed so far: 15719741
Time elapsed: 2425 seconds
Current memory usage: 392.82 MB (+12.3086 MB from start)


Processing entry 27400000 out of 93407205; 29.3339%
Number of Jets in this event: 0
Total jets processed so far: 15780496
Time elapsed: 2437 seconds
Current memory usage: 392.82 MB (+12.3086 MB from start)


Processing entry 27500000 out of 93407205; 29.441%
Number of Jets in this event: 0
Total jets processed so far: 15841607
Time elapsed: 2458 seconds
Current memory usage: 392.82 MB (+12.3086 MB from start)


Processing entry 27600000 out of 93407205; 29.548%
Number of Jets in this event: 1
Total jets processed so far: 15900222
Time elapsed: 2467 seconds
Current memory usage: 392.82 MB (+12.3086 MB from start)


Processing entry 27700000 out of 93407205; 29.6551%
Number of Jets in this event: 0
Total jets processed so far: 15960115
Time elapsed: 2478 seconds
Current memory usage: 392.82 MB (+12.3086 MB from start)


Processing entry 27800000 out of 93407205; 29.7622%
Number of Jets in this event: 0
Total jets processed so far: 16022985
Time elapsed: 2489 seconds
Current memory usage: 392.82 MB (+12.3086 MB from start)


Processing entry 27900000 out of 93407205; 29.8692%
Number of Jets in this event: 0
Total jets processed so far: 16083903
Time elapsed: 2496 seconds
Current memory usage: 392.82 MB (+12.3086 MB from start)


Processing entry 28000000 out of 93407205; 29.9763%
Number of Jets in this event: 0
Total jets processed so far: 16143078
Time elapsed: 2510 seconds
Current memory usage: 392.82 MB (+12.3086 MB from start)


Processing entry 28100000 out of 93407205; 30.0833%
Number of Jets in this event: 0
Total jets processed so far: 16204076
Time elapsed: 2518 seconds
Current memory usage: 392.82 MB (+12.3086 MB from start)


Processing entry 28200000 out of 93407205; 30.1904%
Number of Jets in this event: 0
Total jets processed so far: 16263271
Time elapsed: 2524 seconds
Current memory usage: 392.82 MB (+12.3086 MB from start)


Processing entry 28300000 out of 93407205; 30.2974%
Number of Jets in this event: 19
Total jets processed so far: 16322470
Time elapsed: 2531 seconds
Current memory usage: 392.82 MB (+12.3086 MB from start)


Processing entry 28400000 out of 93407205; 30.4045%
Number of Jets in this event: 0
Total jets processed so far: 16385216
Time elapsed: 2537 seconds
Current memory usage: 392.82 MB (+12.3086 MB from start)


Processing entry 28500000 out of 93407205; 30.5116%
Number of Jets in this event: 0
Total jets processed so far: 16445546
Time elapsed: 2549 seconds
Current memory usage: 392.82 MB (+12.3086 MB from start)


Processing entry 28600000 out of 93407205; 30.6186%
Number of Jets in this event: 0
Total jets processed so far: 16504864
Time elapsed: 2570 seconds
Current memory usage: 392.82 MB (+12.3086 MB from start)


Processing entry 28700000 out of 93407205; 30.7257%
Number of Jets in this event: 0
Total jets processed so far: 16564681
Time elapsed: 2584 seconds
Current memory usage: 392.82 MB (+12.3086 MB from start)


Processing entry 28800000 out of 93407205; 30.8327%
Number of Jets in this event: 7
Total jets processed so far: 16623223
Time elapsed: 2601 seconds
Current memory usage: 392.82 MB (+12.3086 MB from start)


Processing entry 28900000 out of 93407205; 30.9398%
Number of Jets in this event: 0
Total jets processed so far: 16682518
Time elapsed: 2610 seconds
Current memory usage: 392.82 MB (+12.3086 MB from start)


Processing entry 29000000 out of 93407205; 31.0469%
Number of Jets in this event: 0
Total jets processed so far: 16741505
Time elapsed: 2625 seconds
Current memory usage: 392.82 MB (+12.3086 MB from start)


Processing entry 29100000 out of 93407205; 31.1539%
Number of Jets in this event: 0
Total jets processed so far: 16800182
Time elapsed: 2635 seconds
Current memory usage: 392.82 MB (+12.3086 MB from start)


Processing entry 29200000 out of 93407205; 31.261%
Number of Jets in this event: 0
Total jets processed so far: 16859502
Time elapsed: 2643 seconds
Current memory usage: 392.82 MB (+12.3086 MB from start)


Processing entry 29300000 out of 93407205; 31.368%
Number of Jets in this event: 0
Total jets processed so far: 16917570
Time elapsed: 2658 seconds
Current memory usage: 392.82 MB (+12.3086 MB from start)


Processing entry 29400000 out of 93407205; 31.4751%
Number of Jets in this event: 0
Total jets processed so far: 16976615
Time elapsed: 2666 seconds
Current memory usage: 392.82 MB (+12.3086 MB from start)


Processing entry 29500000 out of 93407205; 31.5821%
Number of Jets in this event: 7
Total jets processed so far: 17036210
Time elapsed: 2680 seconds
Current memory usage: 392.82 MB (+12.3086 MB from start)


Processing entry 29600000 out of 93407205; 31.6892%
Number of Jets in this event: 0
Total jets processed so far: 17095944
Time elapsed: 2689 seconds
Current memory usage: 392.82 MB (+12.3086 MB from start)


Processing entry 29700000 out of 93407205; 31.7963%
Number of Jets in this event: 0
Total jets processed so far: 17155355
Time elapsed: 2707 seconds
Current memory usage: 392.82 MB (+12.3086 MB from start)


Processing entry 29800000 out of 93407205; 31.9033%
Number of Jets in this event: 0
Total jets processed so far: 17216448
Time elapsed: 2715 seconds
Current memory usage: 392.82 MB (+12.3086 MB from start)


Processing entry 29900000 out of 93407205; 32.0104%
Number of Jets in this event: 0
Total jets processed so far: 17275699
Time elapsed: 2724 seconds
Current memory usage: 392.82 MB (+12.3086 MB from start)


Processing entry 30000000 out of 93407205; 32.1174%
Number of Jets in this event: 0
Total jets processed so far: 17334579
Time elapsed: 2736 seconds
Current memory usage: 392.82 MB (+12.3086 MB from start)


Processing entry 30100000 out of 93407205; 32.2245%
Number of Jets in this event: 0
Total jets processed so far: 17392133
Time elapsed: 2744 seconds
Current memory usage: 392.82 MB (+12.3086 MB from start)


Processing entry 30200000 out of 93407205; 32.3316%
Number of Jets in this event: 0
Total jets processed so far: 17452035
Time elapsed: 2750 seconds
Current memory usage: 392.82 MB (+12.3086 MB from start)


Processing entry 30300000 out of 93407205; 32.4386%
Number of Jets in this event: 0
Total jets processed so far: 17512135
Time elapsed: 2759 seconds
Current memory usage: 392.82 MB (+12.3086 MB from start)


Processing entry 30400000 out of 93407205; 32.5457%
Number of Jets in this event: 2
Total jets processed so far: 17571023
Time elapsed: 2765 seconds
Current memory usage: 392.82 MB (+12.3086 MB from start)


Processing entry 30500000 out of 93407205; 32.6527%
Number of Jets in this event: 0
Total jets processed so far: 17629448
Time elapsed: 2771 seconds
Current memory usage: 392.82 MB (+12.3086 MB from start)


Processing entry 30600000 out of 93407205; 32.7598%
Number of Jets in this event: 12
Total jets processed so far: 17689560
Time elapsed: 2777 seconds
Current memory usage: 392.82 MB (+12.3086 MB from start)


Processing entry 30700000 out of 93407205; 32.8668%
Number of Jets in this event: 9
Total jets processed so far: 17747718
Time elapsed: 2784 seconds
Current memory usage: 392.82 MB (+12.3086 MB from start)


Processing entry 30800000 out of 93407205; 32.9739%
Number of Jets in this event: 0
Total jets processed so far: 17806343
Time elapsed: 2819 seconds
Current memory usage: 392.82 MB (+12.3086 MB from start)


Processing entry 30900000 out of 93407205; 33.081%
Number of Jets in this event: 0
Total jets processed so far: 17866546
Time elapsed: 2845 seconds
Current memory usage: 392.82 MB (+12.3086 MB from start)


Processing entry 31000000 out of 93407205; 33.188%
Number of Jets in this event: 0
Total jets processed so far: 17925136
Time elapsed: 2854 seconds
Current memory usage: 392.82 MB (+12.3086 MB from start)


Processing entry 31100000 out of 93407205; 33.2951%
Number of Jets in this event: 0
Total jets processed so far: 17985329
Time elapsed: 2862 seconds
Current memory usage: 392.82 MB (+12.3086 MB from start)


Processing entry 31200000 out of 93407205; 33.4021%
Number of Jets in this event: 0
Total jets processed so far: 18043880
Time elapsed: 2880 seconds
Current memory usage: 392.82 MB (+12.3086 MB from start)


Processing entry 31300000 out of 93407205; 33.5092%
Number of Jets in this event: 0
Total jets processed so far: 18102792
Time elapsed: 2888 seconds
Current memory usage: 392.82 MB (+12.3086 MB from start)


Processing entry 31400000 out of 93407205; 33.6162%
Number of Jets in this event: 0
Total jets processed so far: 18160872
Time elapsed: 2895 seconds
Current memory usage: 392.82 MB (+12.3086 MB from start)


Processing entry 31500000 out of 93407205; 33.7233%
Number of Jets in this event: 0
Total jets processed so far: 18220051
Time elapsed: 2902 seconds
Current memory usage: 392.82 MB (+12.3086 MB from start)


Processing entry 31600000 out of 93407205; 33.8304%
Number of Jets in this event: 4
Total jets processed so far: 18278611
Time elapsed: 2910 seconds
Current memory usage: 392.82 MB (+12.3086 MB from start)


Processing entry 31700000 out of 93407205; 33.9374%
Number of Jets in this event: 0
Total jets processed so far: 18336979
Time elapsed: 2932 seconds
Current memory usage: 392.82 MB (+12.3086 MB from start)


Processing entry 31800000 out of 93407205; 34.0445%
Number of Jets in this event: 0
Total jets processed so far: 18393660
Time elapsed: 2941 seconds
Current memory usage: 392.82 MB (+12.3086 MB from start)


Processing entry 31900000 out of 93407205; 34.1515%
Number of Jets in this event: 0
Total jets processed so far: 18450244
Time elapsed: 2954 seconds
Current memory usage: 392.82 MB (+12.3086 MB from start)


Processing entry 32000000 out of 93407205; 34.2586%
Number of Jets in this event: 0
Total jets processed so far: 18506826
Time elapsed: 2959 seconds
Current memory usage: 392.82 MB (+12.3086 MB from start)


Processing entry 32100000 out of 93407205; 34.3657%
Number of Jets in this event: 0
Total jets processed so far: 18563909
Time elapsed: 2967 seconds
Current memory usage: 392.82 MB (+12.3086 MB from start)


Processing entry 32200000 out of 93407205; 34.4727%
Number of Jets in this event: 2
Total jets processed so far: 18621202
Time elapsed: 2973 seconds
Current memory usage: 392.82 MB (+12.3086 MB from start)


Processing entry 32300000 out of 93407205; 34.5798%
Number of Jets in this event: 0
Total jets processed so far: 18679228
Time elapsed: 2979 seconds
Current memory usage: 392.82 MB (+12.3086 MB from start)


Processing entry 32400000 out of 93407205; 34.6868%
Number of Jets in this event: 0
Total jets processed so far: 18737124
Time elapsed: 2984 seconds
Current memory usage: 392.82 MB (+12.3086 MB from start)


Processing entry 32500000 out of 93407205; 34.7939%
Number of Jets in this event: 0
Total jets processed so far: 18794114
Time elapsed: 2989 seconds
Current memory usage: 392.82 MB (+12.3086 MB from start)


Processing entry 32600000 out of 93407205; 34.9009%
Number of Jets in this event: 0
Total jets processed so far: 18851598
Time elapsed: 2997 seconds
Current memory usage: 392.82 MB (+12.3086 MB from start)


Processing entry 32700000 out of 93407205; 35.008%
Number of Jets in this event: 0
Total jets processed so far: 18908021
Time elapsed: 3004 seconds
Current memory usage: 392.82 MB (+12.3086 MB from start)


Processing entry 32800000 out of 93407205; 35.1151%
Number of Jets in this event: 0
Total jets processed so far: 18963892
Time elapsed: 3011 seconds
Current memory usage: 392.82 MB (+12.3086 MB from start)


Processing entry 32900000 out of 93407205; 35.2221%
Number of Jets in this event: 0
Total jets processed so far: 19020189
Time elapsed: 3018 seconds
Current memory usage: 392.82 MB (+12.3086 MB from start)


Processing entry 33000000 out of 93407205; 35.3292%
Number of Jets in this event: 0
Total jets processed so far: 19076911
Time elapsed: 3028 seconds
Current memory usage: 392.82 MB (+12.3086 MB from start)


Processing entry 33100000 out of 93407205; 35.4362%
Number of Jets in this event: 0
Total jets processed so far: 19132843
Time elapsed: 3038 seconds
Current memory usage: 392.82 MB (+12.3086 MB from start)


Processing entry 33200000 out of 93407205; 35.5433%
Number of Jets in this event: 0
Total jets processed so far: 19189443
Time elapsed: 3047 seconds
Current memory usage: 392.82 MB (+12.3086 MB from start)


Processing entry 33300000 out of 93407205; 35.6504%
Number of Jets in this event: 0
Total jets processed so far: 19247066
Time elapsed: 3058 seconds
Current memory usage: 392.82 MB (+12.3086 MB from start)


Processing entry 33400000 out of 93407205; 35.7574%
Number of Jets in this event: 0
Total jets processed so far: 19302227
Time elapsed: 3067 seconds
Current memory usage: 392.82 MB (+12.3086 MB from start)


Processing entry 33500000 out of 93407205; 35.8645%
Number of Jets in this event: 0
Total jets processed so far: 19358842
Time elapsed: 3084 seconds
Current memory usage: 392.82 MB (+12.3086 MB from start)


Processing entry 33600000 out of 93407205; 35.9715%
Number of Jets in this event: 0
Total jets processed so far: 19415050
Time elapsed: 3092 seconds
Current memory usage: 392.82 MB (+12.3086 MB from start)


Processing entry 33700000 out of 93407205; 36.0786%
Number of Jets in this event: 0
Total jets processed so far: 19471453
Time elapsed: 3098 seconds
Current memory usage: 392.82 MB (+12.3086 MB from start)


Processing entry 33800000 out of 93407205; 36.1856%
Number of Jets in this event: 0
Total jets processed so far: 19527149
Time elapsed: 3104 seconds
Current memory usage: 392.82 MB (+12.3086 MB from start)


Processing entry 33900000 out of 93407205; 36.2927%
Number of Jets in this event: 0
Total jets processed so far: 19582809
Time elapsed: 3114 seconds
Current memory usage: 392.82 MB (+12.3086 MB from start)


Processing entry 34000000 out of 93407205; 36.3998%
Number of Jets in this event: 1
Total jets processed so far: 19639055
Time elapsed: 3123 seconds
Current memory usage: 392.82 MB (+12.3086 MB from start)


Processing entry 34100000 out of 93407205; 36.5068%
Number of Jets in this event: 0
Total jets processed so far: 19695234
Time elapsed: 3130 seconds
Current memory usage: 392.82 MB (+12.3086 MB from start)


Processing entry 34200000 out of 93407205; 36.6139%
Number of Jets in this event: 0
Total jets processed so far: 19750903
Time elapsed: 3137 seconds
Current memory usage: 392.82 MB (+12.3086 MB from start)


Processing entry 34300000 out of 93407205; 36.7209%
Number of Jets in this event: 0
Total jets processed so far: 19807542
Time elapsed: 3143 seconds
Current memory usage: 392.82 MB (+12.3086 MB from start)


Processing entry 34400000 out of 93407205; 36.828%
Number of Jets in this event: 0
Total jets processed so far: 19862750
Time elapsed: 3152 seconds
Current memory usage: 392.82 MB (+12.3086 MB from start)


Processing entry 34500000 out of 93407205; 36.9351%
Number of Jets in this event: 0
Total jets processed so far: 19919189
Time elapsed: 3159 seconds
Current memory usage: 392.82 MB (+12.3086 MB from start)


Processing entry 34600000 out of 93407205; 37.0421%
Number of Jets in this event: 0
Total jets processed so far: 19975147
Time elapsed: 3167 seconds
Current memory usage: 392.82 MB (+12.3086 MB from start)


Processing entry 34700000 out of 93407205; 37.1492%
Number of Jets in this event: 0
Total jets processed so far: 20031236
Time elapsed: 3173 seconds
Current memory usage: 392.82 MB (+12.3086 MB from start)


Processing entry 34800000 out of 93407205; 37.2562%
Number of Jets in this event: 5
Total jets processed so far: 20087701
Time elapsed: 3184 seconds
Current memory usage: 392.82 MB (+12.3086 MB from start)


Processing entry 34900000 out of 93407205; 37.3633%
Number of Jets in this event: 0
Total jets processed so far: 20143625
Time elapsed: 3193 seconds
Current memory usage: 392.82 MB (+12.3086 MB from start)


Processing entry 35000000 out of 93407205; 37.4703%
Number of Jets in this event: 2
Total jets processed so far: 20200341
Time elapsed: 3199 seconds
Current memory usage: 392.82 MB (+12.3086 MB from start)


Processing entry 35100000 out of 93407205; 37.5774%
Number of Jets in this event: 0
Total jets processed so far: 20256053
Time elapsed: 3221 seconds
Current memory usage: 392.82 MB (+12.3086 MB from start)


Processing entry 35200000 out of 93407205; 37.6845%
Number of Jets in this event: 0
Total jets processed so far: 20312821
Time elapsed: 3228 seconds
Current memory usage: 392.82 MB (+12.3086 MB from start)


Processing entry 35300000 out of 93407205; 37.7915%
Number of Jets in this event: 0
Total jets processed so far: 20368097
Time elapsed: 3239 seconds
Current memory usage: 392.82 MB (+12.3086 MB from start)


Processing entry 35400000 out of 93407205; 37.8986%
Number of Jets in this event: 0
Total jets processed so far: 20423464
Time elapsed: 3247 seconds
Current memory usage: 392.82 MB (+12.3086 MB from start)


Processing entry 35500000 out of 93407205; 38.0056%
Number of Jets in this event: 0
Total jets processed so far: 20476753
Time elapsed: 3255 seconds
Current memory usage: 392.82 MB (+12.3086 MB from start)


Processing entry 35600000 out of 93407205; 38.1127%
Number of Jets in this event: 4
Total jets processed so far: 20532473
Time elapsed: 3262 seconds
Current memory usage: 392.82 MB (+12.3086 MB from start)


Processing entry 35700000 out of 93407205; 38.2197%
Number of Jets in this event: 0
Total jets processed so far: 20587143
Time elapsed: 3269 seconds
Current memory usage: 392.82 MB (+12.3086 MB from start)


Processing entry 35800000 out of 93407205; 38.3268%
Number of Jets in this event: 0
Total jets processed so far: 20640772
Time elapsed: 3275 seconds
Current memory usage: 392.82 MB (+12.3086 MB from start)


Processing entry 35900000 out of 93407205; 38.4339%
Number of Jets in this event: 0
Total jets processed so far: 20694334
Time elapsed: 3281 seconds
Current memory usage: 392.82 MB (+12.3086 MB from start)


Processing entry 36000000 out of 93407205; 38.5409%
Number of Jets in this event: 0
Total jets processed so far: 20747627
Time elapsed: 3286 seconds
Current memory usage: 392.82 MB (+12.3086 MB from start)


Processing entry 36100000 out of 93407205; 38.648%
Number of Jets in this event: 0
Total jets processed so far: 20801424
Time elapsed: 3291 seconds
Current memory usage: 392.82 MB (+12.3086 MB from start)


Processing entry 36200000 out of 93407205; 38.755%
Number of Jets in this event: 0
Total jets processed so far: 20854595
Time elapsed: 3303 seconds
Current memory usage: 392.82 MB (+12.3086 MB from start)


Processing entry 36300000 out of 93407205; 38.8621%
Number of Jets in this event: 1
Total jets processed so far: 20906676
Time elapsed: 3324 seconds
Current memory usage: 392.82 MB (+12.3086 MB from start)


Processing entry 36400000 out of 93407205; 38.9692%
Number of Jets in this event: 0
Total jets processed so far: 20959673
Time elapsed: 3340 seconds
Current memory usage: 392.82 MB (+12.3086 MB from start)


Processing entry 36500000 out of 93407205; 39.0762%
Number of Jets in this event: 0
Total jets processed so far: 21012947
Time elapsed: 3357 seconds
Current memory usage: 392.82 MB (+12.3086 MB from start)


Processing entry 36600000 out of 93407205; 39.1833%
Number of Jets in this event: 0
Total jets processed so far: 21064860
Time elapsed: 3376 seconds
Current memory usage: 392.82 MB (+12.3086 MB from start)


Processing entry 36700000 out of 93407205; 39.2903%
Number of Jets in this event: 0
Total jets processed so far: 21117673
Time elapsed: 3383 seconds
Current memory usage: 392.82 MB (+12.3086 MB from start)


Processing entry 36800000 out of 93407205; 39.3974%
Number of Jets in this event: 0
Total jets processed so far: 21168746
Time elapsed: 3391 seconds
Current memory usage: 392.82 MB (+12.3086 MB from start)


Processing entry 36900000 out of 93407205; 39.5044%
Number of Jets in this event: 4
Total jets processed so far: 21221214
Time elapsed: 3399 seconds
Current memory usage: 392.82 MB (+12.3086 MB from start)


Processing entry 37000000 out of 93407205; 39.6115%
Number of Jets in this event: 0
Total jets processed so far: 21272839
Time elapsed: 3404 seconds
Current memory usage: 392.82 MB (+12.3086 MB from start)


Processing entry 37100000 out of 93407205; 39.7186%
Number of Jets in this event: 3
Total jets processed so far: 21329084
Time elapsed: 3410 seconds
Current memory usage: 392.82 MB (+12.3086 MB from start)


Processing entry 37200000 out of 93407205; 39.8256%
Number of Jets in this event: 4
Total jets processed so far: 21390118
Time elapsed: 3415 seconds
Current memory usage: 392.82 MB (+12.3086 MB from start)


Processing entry 37300000 out of 93407205; 39.9327%
Number of Jets in this event: 0
Total jets processed so far: 21451197
Time elapsed: 3421 seconds
Current memory usage: 392.82 MB (+12.3086 MB from start)


Processing entry 37400000 out of 93407205; 40.0397%
Number of Jets in this event: 0
Total jets processed so far: 21511448
Time elapsed: 3427 seconds
Current memory usage: 392.82 MB (+12.3086 MB from start)


Processing entry 37500000 out of 93407205; 40.1468%
Number of Jets in this event: 0
Total jets processed so far: 21570716
Time elapsed: 3432 seconds
Current memory usage: 392.82 MB (+12.3086 MB from start)


Processing entry 37600000 out of 93407205; 40.2539%
Number of Jets in this event: 0
Total jets processed so far: 21632048
Time elapsed: 3442 seconds
Current memory usage: 392.82 MB (+12.3086 MB from start)


Processing entry 37700000 out of 93407205; 40.3609%
Number of Jets in this event: 0
Total jets processed so far: 21695247
Time elapsed: 3449 seconds
Current memory usage: 392.82 MB (+12.3086 MB from start)


Processing entry 37800000 out of 93407205; 40.468%
Number of Jets in this event: 0
Total jets processed so far: 21757341
Time elapsed: 3455 seconds
Current memory usage: 392.82 MB (+12.3086 MB from start)


Processing entry 37900000 out of 93407205; 40.575%
Number of Jets in this event: 0
Total jets processed so far: 21818712
Time elapsed: 3462 seconds
Current memory usage: 392.82 MB (+12.3086 MB from start)


Processing entry 38000000 out of 93407205; 40.6821%
Number of Jets in this event: 0
Total jets processed so far: 21880338
Time elapsed: 3469 seconds
Current memory usage: 392.82 MB (+12.3086 MB from start)


Processing entry 38100000 out of 93407205; 40.7891%
Number of Jets in this event: 0
Total jets processed so far: 21941207
Time elapsed: 3476 seconds
Current memory usage: 392.82 MB (+12.3086 MB from start)


Processing entry 38200000 out of 93407205; 40.8962%
Number of Jets in this event: 0
Total jets processed so far: 22003431
Time elapsed: 3484 seconds
Current memory usage: 392.82 MB (+12.3086 MB from start)


Processing entry 38300000 out of 93407205; 41.0033%
Number of Jets in this event: 0
Total jets processed so far: 22064952
Time elapsed: 3490 seconds
Current memory usage: 392.82 MB (+12.3086 MB from start)


Processing entry 38400000 out of 93407205; 41.1103%
Number of Jets in this event: 7
Total jets processed so far: 22124854
Time elapsed: 3498 seconds
Current memory usage: 392.82 MB (+12.3086 MB from start)


Processing entry 38500000 out of 93407205; 41.2174%
Number of Jets in this event: 0
Total jets processed so far: 22187541
Time elapsed: 3523 seconds
Current memory usage: 392.82 MB (+12.3086 MB from start)


Processing entry 38600000 out of 93407205; 41.3244%
Number of Jets in this event: 0
Total jets processed so far: 22248580
Time elapsed: 3537 seconds
Current memory usage: 392.82 MB (+12.3086 MB from start)


Processing entry 38700000 out of 93407205; 41.4315%
Number of Jets in this event: 0
Total jets processed so far: 22307553
Time elapsed: 3545 seconds
Current memory usage: 392.82 MB (+12.3086 MB from start)


Processing entry 38800000 out of 93407205; 41.5386%
Number of Jets in this event: 0
Total jets processed so far: 22369050
Time elapsed: 3556 seconds
Current memory usage: 392.82 MB (+12.3086 MB from start)


Processing entry 38900000 out of 93407205; 41.6456%
Number of Jets in this event: 7
Total jets processed so far: 22429755
Time elapsed: 3569 seconds
Current memory usage: 392.82 MB (+12.3086 MB from start)


Processing entry 39000000 out of 93407205; 41.7527%
Number of Jets in this event: 0
Total jets processed so far: 22492407
Time elapsed: 3587 seconds
Current memory usage: 392.82 MB (+12.3086 MB from start)


Processing entry 39100000 out of 93407205; 41.8597%
Number of Jets in this event: 0
Total jets processed so far: 22552780
Time elapsed: 3597 seconds
Current memory usage: 392.82 MB (+12.3086 MB from start)


Processing entry 39200000 out of 93407205; 41.9668%
Number of Jets in this event: 6
Total jets processed so far: 22614528
Time elapsed: 3606 seconds
Current memory usage: 392.82 MB (+12.3086 MB from start)


Processing entry 39300000 out of 93407205; 42.0738%
Number of Jets in this event: 0
Total jets processed so far: 22674928
Time elapsed: 3621 seconds
Current memory usage: 392.82 MB (+12.3086 MB from start)


Processing entry 39400000 out of 93407205; 42.1809%
Number of Jets in this event: 0
Total jets processed so far: 22732882
Time elapsed: 3635 seconds
Current memory usage: 392.82 MB (+12.3086 MB from start)


Processing entry 39500000 out of 93407205; 42.288%
Number of Jets in this event: 0
Total jets processed so far: 22794682
Time elapsed: 3642 seconds
Current memory usage: 392.82 MB (+12.3086 MB from start)


Processing entry 39600000 out of 93407205; 42.395%
Number of Jets in this event: 0
Total jets processed so far: 22855113
Time elapsed: 3648 seconds
Current memory usage: 392.82 MB (+12.3086 MB from start)


Processing entry 39700000 out of 93407205; 42.5021%
Number of Jets in this event: 0
Total jets processed so far: 22914826
Time elapsed: 3656 seconds
Current memory usage: 392.82 MB (+12.3086 MB from start)


Processing entry 39800000 out of 93407205; 42.6091%
Number of Jets in this event: 0
Total jets processed so far: 22977000
Time elapsed: 3668 seconds
Current memory usage: 392.82 MB (+12.3086 MB from start)


Processing entry 39900000 out of 93407205; 42.7162%
Number of Jets in this event: 0
Total jets processed so far: 23040165
Time elapsed: 3678 seconds
Current memory usage: 392.82 MB (+12.3086 MB from start)


Processing entry 40000000 out of 93407205; 42.8232%
Number of Jets in this event: 0
Total jets processed so far: 23100284
Time elapsed: 3695 seconds
Current memory usage: 392.82 MB (+12.3086 MB from start)


Processing entry 40100000 out of 93407205; 42.9303%
Number of Jets in this event: 0
Total jets processed so far: 23155953
Time elapsed: 3704 seconds
Current memory usage: 392.82 MB (+12.3086 MB from start)


Processing entry 40200000 out of 93407205; 43.0374%
Number of Jets in this event: 1
Total jets processed so far: 23214062
Time elapsed: 3718 seconds
Current memory usage: 392.82 MB (+12.3086 MB from start)


Processing entry 40300000 out of 93407205; 43.1444%
Number of Jets in this event: 0
Total jets processed so far: 23275436
Time elapsed: 3726 seconds
Current memory usage: 392.82 MB (+12.3086 MB from start)


Processing entry 40400000 out of 93407205; 43.2515%
Number of Jets in this event: 8
Total jets processed so far: 23336363
Time elapsed: 3733 seconds
Current memory usage: 392.82 MB (+12.3086 MB from start)


Processing entry 40500000 out of 93407205; 43.3585%
Number of Jets in this event: 0
Total jets processed so far: 23397594
Time elapsed: 3740 seconds
Current memory usage: 392.82 MB (+12.3086 MB from start)


Processing entry 40600000 out of 93407205; 43.4656%
Number of Jets in this event: 4
Total jets processed so far: 23453896
Time elapsed: 3750 seconds
Current memory usage: 392.82 MB (+12.3086 MB from start)


Processing entry 40700000 out of 93407205; 43.5727%
Number of Jets in this event: 0
Total jets processed so far: 23509960
Time elapsed: 3780 seconds
Current memory usage: 392.82 MB (+12.3086 MB from start)


Processing entry 40800000 out of 93407205; 43.6797%
Number of Jets in this event: 0
Total jets processed so far: 23572307
Time elapsed: 3792 seconds
Current memory usage: 392.82 MB (+12.3086 MB from start)


Processing entry 40900000 out of 93407205; 43.7868%
Number of Jets in this event: 0
Total jets processed so far: 23633729
Time elapsed: 3799 seconds
Current memory usage: 392.82 MB (+12.3086 MB from start)


Processing entry 41000000 out of 93407205; 43.8938%
Number of Jets in this event: 0
Total jets processed so far: 23695993
Time elapsed: 3836 seconds
Current memory usage: 392.82 MB (+12.3086 MB from start)


Processing entry 41100000 out of 93407205; 44.0009%
Number of Jets in this event: 0
Total jets processed so far: 23756444
Time elapsed: 3853 seconds
Current memory usage: 392.82 MB (+12.3086 MB from start)


Processing entry 41200000 out of 93407205; 44.1079%
Number of Jets in this event: 1
Total jets processed so far: 23816590
Time elapsed: 3869 seconds
Current memory usage: 392.82 MB (+12.3086 MB from start)


Processing entry 41300000 out of 93407205; 44.215%
Number of Jets in this event: 0
Total jets processed so far: 23877410
Time elapsed: 3878 seconds
Current memory usage: 392.82 MB (+12.3086 MB from start)


Processing entry 41400000 out of 93407205; 44.3221%
Number of Jets in this event: 0
Total jets processed so far: 23934835
Time elapsed: 3885 seconds
Current memory usage: 392.82 MB (+12.3086 MB from start)


Processing entry 41500000 out of 93407205; 44.4291%
Number of Jets in this event: 0
Total jets processed so far: 23994810
Time elapsed: 3896 seconds
Current memory usage: 392.82 MB (+12.3086 MB from start)


Processing entry 41600000 out of 93407205; 44.5362%
Number of Jets in this event: 0
Total jets processed so far: 24053202
Time elapsed: 3906 seconds
Current memory usage: 392.82 MB (+12.3086 MB from start)


Processing entry 41700000 out of 93407205; 44.6432%
Number of Jets in this event: 4
Total jets processed so far: 24110000
Time elapsed: 3913 seconds
Current memory usage: 392.82 MB (+12.3086 MB from start)


Processing entry 41800000 out of 93407205; 44.7503%
Number of Jets in this event: 0
Total jets processed so far: 24166587
Time elapsed: 3920 seconds
Current memory usage: 392.82 MB (+12.3086 MB from start)


Processing entry 41900000 out of 93407205; 44.8574%
Number of Jets in this event: 0
Total jets processed so far: 24226529
Time elapsed: 3928 seconds
Current memory usage: 392.82 MB (+12.3086 MB from start)


Processing entry 42000000 out of 93407205; 44.9644%
Number of Jets in this event: 1
Total jets processed so far: 24280747
Time elapsed: 3935 seconds
Current memory usage: 392.82 MB (+12.3086 MB from start)


Processing entry 42100000 out of 93407205; 45.0715%
Number of Jets in this event: 0
Total jets processed so far: 24339647
Time elapsed: 3948 seconds
Current memory usage: 392.82 MB (+12.3086 MB from start)


Processing entry 42200000 out of 93407205; 45.1785%
Number of Jets in this event: 0
Total jets processed so far: 24400620
Time elapsed: 3958 seconds
Current memory usage: 392.82 MB (+12.3086 MB from start)


Processing entry 42300000 out of 93407205; 45.2856%
Number of Jets in this event: 0
Total jets processed so far: 24460800
Time elapsed: 3978 seconds
Current memory usage: 392.82 MB (+12.3086 MB from start)


Processing entry 42400000 out of 93407205; 45.3926%
Number of Jets in this event: 0
Total jets processed so far: 24521093
Time elapsed: 3987 seconds
Current memory usage: 392.82 MB (+12.3086 MB from start)


Processing entry 42500000 out of 93407205; 45.4997%
Number of Jets in this event: 0
Total jets processed so far: 24578951
Time elapsed: 4011 seconds
Current memory usage: 392.82 MB (+12.3086 MB from start)


Processing entry 42600000 out of 93407205; 45.6068%
Number of Jets in this event: 0
Total jets processed so far: 24635647
Time elapsed: 4023 seconds
Current memory usage: 392.82 MB (+12.3086 MB from start)


Processing entry 42700000 out of 93407205; 45.7138%
Number of Jets in this event: 0
Total jets processed so far: 24689568
Time elapsed: 4034 seconds
Current memory usage: 392.82 MB (+12.3086 MB from start)


Processing entry 42800000 out of 93407205; 45.8209%
Number of Jets in this event: 0
Total jets processed so far: 24745976
Time elapsed: 4048 seconds
Current memory usage: 392.82 MB (+12.3086 MB from start)


Processing entry 42900000 out of 93407205; 45.9279%
Number of Jets in this event: 0
Total jets processed so far: 24806413
Time elapsed: 4058 seconds
Current memory usage: 392.82 MB (+12.3086 MB from start)


Processing entry 43000000 out of 93407205; 46.035%
Number of Jets in this event: 0
Total jets processed so far: 24864786
Time elapsed: 4069 seconds
Current memory usage: 392.82 MB (+12.3086 MB from start)


Processing entry 43100000 out of 93407205; 46.1421%
Number of Jets in this event: 0
Total jets processed so far: 24921736
Time elapsed: 4078 seconds
Current memory usage: 392.82 MB (+12.3086 MB from start)


Processing entry 43200000 out of 93407205; 46.2491%
Number of Jets in this event: 0
Total jets processed so far: 24978285
Time elapsed: 4084 seconds
Current memory usage: 392.82 MB (+12.3086 MB from start)


Processing entry 43300000 out of 93407205; 46.3562%
Number of Jets in this event: 0
Total jets processed so far: 25037207
Time elapsed: 4091 seconds
Current memory usage: 392.82 MB (+12.3086 MB from start)


Processing entry 43400000 out of 93407205; 46.4632%
Number of Jets in this event: 0
Total jets processed so far: 25093516
Time elapsed: 4098 seconds
Current memory usage: 392.82 MB (+12.3086 MB from start)


Processing entry 43500000 out of 93407205; 46.5703%
Number of Jets in this event: 1
Total jets processed so far: 25151194
Time elapsed: 4111 seconds
Current memory usage: 392.82 MB (+12.3086 MB from start)


Processing entry 43600000 out of 93407205; 46.6773%
Number of Jets in this event: 0
Total jets processed so far: 25206003
Time elapsed: 4123 seconds
Current memory usage: 392.82 MB (+12.3086 MB from start)


Processing entry 43700000 out of 93407205; 46.7844%
Number of Jets in this event: 0
Total jets processed so far: 25262769
Time elapsed: 4135 seconds
Current memory usage: 392.82 MB (+12.3086 MB from start)


Processing entry 43800000 out of 93407205; 46.8915%
Number of Jets in this event: 0
Total jets processed so far: 25318332
Time elapsed: 4143 seconds
Current memory usage: 392.82 MB (+12.3086 MB from start)


Processing entry 43900000 out of 93407205; 46.9985%
Number of Jets in this event: 0
Total jets processed so far: 25375982
Time elapsed: 4153 seconds
Current memory usage: 392.82 MB (+12.3086 MB from start)


Processing entry 44000000 out of 93407205; 47.1056%
Number of Jets in this event: 0
Total jets processed so far: 25432301
Time elapsed: 4162 seconds
Current memory usage: 392.82 MB (+12.3086 MB from start)


Processing entry 44100000 out of 93407205; 47.2126%
Number of Jets in this event: 0
Total jets processed so far: 25487172
Time elapsed: 4169 seconds
Current memory usage: 392.82 MB (+12.3086 MB from start)


Processing entry 44200000 out of 93407205; 47.3197%
Number of Jets in this event: 3
Total jets processed so far: 25543764
Time elapsed: 4176 seconds
Current memory usage: 392.82 MB (+12.3086 MB from start)


Processing entry 44300000 out of 93407205; 47.4267%
Number of Jets in this event: 0
Total jets processed so far: 25603020
Time elapsed: 4183 seconds
Current memory usage: 392.82 MB (+12.3086 MB from start)


Processing entry 44400000 out of 93407205; 47.5338%
Number of Jets in this event: 0
Total jets processed so far: 25662832
Time elapsed: 4192 seconds
Current memory usage: 392.82 MB (+12.3086 MB from start)


Processing entry 44500000 out of 93407205; 47.6409%
Number of Jets in this event: 0
Total jets processed so far: 25722508
Time elapsed: 4198 seconds
Current memory usage: 392.82 MB (+12.3086 MB from start)


Processing entry 44600000 out of 93407205; 47.7479%
Number of Jets in this event: 0
Total jets processed so far: 25781176
Time elapsed: 4205 seconds
Current memory usage: 392.82 MB (+12.3086 MB from start)


Processing entry 44700000 out of 93407205; 47.855%
Number of Jets in this event: 0
Total jets processed so far: 25835599
Time elapsed: 4211 seconds
Current memory usage: 392.82 MB (+12.3086 MB from start)


Processing entry 44800000 out of 93407205; 47.962%
Number of Jets in this event: 0
Total jets processed so far: 25892060
Time elapsed: 4232 seconds
Current memory usage: 392.82 MB (+12.3086 MB from start)


Processing entry 44900000 out of 93407205; 48.0691%
Number of Jets in this event: 3
Total jets processed so far: 25951333
Time elapsed: 4240 seconds
Current memory usage: 392.82 MB (+12.3086 MB from start)


Processing entry 45000000 out of 93407205; 48.1762%
Number of Jets in this event: 0
Total jets processed so far: 26006221
Time elapsed: 4248 seconds
Current memory usage: 392.82 MB (+12.3086 MB from start)


Processing entry 45100000 out of 93407205; 48.2832%
Number of Jets in this event: 0
Total jets processed so far: 26065112
Time elapsed: 4267 seconds
Current memory usage: 392.82 MB (+12.3086 MB from start)


Processing entry 45200000 out of 93407205; 48.3903%
Number of Jets in this event: 0
Total jets processed so far: 26124551
Time elapsed: 4279 seconds
Current memory usage: 392.82 MB (+12.3086 MB from start)


Processing entry 45300000 out of 93407205; 48.4973%
Number of Jets in this event: 0
Total jets processed so far: 26183486
Time elapsed: 4287 seconds
Current memory usage: 392.82 MB (+12.3086 MB from start)


Processing entry 45400000 out of 93407205; 48.6044%
Number of Jets in this event: 0
Total jets processed so far: 26243229
Time elapsed: 4295 seconds
Current memory usage: 392.82 MB (+12.3086 MB from start)


Processing entry 45500000 out of 93407205; 48.7114%
Number of Jets in this event: 7
Total jets processed so far: 26301851
Time elapsed: 4303 seconds
Current memory usage: 392.82 MB (+12.3086 MB from start)


Processing entry 45600000 out of 93407205; 48.8185%
Number of Jets in this event: 0
Total jets processed so far: 26361121
Time elapsed: 4311 seconds
Current memory usage: 392.82 MB (+12.3086 MB from start)


Processing entry 45700000 out of 93407205; 48.9256%
Number of Jets in this event: 0
Total jets processed so far: 26419279
Time elapsed: 4320 seconds
Current memory usage: 392.82 MB (+12.3086 MB from start)


Processing entry 45800000 out of 93407205; 49.0326%
Number of Jets in this event: 0
Total jets processed so far: 26474477
Time elapsed: 4335 seconds
Current memory usage: 392.82 MB (+12.3086 MB from start)


Processing entry 45900000 out of 93407205; 49.1397%
Number of Jets in this event: 0
Total jets processed so far: 26529608
Time elapsed: 4343 seconds
Current memory usage: 392.82 MB (+12.3086 MB from start)


Processing entry 46000000 out of 93407205; 49.2467%
Number of Jets in this event: 6
Total jets processed so far: 26584749
Time elapsed: 4349 seconds
Current memory usage: 392.82 MB (+12.3086 MB from start)


Processing entry 46100000 out of 93407205; 49.3538%
Number of Jets in this event: 0
Total jets processed so far: 26639245
Time elapsed: 4363 seconds
Current memory usage: 392.82 MB (+12.3086 MB from start)


Processing entry 46200000 out of 93407205; 49.4609%
Number of Jets in this event: 0
Total jets processed so far: 26693843
Time elapsed: 4370 seconds
Current memory usage: 392.82 MB (+12.3086 MB from start)


Processing entry 46300000 out of 93407205; 49.5679%
Number of Jets in this event: 0
Total jets processed so far: 26747685
Time elapsed: 4377 seconds
Current memory usage: 392.82 MB (+12.3086 MB from start)


Processing entry 46400000 out of 93407205; 49.675%
Number of Jets in this event: 0
Total jets processed so far: 26802336
Time elapsed: 4385 seconds
Current memory usage: 392.82 MB (+12.3086 MB from start)


Processing entry 46500000 out of 93407205; 49.782%
Number of Jets in this event: 0
Total jets processed so far: 26857389
Time elapsed: 4390 seconds
Current memory usage: 392.82 MB (+12.3086 MB from start)


Processing entry 46600000 out of 93407205; 49.8891%
Number of Jets in this event: 0
Total jets processed so far: 26911599
Time elapsed: 4399 seconds
Current memory usage: 392.82 MB (+12.3086 MB from start)


Processing entry 46700000 out of 93407205; 49.9961%
Number of Jets in this event: 0
Total jets processed so far: 26966431
Time elapsed: 4416 seconds
Current memory usage: 392.82 MB (+12.3086 MB from start)


Processing entry 46800000 out of 93407205; 50.1032%
Number of Jets in this event: 0
Total jets processed so far: 27021872
Time elapsed: 4428 seconds
Current memory usage: 392.82 MB (+12.3086 MB from start)


Processing entry 46900000 out of 93407205; 50.2103%
Number of Jets in this event: 0
Total jets processed so far: 27077465
Time elapsed: 4446 seconds
Current memory usage: 392.82 MB (+12.3086 MB from start)


Processing entry 47000000 out of 93407205; 50.3173%
Number of Jets in this event: 0
Total jets processed so far: 27132078
Time elapsed: 4462 seconds
Current memory usage: 392.82 MB (+12.3086 MB from start)


Processing entry 47100000 out of 93407205; 50.4244%
Number of Jets in this event: 0
Total jets processed so far: 27186820
Time elapsed: 4476 seconds
Current memory usage: 392.82 MB (+12.3086 MB from start)


Processing entry 47200000 out of 93407205; 50.5314%
Number of Jets in this event: 0
Total jets processed so far: 27241278
Time elapsed: 4482 seconds
Current memory usage: 392.82 MB (+12.3086 MB from start)


Processing entry 47300000 out of 93407205; 50.6385%
Number of Jets in this event: 0
Total jets processed so far: 27296057
Time elapsed: 4488 seconds
Current memory usage: 392.82 MB (+12.3086 MB from start)


Processing entry 47400000 out of 93407205; 50.7455%
Number of Jets in this event: 0
Total jets processed so far: 27350779
Time elapsed: 4495 seconds
Current memory usage: 392.82 MB (+12.3086 MB from start)


Processing entry 47500000 out of 93407205; 50.8526%
Number of Jets in this event: 0
Total jets processed so far: 27405255
Time elapsed: 4527 seconds
Current memory usage: 392.82 MB (+12.3086 MB from start)


Processing entry 47600000 out of 93407205; 50.9597%
Number of Jets in this event: 0
Total jets processed so far: 27459668
Time elapsed: 4536 seconds
Current memory usage: 392.82 MB (+12.3086 MB from start)


Processing entry 47700000 out of 93407205; 51.0667%
Number of Jets in this event: 3
Total jets processed so far: 27513234
Time elapsed: 4543 seconds
Current memory usage: 392.82 MB (+12.3086 MB from start)


Processing entry 47800000 out of 93407205; 51.1738%
Number of Jets in this event: 0
Total jets processed so far: 27568786
Time elapsed: 4549 seconds
Current memory usage: 392.82 MB (+12.3086 MB from start)


Processing entry 47900000 out of 93407205; 51.2808%
Number of Jets in this event: 0
Total jets processed so far: 27623240
Time elapsed: 4568 seconds
Current memory usage: 392.82 MB (+12.3086 MB from start)


Processing entry 48000000 out of 93407205; 51.3879%
Number of Jets in this event: 0
Total jets processed so far: 27678473
Time elapsed: 4577 seconds
Current memory usage: 392.82 MB (+12.3086 MB from start)


Processing entry 48100000 out of 93407205; 51.495%
Number of Jets in this event: 0
Total jets processed so far: 27734127
Time elapsed: 4584 seconds
Current memory usage: 392.82 MB (+12.3086 MB from start)


Processing entry 48200000 out of 93407205; 51.602%
Number of Jets in this event: 1
Total jets processed so far: 27789284
Time elapsed: 4591 seconds
Current memory usage: 392.82 MB (+12.3086 MB from start)


Processing entry 48300000 out of 93407205; 51.7091%
Number of Jets in this event: 0
Total jets processed so far: 27844800
Time elapsed: 4597 seconds
Current memory usage: 392.82 MB (+12.3086 MB from start)


Processing entry 48400000 out of 93407205; 51.8161%
Number of Jets in this event: 0
Total jets processed so far: 27898742
Time elapsed: 4604 seconds
Current memory usage: 392.82 MB (+12.3086 MB from start)


Processing entry 48500000 out of 93407205; 51.9232%
Number of Jets in this event: 0
Total jets processed so far: 27954997
Time elapsed: 4615 seconds
Current memory usage: 392.82 MB (+12.3086 MB from start)


Processing entry 48600000 out of 93407205; 52.0302%
Number of Jets in this event: 0
Total jets processed so far: 28009408
Time elapsed: 4623 seconds
Current memory usage: 392.82 MB (+12.3086 MB from start)


Processing entry 48700000 out of 93407205; 52.1373%
Number of Jets in this event: 0
Total jets processed so far: 28064620
Time elapsed: 4632 seconds
Current memory usage: 392.82 MB (+12.3086 MB from start)


Processing entry 48800000 out of 93407205; 52.2444%
Number of Jets in this event: 0
Total jets processed so far: 28119806
Time elapsed: 4640 seconds
Current memory usage: 392.82 MB (+12.3086 MB from start)


Processing entry 48900000 out of 93407205; 52.3514%
Number of Jets in this event: 0
Total jets processed so far: 28174443
Time elapsed: 4656 seconds
Current memory usage: 392.82 MB (+12.3086 MB from start)


Processing entry 49000000 out of 93407205; 52.4585%
Number of Jets in this event: 0
Total jets processed so far: 28228911
Time elapsed: 4669 seconds
Current memory usage: 392.82 MB (+12.3086 MB from start)


Processing entry 49100000 out of 93407205; 52.5655%
Number of Jets in this event: 2
Total jets processed so far: 28283783
Time elapsed: 4675 seconds
Current memory usage: 392.82 MB (+12.3086 MB from start)


Processing entry 49200000 out of 93407205; 52.6726%
Number of Jets in this event: 0
Total jets processed so far: 28338249
Time elapsed: 4681 seconds
Current memory usage: 392.82 MB (+12.3086 MB from start)


Processing entry 49300000 out of 93407205; 52.7797%
Number of Jets in this event: 0
Total jets processed so far: 28393042
Time elapsed: 4688 seconds
Current memory usage: 392.82 MB (+12.3086 MB from start)


Processing entry 49400000 out of 93407205; 52.8867%
Number of Jets in this event: 0
Total jets processed so far: 28447596
Time elapsed: 4696 seconds
Current memory usage: 392.82 MB (+12.3086 MB from start)


Processing entry 49500000 out of 93407205; 52.9938%
Number of Jets in this event: 0
Total jets processed so far: 28502581
Time elapsed: 4703 seconds
Current memory usage: 392.82 MB (+12.3086 MB from start)


Processing entry 49600000 out of 93407205; 53.1008%
Number of Jets in this event: 0
Total jets processed so far: 28557652
Time elapsed: 4711 seconds
Current memory usage: 392.82 MB (+12.3086 MB from start)


Processing entry 49700000 out of 93407205; 53.2079%
Number of Jets in this event: 1
Total jets processed so far: 28611362
Time elapsed: 4719 seconds
Current memory usage: 392.82 MB (+12.3086 MB from start)


Processing entry 49800000 out of 93407205; 53.3149%
Number of Jets in this event: 0
Total jets processed so far: 28665720
Time elapsed: 4730 seconds
Current memory usage: 392.82 MB (+12.3086 MB from start)


Processing entry 49900000 out of 93407205; 53.422%
Number of Jets in this event: 0
Total jets processed so far: 28719891
Time elapsed: 4742 seconds
Current memory usage: 392.82 MB (+12.3086 MB from start)


Processing entry 50000000 out of 93407205; 53.5291%
Number of Jets in this event: 0
Total jets processed so far: 28775716
Time elapsed: 4752 seconds
Current memory usage: 392.82 MB (+12.3086 MB from start)


Processing entry 50100000 out of 93407205; 53.6361%
Number of Jets in this event: 0
Total jets processed so far: 28834168
Time elapsed: 4756 seconds
Current memory usage: 392.82 MB (+12.3086 MB from start)


Processing entry 50200000 out of 93407205; 53.7432%
Number of Jets in this event: 0
Total jets processed so far: 28887154
Time elapsed: 4762 seconds
Current memory usage: 392.82 MB (+12.3086 MB from start)


Processing entry 50300000 out of 93407205; 53.8502%
Number of Jets in this event: 0
Total jets processed so far: 28941636
Time elapsed: 4765 seconds
Current memory usage: 392.82 MB (+12.3086 MB from start)


Processing entry 50400000 out of 93407205; 53.9573%
Number of Jets in this event: 0
Total jets processed so far: 28997940
Time elapsed: 4770 seconds
Current memory usage: 392.82 MB (+12.3086 MB from start)


Processing entry 50500000 out of 93407205; 54.0644%
Number of Jets in this event: 3
Total jets processed so far: 29054631
Time elapsed: 4787 seconds
Current memory usage: 392.82 MB (+12.3086 MB from start)


Processing entry 50600000 out of 93407205; 54.1714%
Number of Jets in this event: 0
Total jets processed so far: 29112685
Time elapsed: 4796 seconds
Current memory usage: 392.82 MB (+12.3086 MB from start)


Processing entry 50700000 out of 93407205; 54.2785%
Number of Jets in this event: 2
Total jets processed so far: 29171718
Time elapsed: 4809 seconds
Current memory usage: 392.82 MB (+12.3086 MB from start)


Processing entry 50800000 out of 93407205; 54.3855%
Number of Jets in this event: 0
Total jets processed so far: 29228919
Time elapsed: 4824 seconds
Current memory usage: 392.82 MB (+12.3086 MB from start)


Processing entry 50900000 out of 93407205; 54.4926%
Number of Jets in this event: 0
Total jets processed so far: 29286658
Time elapsed: 4836 seconds
Current memory usage: 392.82 MB (+12.3086 MB from start)


Processing entry 51000000 out of 93407205; 54.5996%
Number of Jets in this event: 0
Total jets processed so far: 29342343
Time elapsed: 4853 seconds
Current memory usage: 392.82 MB (+12.3086 MB from start)


Processing entry 51100000 out of 93407205; 54.7067%
Number of Jets in this event: 0
Total jets processed so far: 29397714
Time elapsed: 4864 seconds
Current memory usage: 392.82 MB (+12.3086 MB from start)


Processing entry 51200000 out of 93407205; 54.8138%
Number of Jets in this event: 0
Total jets processed so far: 29453379
Time elapsed: 4872 seconds
Current memory usage: 392.82 MB (+12.3086 MB from start)


Processing entry 51300000 out of 93407205; 54.9208%
Number of Jets in this event: 2
Total jets processed so far: 29509737
Time elapsed: 4879 seconds
Current memory usage: 392.82 MB (+12.3086 MB from start)


Processing entry 51400000 out of 93407205; 55.0279%
Number of Jets in this event: 0
Total jets processed so far: 29566248
Time elapsed: 4891 seconds
Current memory usage: 392.82 MB (+12.3086 MB from start)


Processing entry 51500000 out of 93407205; 55.1349%
Number of Jets in this event: 0
Total jets processed so far: 29621016
Time elapsed: 4906 seconds
Current memory usage: 392.82 MB (+12.3086 MB from start)


Processing entry 51600000 out of 93407205; 55.242%
Number of Jets in this event: 0
Total jets processed so far: 29678137
Time elapsed: 4916 seconds
Current memory usage: 392.82 MB (+12.3086 MB from start)


Processing entry 51700000 out of 93407205; 55.349%
Number of Jets in this event: 0
Total jets processed so far: 29731945
Time elapsed: 4941 seconds
Current memory usage: 392.82 MB (+12.3086 MB from start)


Processing entry 51800000 out of 93407205; 55.4561%
Number of Jets in this event: 0
Total jets processed so far: 29783819
Time elapsed: 4968 seconds
Current memory usage: 392.82 MB (+12.3086 MB from start)


Processing entry 51900000 out of 93407205; 55.5632%
Number of Jets in this event: 0
Total jets processed so far: 29836699
Time elapsed: 4991 seconds
Current memory usage: 392.82 MB (+12.3086 MB from start)


Processing entry 52000000 out of 93407205; 55.6702%
Number of Jets in this event: 5
Total jets processed so far: 29891927
Time elapsed: 5004 seconds
Current memory usage: 392.82 MB (+12.3086 MB from start)


Processing entry 52100000 out of 93407205; 55.7773%
Number of Jets in this event: 0
Total jets processed so far: 29945728
Time elapsed: 5013 seconds
Current memory usage: 392.82 MB (+12.3086 MB from start)


Processing entry 52200000 out of 93407205; 55.8843%
Number of Jets in this event: 0
Total jets processed so far: 30000990
Time elapsed: 5021 seconds
Current memory usage: 392.82 MB (+12.3086 MB from start)


Processing entry 52300000 out of 93407205; 55.9914%
Number of Jets in this event: 4
Total jets processed so far: 30055441
Time elapsed: 5029 seconds
Current memory usage: 392.82 MB (+12.3086 MB from start)


Processing entry 52400000 out of 93407205; 56.0985%
Number of Jets in this event: 0
Total jets processed so far: 30108333
Time elapsed: 5035 seconds
Current memory usage: 392.82 MB (+12.3086 MB from start)


Processing entry 52500000 out of 93407205; 56.2055%
Number of Jets in this event: 0
Total jets processed so far: 30161561
Time elapsed: 5040 seconds
Current memory usage: 392.82 MB (+12.3086 MB from start)


Processing entry 52600000 out of 93407205; 56.3126%
Number of Jets in this event: 0
Total jets processed so far: 30213237
Time elapsed: 5047 seconds
Current memory usage: 392.82 MB (+12.3086 MB from start)


Processing entry 52700000 out of 93407205; 56.4196%
Number of Jets in this event: 0
Total jets processed so far: 30265651
Time elapsed: 5055 seconds
Current memory usage: 392.82 MB (+12.3086 MB from start)


Processing entry 52800000 out of 93407205; 56.5267%
Number of Jets in this event: 0
Total jets processed so far: 30319911
Time elapsed: 5065 seconds
Current memory usage: 392.82 MB (+12.3086 MB from start)


Processing entry 52900000 out of 93407205; 56.6337%
Number of Jets in this event: 0
Total jets processed so far: 30373545
Time elapsed: 5077 seconds
Current memory usage: 392.82 MB (+12.3086 MB from start)


Processing entry 53000000 out of 93407205; 56.7408%
Number of Jets in this event: 0
Total jets processed so far: 30426870
Time elapsed: 5084 seconds
Current memory usage: 392.82 MB (+12.3086 MB from start)


Processing entry 53100000 out of 93407205; 56.8479%
Number of Jets in this event: 0
Total jets processed so far: 30479894
Time elapsed: 5091 seconds
Current memory usage: 392.82 MB (+12.3086 MB from start)


Processing entry 53200000 out of 93407205; 56.9549%
Number of Jets in this event: 0
Total jets processed so far: 30522504
Time elapsed: 5098 seconds
Current memory usage: 392.82 MB (+12.3086 MB from start)


Processing entry 53300000 out of 93407205; 57.062%
Number of Jets in this event: 0
Total jets processed so far: 30559753
Time elapsed: 5104 seconds
Current memory usage: 392.82 MB (+12.3086 MB from start)


Processing entry 53400000 out of 93407205; 57.169%
Number of Jets in this event: 2
Total jets processed so far: 30598532
Time elapsed: 5111 seconds
Current memory usage: 392.82 MB (+12.3086 MB from start)


Processing entry 53500000 out of 93407205; 57.2761%
Number of Jets in this event: 0
Total jets processed so far: 30649317
Time elapsed: 5122 seconds
Current memory usage: 392.82 MB (+12.3086 MB from start)


Processing entry 53600000 out of 93407205; 57.3831%
Number of Jets in this event: 0
Total jets processed so far: 30709085
Time elapsed: 5135 seconds
Current memory usage: 392.832 MB (+12.3203 MB from start)


Processing entry 53700000 out of 93407205; 57.4902%
Number of Jets in this event: 0
Total jets processed so far: 30771928
Time elapsed: 5148 seconds
Current memory usage: 392.832 MB (+12.3203 MB from start)


Processing entry 53800000 out of 93407205; 57.5973%
Number of Jets in this event: 0
Total jets processed so far: 30833331
Time elapsed: 5166 seconds
Current memory usage: 392.832 MB (+12.3203 MB from start)


Processing entry 53900000 out of 93407205; 57.7043%
Number of Jets in this event: 0
Total jets processed so far: 30893453
Time elapsed: 5182 seconds
Current memory usage: 392.832 MB (+12.3203 MB from start)


Processing entry 54000000 out of 93407205; 57.8114%
Number of Jets in this event: 0
Total jets processed so far: 30958018
Time elapsed: 5189 seconds
Current memory usage: 392.832 MB (+12.3203 MB from start)


Processing entry 54100000 out of 93407205; 57.9184%
Number of Jets in this event: 2
Total jets processed so far: 31021249
Time elapsed: 5205 seconds
Current memory usage: 392.832 MB (+12.3203 MB from start)


Processing entry 54200000 out of 93407205; 58.0255%
Number of Jets in this event: 0
Total jets processed so far: 31083615
Time elapsed: 5213 seconds
Current memory usage: 392.832 MB (+12.3203 MB from start)


Processing entry 54300000 out of 93407205; 58.1326%
Number of Jets in this event: 0
Total jets processed so far: 31145247
Time elapsed: 5219 seconds
Current memory usage: 392.832 MB (+12.3203 MB from start)


Processing entry 54400000 out of 93407205; 58.2396%
Number of Jets in this event: 0
Total jets processed so far: 31201786
Time elapsed: 5224 seconds
Current memory usage: 392.832 MB (+12.3203 MB from start)


Processing entry 54500000 out of 93407205; 58.3467%
Number of Jets in this event: 0
Total jets processed so far: 31259759
Time elapsed: 5237 seconds
Current memory usage: 392.832 MB (+12.3203 MB from start)


Processing entry 54600000 out of 93407205; 58.4537%
Number of Jets in this event: 0
Total jets processed so far: 31323020
Time elapsed: 5260 seconds
Current memory usage: 392.832 MB (+12.3203 MB from start)


Processing entry 54700000 out of 93407205; 58.5608%
Number of Jets in this event: 2
Total jets processed so far: 31386283
Time elapsed: 5269 seconds
Current memory usage: 392.832 MB (+12.3203 MB from start)


Processing entry 54800000 out of 93407205; 58.6679%
Number of Jets in this event: 0
Total jets processed so far: 31447497
Time elapsed: 5276 seconds
Current memory usage: 392.832 MB (+12.3203 MB from start)


Processing entry 54900000 out of 93407205; 58.7749%
Number of Jets in this event: 0
Total jets processed so far: 31506941
Time elapsed: 5285 seconds
Current memory usage: 392.832 MB (+12.3203 MB from start)


Processing entry 55000000 out of 93407205; 58.882%
Number of Jets in this event: 0
Total jets processed so far: 31569557
Time elapsed: 5296 seconds
Current memory usage: 392.832 MB (+12.3203 MB from start)


Processing entry 55100000 out of 93407205; 58.989%
Number of Jets in this event: 0
Total jets processed so far: 31630734
Time elapsed: 5304 seconds
Current memory usage: 392.832 MB (+12.3203 MB from start)


Processing entry 55200000 out of 93407205; 59.0961%
Number of Jets in this event: 0
Total jets processed so far: 31690055
Time elapsed: 5309 seconds
Current memory usage: 392.832 MB (+12.3203 MB from start)


Processing entry 55300000 out of 93407205; 59.2031%
Number of Jets in this event: 0
Total jets processed so far: 31749150
Time elapsed: 5317 seconds
Current memory usage: 392.832 MB (+12.3203 MB from start)


Processing entry 55400000 out of 93407205; 59.3102%
Number of Jets in this event: 0
Total jets processed so far: 31810014
Time elapsed: 5326 seconds
Current memory usage: 392.832 MB (+12.3203 MB from start)


Processing entry 55500000 out of 93407205; 59.4173%
Number of Jets in this event: 0
Total jets processed so far: 31869412
Time elapsed: 5336 seconds
Current memory usage: 392.832 MB (+12.3203 MB from start)


Processing entry 55600000 out of 93407205; 59.5243%
Number of Jets in this event: 0
Total jets processed so far: 31932034
Time elapsed: 5346 seconds
Current memory usage: 392.832 MB (+12.3203 MB from start)


Processing entry 55700000 out of 93407205; 59.6314%
Number of Jets in this event: 0
Total jets processed so far: 31994751
Time elapsed: 5357 seconds
Current memory usage: 392.832 MB (+12.3203 MB from start)


Processing entry 55800000 out of 93407205; 59.7384%
Number of Jets in this event: 7
Total jets processed so far: 32057309
Time elapsed: 5372 seconds
Current memory usage: 392.832 MB (+12.3203 MB from start)


Processing entry 55900000 out of 93407205; 59.8455%
Number of Jets in this event: 0
Total jets processed so far: 32100066
Time elapsed: 5382 seconds
Current memory usage: 392.832 MB (+12.3203 MB from start)


Processing entry 56000000 out of 93407205; 59.9525%
Number of Jets in this event: 0
Total jets processed so far: 32141933
Time elapsed: 5389 seconds
Current memory usage: 392.832 MB (+12.3203 MB from start)


Processing entry 56100000 out of 93407205; 60.0596%
Number of Jets in this event: 0
Total jets processed so far: 32184839
Time elapsed: 5396 seconds
Current memory usage: 392.832 MB (+12.3203 MB from start)


Processing entry 56200000 out of 93407205; 60.1667%
Number of Jets in this event: 0
Total jets processed so far: 32228790
Time elapsed: 5407 seconds
Current memory usage: 392.832 MB (+12.3203 MB from start)


Processing entry 56300000 out of 93407205; 60.2737%
Number of Jets in this event: 0
Total jets processed so far: 32279632
Time elapsed: 5416 seconds
Current memory usage: 392.832 MB (+12.3203 MB from start)


Processing entry 56400000 out of 93407205; 60.3808%
Number of Jets in this event: 5
Total jets processed so far: 32339932
Time elapsed: 5424 seconds
Current memory usage: 392.832 MB (+12.3203 MB from start)


Processing entry 56500000 out of 93407205; 60.4878%
Number of Jets in this event: 8
Total jets processed so far: 32399869
Time elapsed: 5436 seconds
Current memory usage: 392.832 MB (+12.3203 MB from start)


Processing entry 56600000 out of 93407205; 60.5949%
Number of Jets in this event: 0
Total jets processed so far: 32462209
Time elapsed: 5445 seconds
Current memory usage: 392.832 MB (+12.3203 MB from start)


Processing entry 56700000 out of 93407205; 60.702%
Number of Jets in this event: 0
Total jets processed so far: 32525893
Time elapsed: 5453 seconds
Current memory usage: 392.832 MB (+12.3203 MB from start)


Processing entry 56800000 out of 93407205; 60.809%
Number of Jets in this event: 0
Total jets processed so far: 32588250
Time elapsed: 5472 seconds
Current memory usage: 392.832 MB (+12.3203 MB from start)


Processing entry 56900000 out of 93407205; 60.9161%
Number of Jets in this event: 0
Total jets processed so far: 32651329
Time elapsed: 5482 seconds
Current memory usage: 392.832 MB (+12.3203 MB from start)


Processing entry 57000000 out of 93407205; 61.0231%
Number of Jets in this event: 0
Total jets processed so far: 32713679
Time elapsed: 5493 seconds
Current memory usage: 392.832 MB (+12.3203 MB from start)


Processing entry 57100000 out of 93407205; 61.1302%
Number of Jets in this event: 0
Total jets processed so far: 32776671
Time elapsed: 5507 seconds
Current memory usage: 392.832 MB (+12.3203 MB from start)


Processing entry 57200000 out of 93407205; 61.2372%
Number of Jets in this event: 0
Total jets processed so far: 32839386
Time elapsed: 5519 seconds
Current memory usage: 392.832 MB (+12.3203 MB from start)


Processing entry 57300000 out of 93407205; 61.3443%
Number of Jets in this event: 0
Total jets processed so far: 32901555
Time elapsed: 5530 seconds
Current memory usage: 392.832 MB (+12.3203 MB from start)


Processing entry 57400000 out of 93407205; 61.4514%
Number of Jets in this event: 0
Total jets processed so far: 32964006
Time elapsed: 5543 seconds
Current memory usage: 392.832 MB (+12.3203 MB from start)


Processing entry 57500000 out of 93407205; 61.5584%
Number of Jets in this event: 0
Total jets processed so far: 33024208
Time elapsed: 5558 seconds
Current memory usage: 392.832 MB (+12.3203 MB from start)


Processing entry 57600000 out of 93407205; 61.6655%
Number of Jets in this event: 2
Total jets processed so far: 33084608
Time elapsed: 5565 seconds
Current memory usage: 392.832 MB (+12.3203 MB from start)


Processing entry 57700000 out of 93407205; 61.7725%
Number of Jets in this event: 0
Total jets processed so far: 33147120
Time elapsed: 5584 seconds
Current memory usage: 392.832 MB (+12.3203 MB from start)


Processing entry 57800000 out of 93407205; 61.8796%
Number of Jets in this event: 8
Total jets processed so far: 33209298
Time elapsed: 5593 seconds
Current memory usage: 392.832 MB (+12.3203 MB from start)


Processing entry 57900000 out of 93407205; 61.9866%
Number of Jets in this event: 0
Total jets processed so far: 33269522
Time elapsed: 5600 seconds
Current memory usage: 392.832 MB (+12.3203 MB from start)


Processing entry 58000000 out of 93407205; 62.0937%
Number of Jets in this event: 1
Total jets processed so far: 33329194
Time elapsed: 5622 seconds
Current memory usage: 392.832 MB (+12.3203 MB from start)


Processing entry 58100000 out of 93407205; 62.2008%
Number of Jets in this event: 0
Total jets processed so far: 33389063
Time elapsed: 5637 seconds
Current memory usage: 392.832 MB (+12.3203 MB from start)


Processing entry 58200000 out of 93407205; 62.3078%
Number of Jets in this event: 0
Total jets processed so far: 33449853
Time elapsed: 5645 seconds
Current memory usage: 392.832 MB (+12.3203 MB from start)


Processing entry 58300000 out of 93407205; 62.4149%
Number of Jets in this event: 0
Total jets processed so far: 33510706
Time elapsed: 5660 seconds
Current memory usage: 392.832 MB (+12.3203 MB from start)


Processing entry 58400000 out of 93407205; 62.5219%
Number of Jets in this event: 0
Total jets processed so far: 33571530
Time elapsed: 5668 seconds
Current memory usage: 392.832 MB (+12.3203 MB from start)


Processing entry 58500000 out of 93407205; 62.629%
Number of Jets in this event: 0
Total jets processed so far: 33631372
Time elapsed: 5675 seconds
Current memory usage: 392.832 MB (+12.3203 MB from start)


Processing entry 58600000 out of 93407205; 62.7361%
Number of Jets in this event: 0
Total jets processed so far: 33691029
Time elapsed: 5689 seconds
Current memory usage: 392.832 MB (+12.3203 MB from start)


Processing entry 58700000 out of 93407205; 62.8431%
Number of Jets in this event: 0
Total jets processed so far: 33750568
Time elapsed: 5707 seconds
Current memory usage: 392.832 MB (+12.3203 MB from start)


Processing entry 58800000 out of 93407205; 62.9502%
Number of Jets in this event: 0
Total jets processed so far: 33808112
Time elapsed: 5726 seconds
Current memory usage: 392.832 MB (+12.3203 MB from start)


Processing entry 58900000 out of 93407205; 63.0572%
Number of Jets in this event: 0
Total jets processed so far: 33868352
Time elapsed: 5734 seconds
Current memory usage: 392.832 MB (+12.3203 MB from start)


Processing entry 59000000 out of 93407205; 63.1643%
Number of Jets in this event: 0
Total jets processed so far: 33927388
Time elapsed: 5744 seconds
Current memory usage: 392.832 MB (+12.3203 MB from start)


Processing entry 59100000 out of 93407205; 63.2714%
Number of Jets in this event: 0
Total jets processed so far: 33985472
Time elapsed: 5752 seconds
Current memory usage: 392.832 MB (+12.3203 MB from start)


Processing entry 59200000 out of 93407205; 63.3784%
Number of Jets in this event: 0
Total jets processed so far: 34043331
Time elapsed: 5760 seconds
Current memory usage: 392.832 MB (+12.3203 MB from start)


Processing entry 59300000 out of 93407205; 63.4855%
Number of Jets in this event: 0
Total jets processed so far: 34102836
Time elapsed: 5768 seconds
Current memory usage: 392.832 MB (+12.3203 MB from start)


Processing entry 59400000 out of 93407205; 63.5925%
Number of Jets in this event: 0
Total jets processed so far: 34161744
Time elapsed: 5776 seconds
Current memory usage: 392.832 MB (+12.3203 MB from start)


Processing entry 59500000 out of 93407205; 63.6996%
Number of Jets in this event: 0
Total jets processed so far: 34220285
Time elapsed: 5788 seconds
Current memory usage: 392.832 MB (+12.3203 MB from start)


Processing entry 59600000 out of 93407205; 63.8066%
Number of Jets in this event: 3
Total jets processed so far: 34276643
Time elapsed: 5796 seconds
Current memory usage: 392.832 MB (+12.3203 MB from start)


Processing entry 59700000 out of 93407205; 63.9137%
Number of Jets in this event: 0
Total jets processed so far: 34333158
Time elapsed: 5804 seconds
Current memory usage: 392.832 MB (+12.3203 MB from start)


Processing entry 59800000 out of 93407205; 64.0208%
Number of Jets in this event: 0
Total jets processed so far: 34387603
Time elapsed: 5811 seconds
Current memory usage: 392.832 MB (+12.3203 MB from start)


Processing entry 59900000 out of 93407205; 64.1278%
Number of Jets in this event: 1
Total jets processed so far: 34440142
Time elapsed: 5865 seconds
Current memory usage: 392.832 MB (+12.3203 MB from start)


Processing entry 60000000 out of 93407205; 64.2349%
Number of Jets in this event: 2
Total jets processed so far: 34493944
Time elapsed: 5875 seconds
Current memory usage: 392.832 MB (+12.3203 MB from start)


Processing entry 60100000 out of 93407205; 64.3419%
Number of Jets in this event: 0
Total jets processed so far: 34552736
Time elapsed: 5884 seconds
Current memory usage: 392.832 MB (+12.3203 MB from start)


Processing entry 60200000 out of 93407205; 64.449%
Number of Jets in this event: 0
Total jets processed so far: 34609562
Time elapsed: 5892 seconds
Current memory usage: 392.832 MB (+12.3203 MB from start)


Processing entry 60300000 out of 93407205; 64.556%
Number of Jets in this event: 0
Total jets processed so far: 34665666
Time elapsed: 5910 seconds
Current memory usage: 392.832 MB (+12.3203 MB from start)


Processing entry 60400000 out of 93407205; 64.6631%
Number of Jets in this event: 0
Total jets processed so far: 34724806
Time elapsed: 5925 seconds
Current memory usage: 392.832 MB (+12.3203 MB from start)


Processing entry 60500000 out of 93407205; 64.7702%
Number of Jets in this event: 0
Total jets processed so far: 34782307
Time elapsed: 5931 seconds
Current memory usage: 392.832 MB (+12.3203 MB from start)


Processing entry 60600000 out of 93407205; 64.8772%
Number of Jets in this event: 0
Total jets processed so far: 34839294
Time elapsed: 5937 seconds
Current memory usage: 392.832 MB (+12.3203 MB from start)


Processing entry 60700000 out of 93407205; 64.9843%
Number of Jets in this event: 0
Total jets processed so far: 34895823
Time elapsed: 5943 seconds
Current memory usage: 392.832 MB (+12.3203 MB from start)


Processing entry 60800000 out of 93407205; 65.0913%
Number of Jets in this event: 0
Total jets processed so far: 34951822
Time elapsed: 5950 seconds
Current memory usage: 392.832 MB (+12.3203 MB from start)


Processing entry 60900000 out of 93407205; 65.1984%
Number of Jets in this event: 0
Total jets processed so far: 35007453
Time elapsed: 5959 seconds
Current memory usage: 392.832 MB (+12.3203 MB from start)


Processing entry 61000000 out of 93407205; 65.3055%
Number of Jets in this event: 3
Total jets processed so far: 35060643
Time elapsed: 5969 seconds
Current memory usage: 392.832 MB (+12.3203 MB from start)


Processing entry 61100000 out of 93407205; 65.4125%
Number of Jets in this event: 0
Total jets processed so far: 35114102
Time elapsed: 5979 seconds
Current memory usage: 392.832 MB (+12.3203 MB from start)


Processing entry 61200000 out of 93407205; 65.5196%
Number of Jets in this event: 0
Total jets processed so far: 35167396
Time elapsed: 5989 seconds
Current memory usage: 392.832 MB (+12.3203 MB from start)


Processing entry 61300000 out of 93407205; 65.6266%
Number of Jets in this event: 3
Total jets processed so far: 35220922
Time elapsed: 6002 seconds
Current memory usage: 392.832 MB (+12.3203 MB from start)


Processing entry 61400000 out of 93407205; 65.7337%
Number of Jets in this event: 0
Total jets processed so far: 35274044
Time elapsed: 6009 seconds
Current memory usage: 392.832 MB (+12.3203 MB from start)


Processing entry 61500000 out of 93407205; 65.8407%
Number of Jets in this event: 1
Total jets processed so far: 35326891
Time elapsed: 6016 seconds
Current memory usage: 392.832 MB (+12.3203 MB from start)


Processing entry 61600000 out of 93407205; 65.9478%
Number of Jets in this event: 0
Total jets processed so far: 35379763
Time elapsed: 6024 seconds
Current memory usage: 392.832 MB (+12.3203 MB from start)


Processing entry 61700000 out of 93407205; 66.0549%
Number of Jets in this event: 0
Total jets processed so far: 35434172
Time elapsed: 6032 seconds
Current memory usage: 392.832 MB (+12.3203 MB from start)


Processing entry 61800000 out of 93407205; 66.1619%
Number of Jets in this event: 0
Total jets processed so far: 35486876
Time elapsed: 6041 seconds
Current memory usage: 392.832 MB (+12.3203 MB from start)


Processing entry 61900000 out of 93407205; 66.269%
Number of Jets in this event: 0
Total jets processed so far: 35540408
Time elapsed: 6062 seconds
Current memory usage: 392.832 MB (+12.3203 MB from start)


Processing entry 62000000 out of 93407205; 66.376%
Number of Jets in this event: 0
Total jets processed so far: 35592100
Time elapsed: 6107 seconds
Current memory usage: 392.832 MB (+12.3203 MB from start)


Processing entry 62100000 out of 93407205; 66.4831%
Number of Jets in this event: 0
Total jets processed so far: 35645065
Time elapsed: 6115 seconds
Current memory usage: 392.832 MB (+12.3203 MB from start)


Processing entry 62200000 out of 93407205; 66.5901%
Number of Jets in this event: 0
Total jets processed so far: 35698301
Time elapsed: 6129 seconds
Current memory usage: 392.832 MB (+12.3203 MB from start)


Processing entry 62300000 out of 93407205; 66.6972%
Number of Jets in this event: 0
Total jets processed so far: 35748822
Time elapsed: 6138 seconds
Current memory usage: 392.832 MB (+12.3203 MB from start)


Processing entry 62400000 out of 93407205; 66.8043%
Number of Jets in this event: 1
Total jets processed so far: 35796259
Time elapsed: 6144 seconds
Current memory usage: 392.832 MB (+12.3203 MB from start)


Processing entry 62500000 out of 93407205; 66.9113%
Number of Jets in this event: 0
Total jets processed so far: 35842478
Time elapsed: 6151 seconds
Current memory usage: 392.832 MB (+12.3203 MB from start)


Processing entry 62600000 out of 93407205; 67.0184%
Number of Jets in this event: 0
Total jets processed so far: 35887641
Time elapsed: 6157 seconds
Current memory usage: 392.832 MB (+12.3203 MB from start)


Processing entry 62700000 out of 93407205; 67.1254%
Number of Jets in this event: 1
Total jets processed so far: 35934278
Time elapsed: 6165 seconds
Current memory usage: 392.832 MB (+12.3203 MB from start)


Processing entry 62800000 out of 93407205; 67.2325%
Number of Jets in this event: 0
Total jets processed so far: 35981516
Time elapsed: 6173 seconds
Current memory usage: 392.832 MB (+12.3203 MB from start)


Processing entry 62900000 out of 93407205; 67.3396%
Number of Jets in this event: 0
Total jets processed so far: 36030920
Time elapsed: 6181 seconds
Current memory usage: 392.832 MB (+12.3203 MB from start)


Processing entry 63000000 out of 93407205; 67.4466%
Number of Jets in this event: 0
Total jets processed so far: 36079888
Time elapsed: 6187 seconds
Current memory usage: 392.832 MB (+12.3203 MB from start)


Processing entry 63100000 out of 93407205; 67.5537%
Number of Jets in this event: 0
Total jets processed so far: 36124304
Time elapsed: 6195 seconds
Current memory usage: 392.832 MB (+12.3203 MB from start)


Processing entry 63200000 out of 93407205; 67.6607%
Number of Jets in this event: 0
Total jets processed so far: 36169991
Time elapsed: 6203 seconds
Current memory usage: 394.48 MB (+13.9688 MB from start)


Processing entry 63300000 out of 93407205; 67.7678%
Number of Jets in this event: 0
Total jets processed so far: 36215172
Time elapsed: 6211 seconds
Current memory usage: 394.645 MB (+14.1328 MB from start)


Processing entry 63400000 out of 93407205; 67.8748%
Number of Jets in this event: 0
Total jets processed so far: 36261717
Time elapsed: 6218 seconds
Current memory usage: 394.648 MB (+14.1367 MB from start)


Processing entry 63500000 out of 93407205; 67.9819%
Number of Jets in this event: 9
Total jets processed so far: 36308601
Time elapsed: 6227 seconds
Current memory usage: 394.648 MB (+14.1367 MB from start)


Processing entry 63600000 out of 93407205; 68.089%
Number of Jets in this event: 0
Total jets processed so far: 36354757
Time elapsed: 6234 seconds
Current memory usage: 394.918 MB (+14.4062 MB from start)


Processing entry 63700000 out of 93407205; 68.196%
Number of Jets in this event: 0
Total jets processed so far: 36402828
Time elapsed: 6240 seconds
Current memory usage: 394.918 MB (+14.4062 MB from start)


Processing entry 63800000 out of 93407205; 68.3031%
Number of Jets in this event: 2
Total jets processed so far: 36450589
Time elapsed: 6246 seconds
Current memory usage: 395.316 MB (+14.8047 MB from start)


Processing entry 63900000 out of 93407205; 68.4101%
Number of Jets in this event: 0
Total jets processed so far: 36497026
Time elapsed: 6252 seconds
Current memory usage: 395.32 MB (+14.8086 MB from start)


Processing entry 64000000 out of 93407205; 68.5172%
Number of Jets in this event: 0
Total jets processed so far: 36542521
Time elapsed: 6258 seconds
Current memory usage: 395.34 MB (+14.8281 MB from start)


Processing entry 64100000 out of 93407205; 68.6243%
Number of Jets in this event: 0
Total jets processed so far: 36589775
Time elapsed: 6268 seconds
Current memory usage: 395.648 MB (+15.1367 MB from start)


Processing entry 64200000 out of 93407205; 68.7313%
Number of Jets in this event: 0
Total jets processed so far: 36635283
Time elapsed: 6274 seconds
Current memory usage: 395.918 MB (+15.4062 MB from start)


Processing entry 64300000 out of 93407205; 68.8384%
Number of Jets in this event: 6
Total jets processed so far: 36679645
Time elapsed: 6281 seconds
Current memory usage: 395.918 MB (+15.4062 MB from start)


Processing entry 64400000 out of 93407205; 68.9454%
Number of Jets in this event: 0
Total jets processed so far: 36723699
Time elapsed: 6288 seconds
Current memory usage: 395.918 MB (+15.4062 MB from start)


Processing entry 64500000 out of 93407205; 69.0525%
Number of Jets in this event: 6
Total jets processed so far: 36766396
Time elapsed: 6294 seconds
Current memory usage: 395.938 MB (+15.4258 MB from start)


Processing entry 64600000 out of 93407205; 69.1595%
Number of Jets in this event: 0
Total jets processed so far: 36811771
Time elapsed: 6307 seconds
Current memory usage: 396.008 MB (+15.4961 MB from start)


Processing entry 64700000 out of 93407205; 69.2666%
Number of Jets in this event: 0
Total jets processed so far: 36854157
Time elapsed: 6314 seconds
Current memory usage: 396.25 MB (+15.7383 MB from start)


Processing entry 64800000 out of 93407205; 69.3737%
Number of Jets in this event: 0
Total jets processed so far: 36897846
Time elapsed: 6326 seconds
Current memory usage: 396.684 MB (+16.1719 MB from start)


Processing entry 64900000 out of 93407205; 69.4807%
Number of Jets in this event: 3
Total jets processed so far: 36941616
Time elapsed: 6333 seconds
Current memory usage: 396.684 MB (+16.1719 MB from start)


Processing entry 65000000 out of 93407205; 69.5878%
Number of Jets in this event: 0
Total jets processed so far: 36984526
Time elapsed: 6342 seconds
Current memory usage: 397.938 MB (+17.4258 MB from start)


Processing entry 65100000 out of 93407205; 69.6948%
Number of Jets in this event: 0
Total jets processed so far: 37004473
Time elapsed: 6348 seconds
Current memory usage: 397.938 MB (+17.4258 MB from start)


Processing entry 65200000 out of 93407205; 69.8019%
Number of Jets in this event: 0
Total jets processed so far: 37043333
Time elapsed: 6354 seconds
Current memory usage: 397.938 MB (+17.4258 MB from start)


Processing entry 65300000 out of 93407205; 69.909%
Number of Jets in this event: 0
Total jets processed so far: 37080928
Time elapsed: 6362 seconds
Current memory usage: 397.938 MB (+17.4258 MB from start)


Processing entry 65400000 out of 93407205; 70.016%
Number of Jets in this event: 0
Total jets processed so far: 37118530
Time elapsed: 6370 seconds
Current memory usage: 397.938 MB (+17.4258 MB from start)


Processing entry 65500000 out of 93407205; 70.1231%
Number of Jets in this event: 0
Total jets processed so far: 37155975
Time elapsed: 6379 seconds
Current memory usage: 397.98 MB (+17.4688 MB from start)


Processing entry 65600000 out of 93407205; 70.2301%
Number of Jets in this event: 0
Total jets processed so far: 37194133
Time elapsed: 6387 seconds
Current memory usage: 397.98 MB (+17.4688 MB from start)


Processing entry 65700000 out of 93407205; 70.3372%
Number of Jets in this event: 0
Total jets processed so far: 37232211
Time elapsed: 6393 seconds
Current memory usage: 397.98 MB (+17.4688 MB from start)


Processing entry 65800000 out of 93407205; 70.4442%
Number of Jets in this event: 0
Total jets processed so far: 37270904
Time elapsed: 6400 seconds
Current memory usage: 397.98 MB (+17.4688 MB from start)


Processing entry 65900000 out of 93407205; 70.5513%
Number of Jets in this event: 3
Total jets processed so far: 37308067
Time elapsed: 6407 seconds
Current memory usage: 397.98 MB (+17.4688 MB from start)


Processing entry 66000000 out of 93407205; 70.6584%
Number of Jets in this event: 0
Total jets processed so far: 37345209
Time elapsed: 6415 seconds
Current memory usage: 397.98 MB (+17.4688 MB from start)


Processing entry 66100000 out of 93407205; 70.7654%
Number of Jets in this event: 0
Total jets processed so far: 37382480
Time elapsed: 6422 seconds
Current memory usage: 397.98 MB (+17.4688 MB from start)


Processing entry 66200000 out of 93407205; 70.8725%
Number of Jets in this event: 0
Total jets processed so far: 37419222
Time elapsed: 6429 seconds
Current memory usage: 397.98 MB (+17.4688 MB from start)


Processing entry 66300000 out of 93407205; 70.9795%
Number of Jets in this event: 0
Total jets processed so far: 37456460
Time elapsed: 6437 seconds
Current memory usage: 397.98 MB (+17.4688 MB from start)


Processing entry 66400000 out of 93407205; 71.0866%
Number of Jets in this event: 2
Total jets processed so far: 37513374
Time elapsed: 6446 seconds
Current memory usage: 397.98 MB (+17.4688 MB from start)


Processing entry 66500000 out of 93407205; 71.1936%
Number of Jets in this event: 0
Total jets processed so far: 37571777
Time elapsed: 6454 seconds
Current memory usage: 397.98 MB (+17.4688 MB from start)


Processing entry 66600000 out of 93407205; 71.3007%
Number of Jets in this event: 0
Total jets processed so far: 37629071
Time elapsed: 6464 seconds
Current memory usage: 397.98 MB (+17.4688 MB from start)


Processing entry 66700000 out of 93407205; 71.4078%
Number of Jets in this event: 0
Total jets processed so far: 37686032
Time elapsed: 6474 seconds
Current memory usage: 397.98 MB (+17.4688 MB from start)


Processing entry 66800000 out of 93407205; 71.5148%
Number of Jets in this event: 1
Total jets processed so far: 37745274
Time elapsed: 6486 seconds
Current memory usage: 398.062 MB (+17.5508 MB from start)


Processing entry 66900000 out of 93407205; 71.6219%
Number of Jets in this event: 0
Total jets processed so far: 37805906
Time elapsed: 6493 seconds
Current memory usage: 398.062 MB (+17.5508 MB from start)


Processing entry 67000000 out of 93407205; 71.7289%
Number of Jets in this event: 2
Total jets processed so far: 37866611
Time elapsed: 6499 seconds
Current memory usage: 398.062 MB (+17.5508 MB from start)


Processing entry 67100000 out of 93407205; 71.836%
Number of Jets in this event: 2
Total jets processed so far: 37927470
Time elapsed: 6508 seconds
Current memory usage: 398.062 MB (+17.5508 MB from start)


Processing entry 67200000 out of 93407205; 71.9431%
Number of Jets in this event: 0
Total jets processed so far: 37986640
Time elapsed: 6515 seconds
Current memory usage: 398.062 MB (+17.5508 MB from start)


Processing entry 67300000 out of 93407205; 72.0501%
Number of Jets in this event: 0
Total jets processed so far: 38045458
Time elapsed: 6532 seconds
Current memory usage: 398.062 MB (+17.5508 MB from start)


Processing entry 67400000 out of 93407205; 72.1572%
Number of Jets in this event: 0
Total jets processed so far: 38104076
Time elapsed: 6543 seconds
Current memory usage: 398.062 MB (+17.5508 MB from start)


Processing entry 67500000 out of 93407205; 72.2642%
Number of Jets in this event: 0
Total jets processed so far: 38162368
Time elapsed: 6549 seconds
Current memory usage: 398.062 MB (+17.5508 MB from start)


Processing entry 67600000 out of 93407205; 72.3713%
Number of Jets in this event: 0
Total jets processed so far: 38221179
Time elapsed: 6560 seconds
Current memory usage: 398.062 MB (+17.5508 MB from start)


Processing entry 67700000 out of 93407205; 72.4783%
Number of Jets in this event: 1
Total jets processed so far: 38281763
Time elapsed: 6572 seconds
Current memory usage: 398.062 MB (+17.5508 MB from start)


Processing entry 67800000 out of 93407205; 72.5854%
Number of Jets in this event: 0
Total jets processed so far: 38340455
Time elapsed: 6586 seconds
Current memory usage: 398.062 MB (+17.5508 MB from start)


Processing entry 67900000 out of 93407205; 72.6925%
Number of Jets in this event: 0
Total jets processed so far: 38400378
Time elapsed: 6601 seconds
Current memory usage: 398.062 MB (+17.5508 MB from start)


Processing entry 68000000 out of 93407205; 72.7995%
Number of Jets in this event: 0
Total jets processed so far: 38460781
Time elapsed: 6608 seconds
Current memory usage: 398.062 MB (+17.5508 MB from start)


Processing entry 68100000 out of 93407205; 72.9066%
Number of Jets in this event: 1
Total jets processed so far: 38520125
Time elapsed: 6620 seconds
Current memory usage: 398.062 MB (+17.5508 MB from start)


Processing entry 68200000 out of 93407205; 73.0136%
Number of Jets in this event: 0
Total jets processed so far: 38579464
Time elapsed: 6632 seconds
Current memory usage: 398.062 MB (+17.5508 MB from start)


Processing entry 68300000 out of 93407205; 73.1207%
Number of Jets in this event: 3
Total jets processed so far: 38640932
Time elapsed: 6644 seconds
Current memory usage: 398.062 MB (+17.5508 MB from start)


Processing entry 68400000 out of 93407205; 73.2278%
Number of Jets in this event: 0
Total jets processed so far: 38698412
Time elapsed: 6658 seconds
Current memory usage: 398.062 MB (+17.5508 MB from start)


Processing entry 68500000 out of 93407205; 73.3348%
Number of Jets in this event: 5
Total jets processed so far: 38755687
Time elapsed: 6668 seconds
Current memory usage: 398.062 MB (+17.5508 MB from start)


Processing entry 68600000 out of 93407205; 73.4419%
Number of Jets in this event: 0
Total jets processed so far: 38817460
Time elapsed: 6688 seconds
Current memory usage: 398.062 MB (+17.5508 MB from start)


Processing entry 68700000 out of 93407205; 73.5489%
Number of Jets in this event: 5
Total jets processed so far: 38877759
Time elapsed: 6696 seconds
Current memory usage: 398.062 MB (+17.5508 MB from start)


Processing entry 68800000 out of 93407205; 73.656%
Number of Jets in this event: 2
Total jets processed so far: 38937556
Time elapsed: 6706 seconds
Current memory usage: 398.062 MB (+17.5508 MB from start)


Processing entry 68900000 out of 93407205; 73.763%
Number of Jets in this event: 0
Total jets processed so far: 38997894
Time elapsed: 6723 seconds
Current memory usage: 398.062 MB (+17.5508 MB from start)


Processing entry 69000000 out of 93407205; 73.8701%
Number of Jets in this event: 0
Total jets processed so far: 39057556
Time elapsed: 6734 seconds
Current memory usage: 398.062 MB (+17.5508 MB from start)


Processing entry 69100000 out of 93407205; 73.9772%
Number of Jets in this event: 1
Total jets processed so far: 39116047
Time elapsed: 6741 seconds
Current memory usage: 398.062 MB (+17.5508 MB from start)


Processing entry 69200000 out of 93407205; 74.0842%
Number of Jets in this event: 0
Total jets processed so far: 39175927
Time elapsed: 6747 seconds
Current memory usage: 398.062 MB (+17.5508 MB from start)


Processing entry 69300000 out of 93407205; 74.1913%
Number of Jets in this event: 0
Total jets processed so far: 39236275
Time elapsed: 6753 seconds
Current memory usage: 398.062 MB (+17.5508 MB from start)


Processing entry 69400000 out of 93407205; 74.2983%
Number of Jets in this event: 0
Total jets processed so far: 39294997
Time elapsed: 6759 seconds
Current memory usage: 398.062 MB (+17.5508 MB from start)


Processing entry 69500000 out of 93407205; 74.4054%
Number of Jets in this event: 0
Total jets processed so far: 39354380
Time elapsed: 6768 seconds
Current memory usage: 398.062 MB (+17.5508 MB from start)


Processing entry 69600000 out of 93407205; 74.5125%
Number of Jets in this event: 0
Total jets processed so far: 39413128
Time elapsed: 6777 seconds
Current memory usage: 398.062 MB (+17.5508 MB from start)


Processing entry 69700000 out of 93407205; 74.6195%
Number of Jets in this event: 0
Total jets processed so far: 39471264
Time elapsed: 6795 seconds
Current memory usage: 398.062 MB (+17.5508 MB from start)


Processing entry 69800000 out of 93407205; 74.7266%
Number of Jets in this event: 0
Total jets processed so far: 39529636
Time elapsed: 6801 seconds
Current memory usage: 398.062 MB (+17.5508 MB from start)


Processing entry 69900000 out of 93407205; 74.8336%
Number of Jets in this event: 1
Total jets processed so far: 39588402
Time elapsed: 6811 seconds
Current memory usage: 398.062 MB (+17.5508 MB from start)


Processing entry 70000000 out of 93407205; 74.9407%
Number of Jets in this event: 0
Total jets processed so far: 39646863
Time elapsed: 6822 seconds
Current memory usage: 398.062 MB (+17.5508 MB from start)


Processing entry 70100000 out of 93407205; 75.0477%
Number of Jets in this event: 0
Total jets processed so far: 39707194
Time elapsed: 6832 seconds
Current memory usage: 398.062 MB (+17.5508 MB from start)


Processing entry 70200000 out of 93407205; 75.1548%
Number of Jets in this event: 0
Total jets processed so far: 39767576
Time elapsed: 6842 seconds
Current memory usage: 398.062 MB (+17.5508 MB from start)


Processing entry 70300000 out of 93407205; 75.2619%
Number of Jets in this event: 1
Total jets processed so far: 39826333
Time elapsed: 6852 seconds
Current memory usage: 398.062 MB (+17.5508 MB from start)


Processing entry 70400000 out of 93407205; 75.3689%
Number of Jets in this event: 1
Total jets processed so far: 39884556
Time elapsed: 6862 seconds
Current memory usage: 398.062 MB (+17.5508 MB from start)


Processing entry 70500000 out of 93407205; 75.476%
Number of Jets in this event: 2
Total jets processed so far: 39942987
Time elapsed: 6870 seconds
Current memory usage: 398.062 MB (+17.5508 MB from start)


Processing entry 70600000 out of 93407205; 75.583%
Number of Jets in this event: 0
Total jets processed so far: 40000876
Time elapsed: 6878 seconds
Current memory usage: 398.062 MB (+17.5508 MB from start)


Processing entry 70700000 out of 93407205; 75.6901%
Number of Jets in this event: 0
Total jets processed so far: 40057892
Time elapsed: 6888 seconds
Current memory usage: 398.062 MB (+17.5508 MB from start)


Processing entry 70800000 out of 93407205; 75.7971%
Number of Jets in this event: 0
Total jets processed so far: 40116620
Time elapsed: 6901 seconds
Current memory usage: 398.062 MB (+17.5508 MB from start)


Processing entry 70900000 out of 93407205; 75.9042%
Number of Jets in this event: 0
Total jets processed so far: 40174505
Time elapsed: 6909 seconds
Current memory usage: 398.062 MB (+17.5508 MB from start)


Processing entry 71000000 out of 93407205; 76.0113%
Number of Jets in this event: 0
Total jets processed so far: 40233036
Time elapsed: 6917 seconds
Current memory usage: 398.062 MB (+17.5508 MB from start)


Processing entry 71100000 out of 93407205; 76.1183%
Number of Jets in this event: 0
Total jets processed so far: 40291861
Time elapsed: 6925 seconds
Current memory usage: 398.062 MB (+17.5508 MB from start)


Processing entry 71200000 out of 93407205; 76.2254%
Number of Jets in this event: 0
Total jets processed so far: 40349304
Time elapsed: 6933 seconds
Current memory usage: 398.062 MB (+17.5508 MB from start)


Processing entry 71300000 out of 93407205; 76.3324%
Number of Jets in this event: 0
Total jets processed so far: 40407498
Time elapsed: 6945 seconds
Current memory usage: 398.062 MB (+17.5508 MB from start)


Processing entry 71400000 out of 93407205; 76.4395%
Number of Jets in this event: 0
Total jets processed so far: 40465272
Time elapsed: 6952 seconds
Current memory usage: 398.062 MB (+17.5508 MB from start)


Processing entry 71500000 out of 93407205; 76.5466%
Number of Jets in this event: 4
Total jets processed so far: 40524079
Time elapsed: 6960 seconds
Current memory usage: 398.062 MB (+17.5508 MB from start)


Processing entry 71600000 out of 93407205; 76.6536%
Number of Jets in this event: 0
Total jets processed so far: 40582002
Time elapsed: 6973 seconds
Current memory usage: 398.062 MB (+17.5508 MB from start)


Processing entry 71700000 out of 93407205; 76.7607%
Number of Jets in this event: 0
Total jets processed so far: 40639918
Time elapsed: 6981 seconds
Current memory usage: 398.062 MB (+17.5508 MB from start)


Processing entry 71800000 out of 93407205; 76.8677%
Number of Jets in this event: 0
Total jets processed so far: 40699047
Time elapsed: 6989 seconds
Current memory usage: 398.062 MB (+17.5508 MB from start)


Processing entry 71900000 out of 93407205; 76.9748%
Number of Jets in this event: 0
Total jets processed so far: 40757192
Time elapsed: 6995 seconds
Current memory usage: 398.062 MB (+17.5508 MB from start)


Processing entry 72000000 out of 93407205; 77.0818%
Number of Jets in this event: 0
Total jets processed so far: 40815422
Time elapsed: 7002 seconds
Current memory usage: 398.062 MB (+17.5508 MB from start)


Processing entry 72100000 out of 93407205; 77.1889%
Number of Jets in this event: 0
Total jets processed so far: 40873659
Time elapsed: 7010 seconds
Current memory usage: 398.062 MB (+17.5508 MB from start)


Processing entry 72200000 out of 93407205; 77.296%
Number of Jets in this event: 0
Total jets processed so far: 40932385
Time elapsed: 7018 seconds
Current memory usage: 398.062 MB (+17.5508 MB from start)


Processing entry 72300000 out of 93407205; 77.403%
Number of Jets in this event: 3
Total jets processed so far: 40989763
Time elapsed: 7025 seconds
Current memory usage: 398.062 MB (+17.5508 MB from start)


Processing entry 72400000 out of 93407205; 77.5101%
Number of Jets in this event: 0
Total jets processed so far: 41048983
Time elapsed: 7032 seconds
Current memory usage: 398.062 MB (+17.5508 MB from start)


Processing entry 72500000 out of 93407205; 77.6171%
Number of Jets in this event: 0
Total jets processed so far: 41107597
Time elapsed: 7039 seconds
Current memory usage: 398.062 MB (+17.5508 MB from start)


Processing entry 72600000 out of 93407205; 77.7242%
Number of Jets in this event: 0
Total jets processed so far: 41164672
Time elapsed: 7047 seconds
Current memory usage: 398.062 MB (+17.5508 MB from start)


Processing entry 72700000 out of 93407205; 77.8313%
Number of Jets in this event: 0
Total jets processed so far: 41221720
Time elapsed: 7052 seconds
Current memory usage: 398.062 MB (+17.5508 MB from start)


Processing entry 72800000 out of 93407205; 77.9383%
Number of Jets in this event: 0
Total jets processed so far: 41279398
Time elapsed: 7060 seconds
Current memory usage: 398.062 MB (+17.5508 MB from start)


Processing entry 72900000 out of 93407205; 78.0454%
Number of Jets in this event: 0
Total jets processed so far: 41336377
Time elapsed: 7065 seconds
Current memory usage: 398.062 MB (+17.5508 MB from start)


Processing entry 73000000 out of 93407205; 78.1524%
Number of Jets in this event: 0
Total jets processed so far: 41392231
Time elapsed: 7072 seconds
Current memory usage: 398.062 MB (+17.5508 MB from start)


Processing entry 73100000 out of 93407205; 78.2595%
Number of Jets in this event: 2
Total jets processed so far: 41448858
Time elapsed: 7081 seconds
Current memory usage: 398.062 MB (+17.5508 MB from start)


Processing entry 73200000 out of 93407205; 78.3665%
Number of Jets in this event: 0
Total jets processed so far: 41506139
Time elapsed: 7090 seconds
Current memory usage: 398.062 MB (+17.5508 MB from start)


Processing entry 73300000 out of 93407205; 78.4736%
Number of Jets in this event: 0
Total jets processed so far: 41563512
Time elapsed: 7096 seconds
Current memory usage: 398.062 MB (+17.5508 MB from start)


Processing entry 73400000 out of 93407205; 78.5807%
Number of Jets in this event: 6
Total jets processed so far: 41620504
Time elapsed: 7104 seconds
Current memory usage: 398.062 MB (+17.5508 MB from start)


Processing entry 73500000 out of 93407205; 78.6877%
Number of Jets in this event: 2
Total jets processed so far: 41677913
Time elapsed: 7112 seconds
Current memory usage: 398.062 MB (+17.5508 MB from start)


Processing entry 73600000 out of 93407205; 78.7948%
Number of Jets in this event: 0
Total jets processed so far: 41734466
Time elapsed: 7119 seconds
Current memory usage: 398.062 MB (+17.5508 MB from start)


Processing entry 73700000 out of 93407205; 78.9018%
Number of Jets in this event: 0
Total jets processed so far: 41790890
Time elapsed: 7126 seconds
Current memory usage: 398.062 MB (+17.5508 MB from start)


Processing entry 73800000 out of 93407205; 79.0089%
Number of Jets in this event: 0
Total jets processed so far: 41847301
Time elapsed: 7135 seconds
Current memory usage: 398.062 MB (+17.5508 MB from start)


Processing entry 73900000 out of 93407205; 79.116%
Number of Jets in this event: 0
Total jets processed so far: 41900866
Time elapsed: 7142 seconds
Current memory usage: 398.062 MB (+17.5508 MB from start)


Processing entry 74000000 out of 93407205; 79.223%
Number of Jets in this event: 0
Total jets processed so far: 41957564
Time elapsed: 7152 seconds
Current memory usage: 398.062 MB (+17.5508 MB from start)


Processing entry 74100000 out of 93407205; 79.3301%
Number of Jets in this event: 0
Total jets processed so far: 42014495
Time elapsed: 7160 seconds
Current memory usage: 398.062 MB (+17.5508 MB from start)


Processing entry 74200000 out of 93407205; 79.4371%
Number of Jets in this event: 0
Total jets processed so far: 42071968
Time elapsed: 7169 seconds
Current memory usage: 398.062 MB (+17.5508 MB from start)


Processing entry 74300000 out of 93407205; 79.5442%
Number of Jets in this event: 0
Total jets processed so far: 42129061
Time elapsed: 7177 seconds
Current memory usage: 398.062 MB (+17.5508 MB from start)


Processing entry 74400000 out of 93407205; 79.6512%
Number of Jets in this event: 0
Total jets processed so far: 42185545
Time elapsed: 7187 seconds
Current memory usage: 398.062 MB (+17.5508 MB from start)


Processing entry 74500000 out of 93407205; 79.7583%
Number of Jets in this event: 0
Total jets processed so far: 42242253
Time elapsed: 7211 seconds
Current memory usage: 398.062 MB (+17.5508 MB from start)


Processing entry 74600000 out of 93407205; 79.8654%
Number of Jets in this event: 0
Total jets processed so far: 42299195
Time elapsed: 7238 seconds
Current memory usage: 398.062 MB (+17.5508 MB from start)


Processing entry 74700000 out of 93407205; 79.9724%
Number of Jets in this event: 0
Total jets processed so far: 42355387
Time elapsed: 7246 seconds
Current memory usage: 398.062 MB (+17.5508 MB from start)


Processing entry 74800000 out of 93407205; 80.0795%
Number of Jets in this event: 0
Total jets processed so far: 42407626
Time elapsed: 7260 seconds
Current memory usage: 398.062 MB (+17.5508 MB from start)


Processing entry 74900000 out of 93407205; 80.1865%
Number of Jets in this event: 0
Total jets processed so far: 42463668
Time elapsed: 7275 seconds
Current memory usage: 398.062 MB (+17.5508 MB from start)


Processing entry 75000000 out of 93407205; 80.2936%
Number of Jets in this event: 0
Total jets processed so far: 42519235
Time elapsed: 7288 seconds
Current memory usage: 398.062 MB (+17.5508 MB from start)


Processing entry 75100000 out of 93407205; 80.4006%
Number of Jets in this event: 0
Total jets processed so far: 42570933
Time elapsed: 7295 seconds
Current memory usage: 398.062 MB (+17.5508 MB from start)


Processing entry 75200000 out of 93407205; 80.5077%
Number of Jets in this event: 0
Total jets processed so far: 42623537
Time elapsed: 7302 seconds
Current memory usage: 398.062 MB (+17.5508 MB from start)


Processing entry 75300000 out of 93407205; 80.6148%
Number of Jets in this event: 0
Total jets processed so far: 42680204
Time elapsed: 7321 seconds
Current memory usage: 398.062 MB (+17.5508 MB from start)


Processing entry 75400000 out of 93407205; 80.7218%
Number of Jets in this event: 0
Total jets processed so far: 42737134
Time elapsed: 7329 seconds
Current memory usage: 398.062 MB (+17.5508 MB from start)


Processing entry 75500000 out of 93407205; 80.8289%
Number of Jets in this event: 0
Total jets processed so far: 42790523
Time elapsed: 7337 seconds
Current memory usage: 398.062 MB (+17.5508 MB from start)


Processing entry 75600000 out of 93407205; 80.9359%
Number of Jets in this event: 0
Total jets processed so far: 42846671
Time elapsed: 7344 seconds
Current memory usage: 398.062 MB (+17.5508 MB from start)


Processing entry 75700000 out of 93407205; 81.043%
Number of Jets in this event: 0
Total jets processed so far: 42903562
Time elapsed: 7350 seconds
Current memory usage: 398.062 MB (+17.5508 MB from start)


Processing entry 75800000 out of 93407205; 81.1501%
Number of Jets in this event: 0
Total jets processed so far: 42959863
Time elapsed: 7361 seconds
Current memory usage: 398.062 MB (+17.5508 MB from start)


Processing entry 75900000 out of 93407205; 81.2571%
Number of Jets in this event: 0
Total jets processed so far: 43011631
Time elapsed: 7368 seconds
Current memory usage: 398.062 MB (+17.5508 MB from start)


Processing entry 76000000 out of 93407205; 81.3642%
Number of Jets in this event: 0
Total jets processed so far: 43063104
Time elapsed: 7374 seconds
Current memory usage: 398.062 MB (+17.5508 MB from start)


Processing entry 76100000 out of 93407205; 81.4712%
Number of Jets in this event: 3
Total jets processed so far: 43119460
Time elapsed: 7381 seconds
Current memory usage: 398.062 MB (+17.5508 MB from start)


Processing entry 76200000 out of 93407205; 81.5783%
Number of Jets in this event: 0
Total jets processed so far: 43175622
Time elapsed: 7389 seconds
Current memory usage: 398.062 MB (+17.5508 MB from start)


Processing entry 76300000 out of 93407205; 81.6853%
Number of Jets in this event: 0
Total jets processed so far: 43232127
Time elapsed: 7396 seconds
Current memory usage: 398.062 MB (+17.5508 MB from start)


Processing entry 76400000 out of 93407205; 81.7924%
Number of Jets in this event: 1
Total jets processed so far: 43288800
Time elapsed: 7456 seconds
Current memory usage: 398.062 MB (+17.5508 MB from start)


Processing entry 76500000 out of 93407205; 81.8995%
Number of Jets in this event: 0
Total jets processed so far: 43344569
Time elapsed: 7487 seconds
Current memory usage: 398.062 MB (+17.5508 MB from start)


Processing entry 76600000 out of 93407205; 82.0065%
Number of Jets in this event: 0
Total jets processed so far: 43399677
Time elapsed: 7494 seconds
Current memory usage: 398.062 MB (+17.5508 MB from start)


Processing entry 76700000 out of 93407205; 82.1136%
Number of Jets in this event: 5
Total jets processed so far: 43454290
Time elapsed: 7507 seconds
Current memory usage: 398.062 MB (+17.5508 MB from start)


Processing entry 76800000 out of 93407205; 82.2206%
Number of Jets in this event: 5
Total jets processed so far: 43510979
Time elapsed: 7515 seconds
Current memory usage: 398.062 MB (+17.5508 MB from start)


Processing entry 76900000 out of 93407205; 82.3277%
Number of Jets in this event: 0
Total jets processed so far: 43567490
Time elapsed: 7526 seconds
Current memory usage: 398.062 MB (+17.5508 MB from start)


Processing entry 77000000 out of 93407205; 82.4348%
Number of Jets in this event: 0
Total jets processed so far: 43624306
Time elapsed: 7533 seconds
Current memory usage: 398.062 MB (+17.5508 MB from start)


Processing entry 77100000 out of 93407205; 82.5418%
Number of Jets in this event: 0
Total jets processed so far: 43678849
Time elapsed: 7541 seconds
Current memory usage: 398.062 MB (+17.5508 MB from start)


Processing entry 77200000 out of 93407205; 82.6489%
Number of Jets in this event: 0
Total jets processed so far: 43735287
Time elapsed: 7549 seconds
Current memory usage: 398.062 MB (+17.5508 MB from start)


Processing entry 77300000 out of 93407205; 82.7559%
Number of Jets in this event: 0
Total jets processed so far: 43790758
Time elapsed: 7564 seconds
Current memory usage: 398.062 MB (+17.5508 MB from start)


Processing entry 77400000 out of 93407205; 82.863%
Number of Jets in this event: 0
Total jets processed so far: 43844998
Time elapsed: 7572 seconds
Current memory usage: 398.062 MB (+17.5508 MB from start)


Processing entry 77500000 out of 93407205; 82.97%
Number of Jets in this event: 0
Total jets processed so far: 43898405
Time elapsed: 7580 seconds
Current memory usage: 398.062 MB (+17.5508 MB from start)


Processing entry 77600000 out of 93407205; 83.0771%
Number of Jets in this event: 0
Total jets processed so far: 43952372
Time elapsed: 7588 seconds
Current memory usage: 398.062 MB (+17.5508 MB from start)


Processing entry 77700000 out of 93407205; 83.1842%
Number of Jets in this event: 0
Total jets processed so far: 44008569
Time elapsed: 7594 seconds
Current memory usage: 398.062 MB (+17.5508 MB from start)


Processing entry 77800000 out of 93407205; 83.2912%
Number of Jets in this event: 0
Total jets processed so far: 44062702
Time elapsed: 7600 seconds
Current memory usage: 398.062 MB (+17.5508 MB from start)


Processing entry 77900000 out of 93407205; 83.3983%
Number of Jets in this event: 0
Total jets processed so far: 44116451
Time elapsed: 7605 seconds
Current memory usage: 398.062 MB (+17.5508 MB from start)


Processing entry 78000000 out of 93407205; 83.5053%
Number of Jets in this event: 0
Total jets processed so far: 44168447
Time elapsed: 7610 seconds
Current memory usage: 398.062 MB (+17.5508 MB from start)


Processing entry 78100000 out of 93407205; 83.6124%
Number of Jets in this event: 3
Total jets processed so far: 44222907
Time elapsed: 7618 seconds
Current memory usage: 398.062 MB (+17.5508 MB from start)


Processing entry 78200000 out of 93407205; 83.7195%
Number of Jets in this event: 0
Total jets processed so far: 44276783
Time elapsed: 7624 seconds
Current memory usage: 398.062 MB (+17.5508 MB from start)


Processing entry 78300000 out of 93407205; 83.8265%
Number of Jets in this event: 7
Total jets processed so far: 44332034
Time elapsed: 7632 seconds
Current memory usage: 398.062 MB (+17.5508 MB from start)


Processing entry 78400000 out of 93407205; 83.9336%
Number of Jets in this event: 5
Total jets processed so far: 44385676
Time elapsed: 7639 seconds
Current memory usage: 398.062 MB (+17.5508 MB from start)


Processing entry 78500000 out of 93407205; 84.0406%
Number of Jets in this event: 0
Total jets processed so far: 44439616
Time elapsed: 7648 seconds
Current memory usage: 398.062 MB (+17.5508 MB from start)


Processing entry 78600000 out of 93407205; 84.1477%
Number of Jets in this event: 0
Total jets processed so far: 44495145
Time elapsed: 7656 seconds
Current memory usage: 398.062 MB (+17.5508 MB from start)


Processing entry 78700000 out of 93407205; 84.2547%
Number of Jets in this event: 0
Total jets processed so far: 44550236
Time elapsed: 7665 seconds
Current memory usage: 398.062 MB (+17.5508 MB from start)


Processing entry 78800000 out of 93407205; 84.3618%
Number of Jets in this event: 0
Total jets processed so far: 44604197
Time elapsed: 7674 seconds
Current memory usage: 398.062 MB (+17.5508 MB from start)


Processing entry 78900000 out of 93407205; 84.4689%
Number of Jets in this event: 0
Total jets processed so far: 44657991
Time elapsed: 7683 seconds
Current memory usage: 398.062 MB (+17.5508 MB from start)


Processing entry 79000000 out of 93407205; 84.5759%
Number of Jets in this event: 0
Total jets processed so far: 44712248
Time elapsed: 7692 seconds
Current memory usage: 398.062 MB (+17.5508 MB from start)


Processing entry 79100000 out of 93407205; 84.683%
Number of Jets in this event: 2
Total jets processed so far: 44765664
Time elapsed: 7699 seconds
Current memory usage: 398.062 MB (+17.5508 MB from start)


Processing entry 79200000 out of 93407205; 84.79%
Number of Jets in this event: 0
Total jets processed so far: 44819558
Time elapsed: 7707 seconds
Current memory usage: 398.062 MB (+17.5508 MB from start)


Processing entry 79300000 out of 93407205; 84.8971%
Number of Jets in this event: 0
Total jets processed so far: 44872382
Time elapsed: 7715 seconds
Current memory usage: 398.062 MB (+17.5508 MB from start)


Processing entry 79400000 out of 93407205; 85.0041%
Number of Jets in this event: 0
Total jets processed so far: 44925651
Time elapsed: 7724 seconds
Current memory usage: 398.062 MB (+17.5508 MB from start)


Processing entry 79500000 out of 93407205; 85.1112%
Number of Jets in this event: 0
Total jets processed so far: 44978204
Time elapsed: 7731 seconds
Current memory usage: 398.062 MB (+17.5508 MB from start)


Processing entry 79600000 out of 93407205; 85.2183%
Number of Jets in this event: 0
Total jets processed so far: 45030679
Time elapsed: 7737 seconds
Current memory usage: 398.062 MB (+17.5508 MB from start)


Processing entry 79700000 out of 93407205; 85.3253%
Number of Jets in this event: 0
Total jets processed so far: 45084148
Time elapsed: 7744 seconds
Current memory usage: 398.062 MB (+17.5508 MB from start)


Processing entry 79800000 out of 93407205; 85.4324%
Number of Jets in this event: 0
Total jets processed so far: 45136058
Time elapsed: 7751 seconds
Current memory usage: 398.062 MB (+17.5508 MB from start)


Processing entry 79900000 out of 93407205; 85.5394%
Number of Jets in this event: 0
Total jets processed so far: 45188424
Time elapsed: 7760 seconds
Current memory usage: 398.062 MB (+17.5508 MB from start)


Processing entry 80000000 out of 93407205; 85.6465%
Number of Jets in this event: 0
Total jets processed so far: 45240164
Time elapsed: 7767 seconds
Current memory usage: 398.062 MB (+17.5508 MB from start)


Processing entry 80100000 out of 93407205; 85.7536%
Number of Jets in this event: 0
Total jets processed so far: 45292013
Time elapsed: 7774 seconds
Current memory usage: 398.062 MB (+17.5508 MB from start)


Processing entry 80200000 out of 93407205; 85.8606%
Number of Jets in this event: 3
Total jets processed so far: 45344317
Time elapsed: 7781 seconds
Current memory usage: 398.062 MB (+17.5508 MB from start)


Processing entry 80300000 out of 93407205; 85.9677%
Number of Jets in this event: 0
Total jets processed so far: 45392641
Time elapsed: 7790 seconds
Current memory usage: 398.062 MB (+17.5508 MB from start)


Processing entry 80400000 out of 93407205; 86.0747%
Number of Jets in this event: 0
Total jets processed so far: 45433448
Time elapsed: 7798 seconds
Current memory usage: 398.062 MB (+17.5508 MB from start)


Processing entry 80500000 out of 93407205; 86.1818%
Number of Jets in this event: 0
Total jets processed so far: 45478769
Time elapsed: 7808 seconds
Current memory usage: 398.062 MB (+17.5508 MB from start)


Processing entry 80600000 out of 93407205; 86.2888%
Number of Jets in this event: 0
Total jets processed so far: 45529616
Time elapsed: 7817 seconds
Current memory usage: 398.062 MB (+17.5508 MB from start)


Processing entry 80700000 out of 93407205; 86.3959%
Number of Jets in this event: 0
Total jets processed so far: 45581003
Time elapsed: 7824 seconds
Current memory usage: 398.062 MB (+17.5508 MB from start)


Processing entry 80800000 out of 93407205; 86.503%
Number of Jets in this event: 0
Total jets processed so far: 45633331
Time elapsed: 7831 seconds
Current memory usage: 398.062 MB (+17.5508 MB from start)


Processing entry 80900000 out of 93407205; 86.61%
Number of Jets in this event: 0
Total jets processed so far: 45685020
Time elapsed: 7839 seconds
Current memory usage: 398.062 MB (+17.5508 MB from start)


Processing entry 81000000 out of 93407205; 86.7171%
Number of Jets in this event: 0
Total jets processed so far: 45736570
Time elapsed: 7847 seconds
Current memory usage: 398.062 MB (+17.5508 MB from start)


Processing entry 81100000 out of 93407205; 86.8241%
Number of Jets in this event: 1
Total jets processed so far: 45787461
Time elapsed: 7854 seconds
Current memory usage: 398.062 MB (+17.5508 MB from start)


Processing entry 81200000 out of 93407205; 86.9312%
Number of Jets in this event: 3
Total jets processed so far: 45837483
Time elapsed: 7861 seconds
Current memory usage: 398.062 MB (+17.5508 MB from start)


Processing entry 81300000 out of 93407205; 87.0382%
Number of Jets in this event: 0
Total jets processed so far: 45888726
Time elapsed: 7868 seconds
Current memory usage: 398.062 MB (+17.5508 MB from start)


Processing entry 81400000 out of 93407205; 87.1453%
Number of Jets in this event: 0
Total jets processed so far: 45940041
Time elapsed: 7878 seconds
Current memory usage: 398.062 MB (+17.5508 MB from start)


Processing entry 81500000 out of 93407205; 87.2524%
Number of Jets in this event: 0
Total jets processed so far: 45991446
Time elapsed: 7885 seconds
Current memory usage: 398.062 MB (+17.5508 MB from start)


Processing entry 81600000 out of 93407205; 87.3594%
Number of Jets in this event: 0
Total jets processed so far: 46043186
Time elapsed: 7894 seconds
Current memory usage: 398.062 MB (+17.5508 MB from start)


Processing entry 81700000 out of 93407205; 87.4665%
Number of Jets in this event: 0
Total jets processed so far: 46094186
Time elapsed: 7907 seconds
Current memory usage: 398.062 MB (+17.5508 MB from start)


Processing entry 81800000 out of 93407205; 87.5735%
Number of Jets in this event: 0
Total jets processed so far: 46144834
Time elapsed: 7913 seconds
Current memory usage: 398.062 MB (+17.5508 MB from start)


Processing entry 81900000 out of 93407205; 87.6806%
Number of Jets in this event: 0
Total jets processed so far: 46202767
Time elapsed: 7923 seconds
Current memory usage: 398.062 MB (+17.5508 MB from start)


Processing entry 82000000 out of 93407205; 87.7877%
Number of Jets in this event: 2
Total jets processed so far: 46274103
Time elapsed: 7936 seconds
Current memory usage: 398.062 MB (+17.5508 MB from start)


Processing entry 82100000 out of 93407205; 87.8947%
Number of Jets in this event: 0
Total jets processed so far: 46344320
Time elapsed: 7942 seconds
Current memory usage: 398.062 MB (+17.5508 MB from start)


Processing entry 82200000 out of 93407205; 88.0018%
Number of Jets in this event: 0
Total jets processed so far: 46413675
Time elapsed: 7949 seconds
Current memory usage: 398.062 MB (+17.5508 MB from start)


Processing entry 82300000 out of 93407205; 88.1088%
Number of Jets in this event: 0
Total jets processed so far: 46479070
Time elapsed: 7956 seconds
Current memory usage: 398.062 MB (+17.5508 MB from start)


Processing entry 82400000 out of 93407205; 88.2159%
Number of Jets in this event: 0
Total jets processed so far: 46551011
Time elapsed: 7966 seconds
Current memory usage: 398.062 MB (+17.5508 MB from start)


Processing entry 82500000 out of 93407205; 88.323%
Number of Jets in this event: 5
Total jets processed so far: 46621976
Time elapsed: 7974 seconds
Current memory usage: 398.062 MB (+17.5508 MB from start)


Processing entry 82600000 out of 93407205; 88.43%
Number of Jets in this event: 0
Total jets processed so far: 46692067
Time elapsed: 7981 seconds
Current memory usage: 398.062 MB (+17.5508 MB from start)


Processing entry 82700000 out of 93407205; 88.5371%
Number of Jets in this event: 0
Total jets processed so far: 46759773
Time elapsed: 7990 seconds
Current memory usage: 398.062 MB (+17.5508 MB from start)


Processing entry 82800000 out of 93407205; 88.6441%
Number of Jets in this event: 0
Total jets processed so far: 46830479
Time elapsed: 7999 seconds
Current memory usage: 398.062 MB (+17.5508 MB from start)


Processing entry 82900000 out of 93407205; 88.7512%
Number of Jets in this event: 0
Total jets processed so far: 46902092
Time elapsed: 8015 seconds
Current memory usage: 398.062 MB (+17.5508 MB from start)


Processing entry 83000000 out of 93407205; 88.8582%
Number of Jets in this event: 0
Total jets processed so far: 46973621
Time elapsed: 8040 seconds
Current memory usage: 398.062 MB (+17.5508 MB from start)


Processing entry 83100000 out of 93407205; 88.9653%
Number of Jets in this event: 1
Total jets processed so far: 47045127
Time elapsed: 8053 seconds
Current memory usage: 398.062 MB (+17.5508 MB from start)


Processing entry 83200000 out of 93407205; 89.0723%
Number of Jets in this event: 1
Total jets processed so far: 47116401
Time elapsed: 8068 seconds
Current memory usage: 398.062 MB (+17.5508 MB from start)


Processing entry 83300000 out of 93407205; 89.1794%
Number of Jets in this event: 0
Total jets processed so far: 47184237
Time elapsed: 8081 seconds
Current memory usage: 398.062 MB (+17.5508 MB from start)


Processing entry 83400000 out of 93407205; 89.2865%
Number of Jets in this event: 0
Total jets processed so far: 47250496
Time elapsed: 8087 seconds
Current memory usage: 398.062 MB (+17.5508 MB from start)


Processing entry 83500000 out of 93407205; 89.3935%
Number of Jets in this event: 0
Total jets processed so far: 47314064
Time elapsed: 8095 seconds
Current memory usage: 398.062 MB (+17.5508 MB from start)


Processing entry 83600000 out of 93407205; 89.5006%
Number of Jets in this event: 0
Total jets processed so far: 47379870
Time elapsed: 8108 seconds
Current memory usage: 398.062 MB (+17.5508 MB from start)


Processing entry 83700000 out of 93407205; 89.6076%
Number of Jets in this event: 0
Total jets processed so far: 47446658
Time elapsed: 8118 seconds
Current memory usage: 398.062 MB (+17.5508 MB from start)


Processing entry 83800000 out of 93407205; 89.7147%
Number of Jets in this event: 0
Total jets processed so far: 47512141
Time elapsed: 8124 seconds
Current memory usage: 398.062 MB (+17.5508 MB from start)


Processing entry 83900000 out of 93407205; 89.8218%
Number of Jets in this event: 0
Total jets processed so far: 47577955
Time elapsed: 8134 seconds
Current memory usage: 398.062 MB (+17.5508 MB from start)


Processing entry 84000000 out of 93407205; 89.9288%
Number of Jets in this event: 0
Total jets processed so far: 47637241
Time elapsed: 8141 seconds
Current memory usage: 398.062 MB (+17.5508 MB from start)


Processing entry 84100000 out of 93407205; 90.0359%
Number of Jets in this event: 0
Total jets processed so far: 47703771
Time elapsed: 8150 seconds
Current memory usage: 398.062 MB (+17.5508 MB from start)


Processing entry 84200000 out of 93407205; 90.1429%
Number of Jets in this event: 2
Total jets processed so far: 47771390
Time elapsed: 8157 seconds
Current memory usage: 398.062 MB (+17.5508 MB from start)


Processing entry 84300000 out of 93407205; 90.25%
Number of Jets in this event: 0
Total jets processed so far: 47839108
Time elapsed: 8165 seconds
Current memory usage: 398.062 MB (+17.5508 MB from start)


Processing entry 84400000 out of 93407205; 90.3571%
Number of Jets in this event: 0
Total jets processed so far: 47907543
Time elapsed: 8174 seconds
Current memory usage: 398.062 MB (+17.5508 MB from start)


Processing entry 84500000 out of 93407205; 90.4641%
Number of Jets in this event: 4
Total jets processed so far: 47974648
Time elapsed: 8182 seconds
Current memory usage: 398.062 MB (+17.5508 MB from start)


Processing entry 84600000 out of 93407205; 90.5712%
Number of Jets in this event: 0
Total jets processed so far: 48041184
Time elapsed: 8191 seconds
Current memory usage: 398.062 MB (+17.5508 MB from start)


Processing entry 84700000 out of 93407205; 90.6782%
Number of Jets in this event: 0
Total jets processed so far: 48107656
Time elapsed: 8198 seconds
Current memory usage: 398.062 MB (+17.5508 MB from start)


Processing entry 84800000 out of 93407205; 90.7853%
Number of Jets in this event: 1
Total jets processed so far: 48174797
Time elapsed: 8206 seconds
Current memory usage: 398.062 MB (+17.5508 MB from start)


Processing entry 84900000 out of 93407205; 90.8923%
Number of Jets in this event: 1
Total jets processed so far: 48240931
Time elapsed: 8215 seconds
Current memory usage: 398.062 MB (+17.5508 MB from start)


Processing entry 85000000 out of 93407205; 90.9994%
Number of Jets in this event: 0
Total jets processed so far: 48306956
Time elapsed: 8228 seconds
Current memory usage: 398.062 MB (+17.5508 MB from start)


Processing entry 85100000 out of 93407205; 91.1065%
Number of Jets in this event: 0
Total jets processed so far: 48372398
Time elapsed: 8238 seconds
Current memory usage: 398.062 MB (+17.5508 MB from start)


Processing entry 85200000 out of 93407205; 91.2135%
Number of Jets in this event: 1
Total jets processed so far: 48438047
Time elapsed: 8244 seconds
Current memory usage: 398.062 MB (+17.5508 MB from start)


Processing entry 85300000 out of 93407205; 91.3206%
Number of Jets in this event: 0
Total jets processed so far: 48503325
Time elapsed: 8250 seconds
Current memory usage: 398.062 MB (+17.5508 MB from start)


Processing entry 85400000 out of 93407205; 91.4276%
Number of Jets in this event: 0
Total jets processed so far: 48569054
Time elapsed: 8257 seconds
Current memory usage: 398.062 MB (+17.5508 MB from start)


Processing entry 85500000 out of 93407205; 91.5347%
Number of Jets in this event: 2
Total jets processed so far: 48634899
Time elapsed: 8265 seconds
Current memory usage: 398.062 MB (+17.5508 MB from start)


Processing entry 85600000 out of 93407205; 91.6417%
Number of Jets in this event: 0
Total jets processed so far: 48699867
Time elapsed: 8278 seconds
Current memory usage: 398.062 MB (+17.5508 MB from start)


Processing entry 85700000 out of 93407205; 91.7488%
Number of Jets in this event: 0
Total jets processed so far: 48765460
Time elapsed: 8285 seconds
Current memory usage: 398.062 MB (+17.5508 MB from start)


Processing entry 85800000 out of 93407205; 91.8559%
Number of Jets in this event: 0
Total jets processed so far: 48830177
Time elapsed: 8292 seconds
Current memory usage: 398.062 MB (+17.5508 MB from start)


Processing entry 85900000 out of 93407205; 91.9629%
Number of Jets in this event: 0
Total jets processed so far: 48897230
Time elapsed: 8300 seconds
Current memory usage: 398.062 MB (+17.5508 MB from start)


Processing entry 86000000 out of 93407205; 92.07%
Number of Jets in this event: 0
Total jets processed so far: 48963106
Time elapsed: 8309 seconds
Current memory usage: 398.062 MB (+17.5508 MB from start)


Processing entry 86100000 out of 93407205; 92.177%
Number of Jets in this event: 0
Total jets processed so far: 49029629
Time elapsed: 8317 seconds
Current memory usage: 398.062 MB (+17.5508 MB from start)


Processing entry 86200000 out of 93407205; 92.2841%
Number of Jets in this event: 1
Total jets processed so far: 49095459
Time elapsed: 8325 seconds
Current memory usage: 398.062 MB (+17.5508 MB from start)


Processing entry 86300000 out of 93407205; 92.3912%
Number of Jets in this event: 0
Total jets processed so far: 49161650
Time elapsed: 8333 seconds
Current memory usage: 398.062 MB (+17.5508 MB from start)


Processing entry 86400000 out of 93407205; 92.4982%
Number of Jets in this event: 2
Total jets processed so far: 49226385
Time elapsed: 8341 seconds
Current memory usage: 398.062 MB (+17.5508 MB from start)


Processing entry 86500000 out of 93407205; 92.6053%
Number of Jets in this event: 0
Total jets processed so far: 49291312
Time elapsed: 8349 seconds
Current memory usage: 398.062 MB (+17.5508 MB from start)


Processing entry 86600000 out of 93407205; 92.7123%
Number of Jets in this event: 0
Total jets processed so far: 49356227
Time elapsed: 8355 seconds
Current memory usage: 398.062 MB (+17.5508 MB from start)


Processing entry 86700000 out of 93407205; 92.8194%
Number of Jets in this event: 3
Total jets processed so far: 49420556
Time elapsed: 8364 seconds
Current memory usage: 398.062 MB (+17.5508 MB from start)


Processing entry 86800000 out of 93407205; 92.9264%
Number of Jets in this event: 0
Total jets processed so far: 49485238
Time elapsed: 8376 seconds
Current memory usage: 398.062 MB (+17.5508 MB from start)


Processing entry 86900000 out of 93407205; 93.0335%
Number of Jets in this event: 0
Total jets processed so far: 49550065
Time elapsed: 8383 seconds
Current memory usage: 398.062 MB (+17.5508 MB from start)


Processing entry 87000000 out of 93407205; 93.1406%
Number of Jets in this event: 0
Total jets processed so far: 49614015
Time elapsed: 8390 seconds
Current memory usage: 398.062 MB (+17.5508 MB from start)


Processing entry 87100000 out of 93407205; 93.2476%
Number of Jets in this event: 0
Total jets processed so far: 49678477
Time elapsed: 8397 seconds
Current memory usage: 398.062 MB (+17.5508 MB from start)


Processing entry 87200000 out of 93407205; 93.3547%
Number of Jets in this event: 1
Total jets processed so far: 49742115
Time elapsed: 8410 seconds
Current memory usage: 398.062 MB (+17.5508 MB from start)


Processing entry 87300000 out of 93407205; 93.4617%
Number of Jets in this event: 0
Total jets processed so far: 49805973
Time elapsed: 8420 seconds
Current memory usage: 398.062 MB (+17.5508 MB from start)


Processing entry 87400000 out of 93407205; 93.5688%
Number of Jets in this event: 3
Total jets processed so far: 49869852
Time elapsed: 8431 seconds
Current memory usage: 398.062 MB (+17.5508 MB from start)


Processing entry 87500000 out of 93407205; 93.6758%
Number of Jets in this event: 0
Total jets processed so far: 49934994
Time elapsed: 8441 seconds
Current memory usage: 398.062 MB (+17.5508 MB from start)


Processing entry 87600000 out of 93407205; 93.7829%
Number of Jets in this event: 0
Total jets processed so far: 49997875
Time elapsed: 8451 seconds
Current memory usage: 398.062 MB (+17.5508 MB from start)


Processing entry 87700000 out of 93407205; 93.89%
Number of Jets in this event: 7
Total jets processed so far: 50063543
Time elapsed: 8460 seconds
Current memory usage: 398.062 MB (+17.5508 MB from start)


Processing entry 87800000 out of 93407205; 93.997%
Number of Jets in this event: 0
Total jets processed so far: 50126624
Time elapsed: 8467 seconds
Current memory usage: 398.062 MB (+17.5508 MB from start)


Processing entry 87900000 out of 93407205; 94.1041%
Number of Jets in this event: 0
Total jets processed so far: 50186695
Time elapsed: 8475 seconds
Current memory usage: 398.062 MB (+17.5508 MB from start)


Processing entry 88000000 out of 93407205; 94.2111%
Number of Jets in this event: 0
Total jets processed so far: 50249466
Time elapsed: 8483 seconds
Current memory usage: 398.062 MB (+17.5508 MB from start)


Processing entry 88100000 out of 93407205; 94.3182%
Number of Jets in this event: 0
Total jets processed so far: 50314044
Time elapsed: 8493 seconds
Current memory usage: 398.062 MB (+17.5508 MB from start)


Processing entry 88200000 out of 93407205; 94.4253%
Number of Jets in this event: 0
Total jets processed so far: 50378614
Time elapsed: 8503 seconds
Current memory usage: 398.062 MB (+17.5508 MB from start)


Processing entry 88300000 out of 93407205; 94.5323%
Number of Jets in this event: 0
Total jets processed so far: 50442694
Time elapsed: 8512 seconds
Current memory usage: 398.062 MB (+17.5508 MB from start)


Processing entry 88400000 out of 93407205; 94.6394%
Number of Jets in this event: 0
Total jets processed so far: 50506873
Time elapsed: 8522 seconds
Current memory usage: 398.062 MB (+17.5508 MB from start)


Processing entry 88500000 out of 93407205; 94.7464%
Number of Jets in this event: 5
Total jets processed so far: 50569390
Time elapsed: 8531 seconds
Current memory usage: 398.062 MB (+17.5508 MB from start)


Processing entry 88600000 out of 93407205; 94.8535%
Number of Jets in this event: 0
Total jets processed so far: 50632514
Time elapsed: 8539 seconds
Current memory usage: 398.062 MB (+17.5508 MB from start)


Processing entry 88700000 out of 93407205; 94.9606%
Number of Jets in this event: 1
Total jets processed so far: 50696254
Time elapsed: 8554 seconds
Current memory usage: 398.062 MB (+17.5508 MB from start)


Processing entry 88800000 out of 93407205; 95.0676%
Number of Jets in this event: 0
Total jets processed so far: 50758668
Time elapsed: 8562 seconds
Current memory usage: 398.062 MB (+17.5508 MB from start)


Processing entry 88900000 out of 93407205; 95.1747%
Number of Jets in this event: 1
Total jets processed so far: 50818730
Time elapsed: 8569 seconds
Current memory usage: 398.062 MB (+17.5508 MB from start)


Processing entry 89000000 out of 93407205; 95.2817%
Number of Jets in this event: 0
Total jets processed so far: 50883466
Time elapsed: 8579 seconds
Current memory usage: 398.062 MB (+17.5508 MB from start)


Processing entry 89100000 out of 93407205; 95.3888%
Number of Jets in this event: 0
Total jets processed so far: 50947547
Time elapsed: 8588 seconds
Current memory usage: 398.062 MB (+17.5508 MB from start)


Processing entry 89200000 out of 93407205; 95.4958%
Number of Jets in this event: 0
Total jets processed so far: 51006824
Time elapsed: 8596 seconds
Current memory usage: 398.062 MB (+17.5508 MB from start)


Processing entry 89300000 out of 93407205; 95.6029%
Number of Jets in this event: 0
Total jets processed so far: 51067825
Time elapsed: 8604 seconds
Current memory usage: 398.062 MB (+17.5508 MB from start)


Processing entry 89400000 out of 93407205; 95.71%
Number of Jets in this event: 0
Total jets processed so far: 51130666
Time elapsed: 8613 seconds
Current memory usage: 398.062 MB (+17.5508 MB from start)


Processing entry 89500000 out of 93407205; 95.817%
Number of Jets in this event: 0
Total jets processed so far: 51193278
Time elapsed: 8620 seconds
Current memory usage: 398.062 MB (+17.5508 MB from start)


Processing entry 89600000 out of 93407205; 95.9241%
Number of Jets in this event: 0
Total jets processed so far: 51254180
Time elapsed: 8627 seconds
Current memory usage: 398.062 MB (+17.5508 MB from start)


Processing entry 89700000 out of 93407205; 96.0311%
Number of Jets in this event: 3
Total jets processed so far: 51313630
Time elapsed: 8632 seconds
Current memory usage: 398.062 MB (+17.5508 MB from start)


Processing entry 89800000 out of 93407205; 96.1382%
Number of Jets in this event: 0
Total jets processed so far: 51374405
Time elapsed: 8648 seconds
Current memory usage: 398.062 MB (+17.5508 MB from start)


Processing entry 89900000 out of 93407205; 96.2452%
Number of Jets in this event: 0
Total jets processed so far: 51434498
Time elapsed: 8656 seconds
Current memory usage: 398.062 MB (+17.5508 MB from start)


Processing entry 90000000 out of 93407205; 96.3523%
Number of Jets in this event: 0
Total jets processed so far: 51495900
Time elapsed: 8664 seconds
Current memory usage: 398.062 MB (+17.5508 MB from start)


Processing entry 90100000 out of 93407205; 96.4594%
Number of Jets in this event: 1
Total jets processed so far: 51555771
Time elapsed: 8670 seconds
Current memory usage: 398.062 MB (+17.5508 MB from start)


Processing entry 90200000 out of 93407205; 96.5664%
Number of Jets in this event: 3
Total jets processed so far: 51616395
Time elapsed: 8676 seconds
Current memory usage: 398.062 MB (+17.5508 MB from start)


Processing entry 90300000 out of 93407205; 96.6735%
Number of Jets in this event: 0
Total jets processed so far: 51675459
Time elapsed: 8687 seconds
Current memory usage: 398.062 MB (+17.5508 MB from start)


Processing entry 90400000 out of 93407205; 96.7805%
Number of Jets in this event: 0
Total jets processed so far: 51733869
Time elapsed: 8694 seconds
Current memory usage: 398.062 MB (+17.5508 MB from start)


Processing entry 90500000 out of 93407205; 96.8876%
Number of Jets in this event: 0
Total jets processed so far: 51793025
Time elapsed: 8701 seconds
Current memory usage: 398.062 MB (+17.5508 MB from start)


Processing entry 90600000 out of 93407205; 96.9947%
Number of Jets in this event: 0
Total jets processed so far: 51852617
Time elapsed: 8708 seconds
Current memory usage: 398.062 MB (+17.5508 MB from start)


Processing entry 90700000 out of 93407205; 97.1017%
Number of Jets in this event: 0
Total jets processed so far: 51911925
Time elapsed: 8727 seconds
Current memory usage: 398.062 MB (+17.5508 MB from start)


Processing entry 90800000 out of 93407205; 97.2088%
Number of Jets in this event: 0
Total jets processed so far: 51971638
Time elapsed: 8739 seconds
Current memory usage: 398.062 MB (+17.5508 MB from start)


Processing entry 90900000 out of 93407205; 97.3158%
Number of Jets in this event: 0
Total jets processed so far: 52030097
Time elapsed: 8746 seconds
Current memory usage: 398.062 MB (+17.5508 MB from start)


Processing entry 91000000 out of 93407205; 97.4229%
Number of Jets in this event: 0
Total jets processed so far: 52089551
Time elapsed: 8751 seconds
Current memory usage: 398.062 MB (+17.5508 MB from start)


Processing entry 91100000 out of 93407205; 97.5299%
Number of Jets in this event: 0
Total jets processed so far: 52149297
Time elapsed: 8759 seconds
Current memory usage: 398.062 MB (+17.5508 MB from start)


Processing entry 91200000 out of 93407205; 97.637%
Number of Jets in this event: 0
Total jets processed so far: 52209261
Time elapsed: 8767 seconds
Current memory usage: 398.062 MB (+17.5508 MB from start)


Processing entry 91300000 out of 93407205; 97.7441%
Number of Jets in this event: 0
Total jets processed so far: 52267872
Time elapsed: 8773 seconds
Current memory usage: 398.062 MB (+17.5508 MB from start)


Processing entry 91400000 out of 93407205; 97.8511%
Number of Jets in this event: 0
Total jets processed so far: 52323892
Time elapsed: 8779 seconds
Current memory usage: 398.062 MB (+17.5508 MB from start)


Processing entry 91500000 out of 93407205; 97.9582%
Number of Jets in this event: 0
Total jets processed so far: 52382787
Time elapsed: 8786 seconds
Current memory usage: 398.062 MB (+17.5508 MB from start)


Processing entry 91600000 out of 93407205; 98.0652%
Number of Jets in this event: 0
Total jets processed so far: 52439498
Time elapsed: 8794 seconds
Current memory usage: 398.062 MB (+17.5508 MB from start)


Processing entry 91700000 out of 93407205; 98.1723%
Number of Jets in this event: 0
Total jets processed so far: 52497113
Time elapsed: 8804 seconds
Current memory usage: 398.062 MB (+17.5508 MB from start)


Processing entry 91800000 out of 93407205; 98.2794%
Number of Jets in this event: 0
Total jets processed so far: 52554594
Time elapsed: 8814 seconds
Current memory usage: 398.062 MB (+17.5508 MB from start)


Processing entry 91900000 out of 93407205; 98.3864%
Number of Jets in this event: 0
Total jets processed so far: 52612522
Time elapsed: 8823 seconds
Current memory usage: 398.062 MB (+17.5508 MB from start)


Processing entry 92000000 out of 93407205; 98.4935%
Number of Jets in this event: 0
Total jets processed so far: 52669676
Time elapsed: 8834 seconds
Current memory usage: 398.062 MB (+17.5508 MB from start)


Processing entry 92100000 out of 93407205; 98.6005%
Number of Jets in this event: 0
Total jets processed so far: 52726543
Time elapsed: 8845 seconds
Current memory usage: 398.062 MB (+17.5508 MB from start)


Processing entry 92200000 out of 93407205; 98.7076%
Number of Jets in this event: 0
Total jets processed so far: 52783437
Time elapsed: 8852 seconds
Current memory usage: 398.062 MB (+17.5508 MB from start)


Processing entry 92300000 out of 93407205; 98.8146%
Number of Jets in this event: 0
Total jets processed so far: 52842442
Time elapsed: 8857 seconds
Current memory usage: 398.062 MB (+17.5508 MB from start)


Processing entry 92400000 out of 93407205; 98.9217%
Number of Jets in this event: 0
Total jets processed so far: 52900420
Time elapsed: 8862 seconds
Current memory usage: 398.062 MB (+17.5508 MB from start)


Processing entry 92500000 out of 93407205; 99.0288%
Number of Jets in this event: 0
Total jets processed so far: 52958081
Time elapsed: 8869 seconds
Current memory usage: 398.062 MB (+17.5508 MB from start)


Processing entry 92600000 out of 93407205; 99.1358%
Number of Jets in this event: 0
Total jets processed so far: 53014569
Time elapsed: 8876 seconds
Current memory usage: 398.062 MB (+17.5508 MB from start)


Processing entry 92700000 out of 93407205; 99.2429%
Number of Jets in this event: 1
Total jets processed so far: 53072660
Time elapsed: 8884 seconds
Current memory usage: 398.062 MB (+17.5508 MB from start)


Processing entry 92800000 out of 93407205; 99.3499%
Number of Jets in this event: 0
Total jets processed so far: 53130513
Time elapsed: 8892 seconds
Current memory usage: 398.062 MB (+17.5508 MB from start)


Processing entry 92900000 out of 93407205; 99.457%
Number of Jets in this event: 0
Total jets processed so far: 53186893
Time elapsed: 8900 seconds
Current memory usage: 398.062 MB (+17.5508 MB from start)


Processing entry 93000000 out of 93407205; 99.564%
Number of Jets in this event: 0
Total jets processed so far: 53243554
Time elapsed: 8906 seconds
Current memory usage: 398.062 MB (+17.5508 MB from start)


Processing entry 93100000 out of 93407205; 99.6711%
Number of Jets in this event: 0
Total jets processed so far: 53300787
Time elapsed: 8912 seconds
Current memory usage: 398.062 MB (+17.5508 MB from start)


Processing entry 93200000 out of 93407205; 99.7782%
Number of Jets in this event: 0
Total jets processed so far: 53357926
Time elapsed: 8918 seconds
Current memory usage: 398.062 MB (+17.5508 MB from start)


Processing entry 93300000 out of 93407205; 99.8852%
Number of Jets in this event: 0
Total jets processed so far: 53414872
Time elapsed: 8924 seconds
Current memory usage: 398.062 MB (+17.5508 MB from start)


Processing entry 93400000 out of 93407205; 99.9923%
Number of Jets in this event: 0
Total jets processed so far: 53470858
Time elapsed: 8931 seconds
Current memory usage: 398.062 MB (+17.5508 MB from start)


=== PROCESSING SUMMARY ===
Events before cuts: 93407205
Events after cuts: 33666208
Event cut efficiency: 36.0424%
Jets before selection: 45257624
Jets after selection: 0
Jet selection efficiency: 0%
Total jets processed: 53474649
=========================

=== TIMING SUMMARY ===
Total processing time (H:M:S): 2h 28m 51.93s
Events processed per second: 10457.7 Hz
Average time per event: 0.0956236 ms
=======================
Cuts applied: L1 MinBias Trigger;Cluster Compatibility Filter;Primary Vertex Filter;400.0 > Jet pT > 500.0 GeV/c;Jet |eta| < 1.6;HF E_{Max}+ AND HF E_{Max}- > 14;Jet PF CEF < 0.8;Jet PF NEF < 0.8;Jet PF MUF < 0.9;Jet PF CHM > 0;
General info: NEntries: 93.4M;Sample: Data;Tag: 1PD_xrd_test_400to500GEV;ProcessingDate: 20260502;EventsBeforeCuts: 93407205;EventsAfterCuts: 33666208;EventCutEfficiency: 36.04%;JetsBeforeSelection: 45257624;JetsAfterSelection: 0;JetSelectionEfficiency: 0.00%;TotalJetsProcessed: 53474649;MCWeighted: No;
Saving histograms to output file: /home/xirong/JetStudiesOO/LynnsCode/RootFiles/0430QAPlotDiffptBins/Debug//Data_93.4MEvts_1PD_xrd_test_400to500GEV_20260502.root

=== MEMORY SUMMARY ===
Peak memory usage: 398.062 MB
Memory cleanup completed.
=======================
