The system clock is currently at Thu Apr 23 03:16:00 2026
Scanning directory: /eos/cms/store/group/phys_heavyions/hbossi/mc_productions/QCD-dijet_pThat15-event-weighted_TuneCP5_5p36TeV_pythia8/OO_MC_DijetEmbedded_pThat-15to1200_TuneCP5_5p36TeV_pythia8/260306_002843/0000 for files matching pattern: *
Found 817 ROOT files matching pattern: /eos/cms/store/group/phys_heavyions/hbossi/mc_productions/QCD-dijet_pThat15-event-weighted_TuneCP5_5p36TeV_pythia8/OO_MC_DijetEmbedded_pThat-15to1200_TuneCP5_5p36TeV_pythia8/260306_002843/0000/*
Number of ROOT files to process: 817
Processing file 1 of 817: /eos/cms/store/group/phys_heavyions/hbossi/mc_productions/QCD-dijet_pThat15-event-weighted_TuneCP5_5p36TeV_pythia8/OO_MC_DijetEmbedded_pThat-15to1200_TuneCP5_5p36TeV_pythia8/260306_002843/0000/HiForestMiniAOD_1.root
Time elapsed: 0 seconds
File Contains: 145000 entries.
NMiss: 3765 | NFake: 6202 | NMatch: 97414
Processing file 2 of 817: /eos/cms/store/group/phys_heavyions/hbossi/mc_productions/QCD-dijet_pThat15-event-weighted_TuneCP5_5p36TeV_pythia8/OO_MC_DijetEmbedded_pThat-15to1200_TuneCP5_5p36TeV_pythia8/260306_002843/0000/HiForestMiniAOD_10.root
Time elapsed: 37 seconds
File Contains: 129000 entries.
NMiss: 7107 | NFake: 11647 | NMatch: 184307
Processing file 3 of 817: /eos/cms/store/group/phys_heavyions/hbossi/mc_productions/QCD-dijet_pThat15-event-weighted_TuneCP5_5p36TeV_pythia8/OO_MC_DijetEmbedded_pThat-15to1200_TuneCP5_5p36TeV_pythia8/260306_002843/0000/HiForestMiniAOD_100.root
Time elapsed: 94 seconds
File Contains: 106000 entries.
NMiss: 9837 | NFake: 16090 | NMatch: 255688
Processing file 4 of 817: /eos/cms/store/group/phys_heavyions/hbossi/mc_productions/QCD-dijet_pThat15-event-weighted_TuneCP5_5p36TeV_pythia8/OO_MC_DijetEmbedded_pThat-15to1200_TuneCP5_5p36TeV_pythia8/260306_002843/0000/HiForestMiniAOD_101.root
Time elapsed: 139 seconds
File Contains: 113000 entries.
NMiss: 12771 | NFake: 20809 | NMatch: 331500
Processing file 5 of 817: /eos/cms/store/group/phys_heavyions/hbossi/mc_productions/QCD-dijet_pThat15-event-weighted_TuneCP5_5p36TeV_pythia8/OO_MC_DijetEmbedded_pThat-15to1200_TuneCP5_5p36TeV_pythia8/260306_002843/0000/HiForestMiniAOD_102.root
Time elapsed: 163 seconds
File Contains: 112000 entries.
NMiss: 15664 | NFake: 25532 | NMatch: 406808
Processing file 6 of 817: /eos/cms/store/group/phys_heavyions/hbossi/mc_productions/QCD-dijet_pThat15-event-weighted_TuneCP5_5p36TeV_pythia8/OO_MC_DijetEmbedded_pThat-15to1200_TuneCP5_5p36TeV_pythia8/260306_002843/0000/HiForestMiniAOD_103.root
Time elapsed: 205 seconds
File Contains: 154000 entries.
NMiss: 19616 | NFake: 32108 | NMatch: 509776
Processing file 7 of 817: /eos/cms/store/group/phys_heavyions/hbossi/mc_productions/QCD-dijet_pThat15-event-weighted_TuneCP5_5p36TeV_pythia8/OO_MC_DijetEmbedded_pThat-15to1200_TuneCP5_5p36TeV_pythia8/260306_002843/0000/HiForestMiniAOD_104.root
Time elapsed: 264 seconds
File Contains: 92000 entries.
NMiss: 22025 | NFake: 35965 | NMatch: 571517
Processing file 8 of 817: /eos/cms/store/group/phys_heavyions/hbossi/mc_productions/QCD-dijet_pThat15-event-weighted_TuneCP5_5p36TeV_pythia8/OO_MC_DijetEmbedded_pThat-15to1200_TuneCP5_5p36TeV_pythia8/260306_002843/0000/HiForestMiniAOD_105.root
Time elapsed: 285 seconds
File Contains: 136000 entries.
NMiss: 25514 | NFake: 41658 | NMatch: 662707
Processing file 9 of 817: /eos/cms/store/group/phys_heavyions/hbossi/mc_productions/QCD-dijet_pThat15-event-weighted_TuneCP5_5p36TeV_pythia8/OO_MC_DijetEmbedded_pThat-15to1200_TuneCP5_5p36TeV_pythia8/260306_002843/0000/HiForestMiniAOD_106.root
Time elapsed: 307 seconds
File Contains: 127000 entries.
NMiss: 28802 | NFake: 46966 | NMatch: 747518
Processing file 10 of 817: /eos/cms/store/group/phys_heavyions/hbossi/mc_productions/QCD-dijet_pThat15-event-weighted_TuneCP5_5p36TeV_pythia8/OO_MC_DijetEmbedded_pThat-15to1200_TuneCP5_5p36TeV_pythia8/260306_002843/0000/HiForestMiniAOD_107.root
Time elapsed: 342 seconds
File Contains: 120000 entries.
NMiss: 31965 | NFake: 52043 | NMatch: 828532
Processing file 11 of 817: /eos/cms/store/group/phys_heavyions/hbossi/mc_productions/QCD-dijet_pThat15-event-weighted_TuneCP5_5p36TeV_pythia8/OO_MC_DijetEmbedded_pThat-15to1200_TuneCP5_5p36TeV_pythia8/260306_002843/0000/HiForestMiniAOD_108.root
Time elapsed: 397 seconds
File Contains: 119000 entries.
NMiss: 35048 | NFake: 57084 | NMatch: 908225
Processing file 12 of 817: /eos/cms/store/group/phys_heavyions/hbossi/mc_productions/QCD-dijet_pThat15-event-weighted_TuneCP5_5p36TeV_pythia8/OO_MC_DijetEmbedded_pThat-15to1200_TuneCP5_5p36TeV_pythia8/260306_002843/0000/HiForestMiniAOD_109.root
Time elapsed: 439 seconds
File Contains: 127000 entries.
NMiss: 38422 | NFake: 62462 | NMatch: 993597
Processing file 13 of 817: /eos/cms/store/group/phys_heavyions/hbossi/mc_productions/QCD-dijet_pThat15-event-weighted_TuneCP5_5p36TeV_pythia8/OO_MC_DijetEmbedded_pThat-15to1200_TuneCP5_5p36TeV_pythia8/260306_002843/0000/HiForestMiniAOD_11.root
Time elapsed: 480 seconds
File Contains: 138000 entries.
NMiss: 41985 | NFake: 68358 | NMatch: 1086442
Processing file 14 of 817: /eos/cms/store/group/phys_heavyions/hbossi/mc_productions/QCD-dijet_pThat15-event-weighted_TuneCP5_5p36TeV_pythia8/OO_MC_DijetEmbedded_pThat-15to1200_TuneCP5_5p36TeV_pythia8/260306_002843/0000/HiForestMiniAOD_110.root
Time elapsed: 504 seconds
File Contains: 167000 entries.
NMiss: 46286 | NFake: 75343 | NMatch: 1198081
Processing file 15 of 817: /eos/cms/store/group/phys_heavyions/hbossi/mc_productions/QCD-dijet_pThat15-event-weighted_TuneCP5_5p36TeV_pythia8/OO_MC_DijetEmbedded_pThat-15to1200_TuneCP5_5p36TeV_pythia8/260306_002843/0000/HiForestMiniAOD_111.root
Time elapsed: 527 seconds
File Contains: 125000 entries.
NMiss: 49466 | NFake: 80602 | NMatch: 1282169
Processing file 16 of 817: /eos/cms/store/group/phys_heavyions/hbossi/mc_productions/QCD-dijet_pThat15-event-weighted_TuneCP5_5p36TeV_pythia8/OO_MC_DijetEmbedded_pThat-15to1200_TuneCP5_5p36TeV_pythia8/260306_002843/0000/HiForestMiniAOD_112.root
Time elapsed: 553 seconds
File Contains: 135000 entries.
NMiss: 52947 | NFake: 86384 | NMatch: 1373341
Processing file 17 of 817: /eos/cms/store/group/phys_heavyions/hbossi/mc_productions/QCD-dijet_pThat15-event-weighted_TuneCP5_5p36TeV_pythia8/OO_MC_DijetEmbedded_pThat-15to1200_TuneCP5_5p36TeV_pythia8/260306_002843/0000/HiForestMiniAOD_113.root
Time elapsed: 588 seconds
File Contains: 96000 entries.
NMiss: 55452 | NFake: 90376 | NMatch: 1437343
Processing file 18 of 817: /eos/cms/store/group/phys_heavyions/hbossi/mc_productions/QCD-dijet_pThat15-event-weighted_TuneCP5_5p36TeV_pythia8/OO_MC_DijetEmbedded_pThat-15to1200_TuneCP5_5p36TeV_pythia8/260306_002843/0000/HiForestMiniAOD_114.root
Time elapsed: 611 seconds
File Contains: 140000 entries.
NMiss: 59130 | NFake: 96442 | NMatch: 1531699
Processing file 19 of 817: /eos/cms/store/group/phys_heavyions/hbossi/mc_productions/QCD-dijet_pThat15-event-weighted_TuneCP5_5p36TeV_pythia8/OO_MC_DijetEmbedded_pThat-15to1200_TuneCP5_5p36TeV_pythia8/260306_002843/0000/HiForestMiniAOD_115.root
Time elapsed: 645 seconds
File Contains: 152000 entries.
NMiss: 63090 | NFake: 102816 | NMatch: 1633382
Processing file 20 of 817: /eos/cms/store/group/phys_heavyions/hbossi/mc_productions/QCD-dijet_pThat15-event-weighted_TuneCP5_5p36TeV_pythia8/OO_MC_DijetEmbedded_pThat-15to1200_TuneCP5_5p36TeV_pythia8/260306_002843/0000/HiForestMiniAOD_116.root
Time elapsed: 670 seconds
File Contains: 123000 entries.
NMiss: 66302 | NFake: 108176 | NMatch: 1715830
Processing file 21 of 817: /eos/cms/store/group/phys_heavyions/hbossi/mc_productions/QCD-dijet_pThat15-event-weighted_TuneCP5_5p36TeV_pythia8/OO_MC_DijetEmbedded_pThat-15to1200_TuneCP5_5p36TeV_pythia8/260306_002843/0000/HiForestMiniAOD_117.root
Time elapsed: 691 seconds
File Contains: 167000 entries.
NMiss: 70636 | NFake: 115187 | NMatch: 1828465
Processing file 22 of 817: /eos/cms/store/group/phys_heavyions/hbossi/mc_productions/QCD-dijet_pThat15-event-weighted_TuneCP5_5p36TeV_pythia8/OO_MC_DijetEmbedded_pThat-15to1200_TuneCP5_5p36TeV_pythia8/260306_002843/0000/HiForestMiniAOD_118.root
Time elapsed: 720 seconds
File Contains: 110000 entries.
NMiss: 73445 | NFake: 119799 | NMatch: 1902347
Processing file 23 of 817: /eos/cms/store/group/phys_heavyions/hbossi/mc_productions/QCD-dijet_pThat15-event-weighted_TuneCP5_5p36TeV_pythia8/OO_MC_DijetEmbedded_pThat-15to1200_TuneCP5_5p36TeV_pythia8/260306_002843/0000/HiForestMiniAOD_119.root
Time elapsed: 740 seconds
File Contains: 131000 entries.
NMiss: 76851 | NFake: 125367 | NMatch: 1989820
Processing file 24 of 817: /eos/cms/store/group/phys_heavyions/hbossi/mc_productions/QCD-dijet_pThat15-event-weighted_TuneCP5_5p36TeV_pythia8/OO_MC_DijetEmbedded_pThat-15to1200_TuneCP5_5p36TeV_pythia8/260306_002843/0000/HiForestMiniAOD_12.root
Time elapsed: 799 seconds
File Contains: 131000 entries.
NMiss: 80250 | NFake: 130970 | NMatch: 2077367
Processing file 25 of 817: /eos/cms/store/group/phys_heavyions/hbossi/mc_productions/QCD-dijet_pThat15-event-weighted_TuneCP5_5p36TeV_pythia8/OO_MC_DijetEmbedded_pThat-15to1200_TuneCP5_5p36TeV_pythia8/260306_002843/0000/HiForestMiniAOD_120.root
Time elapsed: 830 seconds
File Contains: 133000 entries.
NMiss: 83663 | NFake: 136541 | NMatch: 2166904
Processing file 26 of 817: /eos/cms/store/group/phys_heavyions/hbossi/mc_productions/QCD-dijet_pThat15-event-weighted_TuneCP5_5p36TeV_pythia8/OO_MC_DijetEmbedded_pThat-15to1200_TuneCP5_5p36TeV_pythia8/260306_002843/0000/HiForestMiniAOD_121.root
Time elapsed: 875 seconds
File Contains: 146000 entries.
NMiss: 87493 | NFake: 142638 | NMatch: 2264575
Processing file 27 of 817: /eos/cms/store/group/phys_heavyions/hbossi/mc_productions/QCD-dijet_pThat15-event-weighted_TuneCP5_5p36TeV_pythia8/OO_MC_DijetEmbedded_pThat-15to1200_TuneCP5_5p36TeV_pythia8/260306_002843/0000/HiForestMiniAOD_122.root
Time elapsed: 904 seconds
File Contains: 113000 entries.
NMiss: 90413 | NFake: 147512 | NMatch: 2340672
Processing file 28 of 817: /eos/cms/store/group/phys_heavyions/hbossi/mc_productions/QCD-dijet_pThat15-event-weighted_TuneCP5_5p36TeV_pythia8/OO_MC_DijetEmbedded_pThat-15to1200_TuneCP5_5p36TeV_pythia8/260306_002843/0000/HiForestMiniAOD_123.root
Time elapsed: 924 seconds
File Contains: 110000 entries.
NMiss: 93150 | NFake: 152134 | NMatch: 2414134
Processing file 29 of 817: /eos/cms/store/group/phys_heavyions/hbossi/mc_productions/QCD-dijet_pThat15-event-weighted_TuneCP5_5p36TeV_pythia8/OO_MC_DijetEmbedded_pThat-15to1200_TuneCP5_5p36TeV_pythia8/260306_002843/0000/HiForestMiniAOD_124.root
Time elapsed: 946 seconds
File Contains: 137000 entries.
NMiss: 96638 | NFake: 158050 | NMatch: 2506246
Processing file 30 of 817: /eos/cms/store/group/phys_heavyions/hbossi/mc_productions/QCD-dijet_pThat15-event-weighted_TuneCP5_5p36TeV_pythia8/OO_MC_DijetEmbedded_pThat-15to1200_TuneCP5_5p36TeV_pythia8/260306_002843/0000/HiForestMiniAOD_125.root
Time elapsed: 972 seconds
File Contains: 98000 entries.
NMiss: 99038 | NFake: 162125 | NMatch: 2572030
Processing file 31 of 817: /eos/cms/store/group/phys_heavyions/hbossi/mc_productions/QCD-dijet_pThat15-event-weighted_TuneCP5_5p36TeV_pythia8/OO_MC_DijetEmbedded_pThat-15to1200_TuneCP5_5p36TeV_pythia8/260306_002843/0000/HiForestMiniAOD_126.root
Time elapsed: 990 seconds
File Contains: 113000 entries.
NMiss: 101911 | NFake: 166938 | NMatch: 2647725
Processing file 32 of 817: /eos/cms/store/group/phys_heavyions/hbossi/mc_productions/QCD-dijet_pThat15-event-weighted_TuneCP5_5p36TeV_pythia8/OO_MC_DijetEmbedded_pThat-15to1200_TuneCP5_5p36TeV_pythia8/260306_002843/0000/HiForestMiniAOD_127.root
Time elapsed: 1036 seconds
File Contains: 107000 entries.
NMiss: 104690 | NFake: 171459 | NMatch: 2719471
Processing file 33 of 817: /eos/cms/store/group/phys_heavyions/hbossi/mc_productions/QCD-dijet_pThat15-event-weighted_TuneCP5_5p36TeV_pythia8/OO_MC_DijetEmbedded_pThat-15to1200_TuneCP5_5p36TeV_pythia8/260306_002843/0000/HiForestMiniAOD_128.root
Time elapsed: 1069 seconds
File Contains: 148000 entries.
NMiss: 108585 | NFake: 177761 | NMatch: 2819363
Processing file 34 of 817: /eos/cms/store/group/phys_heavyions/hbossi/mc_productions/QCD-dijet_pThat15-event-weighted_TuneCP5_5p36TeV_pythia8/OO_MC_DijetEmbedded_pThat-15to1200_TuneCP5_5p36TeV_pythia8/260306_002843/0000/HiForestMiniAOD_129.root
Time elapsed: 1105 seconds
File Contains: 117000 entries.
NMiss: 111623 | NFake: 182712 | NMatch: 2897496
Processing file 35 of 817: /eos/cms/store/group/phys_heavyions/hbossi/mc_productions/QCD-dijet_pThat15-event-weighted_TuneCP5_5p36TeV_pythia8/OO_MC_DijetEmbedded_pThat-15to1200_TuneCP5_5p36TeV_pythia8/260306_002843/0000/HiForestMiniAOD_130.root
Time elapsed: 1141 seconds
File Contains: 139000 entries.
NMiss: 115205 | NFake: 188431 | NMatch: 2991080
Processing file 36 of 817: /eos/cms/store/group/phys_heavyions/hbossi/mc_productions/QCD-dijet_pThat15-event-weighted_TuneCP5_5p36TeV_pythia8/OO_MC_DijetEmbedded_pThat-15to1200_TuneCP5_5p36TeV_pythia8/260306_002843/0000/HiForestMiniAOD_131.root
Time elapsed: 1174 seconds
File Contains: 105000 entries.
NMiss: 117949 | NFake: 192766 | NMatch: 3061295
Processing file 37 of 817: /eos/cms/store/group/phys_heavyions/hbossi/mc_productions/QCD-dijet_pThat15-event-weighted_TuneCP5_5p36TeV_pythia8/OO_MC_DijetEmbedded_pThat-15to1200_TuneCP5_5p36TeV_pythia8/260306_002843/0000/HiForestMiniAOD_132.root
Time elapsed: 1201 seconds
File Contains: 93000 entries.
NMiss: 120308 | NFake: 196770 | NMatch: 3123938
Processing file 38 of 817: /eos/cms/store/group/phys_heavyions/hbossi/mc_productions/QCD-dijet_pThat15-event-weighted_TuneCP5_5p36TeV_pythia8/OO_MC_DijetEmbedded_pThat-15to1200_TuneCP5_5p36TeV_pythia8/260306_002843/0000/HiForestMiniAOD_133.root
Time elapsed: 1229 seconds
File Contains: 109000 entries.
NMiss: 123149 | NFake: 201438 | NMatch: 3197158
Processing file 39 of 817: /eos/cms/store/group/phys_heavyions/hbossi/mc_productions/QCD-dijet_pThat15-event-weighted_TuneCP5_5p36TeV_pythia8/OO_MC_DijetEmbedded_pThat-15to1200_TuneCP5_5p36TeV_pythia8/260306_002843/0000/HiForestMiniAOD_134.root
Time elapsed: 1246 seconds
File Contains: 100000 entries.
NMiss: 125759 | NFake: 205704 | NMatch: 3264043
Processing file 40 of 817: /eos/cms/store/group/phys_heavyions/hbossi/mc_productions/QCD-dijet_pThat15-event-weighted_TuneCP5_5p36TeV_pythia8/OO_MC_DijetEmbedded_pThat-15to1200_TuneCP5_5p36TeV_pythia8/260306_002843/0000/HiForestMiniAOD_135.root
Time elapsed: 1266 seconds
File Contains: 122000 entries.
NMiss: 128930 | NFake: 210828 | NMatch: 3346023
Processing file 41 of 817: /eos/cms/store/group/phys_heavyions/hbossi/mc_productions/QCD-dijet_pThat15-event-weighted_TuneCP5_5p36TeV_pythia8/OO_MC_DijetEmbedded_pThat-15to1200_TuneCP5_5p36TeV_pythia8/260306_002843/0000/HiForestMiniAOD_136.root
Time elapsed: 1290 seconds
File Contains: 166000 entries.
NMiss: 133131 | NFake: 217769 | NMatch: 3456896
Processing file 42 of 817: /eos/cms/store/group/phys_heavyions/hbossi/mc_productions/QCD-dijet_pThat15-event-weighted_TuneCP5_5p36TeV_pythia8/OO_MC_DijetEmbedded_pThat-15to1200_TuneCP5_5p36TeV_pythia8/260306_002843/0000/HiForestMiniAOD_137.root
Time elapsed: 1321 seconds
File Contains: 112000 entries.
NMiss: 136048 | NFake: 222540 | NMatch: 3531940
Processing file 43 of 817: /eos/cms/store/group/phys_heavyions/hbossi/mc_productions/QCD-dijet_pThat15-event-weighted_TuneCP5_5p36TeV_pythia8/OO_MC_DijetEmbedded_pThat-15to1200_TuneCP5_5p36TeV_pythia8/260306_002843/0000/HiForestMiniAOD_138.root
Time elapsed: 1377 seconds
File Contains: 100000 entries.
NMiss: 138654 | NFake: 226826 | NMatch: 3598668
Processing file 44 of 817: /eos/cms/store/group/phys_heavyions/hbossi/mc_productions/QCD-dijet_pThat15-event-weighted_TuneCP5_5p36TeV_pythia8/OO_MC_DijetEmbedded_pThat-15to1200_TuneCP5_5p36TeV_pythia8/260306_002843/0000/HiForestMiniAOD_139.root
Time elapsed: 1397 seconds
File Contains: 137000 entries.
NMiss: 142232 | NFake: 232638 | NMatch: 3691080
Processing file 45 of 817: /eos/cms/store/group/phys_heavyions/hbossi/mc_productions/QCD-dijet_pThat15-event-weighted_TuneCP5_5p36TeV_pythia8/OO_MC_DijetEmbedded_pThat-15to1200_TuneCP5_5p36TeV_pythia8/260306_002843/0000/HiForestMiniAOD_14.root
Time elapsed: 1416 seconds
File Contains: 99000 entries.
NMiss: 144797 | NFake: 236878 | NMatch: 3757136
Processing file 46 of 817: /eos/cms/store/group/phys_heavyions/hbossi/mc_productions/QCD-dijet_pThat15-event-weighted_TuneCP5_5p36TeV_pythia8/OO_MC_DijetEmbedded_pThat-15to1200_TuneCP5_5p36TeV_pythia8/260306_002843/0000/HiForestMiniAOD_140.root
Time elapsed: 1438 seconds
File Contains: 143000 entries.
NMiss: 148476 | NFake: 242904 | NMatch: 3852951
Processing file 47 of 817: /eos/cms/store/group/phys_heavyions/hbossi/mc_productions/QCD-dijet_pThat15-event-weighted_TuneCP5_5p36TeV_pythia8/OO_MC_DijetEmbedded_pThat-15to1200_TuneCP5_5p36TeV_pythia8/260306_002843/0000/HiForestMiniAOD_141.root
Time elapsed: 1479 seconds
File Contains: 107000 entries.
NMiss: 151202 | NFake: 247364 | NMatch: 3924720
Processing file 48 of 817: /eos/cms/store/group/phys_heavyions/hbossi/mc_productions/QCD-dijet_pThat15-event-weighted_TuneCP5_5p36TeV_pythia8/OO_MC_DijetEmbedded_pThat-15to1200_TuneCP5_5p36TeV_pythia8/260306_002843/0000/HiForestMiniAOD_142.root
Time elapsed: 1504 seconds
File Contains: 151000 entries.
NMiss: 155003 | NFake: 253641 | NMatch: 4026191
Processing file 49 of 817: /eos/cms/store/group/phys_heavyions/hbossi/mc_productions/QCD-dijet_pThat15-event-weighted_TuneCP5_5p36TeV_pythia8/OO_MC_DijetEmbedded_pThat-15to1200_TuneCP5_5p36TeV_pythia8/260306_002843/0000/HiForestMiniAOD_143.root
Time elapsed: 1541 seconds
File Contains: 91000 entries.
NMiss: 157357 | NFake: 257562 | NMatch: 4087471
Processing file 50 of 817: /eos/cms/store/group/phys_heavyions/hbossi/mc_productions/QCD-dijet_pThat15-event-weighted_TuneCP5_5p36TeV_pythia8/OO_MC_DijetEmbedded_pThat-15to1200_TuneCP5_5p36TeV_pythia8/260306_002843/0000/HiForestMiniAOD_144.root
Time elapsed: 1567 seconds
File Contains: 98000 entries.
NMiss: 159838 | NFake: 261662 | NMatch: 4153060
Processing file 51 of 817: /eos/cms/store/group/phys_heavyions/hbossi/mc_productions/QCD-dijet_pThat15-event-weighted_TuneCP5_5p36TeV_pythia8/OO_MC_DijetEmbedded_pThat-15to1200_TuneCP5_5p36TeV_pythia8/260306_002843/0000/HiForestMiniAOD_145.root
Time elapsed: 1619 seconds
File Contains: 128000 entries.
NMiss: 163139 | NFake: 267112 | NMatch: 4238063
Processing file 52 of 817: /eos/cms/store/group/phys_heavyions/hbossi/mc_productions/QCD-dijet_pThat15-event-weighted_TuneCP5_5p36TeV_pythia8/OO_MC_DijetEmbedded_pThat-15to1200_TuneCP5_5p36TeV_pythia8/260306_002843/0000/HiForestMiniAOD_146.root
Time elapsed: 1640 seconds
File Contains: 126000 entries.
NMiss: 166381 | NFake: 272367 | NMatch: 4322197
Processing file 53 of 817: /eos/cms/store/group/phys_heavyions/hbossi/mc_productions/QCD-dijet_pThat15-event-weighted_TuneCP5_5p36TeV_pythia8/OO_MC_DijetEmbedded_pThat-15to1200_TuneCP5_5p36TeV_pythia8/260306_002843/0000/HiForestMiniAOD_147.root
Time elapsed: 1671 seconds
File Contains: 121000 entries.
NMiss: 169453 | NFake: 277439 | NMatch: 4403464
Processing file 54 of 817: /eos/cms/store/group/phys_heavyions/hbossi/mc_productions/QCD-dijet_pThat15-event-weighted_TuneCP5_5p36TeV_pythia8/OO_MC_DijetEmbedded_pThat-15to1200_TuneCP5_5p36TeV_pythia8/260306_002843/0000/HiForestMiniAOD_148.root
Time elapsed: 1699 seconds
File Contains: 150000 entries.
NMiss: 173359 | NFake: 283753 | NMatch: 4503941
Processing file 55 of 817: /eos/cms/store/group/phys_heavyions/hbossi/mc_productions/QCD-dijet_pThat15-event-weighted_TuneCP5_5p36TeV_pythia8/OO_MC_DijetEmbedded_pThat-15to1200_TuneCP5_5p36TeV_pythia8/260306_002843/0000/HiForestMiniAOD_149.root
Time elapsed: 1729 seconds
File Contains: 133000 entries.
NMiss: 176731 | NFake: 289279 | NMatch: 4592928
Processing file 56 of 817: /eos/cms/store/group/phys_heavyions/hbossi/mc_productions/QCD-dijet_pThat15-event-weighted_TuneCP5_5p36TeV_pythia8/OO_MC_DijetEmbedded_pThat-15to1200_TuneCP5_5p36TeV_pythia8/260306_002843/0000/HiForestMiniAOD_150.root
Time elapsed: 1763 seconds
File Contains: 111000 entries.
NMiss: 179717 | NFake: 294036 | NMatch: 4667183
Processing file 57 of 817: /eos/cms/store/group/phys_heavyions/hbossi/mc_productions/QCD-dijet_pThat15-event-weighted_TuneCP5_5p36TeV_pythia8/OO_MC_DijetEmbedded_pThat-15to1200_TuneCP5_5p36TeV_pythia8/260306_002843/0000/HiForestMiniAOD_151.root
Time elapsed: 1796 seconds
File Contains: 109000 entries.
NMiss: 182476 | NFake: 298623 | NMatch: 4740153
Processing file 58 of 817: /eos/cms/store/group/phys_heavyions/hbossi/mc_productions/QCD-dijet_pThat15-event-weighted_TuneCP5_5p36TeV_pythia8/OO_MC_DijetEmbedded_pThat-15to1200_TuneCP5_5p36TeV_pythia8/260306_002843/0000/HiForestMiniAOD_152.root
Time elapsed: 1850 seconds
File Contains: 95000 entries.
NMiss: 184866 | NFake: 302664 | NMatch: 4803704
Processing file 59 of 817: /eos/cms/store/group/phys_heavyions/hbossi/mc_productions/QCD-dijet_pThat15-event-weighted_TuneCP5_5p36TeV_pythia8/OO_MC_DijetEmbedded_pThat-15to1200_TuneCP5_5p36TeV_pythia8/260306_002843/0000/HiForestMiniAOD_153.root
Time elapsed: 1869 seconds
File Contains: 98000 entries.
NMiss: 187342 | NFake: 306751 | NMatch: 4869357
Processing file 60 of 817: /eos/cms/store/group/phys_heavyions/hbossi/mc_productions/QCD-dijet_pThat15-event-weighted_TuneCP5_5p36TeV_pythia8/OO_MC_DijetEmbedded_pThat-15to1200_TuneCP5_5p36TeV_pythia8/260306_002843/0000/HiForestMiniAOD_154.root
Time elapsed: 1896 seconds
File Contains: 107000 entries.
NMiss: 190071 | NFake: 311260 | NMatch: 4940717
Processing file 61 of 817: /eos/cms/store/group/phys_heavyions/hbossi/mc_productions/QCD-dijet_pThat15-event-weighted_TuneCP5_5p36TeV_pythia8/OO_MC_DijetEmbedded_pThat-15to1200_TuneCP5_5p36TeV_pythia8/260306_002843/0000/HiForestMiniAOD_155.root
Time elapsed: 1933 seconds
File Contains: 92000 entries.
NMiss: 192422 | NFake: 315252 | NMatch: 5002256
Processing file 62 of 817: /eos/cms/store/group/phys_heavyions/hbossi/mc_productions/QCD-dijet_pThat15-event-weighted_TuneCP5_5p36TeV_pythia8/OO_MC_DijetEmbedded_pThat-15to1200_TuneCP5_5p36TeV_pythia8/260306_002843/0000/HiForestMiniAOD_156.root
Time elapsed: 1984 seconds
File Contains: 160000 entries.
NMiss: 196565 | NFake: 321911 | NMatch: 5109756
Processing file 63 of 817: /eos/cms/store/group/phys_heavyions/hbossi/mc_productions/QCD-dijet_pThat15-event-weighted_TuneCP5_5p36TeV_pythia8/OO_MC_DijetEmbedded_pThat-15to1200_TuneCP5_5p36TeV_pythia8/260306_002843/0000/HiForestMiniAOD_157.root
Time elapsed: 2010 seconds
File Contains: 145000 entries.
NMiss: 200344 | NFake: 327969 | NMatch: 5207510
Processing file 64 of 817: /eos/cms/store/group/phys_heavyions/hbossi/mc_productions/QCD-dijet_pThat15-event-weighted_TuneCP5_5p36TeV_pythia8/OO_MC_DijetEmbedded_pThat-15to1200_TuneCP5_5p36TeV_pythia8/260306_002843/0000/HiForestMiniAOD_158.root
Time elapsed: 2046 seconds
File Contains: 129000 entries.
NMiss: 203685 | NFake: 333568 | NMatch: 5293840
Processing file 65 of 817: /eos/cms/store/group/phys_heavyions/hbossi/mc_productions/QCD-dijet_pThat15-event-weighted_TuneCP5_5p36TeV_pythia8/OO_MC_DijetEmbedded_pThat-15to1200_TuneCP5_5p36TeV_pythia8/260306_002843/0000/HiForestMiniAOD_159.root
Time elapsed: 2068 seconds
File Contains: 132000 entries.
NMiss: 207084 | NFake: 339165 | NMatch: 5382037
Processing file 66 of 817: /eos/cms/store/group/phys_heavyions/hbossi/mc_productions/QCD-dijet_pThat15-event-weighted_TuneCP5_5p36TeV_pythia8/OO_MC_DijetEmbedded_pThat-15to1200_TuneCP5_5p36TeV_pythia8/260306_002843/0000/HiForestMiniAOD_16.root
Time elapsed: 2095 seconds
File Contains: 133000 entries.
NMiss: 210510 | NFake: 344793 | NMatch: 5471054
Processing file 67 of 817: /eos/cms/store/group/phys_heavyions/hbossi/mc_productions/QCD-dijet_pThat15-event-weighted_TuneCP5_5p36TeV_pythia8/OO_MC_DijetEmbedded_pThat-15to1200_TuneCP5_5p36TeV_pythia8/260306_002843/0000/HiForestMiniAOD_160.root
Time elapsed: 2124 seconds
File Contains: 108000 entries.
NMiss: 213292 | NFake: 349425 | NMatch: 5542456
Processing file 68 of 817: /eos/cms/store/group/phys_heavyions/hbossi/mc_productions/QCD-dijet_pThat15-event-weighted_TuneCP5_5p36TeV_pythia8/OO_MC_DijetEmbedded_pThat-15to1200_TuneCP5_5p36TeV_pythia8/260306_002843/0000/HiForestMiniAOD_161.root
Time elapsed: 2145 seconds
File Contains: 136000 entries.
NMiss: 216712 | NFake: 355152 | NMatch: 5634160
Processing file 69 of 817: /eos/cms/store/group/phys_heavyions/hbossi/mc_productions/QCD-dijet_pThat15-event-weighted_TuneCP5_5p36TeV_pythia8/OO_MC_DijetEmbedded_pThat-15to1200_TuneCP5_5p36TeV_pythia8/260306_002843/0000/HiForestMiniAOD_162.root
Time elapsed: 2208 seconds
File Contains: 127000 entries.
NMiss: 220079 | NFake: 360612 | NMatch: 5719261
Processing file 70 of 817: /eos/cms/store/group/phys_heavyions/hbossi/mc_productions/QCD-dijet_pThat15-event-weighted_TuneCP5_5p36TeV_pythia8/OO_MC_DijetEmbedded_pThat-15to1200_TuneCP5_5p36TeV_pythia8/260306_002843/0000/HiForestMiniAOD_163.root
Time elapsed: 2238 seconds
File Contains: 152000 entries.
NMiss: 223998 | NFake: 367007 | NMatch: 5821142
Processing file 71 of 817: /eos/cms/store/group/phys_heavyions/hbossi/mc_productions/QCD-dijet_pThat15-event-weighted_TuneCP5_5p36TeV_pythia8/OO_MC_DijetEmbedded_pThat-15to1200_TuneCP5_5p36TeV_pythia8/260306_002843/0000/HiForestMiniAOD_164.root
Time elapsed: 2262 seconds
File Contains: 138000 entries.
NMiss: 227478 | NFake: 372912 | NMatch: 5913965
Processing file 72 of 817: /eos/cms/store/group/phys_heavyions/hbossi/mc_productions/QCD-dijet_pThat15-event-weighted_TuneCP5_5p36TeV_pythia8/OO_MC_DijetEmbedded_pThat-15to1200_TuneCP5_5p36TeV_pythia8/260306_002843/0000/HiForestMiniAOD_165.root
Time elapsed: 2294 seconds
File Contains: 136000 entries.
NMiss: 230990 | NFake: 378552 | NMatch: 6005196
Processing file 73 of 817: /eos/cms/store/group/phys_heavyions/hbossi/mc_productions/QCD-dijet_pThat15-event-weighted_TuneCP5_5p36TeV_pythia8/OO_MC_DijetEmbedded_pThat-15to1200_TuneCP5_5p36TeV_pythia8/260306_002843/0000/HiForestMiniAOD_166.root
Time elapsed: 2318 seconds
File Contains: 87000 entries.
NMiss: 233261 | NFake: 382295 | NMatch: 6063215
Processing file 74 of 817: /eos/cms/store/group/phys_heavyions/hbossi/mc_productions/QCD-dijet_pThat15-event-weighted_TuneCP5_5p36TeV_pythia8/OO_MC_DijetEmbedded_pThat-15to1200_TuneCP5_5p36TeV_pythia8/260306_002843/0000/HiForestMiniAOD_167.root
Time elapsed: 2344 seconds
File Contains: 109000 entries.
NMiss: 236151 | NFake: 386911 | NMatch: 6136814
Processing file 75 of 817: /eos/cms/store/group/phys_heavyions/hbossi/mc_productions/QCD-dijet_pThat15-event-weighted_TuneCP5_5p36TeV_pythia8/OO_MC_DijetEmbedded_pThat-15to1200_TuneCP5_5p36TeV_pythia8/260306_002843/0000/HiForestMiniAOD_168.root
Time elapsed: 2391 seconds
File Contains: 110000 entries.
NMiss: 239057 | NFake: 391579 | NMatch: 6210572
Processing file 76 of 817: /eos/cms/store/group/phys_heavyions/hbossi/mc_productions/QCD-dijet_pThat15-event-weighted_TuneCP5_5p36TeV_pythia8/OO_MC_DijetEmbedded_pThat-15to1200_TuneCP5_5p36TeV_pythia8/260306_002843/0000/HiForestMiniAOD_169.root
Time elapsed: 2410 seconds
File Contains: 108000 entries.
NMiss: 241918 | NFake: 396240 | NMatch: 6282598
Processing file 77 of 817: /eos/cms/store/group/phys_heavyions/hbossi/mc_productions/QCD-dijet_pThat15-event-weighted_TuneCP5_5p36TeV_pythia8/OO_MC_DijetEmbedded_pThat-15to1200_TuneCP5_5p36TeV_pythia8/260306_002843/0000/HiForestMiniAOD_17.root
Time elapsed: 2430 seconds
File Contains: 126000 entries.
NMiss: 245178 | NFake: 401520 | NMatch: 6366779
Processing file 78 of 817: /eos/cms/store/group/phys_heavyions/hbossi/mc_productions/QCD-dijet_pThat15-event-weighted_TuneCP5_5p36TeV_pythia8/OO_MC_DijetEmbedded_pThat-15to1200_TuneCP5_5p36TeV_pythia8/260306_002843/0000/HiForestMiniAOD_170.root
Time elapsed: 2476 seconds
File Contains: 109000 entries.
NMiss: 248083 | NFake: 406155 | NMatch: 6439755
Processing file 79 of 817: /eos/cms/store/group/phys_heavyions/hbossi/mc_productions/QCD-dijet_pThat15-event-weighted_TuneCP5_5p36TeV_pythia8/OO_MC_DijetEmbedded_pThat-15to1200_TuneCP5_5p36TeV_pythia8/260306_002843/0000/HiForestMiniAOD_171.root
Time elapsed: 2506 seconds
File Contains: 98000 entries.
NMiss: 250641 | NFake: 410355 | NMatch: 6505199
Processing file 80 of 817: /eos/cms/store/group/phys_heavyions/hbossi/mc_productions/QCD-dijet_pThat15-event-weighted_TuneCP5_5p36TeV_pythia8/OO_MC_DijetEmbedded_pThat-15to1200_TuneCP5_5p36TeV_pythia8/260306_002843/0000/HiForestMiniAOD_172.root
Time elapsed: 2540 seconds
File Contains: 130000 entries.
NMiss: 254005 | NFake: 415970 | NMatch: 6591989
Processing file 81 of 817: /eos/cms/store/group/phys_heavyions/hbossi/mc_productions/QCD-dijet_pThat15-event-weighted_TuneCP5_5p36TeV_pythia8/OO_MC_DijetEmbedded_pThat-15to1200_TuneCP5_5p36TeV_pythia8/260306_002843/0000/HiForestMiniAOD_173.root
Time elapsed: 2564 seconds
File Contains: 151000 entries.
NMiss: 257873 | NFake: 422431 | NMatch: 6693690
Processing file 82 of 817: /eos/cms/store/group/phys_heavyions/hbossi/mc_productions/QCD-dijet_pThat15-event-weighted_TuneCP5_5p36TeV_pythia8/OO_MC_DijetEmbedded_pThat-15to1200_TuneCP5_5p36TeV_pythia8/260306_002843/0000/HiForestMiniAOD_174.root
Time elapsed: 2591 seconds
File Contains: 119000 entries.
NMiss: 260957 | NFake: 427374 | NMatch: 6773169
Processing file 83 of 817: /eos/cms/store/group/phys_heavyions/hbossi/mc_productions/QCD-dijet_pThat15-event-weighted_TuneCP5_5p36TeV_pythia8/OO_MC_DijetEmbedded_pThat-15to1200_TuneCP5_5p36TeV_pythia8/260306_002843/0000/HiForestMiniAOD_175.root
Time elapsed: 2636 seconds
File Contains: 118000 entries.
NMiss: 263993 | NFake: 432430 | NMatch: 6851805
Processing file 84 of 817: /eos/cms/store/group/phys_heavyions/hbossi/mc_productions/QCD-dijet_pThat15-event-weighted_TuneCP5_5p36TeV_pythia8/OO_MC_DijetEmbedded_pThat-15to1200_TuneCP5_5p36TeV_pythia8/260306_002843/0000/HiForestMiniAOD_176.root
Time elapsed: 2656 seconds
File Contains: 164000 entries.
NMiss: 268194 | NFake: 439403 | NMatch: 6961875
Processing file 85 of 817: /eos/cms/store/group/phys_heavyions/hbossi/mc_productions/QCD-dijet_pThat15-event-weighted_TuneCP5_5p36TeV_pythia8/OO_MC_DijetEmbedded_pThat-15to1200_TuneCP5_5p36TeV_pythia8/260306_002843/0000/HiForestMiniAOD_177.root
Time elapsed: 2681 seconds
File Contains: 101000 entries.
NMiss: 270882 | NFake: 443668 | NMatch: 7028939
Processing file 86 of 817: /eos/cms/store/group/phys_heavyions/hbossi/mc_productions/QCD-dijet_pThat15-event-weighted_TuneCP5_5p36TeV_pythia8/OO_MC_DijetEmbedded_pThat-15to1200_TuneCP5_5p36TeV_pythia8/260306_002843/0000/HiForestMiniAOD_178.root
Time elapsed: 2698 seconds
File Contains: 109000 entries.
NMiss: 273673 | NFake: 448200 | NMatch: 7102047
Processing file 87 of 817: /eos/cms/store/group/phys_heavyions/hbossi/mc_productions/QCD-dijet_pThat15-event-weighted_TuneCP5_5p36TeV_pythia8/OO_MC_DijetEmbedded_pThat-15to1200_TuneCP5_5p36TeV_pythia8/260306_002843/0000/HiForestMiniAOD_179.root
Time elapsed: 2722 seconds
File Contains: 132000 entries.
NMiss: 277041 | NFake: 453855 | NMatch: 7190615
Processing file 88 of 817: /eos/cms/store/group/phys_heavyions/hbossi/mc_productions/QCD-dijet_pThat15-event-weighted_TuneCP5_5p36TeV_pythia8/OO_MC_DijetEmbedded_pThat-15to1200_TuneCP5_5p36TeV_pythia8/260306_002843/0000/HiForestMiniAOD_18.root
Time elapsed: 2763 seconds
File Contains: 140000 entries.
NMiss: 280727 | NFake: 459790 | NMatch: 7283965
Processing file 89 of 817: /eos/cms/store/group/phys_heavyions/hbossi/mc_productions/QCD-dijet_pThat15-event-weighted_TuneCP5_5p36TeV_pythia8/OO_MC_DijetEmbedded_pThat-15to1200_TuneCP5_5p36TeV_pythia8/260306_002843/0000/HiForestMiniAOD_180.root
Time elapsed: 2794 seconds
File Contains: 132000 entries.
NMiss: 284211 | NFake: 465513 | NMatch: 7372235
Processing file 90 of 817: /eos/cms/store/group/phys_heavyions/hbossi/mc_productions/QCD-dijet_pThat15-event-weighted_TuneCP5_5p36TeV_pythia8/OO_MC_DijetEmbedded_pThat-15to1200_TuneCP5_5p36TeV_pythia8/260306_002843/0000/HiForestMiniAOD_181.root
Time elapsed: 2819 seconds
File Contains: 167000 entries.
NMiss: 288555 | NFake: 472583 | NMatch: 7484658
Processing file 91 of 817: /eos/cms/store/group/phys_heavyions/hbossi/mc_productions/QCD-dijet_pThat15-event-weighted_TuneCP5_5p36TeV_pythia8/OO_MC_DijetEmbedded_pThat-15to1200_TuneCP5_5p36TeV_pythia8/260306_002843/0000/HiForestMiniAOD_182.root
Time elapsed: 2846 seconds
File Contains: 101000 entries.
NMiss: 291187 | NFake: 476909 | NMatch: 7552015
Processing file 92 of 817: /eos/cms/store/group/phys_heavyions/hbossi/mc_productions/QCD-dijet_pThat15-event-weighted_TuneCP5_5p36TeV_pythia8/OO_MC_DijetEmbedded_pThat-15to1200_TuneCP5_5p36TeV_pythia8/260306_002843/0000/HiForestMiniAOD_183.root
Time elapsed: 2860 seconds
File Contains: 129000 entries.
NMiss: 294430 | NFake: 482481 | NMatch: 7638231
Processing file 93 of 817: /eos/cms/store/group/phys_heavyions/hbossi/mc_productions/QCD-dijet_pThat15-event-weighted_TuneCP5_5p36TeV_pythia8/OO_MC_DijetEmbedded_pThat-15to1200_TuneCP5_5p36TeV_pythia8/260306_002843/0000/HiForestMiniAOD_184.root
Time elapsed: 2892 seconds
File Contains: 138000 entries.
NMiss: 298082 | NFake: 488188 | NMatch: 7730870
Processing file 94 of 817: /eos/cms/store/group/phys_heavyions/hbossi/mc_productions/QCD-dijet_pThat15-event-weighted_TuneCP5_5p36TeV_pythia8/OO_MC_DijetEmbedded_pThat-15to1200_TuneCP5_5p36TeV_pythia8/260306_002843/0000/HiForestMiniAOD_185.root
Time elapsed: 2915 seconds
File Contains: 84000 entries.
NMiss: 300300 | NFake: 491752 | NMatch: 7787217
Processing file 95 of 817: /eos/cms/store/group/phys_heavyions/hbossi/mc_productions/QCD-dijet_pThat15-event-weighted_TuneCP5_5p36TeV_pythia8/OO_MC_DijetEmbedded_pThat-15to1200_TuneCP5_5p36TeV_pythia8/260306_002843/0000/HiForestMiniAOD_186.root
Time elapsed: 2931 seconds
File Contains: 122000 entries.
NMiss: 303506 | NFake: 496871 | NMatch: 7868823
Processing file 96 of 817: /eos/cms/store/group/phys_heavyions/hbossi/mc_productions/QCD-dijet_pThat15-event-weighted_TuneCP5_5p36TeV_pythia8/OO_MC_DijetEmbedded_pThat-15to1200_TuneCP5_5p36TeV_pythia8/260306_002843/0000/HiForestMiniAOD_187.root
Time elapsed: 2951 seconds
File Contains: 142000 entries.
NMiss: 307251 | NFake: 502889 | NMatch: 7963879
Processing file 97 of 817: /eos/cms/store/group/phys_heavyions/hbossi/mc_productions/QCD-dijet_pThat15-event-weighted_TuneCP5_5p36TeV_pythia8/OO_MC_DijetEmbedded_pThat-15to1200_TuneCP5_5p36TeV_pythia8/260306_002843/0000/HiForestMiniAOD_188.root
Time elapsed: 2979 seconds
File Contains: 136000 entries.
NMiss: 310810 | NFake: 508712 | NMatch: 8054984
Processing file 98 of 817: /eos/cms/store/group/phys_heavyions/hbossi/mc_productions/QCD-dijet_pThat15-event-weighted_TuneCP5_5p36TeV_pythia8/OO_MC_DijetEmbedded_pThat-15to1200_TuneCP5_5p36TeV_pythia8/260306_002843/0000/HiForestMiniAOD_189.root
Time elapsed: 3001 seconds
File Contains: 94000 entries.
NMiss: 313163 | NFake: 512586 | NMatch: 8118025
Processing file 99 of 817: /eos/cms/store/group/phys_heavyions/hbossi/mc_productions/QCD-dijet_pThat15-event-weighted_TuneCP5_5p36TeV_pythia8/OO_MC_DijetEmbedded_pThat-15to1200_TuneCP5_5p36TeV_pythia8/260306_002843/0000/HiForestMiniAOD_19.root
Time elapsed: 3022 seconds
File Contains: 101000 entries.
NMiss: 315752 | NFake: 516946 | NMatch: 8185969
Processing file 100 of 817: /eos/cms/store/group/phys_heavyions/hbossi/mc_productions/QCD-dijet_pThat15-event-weighted_TuneCP5_5p36TeV_pythia8/OO_MC_DijetEmbedded_pThat-15to1200_TuneCP5_5p36TeV_pythia8/260306_002843/0000/HiForestMiniAOD_190.root
Time elapsed: 3046 seconds
File Contains: 149000 entries.
NMiss: 319589 | NFake: 523272 | NMatch: 8285495
Processing file 101 of 817: /eos/cms/store/group/phys_heavyions/hbossi/mc_productions/QCD-dijet_pThat15-event-weighted_TuneCP5_5p36TeV_pythia8/OO_MC_DijetEmbedded_pThat-15to1200_TuneCP5_5p36TeV_pythia8/260306_002843/0000/HiForestMiniAOD_191.root
Time elapsed: 3082 seconds
File Contains: 116000 entries.
NMiss: 322580 | NFake: 528207 | NMatch: 8363139
Processing file 102 of 817: /eos/cms/store/group/phys_heavyions/hbossi/mc_productions/QCD-dijet_pThat15-event-weighted_TuneCP5_5p36TeV_pythia8/OO_MC_DijetEmbedded_pThat-15to1200_TuneCP5_5p36TeV_pythia8/260306_002843/0000/HiForestMiniAOD_192.root
Time elapsed: 3103 seconds
File Contains: 118000 entries.
NMiss: 325660 | NFake: 533233 | NMatch: 8442169
Processing file 103 of 817: /eos/cms/store/group/phys_heavyions/hbossi/mc_productions/QCD-dijet_pThat15-event-weighted_TuneCP5_5p36TeV_pythia8/OO_MC_DijetEmbedded_pThat-15to1200_TuneCP5_5p36TeV_pythia8/260306_002843/0000/HiForestMiniAOD_193.root
Time elapsed: 3128 seconds
File Contains: 142000 entries.
NMiss: 329303 | NFake: 539271 | NMatch: 8537452
Processing file 104 of 817: /eos/cms/store/group/phys_heavyions/hbossi/mc_productions/QCD-dijet_pThat15-event-weighted_TuneCP5_5p36TeV_pythia8/OO_MC_DijetEmbedded_pThat-15to1200_TuneCP5_5p36TeV_pythia8/260306_002843/0000/HiForestMiniAOD_194.root
Time elapsed: 3151 seconds
File Contains: 144000 entries.
NMiss: 332925 | NFake: 545469 | NMatch: 8633639
Processing file 105 of 817: /eos/cms/store/group/phys_heavyions/hbossi/mc_productions/QCD-dijet_pThat15-event-weighted_TuneCP5_5p36TeV_pythia8/OO_MC_DijetEmbedded_pThat-15to1200_TuneCP5_5p36TeV_pythia8/260306_002843/0000/HiForestMiniAOD_195.root
Time elapsed: 3183 seconds
File Contains: 124000 entries.
NMiss: 336120 | NFake: 550732 | NMatch: 8716809
Processing file 106 of 817: /eos/cms/store/group/phys_heavyions/hbossi/mc_productions/QCD-dijet_pThat15-event-weighted_TuneCP5_5p36TeV_pythia8/OO_MC_DijetEmbedded_pThat-15to1200_TuneCP5_5p36TeV_pythia8/260306_002843/0000/HiForestMiniAOD_196.root
Time elapsed: 3214 seconds
File Contains: 153000 entries.
NMiss: 340154 | NFake: 557391 | NMatch: 8819335
Processing file 107 of 817: /eos/cms/store/group/phys_heavyions/hbossi/mc_productions/QCD-dijet_pThat15-event-weighted_TuneCP5_5p36TeV_pythia8/OO_MC_DijetEmbedded_pThat-15to1200_TuneCP5_5p36TeV_pythia8/260306_002843/0000/HiForestMiniAOD_197.root
Time elapsed: 3244 seconds
File Contains: 105000 entries.
NMiss: 342858 | NFake: 561819 | NMatch: 8889855
Processing file 108 of 817: /eos/cms/store/group/phys_heavyions/hbossi/mc_productions/QCD-dijet_pThat15-event-weighted_TuneCP5_5p36TeV_pythia8/OO_MC_DijetEmbedded_pThat-15to1200_TuneCP5_5p36TeV_pythia8/260306_002843/0000/HiForestMiniAOD_198.root
Time elapsed: 3271 seconds
File Contains: 117000 entries.
NMiss: 345870 | NFake: 566740 | NMatch: 8968135
Processing file 109 of 817: /eos/cms/store/group/phys_heavyions/hbossi/mc_productions/QCD-dijet_pThat15-event-weighted_TuneCP5_5p36TeV_pythia8/OO_MC_DijetEmbedded_pThat-15to1200_TuneCP5_5p36TeV_pythia8/260306_002843/0000/HiForestMiniAOD_199.root
Time elapsed: 3300 seconds
File Contains: 114000 entries.
NMiss: 348762 | NFake: 571669 | NMatch: 9044223
Processing file 110 of 817: /eos/cms/store/group/phys_heavyions/hbossi/mc_productions/QCD-dijet_pThat15-event-weighted_TuneCP5_5p36TeV_pythia8/OO_MC_DijetEmbedded_pThat-15to1200_TuneCP5_5p36TeV_pythia8/260306_002843/0000/HiForestMiniAOD_2.root
Time elapsed: 3358 seconds
File Contains: 110000 entries.
NMiss: 351637 | NFake: 576265 | NMatch: 9118304
Processing file 111 of 817: /eos/cms/store/group/phys_heavyions/hbossi/mc_productions/QCD-dijet_pThat15-event-weighted_TuneCP5_5p36TeV_pythia8/OO_MC_DijetEmbedded_pThat-15to1200_TuneCP5_5p36TeV_pythia8/260306_002843/0000/HiForestMiniAOD_20.root
Time elapsed: 3419 seconds
File Contains: 97000 entries.
NMiss: 354193 | NFake: 580386 | NMatch: 9183090
Processing file 112 of 817: /eos/cms/store/group/phys_heavyions/hbossi/mc_productions/QCD-dijet_pThat15-event-weighted_TuneCP5_5p36TeV_pythia8/OO_MC_DijetEmbedded_pThat-15to1200_TuneCP5_5p36TeV_pythia8/260306_002843/0000/HiForestMiniAOD_200.root
Time elapsed: 3443 seconds
File Contains: 125000 entries.
NMiss: 357477 | NFake: 585630 | NMatch: 9267092
Processing file 113 of 817: /eos/cms/store/group/phys_heavyions/hbossi/mc_productions/QCD-dijet_pThat15-event-weighted_TuneCP5_5p36TeV_pythia8/OO_MC_DijetEmbedded_pThat-15to1200_TuneCP5_5p36TeV_pythia8/260306_002843/0000/HiForestMiniAOD_201.root
Time elapsed: 3472 seconds
File Contains: 103000 entries.
NMiss: 360179 | NFake: 589945 | NMatch: 9335969
Processing file 114 of 817: /eos/cms/store/group/phys_heavyions/hbossi/mc_productions/QCD-dijet_pThat15-event-weighted_TuneCP5_5p36TeV_pythia8/OO_MC_DijetEmbedded_pThat-15to1200_TuneCP5_5p36TeV_pythia8/260306_002843/0000/HiForestMiniAOD_202.root
Time elapsed: 3493 seconds
File Contains: 132000 entries.
NMiss: 363657 | NFake: 595688 | NMatch: 9424282
Processing file 115 of 817: /eos/cms/store/group/phys_heavyions/hbossi/mc_productions/QCD-dijet_pThat15-event-weighted_TuneCP5_5p36TeV_pythia8/OO_MC_DijetEmbedded_pThat-15to1200_TuneCP5_5p36TeV_pythia8/260306_002843/0000/HiForestMiniAOD_203.root
Time elapsed: 3517 seconds
File Contains: 140000 entries.
NMiss: 367250 | NFake: 601691 | NMatch: 9517762
Processing file 116 of 817: /eos/cms/store/group/phys_heavyions/hbossi/mc_productions/QCD-dijet_pThat15-event-weighted_TuneCP5_5p36TeV_pythia8/OO_MC_DijetEmbedded_pThat-15to1200_TuneCP5_5p36TeV_pythia8/260306_002843/0000/HiForestMiniAOD_204.root
Time elapsed: 3577 seconds
File Contains: 135000 entries.
NMiss: 370789 | NFake: 607276 | NMatch: 9607299
Processing file 117 of 817: /eos/cms/store/group/phys_heavyions/hbossi/mc_productions/QCD-dijet_pThat15-event-weighted_TuneCP5_5p36TeV_pythia8/OO_MC_DijetEmbedded_pThat-15to1200_TuneCP5_5p36TeV_pythia8/260306_002843/0000/HiForestMiniAOD_205.root
Time elapsed: 3602 seconds
File Contains: 142000 entries.
NMiss: 374506 | NFake: 613160 | NMatch: 9702543
Processing file 118 of 817: /eos/cms/store/group/phys_heavyions/hbossi/mc_productions/QCD-dijet_pThat15-event-weighted_TuneCP5_5p36TeV_pythia8/OO_MC_DijetEmbedded_pThat-15to1200_TuneCP5_5p36TeV_pythia8/260306_002843/0000/HiForestMiniAOD_206.root
Time elapsed: 3642 seconds
File Contains: 129000 entries.
NMiss: 377879 | NFake: 618686 | NMatch: 9788963
Processing file 119 of 817: /eos/cms/store/group/phys_heavyions/hbossi/mc_productions/QCD-dijet_pThat15-event-weighted_TuneCP5_5p36TeV_pythia8/OO_MC_DijetEmbedded_pThat-15to1200_TuneCP5_5p36TeV_pythia8/260306_002843/0000/HiForestMiniAOD_207.root
Time elapsed: 3677 seconds
File Contains: 103000 entries.
NMiss: 380566 | NFake: 623024 | NMatch: 9857877
Processing file 120 of 817: /eos/cms/store/group/phys_heavyions/hbossi/mc_productions/QCD-dijet_pThat15-event-weighted_TuneCP5_5p36TeV_pythia8/OO_MC_DijetEmbedded_pThat-15to1200_TuneCP5_5p36TeV_pythia8/260306_002843/0000/HiForestMiniAOD_208.root
Time elapsed: 3705 seconds
File Contains: 123000 entries.
NMiss: 383849 | NFake: 628162 | NMatch: 9940411
Processing file 121 of 817: /eos/cms/store/group/phys_heavyions/hbossi/mc_productions/QCD-dijet_pThat15-event-weighted_TuneCP5_5p36TeV_pythia8/OO_MC_DijetEmbedded_pThat-15to1200_TuneCP5_5p36TeV_pythia8/260306_002843/0000/HiForestMiniAOD_209.root
Time elapsed: 3728 seconds
File Contains: 98000 entries.
NMiss: 386418 | NFake: 632377 | NMatch: 10005519
Processing file 122 of 817: /eos/cms/store/group/phys_heavyions/hbossi/mc_productions/QCD-dijet_pThat15-event-weighted_TuneCP5_5p36TeV_pythia8/OO_MC_DijetEmbedded_pThat-15to1200_TuneCP5_5p36TeV_pythia8/260306_002843/0000/HiForestMiniAOD_21.root
Time elapsed: 3753 seconds
File Contains: 93000 entries.
NMiss: 388877 | NFake: 636362 | NMatch: 10068138
Processing file 123 of 817: /eos/cms/store/group/phys_heavyions/hbossi/mc_productions/QCD-dijet_pThat15-event-weighted_TuneCP5_5p36TeV_pythia8/OO_MC_DijetEmbedded_pThat-15to1200_TuneCP5_5p36TeV_pythia8/260306_002843/0000/HiForestMiniAOD_210.root
Time elapsed: 3794 seconds
File Contains: 132000 entries.
NMiss: 392318 | NFake: 641881 | NMatch: 10156743
Processing file 124 of 817: /eos/cms/store/group/phys_heavyions/hbossi/mc_productions/QCD-dijet_pThat15-event-weighted_TuneCP5_5p36TeV_pythia8/OO_MC_DijetEmbedded_pThat-15to1200_TuneCP5_5p36TeV_pythia8/260306_002843/0000/HiForestMiniAOD_211.root
Time elapsed: 3840 seconds
File Contains: 109000 entries.
NMiss: 395178 | NFake: 646587 | NMatch: 10229127
Processing file 125 of 817: /eos/cms/store/group/phys_heavyions/hbossi/mc_productions/QCD-dijet_pThat15-event-weighted_TuneCP5_5p36TeV_pythia8/OO_MC_DijetEmbedded_pThat-15to1200_TuneCP5_5p36TeV_pythia8/260306_002843/0000/HiForestMiniAOD_212.root
Time elapsed: 3913 seconds
File Contains: 138000 entries.
NMiss: 398734 | NFake: 652393 | NMatch: 10322013
Processing file 126 of 817: /eos/cms/store/group/phys_heavyions/hbossi/mc_productions/QCD-dijet_pThat15-event-weighted_TuneCP5_5p36TeV_pythia8/OO_MC_DijetEmbedded_pThat-15to1200_TuneCP5_5p36TeV_pythia8/260306_002843/0000/HiForestMiniAOD_213.root
Time elapsed: 3943 seconds
File Contains: 139000 entries.
NMiss: 402420 | NFake: 658288 | NMatch: 10415308
Processing file 127 of 817: /eos/cms/store/group/phys_heavyions/hbossi/mc_productions/QCD-dijet_pThat15-event-weighted_TuneCP5_5p36TeV_pythia8/OO_MC_DijetEmbedded_pThat-15to1200_TuneCP5_5p36TeV_pythia8/260306_002843/0000/HiForestMiniAOD_214.root
Time elapsed: 3966 seconds
File Contains: 115000 entries.
NMiss: 405510 | NFake: 663235 | NMatch: 10492380
Processing file 128 of 817: /eos/cms/store/group/phys_heavyions/hbossi/mc_productions/QCD-dijet_pThat15-event-weighted_TuneCP5_5p36TeV_pythia8/OO_MC_DijetEmbedded_pThat-15to1200_TuneCP5_5p36TeV_pythia8/260306_002843/0000/HiForestMiniAOD_215.root
Time elapsed: 3991 seconds
File Contains: 114000 entries.
NMiss: 408481 | NFake: 668138 | NMatch: 10568675
Processing file 129 of 817: /eos/cms/store/group/phys_heavyions/hbossi/mc_productions/QCD-dijet_pThat15-event-weighted_TuneCP5_5p36TeV_pythia8/OO_MC_DijetEmbedded_pThat-15to1200_TuneCP5_5p36TeV_pythia8/260306_002843/0000/HiForestMiniAOD_216.root
Time elapsed: 4017 seconds
File Contains: 163000 entries.
NMiss: 412579 | NFake: 675069 | NMatch: 10678223
Processing file 130 of 817: /eos/cms/store/group/phys_heavyions/hbossi/mc_productions/QCD-dijet_pThat15-event-weighted_TuneCP5_5p36TeV_pythia8/OO_MC_DijetEmbedded_pThat-15to1200_TuneCP5_5p36TeV_pythia8/260306_002843/0000/HiForestMiniAOD_217.root
Time elapsed: 4072 seconds
File Contains: 99000 entries.
NMiss: 415100 | NFake: 679106 | NMatch: 10744420
Processing file 131 of 817: /eos/cms/store/group/phys_heavyions/hbossi/mc_productions/QCD-dijet_pThat15-event-weighted_TuneCP5_5p36TeV_pythia8/OO_MC_DijetEmbedded_pThat-15to1200_TuneCP5_5p36TeV_pythia8/260306_002843/0000/HiForestMiniAOD_218.root
Time elapsed: 4095 seconds
File Contains: 144000 entries.
NMiss: 418782 | NFake: 685131 | NMatch: 10841199
Processing file 132 of 817: /eos/cms/store/group/phys_heavyions/hbossi/mc_productions/QCD-dijet_pThat15-event-weighted_TuneCP5_5p36TeV_pythia8/OO_MC_DijetEmbedded_pThat-15to1200_TuneCP5_5p36TeV_pythia8/260306_002843/0000/HiForestMiniAOD_219.root
Time elapsed: 4122 seconds
File Contains: 141000 entries.
NMiss: 422432 | NFake: 691156 | NMatch: 10935835
Processing file 133 of 817: /eos/cms/store/group/phys_heavyions/hbossi/mc_productions/QCD-dijet_pThat15-event-weighted_TuneCP5_5p36TeV_pythia8/OO_MC_DijetEmbedded_pThat-15to1200_TuneCP5_5p36TeV_pythia8/260306_002843/0000/HiForestMiniAOD_22.root
Time elapsed: 4169 seconds
File Contains: 140000 entries.
NMiss: 426092 | NFake: 696956 | NMatch: 11029558
Processing file 134 of 817: /eos/cms/store/group/phys_heavyions/hbossi/mc_productions/QCD-dijet_pThat15-event-weighted_TuneCP5_5p36TeV_pythia8/OO_MC_DijetEmbedded_pThat-15to1200_TuneCP5_5p36TeV_pythia8/260306_002843/0000/HiForestMiniAOD_220.root
Time elapsed: 4204 seconds
File Contains: 135000 entries.
NMiss: 429579 | NFake: 702665 | NMatch: 11120567
Processing file 135 of 817: /eos/cms/store/group/phys_heavyions/hbossi/mc_productions/QCD-dijet_pThat15-event-weighted_TuneCP5_5p36TeV_pythia8/OO_MC_DijetEmbedded_pThat-15to1200_TuneCP5_5p36TeV_pythia8/260306_002843/0000/HiForestMiniAOD_221.root
Time elapsed: 4233 seconds
File Contains: 123000 entries.
NMiss: 432825 | NFake: 707953 | NMatch: 11202537
Processing file 136 of 817: /eos/cms/store/group/phys_heavyions/hbossi/mc_productions/QCD-dijet_pThat15-event-weighted_TuneCP5_5p36TeV_pythia8/OO_MC_DijetEmbedded_pThat-15to1200_TuneCP5_5p36TeV_pythia8/260306_002843/0000/HiForestMiniAOD_222.root
Time elapsed: 4282 seconds
File Contains: 127000 entries.
NMiss: 436048 | NFake: 713533 | NMatch: 11287703
Processing file 137 of 817: /eos/cms/store/group/phys_heavyions/hbossi/mc_productions/QCD-dijet_pThat15-event-weighted_TuneCP5_5p36TeV_pythia8/OO_MC_DijetEmbedded_pThat-15to1200_TuneCP5_5p36TeV_pythia8/260306_002843/0000/HiForestMiniAOD_223.root
Time elapsed: 4306 seconds
File Contains: 162000 entries.
NMiss: 440308 | NFake: 720388 | NMatch: 11396521
Processing file 138 of 817: /eos/cms/store/group/phys_heavyions/hbossi/mc_productions/QCD-dijet_pThat15-event-weighted_TuneCP5_5p36TeV_pythia8/OO_MC_DijetEmbedded_pThat-15to1200_TuneCP5_5p36TeV_pythia8/260306_002843/0000/HiForestMiniAOD_224.root
Time elapsed: 4332 seconds
File Contains: 142000 entries.
NMiss: 443989 | NFake: 726292 | NMatch: 11491472
Processing file 139 of 817: /eos/cms/store/group/phys_heavyions/hbossi/mc_productions/QCD-dijet_pThat15-event-weighted_TuneCP5_5p36TeV_pythia8/OO_MC_DijetEmbedded_pThat-15to1200_TuneCP5_5p36TeV_pythia8/260306_002843/0000/HiForestMiniAOD_225.root
Time elapsed: 4355 seconds
File Contains: 122000 entries.
NMiss: 447141 | NFake: 731514 | NMatch: 11573190
Processing file 140 of 817: /eos/cms/store/group/phys_heavyions/hbossi/mc_productions/QCD-dijet_pThat15-event-weighted_TuneCP5_5p36TeV_pythia8/OO_MC_DijetEmbedded_pThat-15to1200_TuneCP5_5p36TeV_pythia8/260306_002843/0000/HiForestMiniAOD_226.root
Time elapsed: 4385 seconds
File Contains: 150000 entries.
NMiss: 450963 | NFake: 737998 | NMatch: 11672948
Processing file 141 of 817: /eos/cms/store/group/phys_heavyions/hbossi/mc_productions/QCD-dijet_pThat15-event-weighted_TuneCP5_5p36TeV_pythia8/OO_MC_DijetEmbedded_pThat-15to1200_TuneCP5_5p36TeV_pythia8/260306_002843/0000/HiForestMiniAOD_227.root
Time elapsed: 4410 seconds
File Contains: 106000 entries.
NMiss: 453707 | NFake: 742388 | NMatch: 11743979
Processing file 142 of 817: /eos/cms/store/group/phys_heavyions/hbossi/mc_productions/QCD-dijet_pThat15-event-weighted_TuneCP5_5p36TeV_pythia8/OO_MC_DijetEmbedded_pThat-15to1200_TuneCP5_5p36TeV_pythia8/260306_002843/0000/HiForestMiniAOD_228.root
Time elapsed: 4443 seconds
File Contains: 112000 entries.
NMiss: 456545 | NFake: 747117 | NMatch: 11818955
Processing file 143 of 817: /eos/cms/store/group/phys_heavyions/hbossi/mc_productions/QCD-dijet_pThat15-event-weighted_TuneCP5_5p36TeV_pythia8/OO_MC_DijetEmbedded_pThat-15to1200_TuneCP5_5p36TeV_pythia8/260306_002843/0000/HiForestMiniAOD_229.root
Time elapsed: 4459 seconds
File Contains: 90000 entries.
NMiss: 458815 | NFake: 750887 | NMatch: 11879382
Processing file 144 of 817: /eos/cms/store/group/phys_heavyions/hbossi/mc_productions/QCD-dijet_pThat15-event-weighted_TuneCP5_5p36TeV_pythia8/OO_MC_DijetEmbedded_pThat-15to1200_TuneCP5_5p36TeV_pythia8/260306_002843/0000/HiForestMiniAOD_23.root
Time elapsed: 4480 seconds
File Contains: 101000 entries.
NMiss: 461312 | NFake: 755053 | NMatch: 11947045
Processing file 145 of 817: /eos/cms/store/group/phys_heavyions/hbossi/mc_productions/QCD-dijet_pThat15-event-weighted_TuneCP5_5p36TeV_pythia8/OO_MC_DijetEmbedded_pThat-15to1200_TuneCP5_5p36TeV_pythia8/260306_002843/0000/HiForestMiniAOD_230.root
Time elapsed: 4512 seconds
File Contains: 121000 entries.
NMiss: 464385 | NFake: 760287 | NMatch: 12027900
Processing file 146 of 817: /eos/cms/store/group/phys_heavyions/hbossi/mc_productions/QCD-dijet_pThat15-event-weighted_TuneCP5_5p36TeV_pythia8/OO_MC_DijetEmbedded_pThat-15to1200_TuneCP5_5p36TeV_pythia8/260306_002843/0000/HiForestMiniAOD_231.root
Time elapsed: 4540 seconds
File Contains: 106000 entries.
NMiss: 467158 | NFake: 764652 | NMatch: 12098725
Processing file 147 of 817: /eos/cms/store/group/phys_heavyions/hbossi/mc_productions/QCD-dijet_pThat15-event-weighted_TuneCP5_5p36TeV_pythia8/OO_MC_DijetEmbedded_pThat-15to1200_TuneCP5_5p36TeV_pythia8/260306_002843/0000/HiForestMiniAOD_232.root
Time elapsed: 4560 seconds
File Contains: 157000 entries.
NMiss: 471173 | NFake: 771314 | NMatch: 12204092
Processing file 148 of 817: /eos/cms/store/group/phys_heavyions/hbossi/mc_productions/QCD-dijet_pThat15-event-weighted_TuneCP5_5p36TeV_pythia8/OO_MC_DijetEmbedded_pThat-15to1200_TuneCP5_5p36TeV_pythia8/260306_002843/0000/HiForestMiniAOD_233.root
Time elapsed: 4628 seconds
File Contains: 131000 entries.
NMiss: 474510 | NFake: 776892 | NMatch: 12292024
Processing file 149 of 817: /eos/cms/store/group/phys_heavyions/hbossi/mc_productions/QCD-dijet_pThat15-event-weighted_TuneCP5_5p36TeV_pythia8/OO_MC_DijetEmbedded_pThat-15to1200_TuneCP5_5p36TeV_pythia8/260306_002843/0000/HiForestMiniAOD_234.root
Time elapsed: 4649 seconds
File Contains: 129000 entries.
NMiss: 477890 | NFake: 782217 | NMatch: 12378681
Processing file 150 of 817: /eos/cms/store/group/phys_heavyions/hbossi/mc_productions/QCD-dijet_pThat15-event-weighted_TuneCP5_5p36TeV_pythia8/OO_MC_DijetEmbedded_pThat-15to1200_TuneCP5_5p36TeV_pythia8/260306_002843/0000/HiForestMiniAOD_235.root
Time elapsed: 4678 seconds
File Contains: 104000 entries.
NMiss: 480715 | NFake: 786541 | NMatch: 12448243
Processing file 151 of 817: /eos/cms/store/group/phys_heavyions/hbossi/mc_productions/QCD-dijet_pThat15-event-weighted_TuneCP5_5p36TeV_pythia8/OO_MC_DijetEmbedded_pThat-15to1200_TuneCP5_5p36TeV_pythia8/260306_002843/0000/HiForestMiniAOD_236.root
Time elapsed: 4731 seconds
File Contains: 133000 entries.
NMiss: 484184 | NFake: 792127 | NMatch: 12536970
Processing file 152 of 817: /eos/cms/store/group/phys_heavyions/hbossi/mc_productions/QCD-dijet_pThat15-event-weighted_TuneCP5_5p36TeV_pythia8/OO_MC_DijetEmbedded_pThat-15to1200_TuneCP5_5p36TeV_pythia8/260306_002843/0000/HiForestMiniAOD_237.root
Time elapsed: 4761 seconds
File Contains: 116000 entries.
NMiss: 487147 | NFake: 796990 | NMatch: 12614487
Processing file 153 of 817: /eos/cms/store/group/phys_heavyions/hbossi/mc_productions/QCD-dijet_pThat15-event-weighted_TuneCP5_5p36TeV_pythia8/OO_MC_DijetEmbedded_pThat-15to1200_TuneCP5_5p36TeV_pythia8/260306_002843/0000/HiForestMiniAOD_238.root
Time elapsed: 4790 seconds
File Contains: 111000 entries.
NMiss: 490005 | NFake: 801837 | NMatch: 12688937
Processing file 154 of 817: /eos/cms/store/group/phys_heavyions/hbossi/mc_productions/QCD-dijet_pThat15-event-weighted_TuneCP5_5p36TeV_pythia8/OO_MC_DijetEmbedded_pThat-15to1200_TuneCP5_5p36TeV_pythia8/260306_002843/0000/HiForestMiniAOD_239.root
Time elapsed: 4811 seconds
File Contains: 154000 entries.
NMiss: 494004 | NFake: 808338 | NMatch: 12792337
Processing file 155 of 817: /eos/cms/store/group/phys_heavyions/hbossi/mc_productions/QCD-dijet_pThat15-event-weighted_TuneCP5_5p36TeV_pythia8/OO_MC_DijetEmbedded_pThat-15to1200_TuneCP5_5p36TeV_pythia8/260306_002843/0000/HiForestMiniAOD_24.root
Time elapsed: 4843 seconds
File Contains: 112000 entries.
NMiss: 496809 | NFake: 813132 | NMatch: 12867518
Processing file 156 of 817: /eos/cms/store/group/phys_heavyions/hbossi/mc_productions/QCD-dijet_pThat15-event-weighted_TuneCP5_5p36TeV_pythia8/OO_MC_DijetEmbedded_pThat-15to1200_TuneCP5_5p36TeV_pythia8/260306_002843/0000/HiForestMiniAOD_240.root
Time elapsed: 4869 seconds
File Contains: 119000 entries.
NMiss: 499957 | NFake: 818185 | NMatch: 12947623
Processing file 157 of 817: /eos/cms/store/group/phys_heavyions/hbossi/mc_productions/QCD-dijet_pThat15-event-weighted_TuneCP5_5p36TeV_pythia8/OO_MC_DijetEmbedded_pThat-15to1200_TuneCP5_5p36TeV_pythia8/260306_002843/0000/HiForestMiniAOD_241.root
Time elapsed: 4900 seconds
File Contains: 106000 entries.
NMiss: 502727 | NFake: 822556 | NMatch: 13018533
Processing file 158 of 817: /eos/cms/store/group/phys_heavyions/hbossi/mc_productions/QCD-dijet_pThat15-event-weighted_TuneCP5_5p36TeV_pythia8/OO_MC_DijetEmbedded_pThat-15to1200_TuneCP5_5p36TeV_pythia8/260306_002843/0000/HiForestMiniAOD_242.root
Time elapsed: 4926 seconds
File Contains: 108000 entries.
NMiss: 505506 | NFake: 827221 | NMatch: 13090347
Processing file 159 of 817: /eos/cms/store/group/phys_heavyions/hbossi/mc_productions/QCD-dijet_pThat15-event-weighted_TuneCP5_5p36TeV_pythia8/OO_MC_DijetEmbedded_pThat-15to1200_TuneCP5_5p36TeV_pythia8/260306_002843/0000/HiForestMiniAOD_243.root
Time elapsed: 4947 seconds
File Contains: 142000 entries.
NMiss: 509153 | NFake: 833172 | NMatch: 13185263
Processing file 160 of 817: /eos/cms/store/group/phys_heavyions/hbossi/mc_productions/QCD-dijet_pThat15-event-weighted_TuneCP5_5p36TeV_pythia8/OO_MC_DijetEmbedded_pThat-15to1200_TuneCP5_5p36TeV_pythia8/260306_002843/0000/HiForestMiniAOD_244.root
Time elapsed: 4987 seconds
File Contains: 166000 entries.
NMiss: 513542 | NFake: 840296 | NMatch: 13296534
Processing file 161 of 817: /eos/cms/store/group/phys_heavyions/hbossi/mc_productions/QCD-dijet_pThat15-event-weighted_TuneCP5_5p36TeV_pythia8/OO_MC_DijetEmbedded_pThat-15to1200_TuneCP5_5p36TeV_pythia8/260306_002843/0000/HiForestMiniAOD_245.root
Time elapsed: 5010 seconds
File Contains: 88000 entries.
NMiss: 515839 | NFake: 844178 | NMatch: 13355472
Processing file 162 of 817: /eos/cms/store/group/phys_heavyions/hbossi/mc_productions/QCD-dijet_pThat15-event-weighted_TuneCP5_5p36TeV_pythia8/OO_MC_DijetEmbedded_pThat-15to1200_TuneCP5_5p36TeV_pythia8/260306_002843/0000/HiForestMiniAOD_246.root
Time elapsed: 5029 seconds
File Contains: 121000 entries.
NMiss: 519003 | NFake: 849238 | NMatch: 13436653
Processing file 163 of 817: /eos/cms/store/group/phys_heavyions/hbossi/mc_productions/QCD-dijet_pThat15-event-weighted_TuneCP5_5p36TeV_pythia8/OO_MC_DijetEmbedded_pThat-15to1200_TuneCP5_5p36TeV_pythia8/260306_002843/0000/HiForestMiniAOD_247.root
Time elapsed: 5055 seconds
File Contains: 127000 entries.
NMiss: 522385 | NFake: 854648 | NMatch: 13522118
Processing file 164 of 817: /eos/cms/store/group/phys_heavyions/hbossi/mc_productions/QCD-dijet_pThat15-event-weighted_TuneCP5_5p36TeV_pythia8/OO_MC_DijetEmbedded_pThat-15to1200_TuneCP5_5p36TeV_pythia8/260306_002843/0000/HiForestMiniAOD_248.root
Time elapsed: 5099 seconds
File Contains: 119000 entries.
NMiss: 525585 | NFake: 859691 | NMatch: 13601746
Processing file 165 of 817: /eos/cms/store/group/phys_heavyions/hbossi/mc_productions/QCD-dijet_pThat15-event-weighted_TuneCP5_5p36TeV_pythia8/OO_MC_DijetEmbedded_pThat-15to1200_TuneCP5_5p36TeV_pythia8/260306_002843/0000/HiForestMiniAOD_249.root
Time elapsed: 5122 seconds
File Contains: 147000 entries.
NMiss: 529377 | NFake: 865957 | NMatch: 13700109
Processing file 166 of 817: /eos/cms/store/group/phys_heavyions/hbossi/mc_productions/QCD-dijet_pThat15-event-weighted_TuneCP5_5p36TeV_pythia8/OO_MC_DijetEmbedded_pThat-15to1200_TuneCP5_5p36TeV_pythia8/260306_002843/0000/HiForestMiniAOD_25.root
Time elapsed: 5148 seconds
File Contains: 101000 entries.
NMiss: 532020 | NFake: 870278 | NMatch: 13768445
Processing file 167 of 817: /eos/cms/store/group/phys_heavyions/hbossi/mc_productions/QCD-dijet_pThat15-event-weighted_TuneCP5_5p36TeV_pythia8/OO_MC_DijetEmbedded_pThat-15to1200_TuneCP5_5p36TeV_pythia8/260306_002843/0000/HiForestMiniAOD_250.root
Time elapsed: 5172 seconds
File Contains: 126000 entries.
NMiss: 535230 | NFake: 875682 | NMatch: 13853280
Processing file 168 of 817: /eos/cms/store/group/phys_heavyions/hbossi/mc_productions/QCD-dijet_pThat15-event-weighted_TuneCP5_5p36TeV_pythia8/OO_MC_DijetEmbedded_pThat-15to1200_TuneCP5_5p36TeV_pythia8/260306_002843/0000/HiForestMiniAOD_251.root
Time elapsed: 5198 seconds
File Contains: 107000 entries.
NMiss: 537985 | NFake: 880183 | NMatch: 13924850
Processing file 169 of 817: /eos/cms/store/group/phys_heavyions/hbossi/mc_productions/QCD-dijet_pThat15-event-weighted_TuneCP5_5p36TeV_pythia8/OO_MC_DijetEmbedded_pThat-15to1200_TuneCP5_5p36TeV_pythia8/260306_002843/0000/HiForestMiniAOD_252.root
Time elapsed: 5222 seconds
File Contains: 128000 entries.
NMiss: 541275 | NFake: 885446 | NMatch: 14010363
Processing file 170 of 817: /eos/cms/store/group/phys_heavyions/hbossi/mc_productions/QCD-dijet_pThat15-event-weighted_TuneCP5_5p36TeV_pythia8/OO_MC_DijetEmbedded_pThat-15to1200_TuneCP5_5p36TeV_pythia8/260306_002843/0000/HiForestMiniAOD_253.root
Time elapsed: 5300 seconds
File Contains: 143000 entries.
NMiss: 544939 | NFake: 891479 | NMatch: 14106571
Processing file 171 of 817: /eos/cms/store/group/phys_heavyions/hbossi/mc_productions/QCD-dijet_pThat15-event-weighted_TuneCP5_5p36TeV_pythia8/OO_MC_DijetEmbedded_pThat-15to1200_TuneCP5_5p36TeV_pythia8/260306_002843/0000/HiForestMiniAOD_254.root
Time elapsed: 5327 seconds
File Contains: 167000 entries.
NMiss: 549294 | NFake: 898568 | NMatch: 14218649
Processing file 172 of 817: /eos/cms/store/group/phys_heavyions/hbossi/mc_productions/QCD-dijet_pThat15-event-weighted_TuneCP5_5p36TeV_pythia8/OO_MC_DijetEmbedded_pThat-15to1200_TuneCP5_5p36TeV_pythia8/260306_002843/0000/HiForestMiniAOD_255.root
Time elapsed: 5359 seconds
File Contains: 119000 entries.
NMiss: 552424 | NFake: 903640 | NMatch: 14298068
Processing file 173 of 817: /eos/cms/store/group/phys_heavyions/hbossi/mc_productions/QCD-dijet_pThat15-event-weighted_TuneCP5_5p36TeV_pythia8/OO_MC_DijetEmbedded_pThat-15to1200_TuneCP5_5p36TeV_pythia8/260306_002843/0000/HiForestMiniAOD_256.root
Time elapsed: 5383 seconds
File Contains: 102000 entries.
NMiss: 555140 | NFake: 907903 | NMatch: 14366198
Processing file 174 of 817: /eos/cms/store/group/phys_heavyions/hbossi/mc_productions/QCD-dijet_pThat15-event-weighted_TuneCP5_5p36TeV_pythia8/OO_MC_DijetEmbedded_pThat-15to1200_TuneCP5_5p36TeV_pythia8/260306_002843/0000/HiForestMiniAOD_257.root
Time elapsed: 5404 seconds
File Contains: 134000 entries.
NMiss: 558596 | NFake: 913558 | NMatch: 14456385
Processing file 175 of 817: /eos/cms/store/group/phys_heavyions/hbossi/mc_productions/QCD-dijet_pThat15-event-weighted_TuneCP5_5p36TeV_pythia8/OO_MC_DijetEmbedded_pThat-15to1200_TuneCP5_5p36TeV_pythia8/260306_002843/0000/HiForestMiniAOD_258.root
Time elapsed: 5435 seconds
File Contains: 162000 entries.
NMiss: 562765 | NFake: 920420 | NMatch: 14565889
Processing file 176 of 817: /eos/cms/store/group/phys_heavyions/hbossi/mc_productions/QCD-dijet_pThat15-event-weighted_TuneCP5_5p36TeV_pythia8/OO_MC_DijetEmbedded_pThat-15to1200_TuneCP5_5p36TeV_pythia8/260306_002843/0000/HiForestMiniAOD_259.root
Time elapsed: 5476 seconds
File Contains: 123000 entries.
NMiss: 565966 | NFake: 925555 | NMatch: 14649117
Processing file 177 of 817: /eos/cms/store/group/phys_heavyions/hbossi/mc_productions/QCD-dijet_pThat15-event-weighted_TuneCP5_5p36TeV_pythia8/OO_MC_DijetEmbedded_pThat-15to1200_TuneCP5_5p36TeV_pythia8/260306_002843/0000/HiForestMiniAOD_26.root
Time elapsed: 5504 seconds
File Contains: 96000 entries.
NMiss: 568408 | NFake: 929617 | NMatch: 14713027
Processing file 178 of 817: /eos/cms/store/group/phys_heavyions/hbossi/mc_productions/QCD-dijet_pThat15-event-weighted_TuneCP5_5p36TeV_pythia8/OO_MC_DijetEmbedded_pThat-15to1200_TuneCP5_5p36TeV_pythia8/260306_002843/0000/HiForestMiniAOD_260.root
Time elapsed: 5547 seconds
File Contains: 141000 entries.
NMiss: 572027 | NFake: 935595 | NMatch: 14807790
Processing file 179 of 817: /eos/cms/store/group/phys_heavyions/hbossi/mc_productions/QCD-dijet_pThat15-event-weighted_TuneCP5_5p36TeV_pythia8/OO_MC_DijetEmbedded_pThat-15to1200_TuneCP5_5p36TeV_pythia8/260306_002843/0000/HiForestMiniAOD_261.root
Time elapsed: 5570 seconds
File Contains: 112000 entries.
NMiss: 574818 | NFake: 940257 | NMatch: 14883198
Processing file 180 of 817: /eos/cms/store/group/phys_heavyions/hbossi/mc_productions/QCD-dijet_pThat15-event-weighted_TuneCP5_5p36TeV_pythia8/OO_MC_DijetEmbedded_pThat-15to1200_TuneCP5_5p36TeV_pythia8/260306_002843/0000/HiForestMiniAOD_262.root
Time elapsed: 5586 seconds
File Contains: 114000 entries.
NMiss: 577774 | NFake: 945075 | NMatch: 14959644
Processing file 181 of 817: /eos/cms/store/group/phys_heavyions/hbossi/mc_productions/QCD-dijet_pThat15-event-weighted_TuneCP5_5p36TeV_pythia8/OO_MC_DijetEmbedded_pThat-15to1200_TuneCP5_5p36TeV_pythia8/260306_002843/0000/HiForestMiniAOD_263.root
Time elapsed: 5621 seconds
File Contains: 162000 entries.
NMiss: 581883 | NFake: 951966 | NMatch: 15068085
Processing file 182 of 817: /eos/cms/store/group/phys_heavyions/hbossi/mc_productions/QCD-dijet_pThat15-event-weighted_TuneCP5_5p36TeV_pythia8/OO_MC_DijetEmbedded_pThat-15to1200_TuneCP5_5p36TeV_pythia8/260306_002843/0000/HiForestMiniAOD_264.root
Time elapsed: 5647 seconds
File Contains: 127000 entries.
NMiss: 585249 | NFake: 957467 | NMatch: 15153607
Processing file 183 of 817: /eos/cms/store/group/phys_heavyions/hbossi/mc_productions/QCD-dijet_pThat15-event-weighted_TuneCP5_5p36TeV_pythia8/OO_MC_DijetEmbedded_pThat-15to1200_TuneCP5_5p36TeV_pythia8/260306_002843/0000/HiForestMiniAOD_265.root
Time elapsed: 5684 seconds
File Contains: 104000 entries.
NMiss: 587917 | NFake: 961830 | NMatch: 15223655
Processing file 184 of 817: /eos/cms/store/group/phys_heavyions/hbossi/mc_productions/QCD-dijet_pThat15-event-weighted_TuneCP5_5p36TeV_pythia8/OO_MC_DijetEmbedded_pThat-15to1200_TuneCP5_5p36TeV_pythia8/260306_002843/0000/HiForestMiniAOD_266.root
Time elapsed: 5702 seconds
File Contains: 106000 entries.
NMiss: 590799 | NFake: 966356 | NMatch: 15294856
Processing file 185 of 817: /eos/cms/store/group/phys_heavyions/hbossi/mc_productions/QCD-dijet_pThat15-event-weighted_TuneCP5_5p36TeV_pythia8/OO_MC_DijetEmbedded_pThat-15to1200_TuneCP5_5p36TeV_pythia8/260306_002843/0000/HiForestMiniAOD_267.root
Time elapsed: 5724 seconds
File Contains: 131000 entries.
NMiss: 594117 | NFake: 971902 | NMatch: 15382267
Processing file 186 of 817: /eos/cms/store/group/phys_heavyions/hbossi/mc_productions/QCD-dijet_pThat15-event-weighted_TuneCP5_5p36TeV_pythia8/OO_MC_DijetEmbedded_pThat-15to1200_TuneCP5_5p36TeV_pythia8/260306_002843/0000/HiForestMiniAOD_268.root
Time elapsed: 5758 seconds
File Contains: 125000 entries.
NMiss: 597149 | NFake: 977243 | NMatch: 15465633
Processing file 187 of 817: /eos/cms/store/group/phys_heavyions/hbossi/mc_productions/QCD-dijet_pThat15-event-weighted_TuneCP5_5p36TeV_pythia8/OO_MC_DijetEmbedded_pThat-15to1200_TuneCP5_5p36TeV_pythia8/260306_002843/0000/HiForestMiniAOD_269.root
Time elapsed: 5774 seconds
File Contains: 124000 entries.
NMiss: 600388 | NFake: 982567 | NMatch: 15548917
Processing file 188 of 817: /eos/cms/store/group/phys_heavyions/hbossi/mc_productions/QCD-dijet_pThat15-event-weighted_TuneCP5_5p36TeV_pythia8/OO_MC_DijetEmbedded_pThat-15to1200_TuneCP5_5p36TeV_pythia8/260306_002843/0000/HiForestMiniAOD_27.root
Time elapsed: 5805 seconds
File Contains: 101000 entries.
NMiss: 602901 | NFake: 986896 | NMatch: 15616512
Processing file 189 of 817: /eos/cms/store/group/phys_heavyions/hbossi/mc_productions/QCD-dijet_pThat15-event-weighted_TuneCP5_5p36TeV_pythia8/OO_MC_DijetEmbedded_pThat-15to1200_TuneCP5_5p36TeV_pythia8/260306_002843/0000/HiForestMiniAOD_270.root
Time elapsed: 5824 seconds
File Contains: 123000 entries.
NMiss: 606120 | NFake: 991979 | NMatch: 15699366
Processing file 190 of 817: /eos/cms/store/group/phys_heavyions/hbossi/mc_productions/QCD-dijet_pThat15-event-weighted_TuneCP5_5p36TeV_pythia8/OO_MC_DijetEmbedded_pThat-15to1200_TuneCP5_5p36TeV_pythia8/260306_002843/0000/HiForestMiniAOD_271.root
Time elapsed: 5849 seconds
File Contains: 163000 entries.
NMiss: 610450 | NFake: 998890 | NMatch: 15809555
Processing file 191 of 817: /eos/cms/store/group/phys_heavyions/hbossi/mc_productions/QCD-dijet_pThat15-event-weighted_TuneCP5_5p36TeV_pythia8/OO_MC_DijetEmbedded_pThat-15to1200_TuneCP5_5p36TeV_pythia8/260306_002843/0000/HiForestMiniAOD_272.root
Time elapsed: 5872 seconds
File Contains: 122000 entries.
NMiss: 613576 | NFake: 1004036 | NMatch: 15891338
Processing file 192 of 817: /eos/cms/store/group/phys_heavyions/hbossi/mc_productions/QCD-dijet_pThat15-event-weighted_TuneCP5_5p36TeV_pythia8/OO_MC_DijetEmbedded_pThat-15to1200_TuneCP5_5p36TeV_pythia8/260306_002843/0000/HiForestMiniAOD_273.root
Time elapsed: 5898 seconds
File Contains: 111000 entries.
NMiss: 616430 | NFake: 1008759 | NMatch: 15965459
Processing file 193 of 817: /eos/cms/store/group/phys_heavyions/hbossi/mc_productions/QCD-dijet_pThat15-event-weighted_TuneCP5_5p36TeV_pythia8/OO_MC_DijetEmbedded_pThat-15to1200_TuneCP5_5p36TeV_pythia8/260306_002843/0000/HiForestMiniAOD_274.root
Time elapsed: 5927 seconds
File Contains: 133000 entries.
NMiss: 619787 | NFake: 1014266 | NMatch: 16054940
Processing file 194 of 817: /eos/cms/store/group/phys_heavyions/hbossi/mc_productions/QCD-dijet_pThat15-event-weighted_TuneCP5_5p36TeV_pythia8/OO_MC_DijetEmbedded_pThat-15to1200_TuneCP5_5p36TeV_pythia8/260306_002843/0000/HiForestMiniAOD_275.root
Time elapsed: 5971 seconds
File Contains: 118000 entries.
NMiss: 622840 | NFake: 1019240 | NMatch: 16134471
Processing file 195 of 817: /eos/cms/store/group/phys_heavyions/hbossi/mc_productions/QCD-dijet_pThat15-event-weighted_TuneCP5_5p36TeV_pythia8/OO_MC_DijetEmbedded_pThat-15to1200_TuneCP5_5p36TeV_pythia8/260306_002843/0000/HiForestMiniAOD_276.root
Time elapsed: 6014 seconds
File Contains: 165000 entries.
NMiss: 627107 | NFake: 1026160 | NMatch: 16245102
Processing file 196 of 817: /eos/cms/store/group/phys_heavyions/hbossi/mc_productions/QCD-dijet_pThat15-event-weighted_TuneCP5_5p36TeV_pythia8/OO_MC_DijetEmbedded_pThat-15to1200_TuneCP5_5p36TeV_pythia8/260306_002843/0000/HiForestMiniAOD_277.root
Time elapsed: 6055 seconds
File Contains: 126000 entries.
NMiss: 630281 | NFake: 1031518 | NMatch: 16329664
Processing file 197 of 817: /eos/cms/store/group/phys_heavyions/hbossi/mc_productions/QCD-dijet_pThat15-event-weighted_TuneCP5_5p36TeV_pythia8/OO_MC_DijetEmbedded_pThat-15to1200_TuneCP5_5p36TeV_pythia8/260306_002843/0000/HiForestMiniAOD_278.root
Time elapsed: 6084 seconds
File Contains: 97000 entries.
NMiss: 632772 | NFake: 1035713 | NMatch: 16394557
Processing file 198 of 817: /eos/cms/store/group/phys_heavyions/hbossi/mc_productions/QCD-dijet_pThat15-event-weighted_TuneCP5_5p36TeV_pythia8/OO_MC_DijetEmbedded_pThat-15to1200_TuneCP5_5p36TeV_pythia8/260306_002843/0000/HiForestMiniAOD_279.root
Time elapsed: 6123 seconds
File Contains: 85000 entries.
NMiss: 634963 | NFake: 1039404 | NMatch: 16451267
Processing file 199 of 817: /eos/cms/store/group/phys_heavyions/hbossi/mc_productions/QCD-dijet_pThat15-event-weighted_TuneCP5_5p36TeV_pythia8/OO_MC_DijetEmbedded_pThat-15to1200_TuneCP5_5p36TeV_pythia8/260306_002843/0000/HiForestMiniAOD_28.root
Time elapsed: 6154 seconds
File Contains: 110000 entries.
NMiss: 637936 | NFake: 1043964 | NMatch: 16524743
Processing file 200 of 817: /eos/cms/store/group/phys_heavyions/hbossi/mc_productions/QCD-dijet_pThat15-event-weighted_TuneCP5_5p36TeV_pythia8/OO_MC_DijetEmbedded_pThat-15to1200_TuneCP5_5p36TeV_pythia8/260306_002843/0000/HiForestMiniAOD_280.root
Time elapsed: 6192 seconds
File Contains: 98000 entries.
NMiss: 640546 | NFake: 1048228 | NMatch: 16590634
Processing file 201 of 817: /eos/cms/store/group/phys_heavyions/hbossi/mc_productions/QCD-dijet_pThat15-event-weighted_TuneCP5_5p36TeV_pythia8/OO_MC_DijetEmbedded_pThat-15to1200_TuneCP5_5p36TeV_pythia8/260306_002843/0000/HiForestMiniAOD_281.root
Time elapsed: 6226 seconds
File Contains: 115000 entries.
NMiss: 643485 | NFake: 1053174 | NMatch: 16667481
Processing file 202 of 817: /eos/cms/store/group/phys_heavyions/hbossi/mc_productions/QCD-dijet_pThat15-event-weighted_TuneCP5_5p36TeV_pythia8/OO_MC_DijetEmbedded_pThat-15to1200_TuneCP5_5p36TeV_pythia8/260306_002843/0000/HiForestMiniAOD_282.root
Time elapsed: 6251 seconds
File Contains: 99000 entries.
NMiss: 646001 | NFake: 1057310 | NMatch: 16733864
Processing file 203 of 817: /eos/cms/store/group/phys_heavyions/hbossi/mc_productions/QCD-dijet_pThat15-event-weighted_TuneCP5_5p36TeV_pythia8/OO_MC_DijetEmbedded_pThat-15to1200_TuneCP5_5p36TeV_pythia8/260306_002843/0000/HiForestMiniAOD_283.root
Time elapsed: 6273 seconds
File Contains: 155000 entries.
NMiss: 650034 | NFake: 1063691 | NMatch: 16838115
Processing file 204 of 817: /eos/cms/store/group/phys_heavyions/hbossi/mc_productions/QCD-dijet_pThat15-event-weighted_TuneCP5_5p36TeV_pythia8/OO_MC_DijetEmbedded_pThat-15to1200_TuneCP5_5p36TeV_pythia8/260306_002843/0000/HiForestMiniAOD_284.root
Time elapsed: 6298 seconds
File Contains: 94000 entries.
NMiss: 652428 | NFake: 1067753 | NMatch: 16900772
Processing file 205 of 817: /eos/cms/store/group/phys_heavyions/hbossi/mc_productions/QCD-dijet_pThat15-event-weighted_TuneCP5_5p36TeV_pythia8/OO_MC_DijetEmbedded_pThat-15to1200_TuneCP5_5p36TeV_pythia8/260306_002843/0000/HiForestMiniAOD_285.root
Time elapsed: 6326 seconds
File Contains: 91000 entries.
NMiss: 654723 | NFake: 1071646 | NMatch: 16961774
Processing file 206 of 817: /eos/cms/store/group/phys_heavyions/hbossi/mc_productions/QCD-dijet_pThat15-event-weighted_TuneCP5_5p36TeV_pythia8/OO_MC_DijetEmbedded_pThat-15to1200_TuneCP5_5p36TeV_pythia8/260306_002843/0000/HiForestMiniAOD_286.root
Time elapsed: 6342 seconds
File Contains: 130000 entries.
NMiss: 658073 | NFake: 1077266 | NMatch: 17049164
Processing file 207 of 817: /eos/cms/store/group/phys_heavyions/hbossi/mc_productions/QCD-dijet_pThat15-event-weighted_TuneCP5_5p36TeV_pythia8/OO_MC_DijetEmbedded_pThat-15to1200_TuneCP5_5p36TeV_pythia8/260306_002843/0000/HiForestMiniAOD_287.root
Time elapsed: 6407 seconds
File Contains: 111000 entries.
NMiss: 660929 | NFake: 1082051 | NMatch: 17123606
Processing file 208 of 817: /eos/cms/store/group/phys_heavyions/hbossi/mc_productions/QCD-dijet_pThat15-event-weighted_TuneCP5_5p36TeV_pythia8/OO_MC_DijetEmbedded_pThat-15to1200_TuneCP5_5p36TeV_pythia8/260306_002843/0000/HiForestMiniAOD_288.root
Time elapsed: 6433 seconds
File Contains: 126000 entries.
NMiss: 664188 | NFake: 1087331 | NMatch: 17207764
Processing file 209 of 817: /eos/cms/store/group/phys_heavyions/hbossi/mc_productions/QCD-dijet_pThat15-event-weighted_TuneCP5_5p36TeV_pythia8/OO_MC_DijetEmbedded_pThat-15to1200_TuneCP5_5p36TeV_pythia8/260306_002843/0000/HiForestMiniAOD_289.root
Time elapsed: 6460 seconds
File Contains: 115000 entries.
NMiss: 667072 | NFake: 1092234 | NMatch: 17284817
Processing file 210 of 817: /eos/cms/store/group/phys_heavyions/hbossi/mc_productions/QCD-dijet_pThat15-event-weighted_TuneCP5_5p36TeV_pythia8/OO_MC_DijetEmbedded_pThat-15to1200_TuneCP5_5p36TeV_pythia8/260306_002843/0000/HiForestMiniAOD_29.root
Time elapsed: 6480 seconds
File Contains: 100000 entries.
NMiss: 669588 | NFake: 1096451 | NMatch: 17351905
Processing file 211 of 817: /eos/cms/store/group/phys_heavyions/hbossi/mc_productions/QCD-dijet_pThat15-event-weighted_TuneCP5_5p36TeV_pythia8/OO_MC_DijetEmbedded_pThat-15to1200_TuneCP5_5p36TeV_pythia8/260306_002843/0000/HiForestMiniAOD_290.root
Time elapsed: 6531 seconds
File Contains: 107000 entries.
NMiss: 672412 | NFake: 1101060 | NMatch: 17423353
Processing file 212 of 817: /eos/cms/store/group/phys_heavyions/hbossi/mc_productions/QCD-dijet_pThat15-event-weighted_TuneCP5_5p36TeV_pythia8/OO_MC_DijetEmbedded_pThat-15to1200_TuneCP5_5p36TeV_pythia8/260306_002843/0000/HiForestMiniAOD_291.root
Time elapsed: 6566 seconds
File Contains: 107000 entries.
NMiss: 675194 | NFake: 1105550 | NMatch: 17495219
Processing file 213 of 817: /eos/cms/store/group/phys_heavyions/hbossi/mc_productions/QCD-dijet_pThat15-event-weighted_TuneCP5_5p36TeV_pythia8/OO_MC_DijetEmbedded_pThat-15to1200_TuneCP5_5p36TeV_pythia8/260306_002843/0000/HiForestMiniAOD_292.root
Time elapsed: 6603 seconds
File Contains: 151000 entries.
NMiss: 679075 | NFake: 1111869 | NMatch: 17596062
Processing file 214 of 817: /eos/cms/store/group/phys_heavyions/hbossi/mc_productions/QCD-dijet_pThat15-event-weighted_TuneCP5_5p36TeV_pythia8/OO_MC_DijetEmbedded_pThat-15to1200_TuneCP5_5p36TeV_pythia8/260306_002843/0000/HiForestMiniAOD_293.root
Time elapsed: 6631 seconds
File Contains: 134000 entries.
NMiss: 682454 | NFake: 1117599 | NMatch: 17684941
Processing file 215 of 817: /eos/cms/store/group/phys_heavyions/hbossi/mc_productions/QCD-dijet_pThat15-event-weighted_TuneCP5_5p36TeV_pythia8/OO_MC_DijetEmbedded_pThat-15to1200_TuneCP5_5p36TeV_pythia8/260306_002843/0000/HiForestMiniAOD_294.root
Time elapsed: 6657 seconds
File Contains: 126000 entries.
NMiss: 685788 | NFake: 1122920 | NMatch: 17768550
Processing file 216 of 817: /eos/cms/store/group/phys_heavyions/hbossi/mc_productions/QCD-dijet_pThat15-event-weighted_TuneCP5_5p36TeV_pythia8/OO_MC_DijetEmbedded_pThat-15to1200_TuneCP5_5p36TeV_pythia8/260306_002843/0000/HiForestMiniAOD_295.root
Time elapsed: 6685 seconds
File Contains: 107000 entries.
NMiss: 688601 | NFake: 1127469 | NMatch: 17840260
Processing file 217 of 817: /eos/cms/store/group/phys_heavyions/hbossi/mc_productions/QCD-dijet_pThat15-event-weighted_TuneCP5_5p36TeV_pythia8/OO_MC_DijetEmbedded_pThat-15to1200_TuneCP5_5p36TeV_pythia8/260306_002843/0000/HiForestMiniAOD_296.root
Time elapsed: 6707 seconds
File Contains: 166000 entries.
NMiss: 692921 | NFake: 1134557 | NMatch: 17951533
Processing file 218 of 817: /eos/cms/store/group/phys_heavyions/hbossi/mc_productions/QCD-dijet_pThat15-event-weighted_TuneCP5_5p36TeV_pythia8/OO_MC_DijetEmbedded_pThat-15to1200_TuneCP5_5p36TeV_pythia8/260306_002843/0000/HiForestMiniAOD_297.root
Time elapsed: 6754 seconds
File Contains: 139000 entries.
NMiss: 696479 | NFake: 1140497 | NMatch: 18044407
Processing file 219 of 817: /eos/cms/store/group/phys_heavyions/hbossi/mc_productions/QCD-dijet_pThat15-event-weighted_TuneCP5_5p36TeV_pythia8/OO_MC_DijetEmbedded_pThat-15to1200_TuneCP5_5p36TeV_pythia8/260306_002843/0000/HiForestMiniAOD_298.root
Time elapsed: 6789 seconds
File Contains: 161000 entries.
NMiss: 700717 | NFake: 1147202 | NMatch: 18152712
Processing file 220 of 817: /eos/cms/store/group/phys_heavyions/hbossi/mc_productions/QCD-dijet_pThat15-event-weighted_TuneCP5_5p36TeV_pythia8/OO_MC_DijetEmbedded_pThat-15to1200_TuneCP5_5p36TeV_pythia8/260306_002843/0000/HiForestMiniAOD_299.root
Time elapsed: 6852 seconds
File Contains: 144000 entries.
NMiss: 704494 | NFake: 1153385 | NMatch: 18249513
Processing file 221 of 817: /eos/cms/store/group/phys_heavyions/hbossi/mc_productions/QCD-dijet_pThat15-event-weighted_TuneCP5_5p36TeV_pythia8/OO_MC_DijetEmbedded_pThat-15to1200_TuneCP5_5p36TeV_pythia8/260306_002843/0000/HiForestMiniAOD_3.root
Time elapsed: 6875 seconds
File Contains: 122000 entries.
NMiss: 707675 | NFake: 1158481 | NMatch: 18331130
Processing file 222 of 817: /eos/cms/store/group/phys_heavyions/hbossi/mc_productions/QCD-dijet_pThat15-event-weighted_TuneCP5_5p36TeV_pythia8/OO_MC_DijetEmbedded_pThat-15to1200_TuneCP5_5p36TeV_pythia8/260306_002843/0000/HiForestMiniAOD_30.root
Time elapsed: 6892 seconds
File Contains: 118000 entries.
NMiss: 710739 | NFake: 1163414 | NMatch: 18410014
Processing file 223 of 817: /eos/cms/store/group/phys_heavyions/hbossi/mc_productions/QCD-dijet_pThat15-event-weighted_TuneCP5_5p36TeV_pythia8/OO_MC_DijetEmbedded_pThat-15to1200_TuneCP5_5p36TeV_pythia8/260306_002843/0000/HiForestMiniAOD_300.root
Time elapsed: 6919 seconds
File Contains: 118000 entries.
NMiss: 713756 | NFake: 1168460 | NMatch: 18488848
Processing file 224 of 817: /eos/cms/store/group/phys_heavyions/hbossi/mc_productions/QCD-dijet_pThat15-event-weighted_TuneCP5_5p36TeV_pythia8/OO_MC_DijetEmbedded_pThat-15to1200_TuneCP5_5p36TeV_pythia8/260306_002843/0000/HiForestMiniAOD_301.root
Time elapsed: 6936 seconds
File Contains: 139000 entries.
NMiss: 717327 | NFake: 1174401 | NMatch: 18582445
Processing file 225 of 817: /eos/cms/store/group/phys_heavyions/hbossi/mc_productions/QCD-dijet_pThat15-event-weighted_TuneCP5_5p36TeV_pythia8/OO_MC_DijetEmbedded_pThat-15to1200_TuneCP5_5p36TeV_pythia8/260306_002843/0000/HiForestMiniAOD_302.root
Time elapsed: 6963 seconds
File Contains: 155000 entries.
NMiss: 721375 | NFake: 1180827 | NMatch: 18686248
Processing file 226 of 817: /eos/cms/store/group/phys_heavyions/hbossi/mc_productions/QCD-dijet_pThat15-event-weighted_TuneCP5_5p36TeV_pythia8/OO_MC_DijetEmbedded_pThat-15to1200_TuneCP5_5p36TeV_pythia8/260306_002843/0000/HiForestMiniAOD_303.root
Time elapsed: 6991 seconds
File Contains: 164000 entries.
NMiss: 725641 | NFake: 1187605 | NMatch: 18796390
Processing file 227 of 817: /eos/cms/store/group/phys_heavyions/hbossi/mc_productions/QCD-dijet_pThat15-event-weighted_TuneCP5_5p36TeV_pythia8/OO_MC_DijetEmbedded_pThat-15to1200_TuneCP5_5p36TeV_pythia8/260306_002843/0000/HiForestMiniAOD_304.root
Time elapsed: 7023 seconds
File Contains: 127000 entries.
NMiss: 728956 | NFake: 1192950 | NMatch: 18880945
Processing file 228 of 817: /eos/cms/store/group/phys_heavyions/hbossi/mc_productions/QCD-dijet_pThat15-event-weighted_TuneCP5_5p36TeV_pythia8/OO_MC_DijetEmbedded_pThat-15to1200_TuneCP5_5p36TeV_pythia8/260306_002843/0000/HiForestMiniAOD_305.root
Time elapsed: 7049 seconds
File Contains: 59000 entries.
NMiss: 730441 | NFake: 1195448 | NMatch: 18920407
Processing file 229 of 817: /eos/cms/store/group/phys_heavyions/hbossi/mc_productions/QCD-dijet_pThat15-event-weighted_TuneCP5_5p36TeV_pythia8/OO_MC_DijetEmbedded_pThat-15to1200_TuneCP5_5p36TeV_pythia8/260306_002843/0000/HiForestMiniAOD_306.root
Time elapsed: 7062 seconds
File Contains: 148000 entries.
NMiss: 734334 | NFake: 1201807 | NMatch: 19019279
Processing file 230 of 817: /eos/cms/store/group/phys_heavyions/hbossi/mc_productions/QCD-dijet_pThat15-event-weighted_TuneCP5_5p36TeV_pythia8/OO_MC_DijetEmbedded_pThat-15to1200_TuneCP5_5p36TeV_pythia8/260306_002843/0000/HiForestMiniAOD_307.root
Time elapsed: 7114 seconds
File Contains: 147000 entries.
NMiss: 738142 | NFake: 1208023 | NMatch: 19117872
Processing file 231 of 817: /eos/cms/store/group/phys_heavyions/hbossi/mc_productions/QCD-dijet_pThat15-event-weighted_TuneCP5_5p36TeV_pythia8/OO_MC_DijetEmbedded_pThat-15to1200_TuneCP5_5p36TeV_pythia8/260306_002843/0000/HiForestMiniAOD_308.root
Time elapsed: 7135 seconds
File Contains: 97000 entries.
NMiss: 740697 | NFake: 1212123 | NMatch: 19183444
Processing file 232 of 817: /eos/cms/store/group/phys_heavyions/hbossi/mc_productions/QCD-dijet_pThat15-event-weighted_TuneCP5_5p36TeV_pythia8/OO_MC_DijetEmbedded_pThat-15to1200_TuneCP5_5p36TeV_pythia8/260306_002843/0000/HiForestMiniAOD_309.root
Time elapsed: 7160 seconds
File Contains: 153000 entries.
NMiss: 744690 | NFake: 1218540 | NMatch: 19285988
Processing file 233 of 817: /eos/cms/store/group/phys_heavyions/hbossi/mc_productions/QCD-dijet_pThat15-event-weighted_TuneCP5_5p36TeV_pythia8/OO_MC_DijetEmbedded_pThat-15to1200_TuneCP5_5p36TeV_pythia8/260306_002843/0000/HiForestMiniAOD_31.root
Time elapsed: 7189 seconds
File Contains: 115000 entries.
NMiss: 747661 | NFake: 1223522 | NMatch: 19362927
Processing file 234 of 817: /eos/cms/store/group/phys_heavyions/hbossi/mc_productions/QCD-dijet_pThat15-event-weighted_TuneCP5_5p36TeV_pythia8/OO_MC_DijetEmbedded_pThat-15to1200_TuneCP5_5p36TeV_pythia8/260306_002843/0000/HiForestMiniAOD_310.root
Time elapsed: 7209 seconds
File Contains: 135000 entries.
NMiss: 751142 | NFake: 1229365 | NMatch: 19453701
Processing file 235 of 817: /eos/cms/store/group/phys_heavyions/hbossi/mc_productions/QCD-dijet_pThat15-event-weighted_TuneCP5_5p36TeV_pythia8/OO_MC_DijetEmbedded_pThat-15to1200_TuneCP5_5p36TeV_pythia8/260306_002843/0000/HiForestMiniAOD_311.root
Time elapsed: 7249 seconds
File Contains: 145000 entries.
NMiss: 754958 | NFake: 1235424 | NMatch: 19551047
Processing file 236 of 817: /eos/cms/store/group/phys_heavyions/hbossi/mc_productions/QCD-dijet_pThat15-event-weighted_TuneCP5_5p36TeV_pythia8/OO_MC_DijetEmbedded_pThat-15to1200_TuneCP5_5p36TeV_pythia8/260306_002843/0000/HiForestMiniAOD_312.root
Time elapsed: 7294 seconds
File Contains: 119000 entries.
NMiss: 758123 | NFake: 1240393 | NMatch: 19630733
Processing file 237 of 817: /eos/cms/store/group/phys_heavyions/hbossi/mc_productions/QCD-dijet_pThat15-event-weighted_TuneCP5_5p36TeV_pythia8/OO_MC_DijetEmbedded_pThat-15to1200_TuneCP5_5p36TeV_pythia8/260306_002843/0000/HiForestMiniAOD_313.root
Time elapsed: 7355 seconds
File Contains: 118000 entries.
NMiss: 761194 | NFake: 1245417 | NMatch: 19710018
Processing file 238 of 817: /eos/cms/store/group/phys_heavyions/hbossi/mc_productions/QCD-dijet_pThat15-event-weighted_TuneCP5_5p36TeV_pythia8/OO_MC_DijetEmbedded_pThat-15to1200_TuneCP5_5p36TeV_pythia8/260306_002843/0000/HiForestMiniAOD_314.root
Time elapsed: 7382 seconds
File Contains: 148000 entries.
NMiss: 764987 | NFake: 1251660 | NMatch: 19809034
Processing file 239 of 817: /eos/cms/store/group/phys_heavyions/hbossi/mc_productions/QCD-dijet_pThat15-event-weighted_TuneCP5_5p36TeV_pythia8/OO_MC_DijetEmbedded_pThat-15to1200_TuneCP5_5p36TeV_pythia8/260306_002843/0000/HiForestMiniAOD_315.root
Time elapsed: 7451 seconds
File Contains: 149000 entries.
NMiss: 768831 | NFake: 1257932 | NMatch: 19908300
Processing file 240 of 817: /eos/cms/store/group/phys_heavyions/hbossi/mc_productions/QCD-dijet_pThat15-event-weighted_TuneCP5_5p36TeV_pythia8/OO_MC_DijetEmbedded_pThat-15to1200_TuneCP5_5p36TeV_pythia8/260306_002843/0000/HiForestMiniAOD_316.root
Time elapsed: 7481 seconds
File Contains: 131000 entries.
NMiss: 772279 | NFake: 1263396 | NMatch: 19995994
Processing file 241 of 817: /eos/cms/store/group/phys_heavyions/hbossi/mc_productions/QCD-dijet_pThat15-event-weighted_TuneCP5_5p36TeV_pythia8/OO_MC_DijetEmbedded_pThat-15to1200_TuneCP5_5p36TeV_pythia8/260306_002843/0000/HiForestMiniAOD_317.root
Time elapsed: 7510 seconds
File Contains: 98000 entries.
NMiss: 774856 | NFake: 1267627 | NMatch: 20061898
Processing file 242 of 817: /eos/cms/store/group/phys_heavyions/hbossi/mc_productions/QCD-dijet_pThat15-event-weighted_TuneCP5_5p36TeV_pythia8/OO_MC_DijetEmbedded_pThat-15to1200_TuneCP5_5p36TeV_pythia8/260306_002843/0000/HiForestMiniAOD_318.root
Time elapsed: 7534 seconds
File Contains: 162000 entries.
NMiss: 778982 | NFake: 1274472 | NMatch: 20169855
Processing file 243 of 817: /eos/cms/store/group/phys_heavyions/hbossi/mc_productions/QCD-dijet_pThat15-event-weighted_TuneCP5_5p36TeV_pythia8/OO_MC_DijetEmbedded_pThat-15to1200_TuneCP5_5p36TeV_pythia8/260306_002843/0000/HiForestMiniAOD_319.root
Time elapsed: 7561 seconds
File Contains: 151000 entries.
NMiss: 782903 | NFake: 1280741 | NMatch: 20271265
Processing file 244 of 817: /eos/cms/store/group/phys_heavyions/hbossi/mc_productions/QCD-dijet_pThat15-event-weighted_TuneCP5_5p36TeV_pythia8/OO_MC_DijetEmbedded_pThat-15to1200_TuneCP5_5p36TeV_pythia8/260306_002843/0000/HiForestMiniAOD_32.root
Time elapsed: 7589 seconds
File Contains: 137000 entries.
NMiss: 786489 | NFake: 1286534 | NMatch: 20362870
Processing file 245 of 817: /eos/cms/store/group/phys_heavyions/hbossi/mc_productions/QCD-dijet_pThat15-event-weighted_TuneCP5_5p36TeV_pythia8/OO_MC_DijetEmbedded_pThat-15to1200_TuneCP5_5p36TeV_pythia8/260306_002843/0000/HiForestMiniAOD_320.root
Time elapsed: 7613 seconds
File Contains: 132000 entries.
NMiss: 790048 | NFake: 1292183 | NMatch: 20450825
Processing file 246 of 817: /eos/cms/store/group/phys_heavyions/hbossi/mc_productions/QCD-dijet_pThat15-event-weighted_TuneCP5_5p36TeV_pythia8/OO_MC_DijetEmbedded_pThat-15to1200_TuneCP5_5p36TeV_pythia8/260306_002843/0000/HiForestMiniAOD_321.root
Time elapsed: 7639 seconds
File Contains: 151000 entries.
NMiss: 793985 | NFake: 1298645 | NMatch: 20551573
Processing file 247 of 817: /eos/cms/store/group/phys_heavyions/hbossi/mc_productions/QCD-dijet_pThat15-event-weighted_TuneCP5_5p36TeV_pythia8/OO_MC_DijetEmbedded_pThat-15to1200_TuneCP5_5p36TeV_pythia8/260306_002843/0000/HiForestMiniAOD_322.root
Time elapsed: 7687 seconds
File Contains: 136000 entries.
NMiss: 797479 | NFake: 1304371 | NMatch: 20642879
Processing file 248 of 817: /eos/cms/store/group/phys_heavyions/hbossi/mc_productions/QCD-dijet_pThat15-event-weighted_TuneCP5_5p36TeV_pythia8/OO_MC_DijetEmbedded_pThat-15to1200_TuneCP5_5p36TeV_pythia8/260306_002843/0000/HiForestMiniAOD_323.root
Time elapsed: 7712 seconds
File Contains: 133000 entries.
NMiss: 800831 | NFake: 1309981 | NMatch: 20732067
Processing file 249 of 817: /eos/cms/store/group/phys_heavyions/hbossi/mc_productions/QCD-dijet_pThat15-event-weighted_TuneCP5_5p36TeV_pythia8/OO_MC_DijetEmbedded_pThat-15to1200_TuneCP5_5p36TeV_pythia8/260306_002843/0000/HiForestMiniAOD_324.root
Time elapsed: 7731 seconds
File Contains: 121000 entries.
NMiss: 803944 | NFake: 1315108 | NMatch: 20813584
Processing file 250 of 817: /eos/cms/store/group/phys_heavyions/hbossi/mc_productions/QCD-dijet_pThat15-event-weighted_TuneCP5_5p36TeV_pythia8/OO_MC_DijetEmbedded_pThat-15to1200_TuneCP5_5p36TeV_pythia8/260306_002843/0000/HiForestMiniAOD_325.root
Time elapsed: 7817 seconds
File Contains: 131000 entries.
NMiss: 807337 | NFake: 1320616 | NMatch: 20901243
Processing file 251 of 817: /eos/cms/store/group/phys_heavyions/hbossi/mc_productions/QCD-dijet_pThat15-event-weighted_TuneCP5_5p36TeV_pythia8/OO_MC_DijetEmbedded_pThat-15to1200_TuneCP5_5p36TeV_pythia8/260306_002843/0000/HiForestMiniAOD_326.root
Time elapsed: 7841 seconds
File Contains: 144000 entries.
NMiss: 811016 | NFake: 1326747 | NMatch: 20998020
Processing file 252 of 817: /eos/cms/store/group/phys_heavyions/hbossi/mc_productions/QCD-dijet_pThat15-event-weighted_TuneCP5_5p36TeV_pythia8/OO_MC_DijetEmbedded_pThat-15to1200_TuneCP5_5p36TeV_pythia8/260306_002843/0000/HiForestMiniAOD_327.root
Time elapsed: 7881 seconds
File Contains: 126000 entries.
NMiss: 814277 | NFake: 1332091 | NMatch: 21082193
Processing file 253 of 817: /eos/cms/store/group/phys_heavyions/hbossi/mc_productions/QCD-dijet_pThat15-event-weighted_TuneCP5_5p36TeV_pythia8/OO_MC_DijetEmbedded_pThat-15to1200_TuneCP5_5p36TeV_pythia8/260306_002843/0000/HiForestMiniAOD_328.root
Time elapsed: 7899 seconds
File Contains: 109000 entries.
NMiss: 817099 | NFake: 1336743 | NMatch: 21155446
Processing file 254 of 817: /eos/cms/store/group/phys_heavyions/hbossi/mc_productions/QCD-dijet_pThat15-event-weighted_TuneCP5_5p36TeV_pythia8/OO_MC_DijetEmbedded_pThat-15to1200_TuneCP5_5p36TeV_pythia8/260306_002843/0000/HiForestMiniAOD_329.root
Time elapsed: 7935 seconds
File Contains: 88000 entries.
NMiss: 819378 | NFake: 1340564 | NMatch: 21213835
Processing file 255 of 817: /eos/cms/store/group/phys_heavyions/hbossi/mc_productions/QCD-dijet_pThat15-event-weighted_TuneCP5_5p36TeV_pythia8/OO_MC_DijetEmbedded_pThat-15to1200_TuneCP5_5p36TeV_pythia8/260306_002843/0000/HiForestMiniAOD_33.root
Time elapsed: 7960 seconds
File Contains: 127000 entries.
NMiss: 822591 | NFake: 1345955 | NMatch: 21299044
Processing file 256 of 817: /eos/cms/store/group/phys_heavyions/hbossi/mc_productions/QCD-dijet_pThat15-event-weighted_TuneCP5_5p36TeV_pythia8/OO_MC_DijetEmbedded_pThat-15to1200_TuneCP5_5p36TeV_pythia8/260306_002843/0000/HiForestMiniAOD_330.root
Time elapsed: 7988 seconds
File Contains: 135000 entries.
NMiss: 826052 | NFake: 1351795 | NMatch: 21389926
Processing file 257 of 817: /eos/cms/store/group/phys_heavyions/hbossi/mc_productions/QCD-dijet_pThat15-event-weighted_TuneCP5_5p36TeV_pythia8/OO_MC_DijetEmbedded_pThat-15to1200_TuneCP5_5p36TeV_pythia8/260306_002843/0000/HiForestMiniAOD_331.root
Time elapsed: 8057 seconds
File Contains: 127000 entries.
NMiss: 829306 | NFake: 1357244 | NMatch: 21475100
Processing file 258 of 817: /eos/cms/store/group/phys_heavyions/hbossi/mc_productions/QCD-dijet_pThat15-event-weighted_TuneCP5_5p36TeV_pythia8/OO_MC_DijetEmbedded_pThat-15to1200_TuneCP5_5p36TeV_pythia8/260306_002843/0000/HiForestMiniAOD_332.root
Time elapsed: 8111 seconds
File Contains: 113000 entries.
NMiss: 832230 | NFake: 1362091 | NMatch: 21550258
Processing file 259 of 817: /eos/cms/store/group/phys_heavyions/hbossi/mc_productions/QCD-dijet_pThat15-event-weighted_TuneCP5_5p36TeV_pythia8/OO_MC_DijetEmbedded_pThat-15to1200_TuneCP5_5p36TeV_pythia8/260306_002843/0000/HiForestMiniAOD_333.root
Time elapsed: 8133 seconds
File Contains: 146000 entries.
NMiss: 835973 | NFake: 1368341 | NMatch: 21648083
Processing file 260 of 817: /eos/cms/store/group/phys_heavyions/hbossi/mc_productions/QCD-dijet_pThat15-event-weighted_TuneCP5_5p36TeV_pythia8/OO_MC_DijetEmbedded_pThat-15to1200_TuneCP5_5p36TeV_pythia8/260306_002843/0000/HiForestMiniAOD_334.root
Time elapsed: 8159 seconds
File Contains: 131000 entries.
NMiss: 839345 | NFake: 1373899 | NMatch: 21736130
Processing file 261 of 817: /eos/cms/store/group/phys_heavyions/hbossi/mc_productions/QCD-dijet_pThat15-event-weighted_TuneCP5_5p36TeV_pythia8/OO_MC_DijetEmbedded_pThat-15to1200_TuneCP5_5p36TeV_pythia8/260306_002843/0000/HiForestMiniAOD_335.root
Time elapsed: 8186 seconds
File Contains: 134000 entries.
NMiss: 842861 | NFake: 1379459 | NMatch: 21825708
Processing file 262 of 817: /eos/cms/store/group/phys_heavyions/hbossi/mc_productions/QCD-dijet_pThat15-event-weighted_TuneCP5_5p36TeV_pythia8/OO_MC_DijetEmbedded_pThat-15to1200_TuneCP5_5p36TeV_pythia8/260306_002843/0000/HiForestMiniAOD_336.root
Time elapsed: 8212 seconds
File Contains: 111000 entries.
NMiss: 845693 | NFake: 1384093 | NMatch: 21900497
Processing file 263 of 817: /eos/cms/store/group/phys_heavyions/hbossi/mc_productions/QCD-dijet_pThat15-event-weighted_TuneCP5_5p36TeV_pythia8/OO_MC_DijetEmbedded_pThat-15to1200_TuneCP5_5p36TeV_pythia8/260306_002843/0000/HiForestMiniAOD_337.root
Time elapsed: 8253 seconds
File Contains: 108000 entries.
NMiss: 848461 | NFake: 1388640 | NMatch: 21972902
Processing file 264 of 817: /eos/cms/store/group/phys_heavyions/hbossi/mc_productions/QCD-dijet_pThat15-event-weighted_TuneCP5_5p36TeV_pythia8/OO_MC_DijetEmbedded_pThat-15to1200_TuneCP5_5p36TeV_pythia8/260306_002843/0000/HiForestMiniAOD_338.root
Time elapsed: 8335 seconds
File Contains: 115000 entries.
NMiss: 851493 | NFake: 1393378 | NMatch: 22049825
Processing file 265 of 817: /eos/cms/store/group/phys_heavyions/hbossi/mc_productions/QCD-dijet_pThat15-event-weighted_TuneCP5_5p36TeV_pythia8/OO_MC_DijetEmbedded_pThat-15to1200_TuneCP5_5p36TeV_pythia8/260306_002843/0000/HiForestMiniAOD_339.root
Time elapsed: 8357 seconds
File Contains: 147000 entries.
NMiss: 855187 | NFake: 1399570 | NMatch: 22148333
Processing file 266 of 817: /eos/cms/store/group/phys_heavyions/hbossi/mc_productions/QCD-dijet_pThat15-event-weighted_TuneCP5_5p36TeV_pythia8/OO_MC_DijetEmbedded_pThat-15to1200_TuneCP5_5p36TeV_pythia8/260306_002843/0000/HiForestMiniAOD_34.root
Time elapsed: 8384 seconds
File Contains: 85000 entries.
NMiss: 857372 | NFake: 1403166 | NMatch: 22205508
Processing file 267 of 817: /eos/cms/store/group/phys_heavyions/hbossi/mc_productions/QCD-dijet_pThat15-event-weighted_TuneCP5_5p36TeV_pythia8/OO_MC_DijetEmbedded_pThat-15to1200_TuneCP5_5p36TeV_pythia8/260306_002843/0000/HiForestMiniAOD_340.root
Time elapsed: 8412 seconds
File Contains: 127000 entries.
NMiss: 860638 | NFake: 1408452 | NMatch: 22290637
Processing file 268 of 817: /eos/cms/store/group/phys_heavyions/hbossi/mc_productions/QCD-dijet_pThat15-event-weighted_TuneCP5_5p36TeV_pythia8/OO_MC_DijetEmbedded_pThat-15to1200_TuneCP5_5p36TeV_pythia8/260306_002843/0000/HiForestMiniAOD_341.root
Time elapsed: 8433 seconds
File Contains: 99000 entries.
NMiss: 863279 | NFake: 1412553 | NMatch: 22357421
Processing file 269 of 817: /eos/cms/store/group/phys_heavyions/hbossi/mc_productions/QCD-dijet_pThat15-event-weighted_TuneCP5_5p36TeV_pythia8/OO_MC_DijetEmbedded_pThat-15to1200_TuneCP5_5p36TeV_pythia8/260306_002843/0000/HiForestMiniAOD_342.root
Time elapsed: 8450 seconds
File Contains: 134000 entries.
NMiss: 866750 | NFake: 1418213 | NMatch: 22446561
Processing file 270 of 817: /eos/cms/store/group/phys_heavyions/hbossi/mc_productions/QCD-dijet_pThat15-event-weighted_TuneCP5_5p36TeV_pythia8/OO_MC_DijetEmbedded_pThat-15to1200_TuneCP5_5p36TeV_pythia8/260306_002843/0000/HiForestMiniAOD_343.root
Time elapsed: 8489 seconds
File Contains: 124000 entries.
NMiss: 870060 | NFake: 1423521 | NMatch: 22529511
Processing file 271 of 817: /eos/cms/store/group/phys_heavyions/hbossi/mc_productions/QCD-dijet_pThat15-event-weighted_TuneCP5_5p36TeV_pythia8/OO_MC_DijetEmbedded_pThat-15to1200_TuneCP5_5p36TeV_pythia8/260306_002843/0000/HiForestMiniAOD_344.root
Time elapsed: 8514 seconds
File Contains: 113000 entries.
NMiss: 872935 | NFake: 1428421 | NMatch: 22604754
Processing file 272 of 817: /eos/cms/store/group/phys_heavyions/hbossi/mc_productions/QCD-dijet_pThat15-event-weighted_TuneCP5_5p36TeV_pythia8/OO_MC_DijetEmbedded_pThat-15to1200_TuneCP5_5p36TeV_pythia8/260306_002843/0000/HiForestMiniAOD_345.root
Time elapsed: 8579 seconds
File Contains: 87000 entries.
NMiss: 875185 | NFake: 1432078 | NMatch: 22663055
Processing file 273 of 817: /eos/cms/store/group/phys_heavyions/hbossi/mc_productions/QCD-dijet_pThat15-event-weighted_TuneCP5_5p36TeV_pythia8/OO_MC_DijetEmbedded_pThat-15to1200_TuneCP5_5p36TeV_pythia8/260306_002843/0000/HiForestMiniAOD_346.root
Time elapsed: 8610 seconds
File Contains: 121000 entries.
NMiss: 878298 | NFake: 1437097 | NMatch: 22743926
Processing file 274 of 817: /eos/cms/store/group/phys_heavyions/hbossi/mc_productions/QCD-dijet_pThat15-event-weighted_TuneCP5_5p36TeV_pythia8/OO_MC_DijetEmbedded_pThat-15to1200_TuneCP5_5p36TeV_pythia8/260306_002843/0000/HiForestMiniAOD_347.root
Time elapsed: 8634 seconds
File Contains: 102000 entries.
NMiss: 880941 | NFake: 1441360 | NMatch: 22812591
Processing file 275 of 817: /eos/cms/store/group/phys_heavyions/hbossi/mc_productions/QCD-dijet_pThat15-event-weighted_TuneCP5_5p36TeV_pythia8/OO_MC_DijetEmbedded_pThat-15to1200_TuneCP5_5p36TeV_pythia8/260306_002843/0000/HiForestMiniAOD_348.root
Time elapsed: 8653 seconds
File Contains: 159000 entries.
NMiss: 884984 | NFake: 1448184 | NMatch: 22919673
Processing file 276 of 817: /eos/cms/store/group/phys_heavyions/hbossi/mc_productions/QCD-dijet_pThat15-event-weighted_TuneCP5_5p36TeV_pythia8/OO_MC_DijetEmbedded_pThat-15to1200_TuneCP5_5p36TeV_pythia8/260306_002843/0000/HiForestMiniAOD_349.root
Time elapsed: 8683 seconds
File Contains: 149000 entries.
NMiss: 888824 | NFake: 1454407 | NMatch: 23019258
Processing file 277 of 817: /eos/cms/store/group/phys_heavyions/hbossi/mc_productions/QCD-dijet_pThat15-event-weighted_TuneCP5_5p36TeV_pythia8/OO_MC_DijetEmbedded_pThat-15to1200_TuneCP5_5p36TeV_pythia8/260306_002843/0000/HiForestMiniAOD_35.root
Time elapsed: 8701 seconds
File Contains: 110000 entries.
NMiss: 891629 | NFake: 1459064 | NMatch: 23092895
Processing file 278 of 817: /eos/cms/store/group/phys_heavyions/hbossi/mc_productions/QCD-dijet_pThat15-event-weighted_TuneCP5_5p36TeV_pythia8/OO_MC_DijetEmbedded_pThat-15to1200_TuneCP5_5p36TeV_pythia8/260306_002843/0000/HiForestMiniAOD_350.root
Time elapsed: 8751 seconds
File Contains: 135000 entries.
NMiss: 895140 | NFake: 1464711 | NMatch: 23183457
Processing file 279 of 817: /eos/cms/store/group/phys_heavyions/hbossi/mc_productions/QCD-dijet_pThat15-event-weighted_TuneCP5_5p36TeV_pythia8/OO_MC_DijetEmbedded_pThat-15to1200_TuneCP5_5p36TeV_pythia8/260306_002843/0000/HiForestMiniAOD_351.root
Time elapsed: 8777 seconds
File Contains: 111000 entries.
NMiss: 897962 | NFake: 1469254 | NMatch: 23257757
Processing file 280 of 817: /eos/cms/store/group/phys_heavyions/hbossi/mc_productions/QCD-dijet_pThat15-event-weighted_TuneCP5_5p36TeV_pythia8/OO_MC_DijetEmbedded_pThat-15to1200_TuneCP5_5p36TeV_pythia8/260306_002843/0000/HiForestMiniAOD_352.root
Time elapsed: 8808 seconds
File Contains: 151000 entries.
NMiss: 901846 | NFake: 1475621 | NMatch: 23359128
Processing file 281 of 817: /eos/cms/store/group/phys_heavyions/hbossi/mc_productions/QCD-dijet_pThat15-event-weighted_TuneCP5_5p36TeV_pythia8/OO_MC_DijetEmbedded_pThat-15to1200_TuneCP5_5p36TeV_pythia8/260306_002843/0000/HiForestMiniAOD_353.root
Time elapsed: 8855 seconds
File Contains: 144000 entries.
NMiss: 905601 | NFake: 1481767 | NMatch: 23455602
Processing file 282 of 817: /eos/cms/store/group/phys_heavyions/hbossi/mc_productions/QCD-dijet_pThat15-event-weighted_TuneCP5_5p36TeV_pythia8/OO_MC_DijetEmbedded_pThat-15to1200_TuneCP5_5p36TeV_pythia8/260306_002843/0000/HiForestMiniAOD_354.root
Time elapsed: 8903 seconds
File Contains: 117000 entries.
NMiss: 908625 | NFake: 1486687 | NMatch: 23534284
Processing file 283 of 817: /eos/cms/store/group/phys_heavyions/hbossi/mc_productions/QCD-dijet_pThat15-event-weighted_TuneCP5_5p36TeV_pythia8/OO_MC_DijetEmbedded_pThat-15to1200_TuneCP5_5p36TeV_pythia8/260306_002843/0000/HiForestMiniAOD_355.root
Time elapsed: 8950 seconds
File Contains: 166000 entries.
NMiss: 912988 | NFake: 1493669 | NMatch: 23645878
Processing file 284 of 817: /eos/cms/store/group/phys_heavyions/hbossi/mc_productions/QCD-dijet_pThat15-event-weighted_TuneCP5_5p36TeV_pythia8/OO_MC_DijetEmbedded_pThat-15to1200_TuneCP5_5p36TeV_pythia8/260306_002843/0000/HiForestMiniAOD_356.root
Time elapsed: 8988 seconds
File Contains: 141000 entries.
NMiss: 916720 | NFake: 1499454 | NMatch: 23740368
Processing file 285 of 817: /eos/cms/store/group/phys_heavyions/hbossi/mc_productions/QCD-dijet_pThat15-event-weighted_TuneCP5_5p36TeV_pythia8/OO_MC_DijetEmbedded_pThat-15to1200_TuneCP5_5p36TeV_pythia8/260306_002843/0000/HiForestMiniAOD_357.root
Time elapsed: 9009 seconds
File Contains: 129000 entries.
NMiss: 919968 | NFake: 1504914 | NMatch: 23826514
Processing file 286 of 817: /eos/cms/store/group/phys_heavyions/hbossi/mc_productions/QCD-dijet_pThat15-event-weighted_TuneCP5_5p36TeV_pythia8/OO_MC_DijetEmbedded_pThat-15to1200_TuneCP5_5p36TeV_pythia8/260306_002843/0000/HiForestMiniAOD_358.root
Time elapsed: 9031 seconds
File Contains: 151000 entries.
NMiss: 923836 | NFake: 1511234 | NMatch: 23927687
Processing file 287 of 817: /eos/cms/store/group/phys_heavyions/hbossi/mc_productions/QCD-dijet_pThat15-event-weighted_TuneCP5_5p36TeV_pythia8/OO_MC_DijetEmbedded_pThat-15to1200_TuneCP5_5p36TeV_pythia8/260306_002843/0000/HiForestMiniAOD_359.root
Time elapsed: 9069 seconds
File Contains: 147000 entries.
NMiss: 927608 | NFake: 1517490 | NMatch: 24025758
Processing file 288 of 817: /eos/cms/store/group/phys_heavyions/hbossi/mc_productions/QCD-dijet_pThat15-event-weighted_TuneCP5_5p36TeV_pythia8/OO_MC_DijetEmbedded_pThat-15to1200_TuneCP5_5p36TeV_pythia8/260306_002843/0000/HiForestMiniAOD_36.root
Time elapsed: 9104 seconds
File Contains: 109000 entries.
NMiss: 930471 | NFake: 1522106 | NMatch: 24098850
Processing file 289 of 817: /eos/cms/store/group/phys_heavyions/hbossi/mc_productions/QCD-dijet_pThat15-event-weighted_TuneCP5_5p36TeV_pythia8/OO_MC_DijetEmbedded_pThat-15to1200_TuneCP5_5p36TeV_pythia8/260306_002843/0000/HiForestMiniAOD_360.root
Time elapsed: 9132 seconds
File Contains: 136000 entries.
NMiss: 934022 | NFake: 1527746 | NMatch: 24189955
Processing file 290 of 817: /eos/cms/store/group/phys_heavyions/hbossi/mc_productions/QCD-dijet_pThat15-event-weighted_TuneCP5_5p36TeV_pythia8/OO_MC_DijetEmbedded_pThat-15to1200_TuneCP5_5p36TeV_pythia8/260306_002843/0000/HiForestMiniAOD_361.root
Time elapsed: 9163 seconds
File Contains: 102000 entries.
NMiss: 936633 | NFake: 1532035 | NMatch: 24258229
Processing file 291 of 817: /eos/cms/store/group/phys_heavyions/hbossi/mc_productions/QCD-dijet_pThat15-event-weighted_TuneCP5_5p36TeV_pythia8/OO_MC_DijetEmbedded_pThat-15to1200_TuneCP5_5p36TeV_pythia8/260306_002843/0000/HiForestMiniAOD_362.root
Time elapsed: 9185 seconds
File Contains: 127000 entries.
NMiss: 939822 | NFake: 1537381 | NMatch: 24343493
Processing file 292 of 817: /eos/cms/store/group/phys_heavyions/hbossi/mc_productions/QCD-dijet_pThat15-event-weighted_TuneCP5_5p36TeV_pythia8/OO_MC_DijetEmbedded_pThat-15to1200_TuneCP5_5p36TeV_pythia8/260306_002843/0000/HiForestMiniAOD_363.root
Time elapsed: 9217 seconds
File Contains: 151000 entries.
NMiss: 943817 | NFake: 1543830 | NMatch: 24444229
Processing file 293 of 817: /eos/cms/store/group/phys_heavyions/hbossi/mc_productions/QCD-dijet_pThat15-event-weighted_TuneCP5_5p36TeV_pythia8/OO_MC_DijetEmbedded_pThat-15to1200_TuneCP5_5p36TeV_pythia8/260306_002843/0000/HiForestMiniAOD_364.root
Time elapsed: 9242 seconds
File Contains: 96000 entries.
NMiss: 946282 | NFake: 1547801 | NMatch: 24508276
Processing file 294 of 817: /eos/cms/store/group/phys_heavyions/hbossi/mc_productions/QCD-dijet_pThat15-event-weighted_TuneCP5_5p36TeV_pythia8/OO_MC_DijetEmbedded_pThat-15to1200_TuneCP5_5p36TeV_pythia8/260306_002843/0000/HiForestMiniAOD_365.root
Time elapsed: 9263 seconds
File Contains: 140000 entries.
NMiss: 949877 | NFake: 1553621 | NMatch: 24602112
Processing file 295 of 817: /eos/cms/store/group/phys_heavyions/hbossi/mc_productions/QCD-dijet_pThat15-event-weighted_TuneCP5_5p36TeV_pythia8/OO_MC_DijetEmbedded_pThat-15to1200_TuneCP5_5p36TeV_pythia8/260306_002843/0000/HiForestMiniAOD_366.root
Time elapsed: 9287 seconds
File Contains: 137000 entries.
NMiss: 953439 | NFake: 1559430 | NMatch: 24693657
Processing file 296 of 817: /eos/cms/store/group/phys_heavyions/hbossi/mc_productions/QCD-dijet_pThat15-event-weighted_TuneCP5_5p36TeV_pythia8/OO_MC_DijetEmbedded_pThat-15to1200_TuneCP5_5p36TeV_pythia8/260306_002843/0000/HiForestMiniAOD_367.root
Time elapsed: 9320 seconds
File Contains: 95000 entries.
NMiss: 955908 | NFake: 1563546 | NMatch: 24757298
Processing file 297 of 817: /eos/cms/store/group/phys_heavyions/hbossi/mc_productions/QCD-dijet_pThat15-event-weighted_TuneCP5_5p36TeV_pythia8/OO_MC_DijetEmbedded_pThat-15to1200_TuneCP5_5p36TeV_pythia8/260306_002843/0000/HiForestMiniAOD_368.root
Time elapsed: 9336 seconds
File Contains: 139000 entries.
NMiss: 959642 | NFake: 1569421 | NMatch: 24850968
Processing file 298 of 817: /eos/cms/store/group/phys_heavyions/hbossi/mc_productions/QCD-dijet_pThat15-event-weighted_TuneCP5_5p36TeV_pythia8/OO_MC_DijetEmbedded_pThat-15to1200_TuneCP5_5p36TeV_pythia8/260306_002843/0000/HiForestMiniAOD_369.root
Time elapsed: 9364 seconds
File Contains: 113000 entries.
NMiss: 962503 | NFake: 1574257 | NMatch: 24926989
Processing file 299 of 817: /eos/cms/store/group/phys_heavyions/hbossi/mc_productions/QCD-dijet_pThat15-event-weighted_TuneCP5_5p36TeV_pythia8/OO_MC_DijetEmbedded_pThat-15to1200_TuneCP5_5p36TeV_pythia8/260306_002843/0000/HiForestMiniAOD_37.root
Time elapsed: 9393 seconds
File Contains: 127000 entries.
NMiss: 965785 | NFake: 1579634 | NMatch: 25011952
Processing file 300 of 817: /eos/cms/store/group/phys_heavyions/hbossi/mc_productions/QCD-dijet_pThat15-event-weighted_TuneCP5_5p36TeV_pythia8/OO_MC_DijetEmbedded_pThat-15to1200_TuneCP5_5p36TeV_pythia8/260306_002843/0000/HiForestMiniAOD_370.root
Time elapsed: 9427 seconds
File Contains: 135000 entries.
NMiss: 969263 | NFake: 1585396 | NMatch: 25102174
Processing file 301 of 817: /eos/cms/store/group/phys_heavyions/hbossi/mc_productions/QCD-dijet_pThat15-event-weighted_TuneCP5_5p36TeV_pythia8/OO_MC_DijetEmbedded_pThat-15to1200_TuneCP5_5p36TeV_pythia8/260306_002843/0000/HiForestMiniAOD_371.root
Time elapsed: 9454 seconds
File Contains: 138000 entries.
NMiss: 972882 | NFake: 1591311 | NMatch: 25194070
Processing file 302 of 817: /eos/cms/store/group/phys_heavyions/hbossi/mc_productions/QCD-dijet_pThat15-event-weighted_TuneCP5_5p36TeV_pythia8/OO_MC_DijetEmbedded_pThat-15to1200_TuneCP5_5p36TeV_pythia8/260306_002843/0000/HiForestMiniAOD_372.root
Time elapsed: 9498 seconds
File Contains: 145000 entries.
NMiss: 976705 | NFake: 1597410 | NMatch: 25290990
Processing file 303 of 817: /eos/cms/store/group/phys_heavyions/hbossi/mc_productions/QCD-dijet_pThat15-event-weighted_TuneCP5_5p36TeV_pythia8/OO_MC_DijetEmbedded_pThat-15to1200_TuneCP5_5p36TeV_pythia8/260306_002843/0000/HiForestMiniAOD_373.root
Time elapsed: 9526 seconds
File Contains: 95000 entries.
NMiss: 979094 | NFake: 1601473 | NMatch: 25355180
Processing file 304 of 817: /eos/cms/store/group/phys_heavyions/hbossi/mc_productions/QCD-dijet_pThat15-event-weighted_TuneCP5_5p36TeV_pythia8/OO_MC_DijetEmbedded_pThat-15to1200_TuneCP5_5p36TeV_pythia8/260306_002843/0000/HiForestMiniAOD_374.root
Time elapsed: 9545 seconds
File Contains: 130000 entries.
NMiss: 982365 | NFake: 1606938 | NMatch: 25442307
Processing file 305 of 817: /eos/cms/store/group/phys_heavyions/hbossi/mc_productions/QCD-dijet_pThat15-event-weighted_TuneCP5_5p36TeV_pythia8/OO_MC_DijetEmbedded_pThat-15to1200_TuneCP5_5p36TeV_pythia8/260306_002843/0000/HiForestMiniAOD_375.root
Time elapsed: 9577 seconds
File Contains: 99000 entries.
NMiss: 984908 | NFake: 1611142 | NMatch: 25508625
Processing file 306 of 817: /eos/cms/store/group/phys_heavyions/hbossi/mc_productions/QCD-dijet_pThat15-event-weighted_TuneCP5_5p36TeV_pythia8/OO_MC_DijetEmbedded_pThat-15to1200_TuneCP5_5p36TeV_pythia8/260306_002843/0000/HiForestMiniAOD_376.root
Time elapsed: 9601 seconds
File Contains: 100000 entries.
NMiss: 987443 | NFake: 1615435 | NMatch: 25575540
Processing file 307 of 817: /eos/cms/store/group/phys_heavyions/hbossi/mc_productions/QCD-dijet_pThat15-event-weighted_TuneCP5_5p36TeV_pythia8/OO_MC_DijetEmbedded_pThat-15to1200_TuneCP5_5p36TeV_pythia8/260306_002843/0000/HiForestMiniAOD_377.root
Time elapsed: 9637 seconds
File Contains: 106000 entries.
NMiss: 990138 | NFake: 1619812 | NMatch: 25646871
Processing file 308 of 817: /eos/cms/store/group/phys_heavyions/hbossi/mc_productions/QCD-dijet_pThat15-event-weighted_TuneCP5_5p36TeV_pythia8/OO_MC_DijetEmbedded_pThat-15to1200_TuneCP5_5p36TeV_pythia8/260306_002843/0000/HiForestMiniAOD_378.root
Time elapsed: 9663 seconds
File Contains: 137000 entries.
NMiss: 993643 | NFake: 1625558 | NMatch: 25738965
Processing file 309 of 817: /eos/cms/store/group/phys_heavyions/hbossi/mc_productions/QCD-dijet_pThat15-event-weighted_TuneCP5_5p36TeV_pythia8/OO_MC_DijetEmbedded_pThat-15to1200_TuneCP5_5p36TeV_pythia8/260306_002843/0000/HiForestMiniAOD_379.root
Time elapsed: 9689 seconds
File Contains: 102000 entries.
NMiss: 996336 | NFake: 1629915 | NMatch: 25806935
Processing file 310 of 817: /eos/cms/store/group/phys_heavyions/hbossi/mc_productions/QCD-dijet_pThat15-event-weighted_TuneCP5_5p36TeV_pythia8/OO_MC_DijetEmbedded_pThat-15to1200_TuneCP5_5p36TeV_pythia8/260306_002843/0000/HiForestMiniAOD_38.root
Time elapsed: 9719 seconds
File Contains: 131000 entries.
NMiss: 999651 | NFake: 1635471 | NMatch: 25894617
Processing file 311 of 817: /eos/cms/store/group/phys_heavyions/hbossi/mc_productions/QCD-dijet_pThat15-event-weighted_TuneCP5_5p36TeV_pythia8/OO_MC_DijetEmbedded_pThat-15to1200_TuneCP5_5p36TeV_pythia8/260306_002843/0000/HiForestMiniAOD_380.root
Time elapsed: 9769 seconds
File Contains: 98000 entries.
NMiss: 1002235 | NFake: 1639616 | NMatch: 25960845
Processing file 312 of 817: /eos/cms/store/group/phys_heavyions/hbossi/mc_productions/QCD-dijet_pThat15-event-weighted_TuneCP5_5p36TeV_pythia8/OO_MC_DijetEmbedded_pThat-15to1200_TuneCP5_5p36TeV_pythia8/260306_002843/0000/HiForestMiniAOD_381.root
Time elapsed: 9784 seconds
File Contains: 135000 entries.
NMiss: 1005750 | NFake: 1645383 | NMatch: 26051052
Processing file 313 of 817: /eos/cms/store/group/phys_heavyions/hbossi/mc_productions/QCD-dijet_pThat15-event-weighted_TuneCP5_5p36TeV_pythia8/OO_MC_DijetEmbedded_pThat-15to1200_TuneCP5_5p36TeV_pythia8/260306_002843/0000/HiForestMiniAOD_382.root
Time elapsed: 9846 seconds
File Contains: 123000 entries.
NMiss: 1008935 | NFake: 1650582 | NMatch: 26133520
Processing file 314 of 817: /eos/cms/store/group/phys_heavyions/hbossi/mc_productions/QCD-dijet_pThat15-event-weighted_TuneCP5_5p36TeV_pythia8/OO_MC_DijetEmbedded_pThat-15to1200_TuneCP5_5p36TeV_pythia8/260306_002843/0000/HiForestMiniAOD_383.root
Time elapsed: 9867 seconds
File Contains: 130000 entries.
NMiss: 1012324 | NFake: 1656079 | NMatch: 26220213
Processing file 315 of 817: /eos/cms/store/group/phys_heavyions/hbossi/mc_productions/QCD-dijet_pThat15-event-weighted_TuneCP5_5p36TeV_pythia8/OO_MC_DijetEmbedded_pThat-15to1200_TuneCP5_5p36TeV_pythia8/260306_002843/0000/HiForestMiniAOD_384.root
Time elapsed: 9890 seconds
File Contains: 126000 entries.
NMiss: 1015575 | NFake: 1661259 | NMatch: 26305125
Processing file 316 of 817: /eos/cms/store/group/phys_heavyions/hbossi/mc_productions/QCD-dijet_pThat15-event-weighted_TuneCP5_5p36TeV_pythia8/OO_MC_DijetEmbedded_pThat-15to1200_TuneCP5_5p36TeV_pythia8/260306_002843/0000/HiForestMiniAOD_385.root
Time elapsed: 9909 seconds
File Contains: 125000 entries.
NMiss: 1018851 | NFake: 1666462 | NMatch: 26388984
Processing file 317 of 817: /eos/cms/store/group/phys_heavyions/hbossi/mc_productions/QCD-dijet_pThat15-event-weighted_TuneCP5_5p36TeV_pythia8/OO_MC_DijetEmbedded_pThat-15to1200_TuneCP5_5p36TeV_pythia8/260306_002843/0000/HiForestMiniAOD_386.root
Time elapsed: 9948 seconds
File Contains: 150000 entries.
NMiss: 1022683 | NFake: 1672770 | NMatch: 26489505
Processing file 318 of 817: /eos/cms/store/group/phys_heavyions/hbossi/mc_productions/QCD-dijet_pThat15-event-weighted_TuneCP5_5p36TeV_pythia8/OO_MC_DijetEmbedded_pThat-15to1200_TuneCP5_5p36TeV_pythia8/260306_002843/0000/HiForestMiniAOD_387.root
Time elapsed: 9979 seconds
File Contains: 144000 entries.
NMiss: 1026287 | NFake: 1678825 | NMatch: 26586020
Processing file 319 of 817: /eos/cms/store/group/phys_heavyions/hbossi/mc_productions/QCD-dijet_pThat15-event-weighted_TuneCP5_5p36TeV_pythia8/OO_MC_DijetEmbedded_pThat-15to1200_TuneCP5_5p36TeV_pythia8/260306_002843/0000/HiForestMiniAOD_388.root
Time elapsed: 10006 seconds
File Contains: 102000 entries.
NMiss: 1028928 | NFake: 1682996 | NMatch: 26654118
Processing file 320 of 817: /eos/cms/store/group/phys_heavyions/hbossi/mc_productions/QCD-dijet_pThat15-event-weighted_TuneCP5_5p36TeV_pythia8/OO_MC_DijetEmbedded_pThat-15to1200_TuneCP5_5p36TeV_pythia8/260306_002843/0000/HiForestMiniAOD_389.root
Time elapsed: 10023 seconds
File Contains: 125000 entries.
NMiss: 1032176 | NFake: 1688297 | NMatch: 26738010
Processing file 321 of 817: /eos/cms/store/group/phys_heavyions/hbossi/mc_productions/QCD-dijet_pThat15-event-weighted_TuneCP5_5p36TeV_pythia8/OO_MC_DijetEmbedded_pThat-15to1200_TuneCP5_5p36TeV_pythia8/260306_002843/0000/HiForestMiniAOD_39.root
Time elapsed: 10045 seconds
File Contains: 117000 entries.
NMiss: 1035046 | NFake: 1693306 | NMatch: 26817156
Processing file 322 of 817: /eos/cms/store/group/phys_heavyions/hbossi/mc_productions/QCD-dijet_pThat15-event-weighted_TuneCP5_5p36TeV_pythia8/OO_MC_DijetEmbedded_pThat-15to1200_TuneCP5_5p36TeV_pythia8/260306_002843/0000/HiForestMiniAOD_390.root
Time elapsed: 10077 seconds
File Contains: 146000 entries.
NMiss: 1038910 | NFake: 1699499 | NMatch: 26914571
Processing file 323 of 817: /eos/cms/store/group/phys_heavyions/hbossi/mc_productions/QCD-dijet_pThat15-event-weighted_TuneCP5_5p36TeV_pythia8/OO_MC_DijetEmbedded_pThat-15to1200_TuneCP5_5p36TeV_pythia8/260306_002843/0000/HiForestMiniAOD_391.root
Time elapsed: 10109 seconds
File Contains: 122000 entries.
NMiss: 1042115 | NFake: 1704656 | NMatch: 26996169
Processing file 324 of 817: /eos/cms/store/group/phys_heavyions/hbossi/mc_productions/QCD-dijet_pThat15-event-weighted_TuneCP5_5p36TeV_pythia8/OO_MC_DijetEmbedded_pThat-15to1200_TuneCP5_5p36TeV_pythia8/260306_002843/0000/HiForestMiniAOD_392.root
Time elapsed: 10134 seconds
File Contains: 128000 entries.
NMiss: 1045424 | NFake: 1710063 | NMatch: 27081963
Processing file 325 of 817: /eos/cms/store/group/phys_heavyions/hbossi/mc_productions/QCD-dijet_pThat15-event-weighted_TuneCP5_5p36TeV_pythia8/OO_MC_DijetEmbedded_pThat-15to1200_TuneCP5_5p36TeV_pythia8/260306_002843/0000/HiForestMiniAOD_393.root
Time elapsed: 10167 seconds
File Contains: 127000 entries.
NMiss: 1048714 | NFake: 1715481 | NMatch: 27166863
Processing file 326 of 817: /eos/cms/store/group/phys_heavyions/hbossi/mc_productions/QCD-dijet_pThat15-event-weighted_TuneCP5_5p36TeV_pythia8/OO_MC_DijetEmbedded_pThat-15to1200_TuneCP5_5p36TeV_pythia8/260306_002843/0000/HiForestMiniAOD_394.root
Time elapsed: 10191 seconds
File Contains: 154000 entries.
NMiss: 1052739 | NFake: 1721924 | NMatch: 27269857
Processing file 327 of 817: /eos/cms/store/group/phys_heavyions/hbossi/mc_productions/QCD-dijet_pThat15-event-weighted_TuneCP5_5p36TeV_pythia8/OO_MC_DijetEmbedded_pThat-15to1200_TuneCP5_5p36TeV_pythia8/260306_002843/0000/HiForestMiniAOD_395.root
Time elapsed: 10235 seconds
File Contains: 132000 entries.
NMiss: 1056202 | NFake: 1727597 | NMatch: 27358243
Processing file 328 of 817: /eos/cms/store/group/phys_heavyions/hbossi/mc_productions/QCD-dijet_pThat15-event-weighted_TuneCP5_5p36TeV_pythia8/OO_MC_DijetEmbedded_pThat-15to1200_TuneCP5_5p36TeV_pythia8/260306_002843/0000/HiForestMiniAOD_396.root
Time elapsed: 10277 seconds
File Contains: 100000 entries.
NMiss: 1058832 | NFake: 1731904 | NMatch: 27424821
Processing file 329 of 817: /eos/cms/store/group/phys_heavyions/hbossi/mc_productions/QCD-dijet_pThat15-event-weighted_TuneCP5_5p36TeV_pythia8/OO_MC_DijetEmbedded_pThat-15to1200_TuneCP5_5p36TeV_pythia8/260306_002843/0000/HiForestMiniAOD_397.root
Time elapsed: 10297 seconds
File Contains: 119000 entries.
NMiss: 1061939 | NFake: 1736930 | NMatch: 27504829
Processing file 330 of 817: /eos/cms/store/group/phys_heavyions/hbossi/mc_productions/QCD-dijet_pThat15-event-weighted_TuneCP5_5p36TeV_pythia8/OO_MC_DijetEmbedded_pThat-15to1200_TuneCP5_5p36TeV_pythia8/260306_002843/0000/HiForestMiniAOD_398.root
Time elapsed: 10315 seconds
File Contains: 118000 entries.
NMiss: 1064994 | NFake: 1742020 | NMatch: 27583861
Processing file 331 of 817: /eos/cms/store/group/phys_heavyions/hbossi/mc_productions/QCD-dijet_pThat15-event-weighted_TuneCP5_5p36TeV_pythia8/OO_MC_DijetEmbedded_pThat-15to1200_TuneCP5_5p36TeV_pythia8/260306_002843/0000/HiForestMiniAOD_399.root
Time elapsed: 10336 seconds
File Contains: 149000 entries.
NMiss: 1068804 | NFake: 1748259 | NMatch: 27683491
Processing file 332 of 817: /eos/cms/store/group/phys_heavyions/hbossi/mc_productions/QCD-dijet_pThat15-event-weighted_TuneCP5_5p36TeV_pythia8/OO_MC_DijetEmbedded_pThat-15to1200_TuneCP5_5p36TeV_pythia8/260306_002843/0000/HiForestMiniAOD_4.root
Time elapsed: 10366 seconds
File Contains: 137000 entries.
NMiss: 1072428 | NFake: 1754143 | NMatch: 27775420
Processing file 333 of 817: /eos/cms/store/group/phys_heavyions/hbossi/mc_productions/QCD-dijet_pThat15-event-weighted_TuneCP5_5p36TeV_pythia8/OO_MC_DijetEmbedded_pThat-15to1200_TuneCP5_5p36TeV_pythia8/260306_002843/0000/HiForestMiniAOD_40.root
Time elapsed: 10393 seconds
File Contains: 149000 entries.
NMiss: 1076252 | NFake: 1760612 | NMatch: 27874679
Processing file 334 of 817: /eos/cms/store/group/phys_heavyions/hbossi/mc_productions/QCD-dijet_pThat15-event-weighted_TuneCP5_5p36TeV_pythia8/OO_MC_DijetEmbedded_pThat-15to1200_TuneCP5_5p36TeV_pythia8/260306_002843/0000/HiForestMiniAOD_400.root
Time elapsed: 10421 seconds
File Contains: 146000 entries.
NMiss: 1079862 | NFake: 1766776 | NMatch: 27972934
Processing file 335 of 817: /eos/cms/store/group/phys_heavyions/hbossi/mc_productions/QCD-dijet_pThat15-event-weighted_TuneCP5_5p36TeV_pythia8/OO_MC_DijetEmbedded_pThat-15to1200_TuneCP5_5p36TeV_pythia8/260306_002843/0000/HiForestMiniAOD_401.root
Time elapsed: 10491 seconds
File Contains: 92000 entries.
NMiss: 1082226 | NFake: 1770709 | NMatch: 28034758
Processing file 336 of 817: /eos/cms/store/group/phys_heavyions/hbossi/mc_productions/QCD-dijet_pThat15-event-weighted_TuneCP5_5p36TeV_pythia8/OO_MC_DijetEmbedded_pThat-15to1200_TuneCP5_5p36TeV_pythia8/260306_002843/0000/HiForestMiniAOD_402.root
Time elapsed: 10515 seconds
File Contains: 89000 entries.
NMiss: 1084504 | NFake: 1774431 | NMatch: 28094343
Processing file 337 of 817: /eos/cms/store/group/phys_heavyions/hbossi/mc_productions/QCD-dijet_pThat15-event-weighted_TuneCP5_5p36TeV_pythia8/OO_MC_DijetEmbedded_pThat-15to1200_TuneCP5_5p36TeV_pythia8/260306_002843/0000/HiForestMiniAOD_403.root
Time elapsed: 10531 seconds
File Contains: 162000 entries.
NMiss: 1088615 | NFake: 1781243 | NMatch: 28203242
Processing file 338 of 817: /eos/cms/store/group/phys_heavyions/hbossi/mc_productions/QCD-dijet_pThat15-event-weighted_TuneCP5_5p36TeV_pythia8/OO_MC_DijetEmbedded_pThat-15to1200_TuneCP5_5p36TeV_pythia8/260306_002843/0000/HiForestMiniAOD_404.root
Time elapsed: 10560 seconds
File Contains: 117000 entries.
NMiss: 1091616 | NFake: 1786302 | NMatch: 28281613
Processing file 339 of 817: /eos/cms/store/group/phys_heavyions/hbossi/mc_productions/QCD-dijet_pThat15-event-weighted_TuneCP5_5p36TeV_pythia8/OO_MC_DijetEmbedded_pThat-15to1200_TuneCP5_5p36TeV_pythia8/260306_002843/0000/HiForestMiniAOD_405.root
Time elapsed: 10587 seconds
File Contains: 128000 entries.
NMiss: 1094925 | NFake: 1791665 | NMatch: 28367451
Processing file 340 of 817: /eos/cms/store/group/phys_heavyions/hbossi/mc_productions/QCD-dijet_pThat15-event-weighted_TuneCP5_5p36TeV_pythia8/OO_MC_DijetEmbedded_pThat-15to1200_TuneCP5_5p36TeV_pythia8/260306_002843/0000/HiForestMiniAOD_406.root
Time elapsed: 10626 seconds
File Contains: 109000 entries.
NMiss: 1097761 | NFake: 1796216 | NMatch: 28440608
Processing file 341 of 817: /eos/cms/store/group/phys_heavyions/hbossi/mc_productions/QCD-dijet_pThat15-event-weighted_TuneCP5_5p36TeV_pythia8/OO_MC_DijetEmbedded_pThat-15to1200_TuneCP5_5p36TeV_pythia8/260306_002843/0000/HiForestMiniAOD_407.root
Time elapsed: 10645 seconds
File Contains: 138000 entries.
NMiss: 1101392 | NFake: 1802225 | NMatch: 28532740
Processing file 342 of 817: /eos/cms/store/group/phys_heavyions/hbossi/mc_productions/QCD-dijet_pThat15-event-weighted_TuneCP5_5p36TeV_pythia8/OO_MC_DijetEmbedded_pThat-15to1200_TuneCP5_5p36TeV_pythia8/260306_002843/0000/HiForestMiniAOD_408.root
Time elapsed: 10679 seconds
File Contains: 127000 entries.
NMiss: 1104620 | NFake: 1807604 | NMatch: 28617546
Processing file 343 of 817: /eos/cms/store/group/phys_heavyions/hbossi/mc_productions/QCD-dijet_pThat15-event-weighted_TuneCP5_5p36TeV_pythia8/OO_MC_DijetEmbedded_pThat-15to1200_TuneCP5_5p36TeV_pythia8/260306_002843/0000/HiForestMiniAOD_409.root
Time elapsed: 10696 seconds
File Contains: 153000 entries.
NMiss: 1108611 | NFake: 1814100 | NMatch: 28719944
Processing file 344 of 817: /eos/cms/store/group/phys_heavyions/hbossi/mc_productions/QCD-dijet_pThat15-event-weighted_TuneCP5_5p36TeV_pythia8/OO_MC_DijetEmbedded_pThat-15to1200_TuneCP5_5p36TeV_pythia8/260306_002843/0000/HiForestMiniAOD_41.root
Time elapsed: 10723 seconds
File Contains: 78000 entries.
NMiss: 1110635 | NFake: 1817451 | NMatch: 28772080
Processing file 345 of 817: /eos/cms/store/group/phys_heavyions/hbossi/mc_productions/QCD-dijet_pThat15-event-weighted_TuneCP5_5p36TeV_pythia8/OO_MC_DijetEmbedded_pThat-15to1200_TuneCP5_5p36TeV_pythia8/260306_002843/0000/HiForestMiniAOD_410.root
Time elapsed: 10753 seconds
File Contains: 166000 entries.
NMiss: 1114887 | NFake: 1824477 | NMatch: 28883365
Processing file 346 of 817: /eos/cms/store/group/phys_heavyions/hbossi/mc_productions/QCD-dijet_pThat15-event-weighted_TuneCP5_5p36TeV_pythia8/OO_MC_DijetEmbedded_pThat-15to1200_TuneCP5_5p36TeV_pythia8/260306_002843/0000/HiForestMiniAOD_411.root
Time elapsed: 10777 seconds
File Contains: 88000 entries.
NMiss: 1117188 | NFake: 1828229 | NMatch: 28942375
Processing file 347 of 817: /eos/cms/store/group/phys_heavyions/hbossi/mc_productions/QCD-dijet_pThat15-event-weighted_TuneCP5_5p36TeV_pythia8/OO_MC_DijetEmbedded_pThat-15to1200_TuneCP5_5p36TeV_pythia8/260306_002843/0000/HiForestMiniAOD_412.root
Time elapsed: 10802 seconds
File Contains: 158000 entries.
NMiss: 1121344 | NFake: 1834823 | NMatch: 29048582
Processing file 348 of 817: /eos/cms/store/group/phys_heavyions/hbossi/mc_productions/QCD-dijet_pThat15-event-weighted_TuneCP5_5p36TeV_pythia8/OO_MC_DijetEmbedded_pThat-15to1200_TuneCP5_5p36TeV_pythia8/260306_002843/0000/HiForestMiniAOD_413.root
Time elapsed: 10875 seconds
File Contains: 116000 entries.
NMiss: 1124443 | NFake: 1839816 | NMatch: 29126673
Processing file 349 of 817: /eos/cms/store/group/phys_heavyions/hbossi/mc_productions/QCD-dijet_pThat15-event-weighted_TuneCP5_5p36TeV_pythia8/OO_MC_DijetEmbedded_pThat-15to1200_TuneCP5_5p36TeV_pythia8/260306_002843/0000/HiForestMiniAOD_414.root
Time elapsed: 10901 seconds
File Contains: 95000 entries.
NMiss: 1126885 | NFake: 1843905 | NMatch: 29190530
Processing file 350 of 817: /eos/cms/store/group/phys_heavyions/hbossi/mc_productions/QCD-dijet_pThat15-event-weighted_TuneCP5_5p36TeV_pythia8/OO_MC_DijetEmbedded_pThat-15to1200_TuneCP5_5p36TeV_pythia8/260306_002843/0000/HiForestMiniAOD_415.root
Time elapsed: 10927 seconds
File Contains: 105000 entries.
NMiss: 1129514 | NFake: 1848387 | NMatch: 29260582
Processing file 351 of 817: /eos/cms/store/group/phys_heavyions/hbossi/mc_productions/QCD-dijet_pThat15-event-weighted_TuneCP5_5p36TeV_pythia8/OO_MC_DijetEmbedded_pThat-15to1200_TuneCP5_5p36TeV_pythia8/260306_002843/0000/HiForestMiniAOD_416.root
Time elapsed: 10945 seconds
File Contains: 110000 entries.
NMiss: 1132364 | NFake: 1853067 | NMatch: 29333972
Processing file 352 of 817: /eos/cms/store/group/phys_heavyions/hbossi/mc_productions/QCD-dijet_pThat15-event-weighted_TuneCP5_5p36TeV_pythia8/OO_MC_DijetEmbedded_pThat-15to1200_TuneCP5_5p36TeV_pythia8/260306_002843/0000/HiForestMiniAOD_417.root
Time elapsed: 10966 seconds
File Contains: 97000 entries.
NMiss: 1134866 | NFake: 1857141 | NMatch: 29398907
Processing file 353 of 817: /eos/cms/store/group/phys_heavyions/hbossi/mc_productions/QCD-dijet_pThat15-event-weighted_TuneCP5_5p36TeV_pythia8/OO_MC_DijetEmbedded_pThat-15to1200_TuneCP5_5p36TeV_pythia8/260306_002843/0000/HiForestMiniAOD_418.root
Time elapsed: 10987 seconds
File Contains: 130000 entries.
NMiss: 1138197 | NFake: 1862682 | NMatch: 29486002
Processing file 354 of 817: /eos/cms/store/group/phys_heavyions/hbossi/mc_productions/QCD-dijet_pThat15-event-weighted_TuneCP5_5p36TeV_pythia8/OO_MC_DijetEmbedded_pThat-15to1200_TuneCP5_5p36TeV_pythia8/260306_002843/0000/HiForestMiniAOD_419.root
Time elapsed: 11026 seconds
File Contains: 119000 entries.
NMiss: 1141265 | NFake: 1867784 | NMatch: 29565923
Processing file 355 of 817: /eos/cms/store/group/phys_heavyions/hbossi/mc_productions/QCD-dijet_pThat15-event-weighted_TuneCP5_5p36TeV_pythia8/OO_MC_DijetEmbedded_pThat-15to1200_TuneCP5_5p36TeV_pythia8/260306_002843/0000/HiForestMiniAOD_42.root
Time elapsed: 11046 seconds
File Contains: 93000 entries.
NMiss: 1143646 | NFake: 1871758 | NMatch: 29627902
Processing file 356 of 817: /eos/cms/store/group/phys_heavyions/hbossi/mc_productions/QCD-dijet_pThat15-event-weighted_TuneCP5_5p36TeV_pythia8/OO_MC_DijetEmbedded_pThat-15to1200_TuneCP5_5p36TeV_pythia8/260306_002843/0000/HiForestMiniAOD_420.root
Time elapsed: 11073 seconds
File Contains: 166000 entries.
NMiss: 1147959 | NFake: 1878781 | NMatch: 29738966
Processing file 357 of 817: /eos/cms/store/group/phys_heavyions/hbossi/mc_productions/QCD-dijet_pThat15-event-weighted_TuneCP5_5p36TeV_pythia8/OO_MC_DijetEmbedded_pThat-15to1200_TuneCP5_5p36TeV_pythia8/260306_002843/0000/HiForestMiniAOD_421.root
Time elapsed: 11114 seconds
File Contains: 108000 entries.
NMiss: 1150775 | NFake: 1883342 | NMatch: 29811189
Processing file 358 of 817: /eos/cms/store/group/phys_heavyions/hbossi/mc_productions/QCD-dijet_pThat15-event-weighted_TuneCP5_5p36TeV_pythia8/OO_MC_DijetEmbedded_pThat-15to1200_TuneCP5_5p36TeV_pythia8/260306_002843/0000/HiForestMiniAOD_422.root
Time elapsed: 11148 seconds
File Contains: 150000 entries.
NMiss: 1154685 | NFake: 1889665 | NMatch: 29911834
Processing file 359 of 817: /eos/cms/store/group/phys_heavyions/hbossi/mc_productions/QCD-dijet_pThat15-event-weighted_TuneCP5_5p36TeV_pythia8/OO_MC_DijetEmbedded_pThat-15to1200_TuneCP5_5p36TeV_pythia8/260306_002843/0000/HiForestMiniAOD_423.root
Time elapsed: 11186 seconds
File Contains: 140000 entries.
NMiss: 1158289 | NFake: 1895541 | NMatch: 30005606
Processing file 360 of 817: /eos/cms/store/group/phys_heavyions/hbossi/mc_productions/QCD-dijet_pThat15-event-weighted_TuneCP5_5p36TeV_pythia8/OO_MC_DijetEmbedded_pThat-15to1200_TuneCP5_5p36TeV_pythia8/260306_002843/0000/HiForestMiniAOD_424.root
Time elapsed: 11223 seconds
File Contains: 114000 entries.
NMiss: 1161227 | NFake: 1900460 | NMatch: 30082065
Processing file 361 of 817: /eos/cms/store/group/phys_heavyions/hbossi/mc_productions/QCD-dijet_pThat15-event-weighted_TuneCP5_5p36TeV_pythia8/OO_MC_DijetEmbedded_pThat-15to1200_TuneCP5_5p36TeV_pythia8/260306_002843/0000/HiForestMiniAOD_425.root
Time elapsed: 11248 seconds
File Contains: 106000 entries.
NMiss: 1163941 | NFake: 1904940 | NMatch: 30153039
Processing file 362 of 817: /eos/cms/store/group/phys_heavyions/hbossi/mc_productions/QCD-dijet_pThat15-event-weighted_TuneCP5_5p36TeV_pythia8/OO_MC_DijetEmbedded_pThat-15to1200_TuneCP5_5p36TeV_pythia8/260306_002843/0000/HiForestMiniAOD_426.root
Time elapsed: 11277 seconds
File Contains: 124000 entries.
NMiss: 1167179 | NFake: 1910143 | NMatch: 30236066
Processing file 363 of 817: /eos/cms/store/group/phys_heavyions/hbossi/mc_productions/QCD-dijet_pThat15-event-weighted_TuneCP5_5p36TeV_pythia8/OO_MC_DijetEmbedded_pThat-15to1200_TuneCP5_5p36TeV_pythia8/260306_002843/0000/HiForestMiniAOD_427.root
Time elapsed: 11330 seconds
File Contains: 108000 entries.
NMiss: 1169920 | NFake: 1914674 | NMatch: 30308492
Processing file 364 of 817: /eos/cms/store/group/phys_heavyions/hbossi/mc_productions/QCD-dijet_pThat15-event-weighted_TuneCP5_5p36TeV_pythia8/OO_MC_DijetEmbedded_pThat-15to1200_TuneCP5_5p36TeV_pythia8/260306_002843/0000/HiForestMiniAOD_428.root
Time elapsed: 11354 seconds
File Contains: 167000 entries.
NMiss: 1174299 | NFake: 1921754 | NMatch: 30420203
Processing file 365 of 817: /eos/cms/store/group/phys_heavyions/hbossi/mc_productions/QCD-dijet_pThat15-event-weighted_TuneCP5_5p36TeV_pythia8/OO_MC_DijetEmbedded_pThat-15to1200_TuneCP5_5p36TeV_pythia8/260306_002843/0000/HiForestMiniAOD_429.root
Time elapsed: 11377 seconds
File Contains: 123000 entries.
NMiss: 1177523 | NFake: 1926922 | NMatch: 30502852
Processing file 366 of 817: /eos/cms/store/group/phys_heavyions/hbossi/mc_productions/QCD-dijet_pThat15-event-weighted_TuneCP5_5p36TeV_pythia8/OO_MC_DijetEmbedded_pThat-15to1200_TuneCP5_5p36TeV_pythia8/260306_002843/0000/HiForestMiniAOD_43.root
Time elapsed: 11425 seconds
File Contains: 128000 entries.
NMiss: 1180790 | NFake: 1932359 | NMatch: 30588745
Processing file 367 of 817: /eos/cms/store/group/phys_heavyions/hbossi/mc_productions/QCD-dijet_pThat15-event-weighted_TuneCP5_5p36TeV_pythia8/OO_MC_DijetEmbedded_pThat-15to1200_TuneCP5_5p36TeV_pythia8/260306_002843/0000/HiForestMiniAOD_430.root
Time elapsed: 11452 seconds
File Contains: 146000 entries.
NMiss: 1184542 | NFake: 1938597 | NMatch: 30686559
Processing file 368 of 817: /eos/cms/store/group/phys_heavyions/hbossi/mc_productions/QCD-dijet_pThat15-event-weighted_TuneCP5_5p36TeV_pythia8/OO_MC_DijetEmbedded_pThat-15to1200_TuneCP5_5p36TeV_pythia8/260306_002843/0000/HiForestMiniAOD_431.root
Time elapsed: 11477 seconds
File Contains: 128000 entries.
NMiss: 1187768 | NFake: 1944068 | NMatch: 30772299
Processing file 369 of 817: /eos/cms/store/group/phys_heavyions/hbossi/mc_productions/QCD-dijet_pThat15-event-weighted_TuneCP5_5p36TeV_pythia8/OO_MC_DijetEmbedded_pThat-15to1200_TuneCP5_5p36TeV_pythia8/260306_002843/0000/HiForestMiniAOD_432.root
Time elapsed: 11512 seconds
File Contains: 167000 entries.
NMiss: 1191936 | NFake: 1951044 | NMatch: 30883986
Processing file 370 of 817: /eos/cms/store/group/phys_heavyions/hbossi/mc_productions/QCD-dijet_pThat15-event-weighted_TuneCP5_5p36TeV_pythia8/OO_MC_DijetEmbedded_pThat-15to1200_TuneCP5_5p36TeV_pythia8/260306_002843/0000/HiForestMiniAOD_433.root
Time elapsed: 11544 seconds
File Contains: 108000 entries.
NMiss: 1194783 | NFake: 1955497 | NMatch: 30956324
Processing file 371 of 817: /eos/cms/store/group/phys_heavyions/hbossi/mc_productions/QCD-dijet_pThat15-event-weighted_TuneCP5_5p36TeV_pythia8/OO_MC_DijetEmbedded_pThat-15to1200_TuneCP5_5p36TeV_pythia8/260306_002843/0000/HiForestMiniAOD_434.root
Time elapsed: 11574 seconds
File Contains: 129000 entries.
NMiss: 1198117 | NFake: 1961127 | NMatch: 31042678
Processing file 372 of 817: /eos/cms/store/group/phys_heavyions/hbossi/mc_productions/QCD-dijet_pThat15-event-weighted_TuneCP5_5p36TeV_pythia8/OO_MC_DijetEmbedded_pThat-15to1200_TuneCP5_5p36TeV_pythia8/260306_002843/0000/HiForestMiniAOD_435.root
Time elapsed: 11596 seconds
File Contains: 139000 entries.
NMiss: 1201703 | NFake: 1967199 | NMatch: 31135367
Processing file 373 of 817: /eos/cms/store/group/phys_heavyions/hbossi/mc_productions/QCD-dijet_pThat15-event-weighted_TuneCP5_5p36TeV_pythia8/OO_MC_DijetEmbedded_pThat-15to1200_TuneCP5_5p36TeV_pythia8/260306_002843/0000/HiForestMiniAOD_436.root
Time elapsed: 11627 seconds
File Contains: 125000 entries.
NMiss: 1204864 | NFake: 1972465 | NMatch: 31219411
Processing file 374 of 817: /eos/cms/store/group/phys_heavyions/hbossi/mc_productions/QCD-dijet_pThat15-event-weighted_TuneCP5_5p36TeV_pythia8/OO_MC_DijetEmbedded_pThat-15to1200_TuneCP5_5p36TeV_pythia8/260306_002843/0000/HiForestMiniAOD_437.root
Time elapsed: 11663 seconds
File Contains: 115000 entries.
NMiss: 1207938 | NFake: 1977162 | NMatch: 31296323
Processing file 375 of 817: /eos/cms/store/group/phys_heavyions/hbossi/mc_productions/QCD-dijet_pThat15-event-weighted_TuneCP5_5p36TeV_pythia8/OO_MC_DijetEmbedded_pThat-15to1200_TuneCP5_5p36TeV_pythia8/260306_002843/0000/HiForestMiniAOD_438.root
Time elapsed: 11686 seconds
File Contains: 132000 entries.
NMiss: 1211315 | NFake: 1982681 | NMatch: 31384638
Processing file 376 of 817: /eos/cms/store/group/phys_heavyions/hbossi/mc_productions/QCD-dijet_pThat15-event-weighted_TuneCP5_5p36TeV_pythia8/OO_MC_DijetEmbedded_pThat-15to1200_TuneCP5_5p36TeV_pythia8/260306_002843/0000/HiForestMiniAOD_439.root
Time elapsed: 11718 seconds
File Contains: 126000 entries.
NMiss: 1214556 | NFake: 1987987 | NMatch: 31469725
Processing file 377 of 817: /eos/cms/store/group/phys_heavyions/hbossi/mc_productions/QCD-dijet_pThat15-event-weighted_TuneCP5_5p36TeV_pythia8/OO_MC_DijetEmbedded_pThat-15to1200_TuneCP5_5p36TeV_pythia8/260306_002843/0000/HiForestMiniAOD_44.root
Time elapsed: 11752 seconds
File Contains: 99000 entries.
NMiss: 1217128 | NFake: 1992180 | NMatch: 31535744
Processing file 378 of 817: /eos/cms/store/group/phys_heavyions/hbossi/mc_productions/QCD-dijet_pThat15-event-weighted_TuneCP5_5p36TeV_pythia8/OO_MC_DijetEmbedded_pThat-15to1200_TuneCP5_5p36TeV_pythia8/260306_002843/0000/HiForestMiniAOD_440.root
Time elapsed: 11778 seconds
File Contains: 128000 entries.
NMiss: 1220580 | NFake: 1997701 | NMatch: 31621627
Processing file 379 of 817: /eos/cms/store/group/phys_heavyions/hbossi/mc_productions/QCD-dijet_pThat15-event-weighted_TuneCP5_5p36TeV_pythia8/OO_MC_DijetEmbedded_pThat-15to1200_TuneCP5_5p36TeV_pythia8/260306_002843/0000/HiForestMiniAOD_441.root
Time elapsed: 11829 seconds
File Contains: 107000 entries.
NMiss: 1223486 | NFake: 2002446 | NMatch: 31693575
Processing file 380 of 817: /eos/cms/store/group/phys_heavyions/hbossi/mc_productions/QCD-dijet_pThat15-event-weighted_TuneCP5_5p36TeV_pythia8/OO_MC_DijetEmbedded_pThat-15to1200_TuneCP5_5p36TeV_pythia8/260306_002843/0000/HiForestMiniAOD_442.root
Time elapsed: 11857 seconds
File Contains: 76000 entries.
NMiss: 1225467 | NFake: 2005595 | NMatch: 31744396
Processing file 381 of 817: /eos/cms/store/group/phys_heavyions/hbossi/mc_productions/QCD-dijet_pThat15-event-weighted_TuneCP5_5p36TeV_pythia8/OO_MC_DijetEmbedded_pThat-15to1200_TuneCP5_5p36TeV_pythia8/260306_002843/0000/HiForestMiniAOD_443.root
Time elapsed: 11884 seconds
File Contains: 105000 entries.
NMiss: 1228119 | NFake: 2009978 | NMatch: 31814529
Processing file 382 of 817: /eos/cms/store/group/phys_heavyions/hbossi/mc_productions/QCD-dijet_pThat15-event-weighted_TuneCP5_5p36TeV_pythia8/OO_MC_DijetEmbedded_pThat-15to1200_TuneCP5_5p36TeV_pythia8/260306_002843/0000/HiForestMiniAOD_444.root
Time elapsed: 11921 seconds
File Contains: 122000 entries.
NMiss: 1231290 | NFake: 2015160 | NMatch: 31896237
Processing file 383 of 817: /eos/cms/store/group/phys_heavyions/hbossi/mc_productions/QCD-dijet_pThat15-event-weighted_TuneCP5_5p36TeV_pythia8/OO_MC_DijetEmbedded_pThat-15to1200_TuneCP5_5p36TeV_pythia8/260306_002843/0000/HiForestMiniAOD_445.root
Time elapsed: 11945 seconds
File Contains: 130000 entries.
NMiss: 1234563 | NFake: 2020596 | NMatch: 31983824
Processing file 384 of 817: /eos/cms/store/group/phys_heavyions/hbossi/mc_productions/QCD-dijet_pThat15-event-weighted_TuneCP5_5p36TeV_pythia8/OO_MC_DijetEmbedded_pThat-15to1200_TuneCP5_5p36TeV_pythia8/260306_002843/0000/HiForestMiniAOD_446.root
Time elapsed: 11975 seconds
File Contains: 106000 entries.
NMiss: 1237267 | NFake: 2025145 | NMatch: 32054554
Processing file 385 of 817: /eos/cms/store/group/phys_heavyions/hbossi/mc_productions/QCD-dijet_pThat15-event-weighted_TuneCP5_5p36TeV_pythia8/OO_MC_DijetEmbedded_pThat-15to1200_TuneCP5_5p36TeV_pythia8/260306_002843/0000/HiForestMiniAOD_447.root
Time elapsed: 12066 seconds
File Contains: 109000 entries.
NMiss: 1240122 | NFake: 2029745 | NMatch: 32127385
Processing file 386 of 817: /eos/cms/store/group/phys_heavyions/hbossi/mc_productions/QCD-dijet_pThat15-event-weighted_TuneCP5_5p36TeV_pythia8/OO_MC_DijetEmbedded_pThat-15to1200_TuneCP5_5p36TeV_pythia8/260306_002843/0000/HiForestMiniAOD_448.root
Time elapsed: 12098 seconds
File Contains: 126000 entries.
NMiss: 1243279 | NFake: 2035073 | NMatch: 32211229
Processing file 387 of 817: /eos/cms/store/group/phys_heavyions/hbossi/mc_productions/QCD-dijet_pThat15-event-weighted_TuneCP5_5p36TeV_pythia8/OO_MC_DijetEmbedded_pThat-15to1200_TuneCP5_5p36TeV_pythia8/260306_002843/0000/HiForestMiniAOD_449.root
Time elapsed: 12115 seconds
File Contains: 127000 entries.
NMiss: 1246518 | NFake: 2040509 | NMatch: 32296871
Processing file 388 of 817: /eos/cms/store/group/phys_heavyions/hbossi/mc_productions/QCD-dijet_pThat15-event-weighted_TuneCP5_5p36TeV_pythia8/OO_MC_DijetEmbedded_pThat-15to1200_TuneCP5_5p36TeV_pythia8/260306_002843/0000/HiForestMiniAOD_45.root
Time elapsed: 12135 seconds
File Contains: 111000 entries.
NMiss: 1249435 | NFake: 2045280 | NMatch: 32371452
Processing file 389 of 817: /eos/cms/store/group/phys_heavyions/hbossi/mc_productions/QCD-dijet_pThat15-event-weighted_TuneCP5_5p36TeV_pythia8/OO_MC_DijetEmbedded_pThat-15to1200_TuneCP5_5p36TeV_pythia8/260306_002843/0000/HiForestMiniAOD_450.root
Time elapsed: 12158 seconds
File Contains: 149000 entries.
NMiss: 1253409 | NFake: 2051320 | NMatch: 32471092
Processing file 390 of 817: /eos/cms/store/group/phys_heavyions/hbossi/mc_productions/QCD-dijet_pThat15-event-weighted_TuneCP5_5p36TeV_pythia8/OO_MC_DijetEmbedded_pThat-15to1200_TuneCP5_5p36TeV_pythia8/260306_002843/0000/HiForestMiniAOD_451.root
Time elapsed: 12188 seconds
File Contains: 110000 entries.
NMiss: 1256216 | NFake: 2056090 | NMatch: 32544593
Processing file 391 of 817: /eos/cms/store/group/phys_heavyions/hbossi/mc_productions/QCD-dijet_pThat15-event-weighted_TuneCP5_5p36TeV_pythia8/OO_MC_DijetEmbedded_pThat-15to1200_TuneCP5_5p36TeV_pythia8/260306_002843/0000/HiForestMiniAOD_452.root
Time elapsed: 12218 seconds
File Contains: 117000 entries.
NMiss: 1259225 | NFake: 2061067 | NMatch: 32623399
Processing file 392 of 817: /eos/cms/store/group/phys_heavyions/hbossi/mc_productions/QCD-dijet_pThat15-event-weighted_TuneCP5_5p36TeV_pythia8/OO_MC_DijetEmbedded_pThat-15to1200_TuneCP5_5p36TeV_pythia8/260306_002843/0000/HiForestMiniAOD_453.root
Time elapsed: 12241 seconds
File Contains: 139000 entries.
NMiss: 1262828 | NFake: 2066923 | NMatch: 32716381
Processing file 393 of 817: /eos/cms/store/group/phys_heavyions/hbossi/mc_productions/QCD-dijet_pThat15-event-weighted_TuneCP5_5p36TeV_pythia8/OO_MC_DijetEmbedded_pThat-15to1200_TuneCP5_5p36TeV_pythia8/260306_002843/0000/HiForestMiniAOD_454.root
Time elapsed: 12268 seconds
File Contains: 102000 entries.
NMiss: 1265490 | NFake: 2071247 | NMatch: 32784050
Processing file 394 of 817: /eos/cms/store/group/phys_heavyions/hbossi/mc_productions/QCD-dijet_pThat15-event-weighted_TuneCP5_5p36TeV_pythia8/OO_MC_DijetEmbedded_pThat-15to1200_TuneCP5_5p36TeV_pythia8/260306_002843/0000/HiForestMiniAOD_455.root
Time elapsed: 12301 seconds
File Contains: 141000 entries.
NMiss: 1269123 | NFake: 2077222 | NMatch: 32878734
Processing file 395 of 817: /eos/cms/store/group/phys_heavyions/hbossi/mc_productions/QCD-dijet_pThat15-event-weighted_TuneCP5_5p36TeV_pythia8/OO_MC_DijetEmbedded_pThat-15to1200_TuneCP5_5p36TeV_pythia8/260306_002843/0000/HiForestMiniAOD_456.root
Time elapsed: 12327 seconds
File Contains: 123000 entries.
NMiss: 1272396 | NFake: 2082402 | NMatch: 32960771
Processing file 396 of 817: /eos/cms/store/group/phys_heavyions/hbossi/mc_productions/QCD-dijet_pThat15-event-weighted_TuneCP5_5p36TeV_pythia8/OO_MC_DijetEmbedded_pThat-15to1200_TuneCP5_5p36TeV_pythia8/260306_002843/0000/HiForestMiniAOD_457.root
Time elapsed: 12351 seconds
File Contains: 121000 entries.
NMiss: 1275493 | NFake: 2087516 | NMatch: 33042257
Processing file 397 of 817: /eos/cms/store/group/phys_heavyions/hbossi/mc_productions/QCD-dijet_pThat15-event-weighted_TuneCP5_5p36TeV_pythia8/OO_MC_DijetEmbedded_pThat-15to1200_TuneCP5_5p36TeV_pythia8/260306_002843/0000/HiForestMiniAOD_458.root
Time elapsed: 12388 seconds
File Contains: 116000 entries.
NMiss: 1278400 | NFake: 2092457 | NMatch: 33119583
Processing file 398 of 817: /eos/cms/store/group/phys_heavyions/hbossi/mc_productions/QCD-dijet_pThat15-event-weighted_TuneCP5_5p36TeV_pythia8/OO_MC_DijetEmbedded_pThat-15to1200_TuneCP5_5p36TeV_pythia8/260306_002843/0000/HiForestMiniAOD_459.root
Time elapsed: 12419 seconds
File Contains: 99000 entries.
NMiss: 1281031 | NFake: 2096637 | NMatch: 33185860
Processing file 399 of 817: /eos/cms/store/group/phys_heavyions/hbossi/mc_productions/QCD-dijet_pThat15-event-weighted_TuneCP5_5p36TeV_pythia8/OO_MC_DijetEmbedded_pThat-15to1200_TuneCP5_5p36TeV_pythia8/260306_002843/0000/HiForestMiniAOD_46.root
Time elapsed: 12445 seconds
File Contains: 129000 entries.
NMiss: 1284342 | NFake: 2102257 | NMatch: 33272804
Processing file 400 of 817: /eos/cms/store/group/phys_heavyions/hbossi/mc_productions/QCD-dijet_pThat15-event-weighted_TuneCP5_5p36TeV_pythia8/OO_MC_DijetEmbedded_pThat-15to1200_TuneCP5_5p36TeV_pythia8/260306_002843/0000/HiForestMiniAOD_460.root
Time elapsed: 12472 seconds
File Contains: 94000 entries.
NMiss: 1286876 | NFake: 2106136 | NMatch: 33336176
Processing file 401 of 817: /eos/cms/store/group/phys_heavyions/hbossi/mc_productions/QCD-dijet_pThat15-event-weighted_TuneCP5_5p36TeV_pythia8/OO_MC_DijetEmbedded_pThat-15to1200_TuneCP5_5p36TeV_pythia8/260306_002843/0000/HiForestMiniAOD_461.root
Time elapsed: 12502 seconds
File Contains: 113000 entries.
NMiss: 1289856 | NFake: 2110873 | NMatch: 33411518
Processing file 402 of 817: /eos/cms/store/group/phys_heavyions/hbossi/mc_productions/QCD-dijet_pThat15-event-weighted_TuneCP5_5p36TeV_pythia8/OO_MC_DijetEmbedded_pThat-15to1200_TuneCP5_5p36TeV_pythia8/260306_002843/0000/HiForestMiniAOD_462.root
Time elapsed: 12541 seconds
File Contains: 137000 entries.
NMiss: 1293358 | NFake: 2116738 | NMatch: 33503579
Processing file 403 of 817: /eos/cms/store/group/phys_heavyions/hbossi/mc_productions/QCD-dijet_pThat15-event-weighted_TuneCP5_5p36TeV_pythia8/OO_MC_DijetEmbedded_pThat-15to1200_TuneCP5_5p36TeV_pythia8/260306_002843/0000/HiForestMiniAOD_463.root
Time elapsed: 12574 seconds
File Contains: 88000 entries.
NMiss: 1295645 | NFake: 2120400 | NMatch: 33563056
Processing file 404 of 817: /eos/cms/store/group/phys_heavyions/hbossi/mc_productions/QCD-dijet_pThat15-event-weighted_TuneCP5_5p36TeV_pythia8/OO_MC_DijetEmbedded_pThat-15to1200_TuneCP5_5p36TeV_pythia8/260306_002843/0000/HiForestMiniAOD_464.root
Time elapsed: 12586 seconds
File Contains: 117000 entries.
NMiss: 1298725 | NFake: 2125522 | NMatch: 33641588
Processing file 405 of 817: /eos/cms/store/group/phys_heavyions/hbossi/mc_productions/QCD-dijet_pThat15-event-weighted_TuneCP5_5p36TeV_pythia8/OO_MC_DijetEmbedded_pThat-15to1200_TuneCP5_5p36TeV_pythia8/260306_002843/0000/HiForestMiniAOD_465.root
Time elapsed: 12608 seconds
File Contains: 166000 entries.
NMiss: 1302961 | NFake: 2132433 | NMatch: 33752563
Processing file 406 of 817: /eos/cms/store/group/phys_heavyions/hbossi/mc_productions/QCD-dijet_pThat15-event-weighted_TuneCP5_5p36TeV_pythia8/OO_MC_DijetEmbedded_pThat-15to1200_TuneCP5_5p36TeV_pythia8/260306_002843/0000/HiForestMiniAOD_466.root
Time elapsed: 12647 seconds
File Contains: 135000 entries.
NMiss: 1306397 | NFake: 2138010 | NMatch: 33842982
Processing file 407 of 817: /eos/cms/store/group/phys_heavyions/hbossi/mc_productions/QCD-dijet_pThat15-event-weighted_TuneCP5_5p36TeV_pythia8/OO_MC_DijetEmbedded_pThat-15to1200_TuneCP5_5p36TeV_pythia8/260306_002843/0000/HiForestMiniAOD_467.root
Time elapsed: 12694 seconds
File Contains: 156000 entries.
NMiss: 1310279 | NFake: 2144656 | NMatch: 33947336
Processing file 408 of 817: /eos/cms/store/group/phys_heavyions/hbossi/mc_productions/QCD-dijet_pThat15-event-weighted_TuneCP5_5p36TeV_pythia8/OO_MC_DijetEmbedded_pThat-15to1200_TuneCP5_5p36TeV_pythia8/260306_002843/0000/HiForestMiniAOD_468.root
Time elapsed: 12716 seconds
File Contains: 134000 entries.
NMiss: 1313701 | NFake: 2150401 | NMatch: 34037605
Processing file 409 of 817: /eos/cms/store/group/phys_heavyions/hbossi/mc_productions/QCD-dijet_pThat15-event-weighted_TuneCP5_5p36TeV_pythia8/OO_MC_DijetEmbedded_pThat-15to1200_TuneCP5_5p36TeV_pythia8/260306_002843/0000/HiForestMiniAOD_469.root
Time elapsed: 12740 seconds
File Contains: 126000 entries.
NMiss: 1317049 | NFake: 2155755 | NMatch: 34122465
Processing file 410 of 817: /eos/cms/store/group/phys_heavyions/hbossi/mc_productions/QCD-dijet_pThat15-event-weighted_TuneCP5_5p36TeV_pythia8/OO_MC_DijetEmbedded_pThat-15to1200_TuneCP5_5p36TeV_pythia8/260306_002843/0000/HiForestMiniAOD_47.root
Time elapsed: 12773 seconds
File Contains: 104000 entries.
NMiss: 1319723 | NFake: 2160217 | NMatch: 34192356
Processing file 411 of 817: /eos/cms/store/group/phys_heavyions/hbossi/mc_productions/QCD-dijet_pThat15-event-weighted_TuneCP5_5p36TeV_pythia8/OO_MC_DijetEmbedded_pThat-15to1200_TuneCP5_5p36TeV_pythia8/260306_002843/0000/HiForestMiniAOD_470.root
Time elapsed: 12804 seconds
File Contains: 124000 entries.
NMiss: 1322978 | NFake: 2165407 | NMatch: 34275750
Processing file 412 of 817: /eos/cms/store/group/phys_heavyions/hbossi/mc_productions/QCD-dijet_pThat15-event-weighted_TuneCP5_5p36TeV_pythia8/OO_MC_DijetEmbedded_pThat-15to1200_TuneCP5_5p36TeV_pythia8/260306_002843/0000/HiForestMiniAOD_471.root
Time elapsed: 12833 seconds
File Contains: 127000 entries.
NMiss: 1326221 | NFake: 2170881 | NMatch: 34360690
Processing file 413 of 817: /eos/cms/store/group/phys_heavyions/hbossi/mc_productions/QCD-dijet_pThat15-event-weighted_TuneCP5_5p36TeV_pythia8/OO_MC_DijetEmbedded_pThat-15to1200_TuneCP5_5p36TeV_pythia8/260306_002843/0000/HiForestMiniAOD_472.root
Time elapsed: 12857 seconds
File Contains: 109000 entries.
NMiss: 1329092 | NFake: 2175495 | NMatch: 34434233
Processing file 414 of 817: /eos/cms/store/group/phys_heavyions/hbossi/mc_productions/QCD-dijet_pThat15-event-weighted_TuneCP5_5p36TeV_pythia8/OO_MC_DijetEmbedded_pThat-15to1200_TuneCP5_5p36TeV_pythia8/260306_002843/0000/HiForestMiniAOD_473.root
Time elapsed: 12886 seconds
File Contains: 133000 entries.
NMiss: 1332490 | NFake: 2181027 | NMatch: 34523223
Processing file 415 of 817: /eos/cms/store/group/phys_heavyions/hbossi/mc_productions/QCD-dijet_pThat15-event-weighted_TuneCP5_5p36TeV_pythia8/OO_MC_DijetEmbedded_pThat-15to1200_TuneCP5_5p36TeV_pythia8/260306_002843/0000/HiForestMiniAOD_474.root
Time elapsed: 12910 seconds
File Contains: 111000 entries.
NMiss: 1335408 | NFake: 2185814 | NMatch: 34597938
Processing file 416 of 817: /eos/cms/store/group/phys_heavyions/hbossi/mc_productions/QCD-dijet_pThat15-event-weighted_TuneCP5_5p36TeV_pythia8/OO_MC_DijetEmbedded_pThat-15to1200_TuneCP5_5p36TeV_pythia8/260306_002843/0000/HiForestMiniAOD_475.root
Time elapsed: 12944 seconds
File Contains: 114000 entries.
NMiss: 1338335 | NFake: 2190555 | NMatch: 34674279
Processing file 417 of 817: /eos/cms/store/group/phys_heavyions/hbossi/mc_productions/QCD-dijet_pThat15-event-weighted_TuneCP5_5p36TeV_pythia8/OO_MC_DijetEmbedded_pThat-15to1200_TuneCP5_5p36TeV_pythia8/260306_002843/0000/HiForestMiniAOD_476.root
Time elapsed: 12979 seconds
File Contains: 145000 entries.
NMiss: 1342064 | NFake: 2196669 | NMatch: 34771286
Processing file 418 of 817: /eos/cms/store/group/phys_heavyions/hbossi/mc_productions/QCD-dijet_pThat15-event-weighted_TuneCP5_5p36TeV_pythia8/OO_MC_DijetEmbedded_pThat-15to1200_TuneCP5_5p36TeV_pythia8/260306_002843/0000/HiForestMiniAOD_477.root
Time elapsed: 13021 seconds
File Contains: 120000 entries.
NMiss: 1345194 | NFake: 2201755 | NMatch: 34852044
Processing file 419 of 817: /eos/cms/store/group/phys_heavyions/hbossi/mc_productions/QCD-dijet_pThat15-event-weighted_TuneCP5_5p36TeV_pythia8/OO_MC_DijetEmbedded_pThat-15to1200_TuneCP5_5p36TeV_pythia8/260306_002843/0000/HiForestMiniAOD_478.root
Time elapsed: 13049 seconds
File Contains: 124000 entries.
NMiss: 1348463 | NFake: 2207077 | NMatch: 34935583
Processing file 420 of 817: /eos/cms/store/group/phys_heavyions/hbossi/mc_productions/QCD-dijet_pThat15-event-weighted_TuneCP5_5p36TeV_pythia8/OO_MC_DijetEmbedded_pThat-15to1200_TuneCP5_5p36TeV_pythia8/260306_002843/0000/HiForestMiniAOD_479.root
Time elapsed: 13079 seconds
File Contains: 149000 entries.
NMiss: 1352322 | NFake: 2213295 | NMatch: 35035831
Processing file 421 of 817: /eos/cms/store/group/phys_heavyions/hbossi/mc_productions/QCD-dijet_pThat15-event-weighted_TuneCP5_5p36TeV_pythia8/OO_MC_DijetEmbedded_pThat-15to1200_TuneCP5_5p36TeV_pythia8/260306_002843/0000/HiForestMiniAOD_48.root
Time elapsed: 13105 seconds
File Contains: 102000 entries.
NMiss: 1354944 | NFake: 2217720 | NMatch: 35104262
Processing file 422 of 817: /eos/cms/store/group/phys_heavyions/hbossi/mc_productions/QCD-dijet_pThat15-event-weighted_TuneCP5_5p36TeV_pythia8/OO_MC_DijetEmbedded_pThat-15to1200_TuneCP5_5p36TeV_pythia8/260306_002843/0000/HiForestMiniAOD_480.root
Time elapsed: 13121 seconds
File Contains: 89000 entries.
NMiss: 1357271 | NFake: 2221525 | NMatch: 35163811
Processing file 423 of 817: /eos/cms/store/group/phys_heavyions/hbossi/mc_productions/QCD-dijet_pThat15-event-weighted_TuneCP5_5p36TeV_pythia8/OO_MC_DijetEmbedded_pThat-15to1200_TuneCP5_5p36TeV_pythia8/260306_002843/0000/HiForestMiniAOD_481.root
Time elapsed: 13141 seconds
File Contains: 150000 entries.
NMiss: 1361143 | NFake: 2227904 | NMatch: 35264302
Processing file 424 of 817: /eos/cms/store/group/phys_heavyions/hbossi/mc_productions/QCD-dijet_pThat15-event-weighted_TuneCP5_5p36TeV_pythia8/OO_MC_DijetEmbedded_pThat-15to1200_TuneCP5_5p36TeV_pythia8/260306_002843/0000/HiForestMiniAOD_482.root
Time elapsed: 13166 seconds
File Contains: 151000 entries.
NMiss: 1365162 | NFake: 2234238 | NMatch: 35365983
Processing file 425 of 817: /eos/cms/store/group/phys_heavyions/hbossi/mc_productions/QCD-dijet_pThat15-event-weighted_TuneCP5_5p36TeV_pythia8/OO_MC_DijetEmbedded_pThat-15to1200_TuneCP5_5p36TeV_pythia8/260306_002843/0000/HiForestMiniAOD_483.root
Time elapsed: 13219 seconds
File Contains: 134000 entries.
NMiss: 1368592 | NFake: 2239843 | NMatch: 35455218
Processing file 426 of 817: /eos/cms/store/group/phys_heavyions/hbossi/mc_productions/QCD-dijet_pThat15-event-weighted_TuneCP5_5p36TeV_pythia8/OO_MC_DijetEmbedded_pThat-15to1200_TuneCP5_5p36TeV_pythia8/260306_002843/0000/HiForestMiniAOD_484.root
Time elapsed: 13243 seconds
File Contains: 110000 entries.
NMiss: 1371426 | NFake: 2244508 | NMatch: 35528233
Processing file 427 of 817: /eos/cms/store/group/phys_heavyions/hbossi/mc_productions/QCD-dijet_pThat15-event-weighted_TuneCP5_5p36TeV_pythia8/OO_MC_DijetEmbedded_pThat-15to1200_TuneCP5_5p36TeV_pythia8/260306_002843/0000/HiForestMiniAOD_485.root
Time elapsed: 13268 seconds
File Contains: 110000 entries.
NMiss: 1374259 | NFake: 2249026 | NMatch: 35602443
Processing file 428 of 817: /eos/cms/store/group/phys_heavyions/hbossi/mc_productions/QCD-dijet_pThat15-event-weighted_TuneCP5_5p36TeV_pythia8/OO_MC_DijetEmbedded_pThat-15to1200_TuneCP5_5p36TeV_pythia8/260306_002843/0000/HiForestMiniAOD_486.root
Time elapsed: 13289 seconds
File Contains: 93000 entries.
NMiss: 1376644 | NFake: 2253021 | NMatch: 35664750
Processing file 429 of 817: /eos/cms/store/group/phys_heavyions/hbossi/mc_productions/QCD-dijet_pThat15-event-weighted_TuneCP5_5p36TeV_pythia8/OO_MC_DijetEmbedded_pThat-15to1200_TuneCP5_5p36TeV_pythia8/260306_002843/0000/HiForestMiniAOD_487.root
Time elapsed: 13304 seconds
File Contains: 134000 entries.
NMiss: 1380060 | NFake: 2258633 | NMatch: 35754206
Processing file 430 of 817: /eos/cms/store/group/phys_heavyions/hbossi/mc_productions/QCD-dijet_pThat15-event-weighted_TuneCP5_5p36TeV_pythia8/OO_MC_DijetEmbedded_pThat-15to1200_TuneCP5_5p36TeV_pythia8/260306_002843/0000/HiForestMiniAOD_488.root
Time elapsed: 13324 seconds
File Contains: 151000 entries.
NMiss: 1384057 | NFake: 2264999 | NMatch: 35854933
Processing file 431 of 817: /eos/cms/store/group/phys_heavyions/hbossi/mc_productions/QCD-dijet_pThat15-event-weighted_TuneCP5_5p36TeV_pythia8/OO_MC_DijetEmbedded_pThat-15to1200_TuneCP5_5p36TeV_pythia8/260306_002843/0000/HiForestMiniAOD_489.root
Time elapsed: 13364 seconds
File Contains: 128000 entries.
NMiss: 1387454 | NFake: 2270444 | NMatch: 35940088
Processing file 432 of 817: /eos/cms/store/group/phys_heavyions/hbossi/mc_productions/QCD-dijet_pThat15-event-weighted_TuneCP5_5p36TeV_pythia8/OO_MC_DijetEmbedded_pThat-15to1200_TuneCP5_5p36TeV_pythia8/260306_002843/0000/HiForestMiniAOD_49.root
Time elapsed: 13383 seconds
File Contains: 133000 entries.
NMiss: 1390876 | NFake: 2276033 | NMatch: 36029028
Processing file 433 of 817: /eos/cms/store/group/phys_heavyions/hbossi/mc_productions/QCD-dijet_pThat15-event-weighted_TuneCP5_5p36TeV_pythia8/OO_MC_DijetEmbedded_pThat-15to1200_TuneCP5_5p36TeV_pythia8/260306_002843/0000/HiForestMiniAOD_490.root
Time elapsed: 13411 seconds
File Contains: 95000 entries.
NMiss: 1393412 | NFake: 2280077 | NMatch: 36092634
Processing file 434 of 817: /eos/cms/store/group/phys_heavyions/hbossi/mc_productions/QCD-dijet_pThat15-event-weighted_TuneCP5_5p36TeV_pythia8/OO_MC_DijetEmbedded_pThat-15to1200_TuneCP5_5p36TeV_pythia8/260306_002843/0000/HiForestMiniAOD_491.root
Time elapsed: 13445 seconds
File Contains: 136000 entries.
NMiss: 1396825 | NFake: 2285884 | NMatch: 36184202
Processing file 435 of 817: /eos/cms/store/group/phys_heavyions/hbossi/mc_productions/QCD-dijet_pThat15-event-weighted_TuneCP5_5p36TeV_pythia8/OO_MC_DijetEmbedded_pThat-15to1200_TuneCP5_5p36TeV_pythia8/260306_002843/0000/HiForestMiniAOD_492.root
Time elapsed: 13510 seconds
File Contains: 125000 entries.
NMiss: 1399984 | NFake: 2291213 | NMatch: 36268417
Processing file 436 of 817: /eos/cms/store/group/phys_heavyions/hbossi/mc_productions/QCD-dijet_pThat15-event-weighted_TuneCP5_5p36TeV_pythia8/OO_MC_DijetEmbedded_pThat-15to1200_TuneCP5_5p36TeV_pythia8/260306_002843/0000/HiForestMiniAOD_493.root
Time elapsed: 13531 seconds
File Contains: 121000 entries.
NMiss: 1403204 | NFake: 2296237 | NMatch: 36349560
Processing file 437 of 817: /eos/cms/store/group/phys_heavyions/hbossi/mc_productions/QCD-dijet_pThat15-event-weighted_TuneCP5_5p36TeV_pythia8/OO_MC_DijetEmbedded_pThat-15to1200_TuneCP5_5p36TeV_pythia8/260306_002843/0000/HiForestMiniAOD_494.root
Time elapsed: 13562 seconds
File Contains: 127000 entries.
NMiss: 1406468 | NFake: 2301550 | NMatch: 36434054
Processing file 438 of 817: /eos/cms/store/group/phys_heavyions/hbossi/mc_productions/QCD-dijet_pThat15-event-weighted_TuneCP5_5p36TeV_pythia8/OO_MC_DijetEmbedded_pThat-15to1200_TuneCP5_5p36TeV_pythia8/260306_002843/0000/HiForestMiniAOD_495.root
Time elapsed: 13593 seconds
File Contains: 132000 entries.
NMiss: 1409807 | NFake: 2307111 | NMatch: 36522604
Processing file 439 of 817: /eos/cms/store/group/phys_heavyions/hbossi/mc_productions/QCD-dijet_pThat15-event-weighted_TuneCP5_5p36TeV_pythia8/OO_MC_DijetEmbedded_pThat-15to1200_TuneCP5_5p36TeV_pythia8/260306_002843/0000/HiForestMiniAOD_496.root
Time elapsed: 13631 seconds
File Contains: 114000 entries.
NMiss: 1412695 | NFake: 2311884 | NMatch: 36599212
Processing file 440 of 817: /eos/cms/store/group/phys_heavyions/hbossi/mc_productions/QCD-dijet_pThat15-event-weighted_TuneCP5_5p36TeV_pythia8/OO_MC_DijetEmbedded_pThat-15to1200_TuneCP5_5p36TeV_pythia8/260306_002843/0000/HiForestMiniAOD_497.root
Time elapsed: 13653 seconds
File Contains: 121000 entries.
NMiss: 1415853 | NFake: 2316995 | NMatch: 36680120
Processing file 441 of 817: /eos/cms/store/group/phys_heavyions/hbossi/mc_productions/QCD-dijet_pThat15-event-weighted_TuneCP5_5p36TeV_pythia8/OO_MC_DijetEmbedded_pThat-15to1200_TuneCP5_5p36TeV_pythia8/260306_002843/0000/HiForestMiniAOD_498.root
Time elapsed: 13681 seconds
File Contains: 125000 entries.
NMiss: 1419104 | NFake: 2322221 | NMatch: 36763814
Processing file 442 of 817: /eos/cms/store/group/phys_heavyions/hbossi/mc_productions/QCD-dijet_pThat15-event-weighted_TuneCP5_5p36TeV_pythia8/OO_MC_DijetEmbedded_pThat-15to1200_TuneCP5_5p36TeV_pythia8/260306_002843/0000/HiForestMiniAOD_499.root
Time elapsed: 13709 seconds
File Contains: 119000 entries.
NMiss: 1422220 | NFake: 2327216 | NMatch: 36843615
Processing file 443 of 817: /eos/cms/store/group/phys_heavyions/hbossi/mc_productions/QCD-dijet_pThat15-event-weighted_TuneCP5_5p36TeV_pythia8/OO_MC_DijetEmbedded_pThat-15to1200_TuneCP5_5p36TeV_pythia8/260306_002843/0000/HiForestMiniAOD_5.root
Time elapsed: 13730 seconds
File Contains: 105000 entries.
NMiss: 1424957 | NFake: 2331716 | NMatch: 36914173
Processing file 444 of 817: /eos/cms/store/group/phys_heavyions/hbossi/mc_productions/QCD-dijet_pThat15-event-weighted_TuneCP5_5p36TeV_pythia8/OO_MC_DijetEmbedded_pThat-15to1200_TuneCP5_5p36TeV_pythia8/260306_002843/0000/HiForestMiniAOD_50.root
Time elapsed: 13751 seconds
File Contains: 165000 entries.
NMiss: 1429305 | NFake: 2338774 | NMatch: 37023947
Processing file 445 of 817: /eos/cms/store/group/phys_heavyions/hbossi/mc_productions/QCD-dijet_pThat15-event-weighted_TuneCP5_5p36TeV_pythia8/OO_MC_DijetEmbedded_pThat-15to1200_TuneCP5_5p36TeV_pythia8/260306_002843/0000/HiForestMiniAOD_500.root
Time elapsed: 13787 seconds
File Contains: 148000 entries.
NMiss: 1433168 | NFake: 2345163 | NMatch: 37123462
Processing file 446 of 817: /eos/cms/store/group/phys_heavyions/hbossi/mc_productions/QCD-dijet_pThat15-event-weighted_TuneCP5_5p36TeV_pythia8/OO_MC_DijetEmbedded_pThat-15to1200_TuneCP5_5p36TeV_pythia8/260306_002843/0000/HiForestMiniAOD_501.root
Time elapsed: 13812 seconds
File Contains: 123000 entries.
NMiss: 1436388 | NFake: 2350379 | NMatch: 37205751
Processing file 447 of 817: /eos/cms/store/group/phys_heavyions/hbossi/mc_productions/QCD-dijet_pThat15-event-weighted_TuneCP5_5p36TeV_pythia8/OO_MC_DijetEmbedded_pThat-15to1200_TuneCP5_5p36TeV_pythia8/260306_002843/0000/HiForestMiniAOD_502.root
Time elapsed: 13842 seconds
File Contains: 168000 entries.
NMiss: 1440730 | NFake: 2357358 | NMatch: 37318145
Processing file 448 of 817: /eos/cms/store/group/phys_heavyions/hbossi/mc_productions/QCD-dijet_pThat15-event-weighted_TuneCP5_5p36TeV_pythia8/OO_MC_DijetEmbedded_pThat-15to1200_TuneCP5_5p36TeV_pythia8/260306_002843/0000/HiForestMiniAOD_503.root
Time elapsed: 13872 seconds
File Contains: 98000 entries.
NMiss: 1443208 | NFake: 2361493 | NMatch: 37383857
Processing file 449 of 817: /eos/cms/store/group/phys_heavyions/hbossi/mc_productions/QCD-dijet_pThat15-event-weighted_TuneCP5_5p36TeV_pythia8/OO_MC_DijetEmbedded_pThat-15to1200_TuneCP5_5p36TeV_pythia8/260306_002843/0000/HiForestMiniAOD_504.root
Time elapsed: 13892 seconds
File Contains: 126000 entries.
NMiss: 1446417 | NFake: 2366824 | NMatch: 37468046
Processing file 450 of 817: /eos/cms/store/group/phys_heavyions/hbossi/mc_productions/QCD-dijet_pThat15-event-weighted_TuneCP5_5p36TeV_pythia8/OO_MC_DijetEmbedded_pThat-15to1200_TuneCP5_5p36TeV_pythia8/260306_002843/0000/HiForestMiniAOD_505.root
Time elapsed: 13938 seconds
File Contains: 105000 entries.
NMiss: 1449197 | NFake: 2371198 | NMatch: 37538427
Processing file 451 of 817: /eos/cms/store/group/phys_heavyions/hbossi/mc_productions/QCD-dijet_pThat15-event-weighted_TuneCP5_5p36TeV_pythia8/OO_MC_DijetEmbedded_pThat-15to1200_TuneCP5_5p36TeV_pythia8/260306_002843/0000/HiForestMiniAOD_506.root
Time elapsed: 13962 seconds
File Contains: 147000 entries.
NMiss: 1453051 | NFake: 2377319 | NMatch: 37636730
Processing file 452 of 817: /eos/cms/store/group/phys_heavyions/hbossi/mc_productions/QCD-dijet_pThat15-event-weighted_TuneCP5_5p36TeV_pythia8/OO_MC_DijetEmbedded_pThat-15to1200_TuneCP5_5p36TeV_pythia8/260306_002843/0000/HiForestMiniAOD_507.root
Time elapsed: 13989 seconds
File Contains: 129000 entries.
NMiss: 1456504 | NFake: 2382624 | NMatch: 37723180
Processing file 453 of 817: /eos/cms/store/group/phys_heavyions/hbossi/mc_productions/QCD-dijet_pThat15-event-weighted_TuneCP5_5p36TeV_pythia8/OO_MC_DijetEmbedded_pThat-15to1200_TuneCP5_5p36TeV_pythia8/260306_002843/0000/HiForestMiniAOD_508.root
Time elapsed: 14008 seconds
File Contains: 107000 entries.
NMiss: 1459229 | NFake: 2387205 | NMatch: 37794945
Processing file 454 of 817: /eos/cms/store/group/phys_heavyions/hbossi/mc_productions/QCD-dijet_pThat15-event-weighted_TuneCP5_5p36TeV_pythia8/OO_MC_DijetEmbedded_pThat-15to1200_TuneCP5_5p36TeV_pythia8/260306_002843/0000/HiForestMiniAOD_509.root
Time elapsed: 14027 seconds
File Contains: 120000 entries.
NMiss: 1462315 | NFake: 2392284 | NMatch: 37875451
Processing file 455 of 817: /eos/cms/store/group/phys_heavyions/hbossi/mc_productions/QCD-dijet_pThat15-event-weighted_TuneCP5_5p36TeV_pythia8/OO_MC_DijetEmbedded_pThat-15to1200_TuneCP5_5p36TeV_pythia8/260306_002843/0000/HiForestMiniAOD_51.root
Time elapsed: 14054 seconds
File Contains: 106000 entries.
NMiss: 1465036 | NFake: 2396732 | NMatch: 37946960
Processing file 456 of 817: /eos/cms/store/group/phys_heavyions/hbossi/mc_productions/QCD-dijet_pThat15-event-weighted_TuneCP5_5p36TeV_pythia8/OO_MC_DijetEmbedded_pThat-15to1200_TuneCP5_5p36TeV_pythia8/260306_002843/0000/HiForestMiniAOD_510.root
Time elapsed: 14079 seconds
File Contains: 134000 entries.
NMiss: 1468426 | NFake: 2402381 | NMatch: 38037188
Processing file 457 of 817: /eos/cms/store/group/phys_heavyions/hbossi/mc_productions/QCD-dijet_pThat15-event-weighted_TuneCP5_5p36TeV_pythia8/OO_MC_DijetEmbedded_pThat-15to1200_TuneCP5_5p36TeV_pythia8/260306_002843/0000/HiForestMiniAOD_511.root
Time elapsed: 14126 seconds
File Contains: 98000 entries.
NMiss: 1470907 | NFake: 2406485 | NMatch: 38102596
Processing file 458 of 817: /eos/cms/store/group/phys_heavyions/hbossi/mc_productions/QCD-dijet_pThat15-event-weighted_TuneCP5_5p36TeV_pythia8/OO_MC_DijetEmbedded_pThat-15to1200_TuneCP5_5p36TeV_pythia8/260306_002843/0000/HiForestMiniAOD_512.root
Time elapsed: 14171 seconds
File Contains: 114000 entries.
NMiss: 1473844 | NFake: 2411377 | NMatch: 38178685
Processing file 459 of 817: /eos/cms/store/group/phys_heavyions/hbossi/mc_productions/QCD-dijet_pThat15-event-weighted_TuneCP5_5p36TeV_pythia8/OO_MC_DijetEmbedded_pThat-15to1200_TuneCP5_5p36TeV_pythia8/260306_002843/0000/HiForestMiniAOD_513.root
Time elapsed: 14208 seconds
File Contains: 127000 entries.
NMiss: 1477140 | NFake: 2416711 | NMatch: 38264243
Processing file 460 of 817: /eos/cms/store/group/phys_heavyions/hbossi/mc_productions/QCD-dijet_pThat15-event-weighted_TuneCP5_5p36TeV_pythia8/OO_MC_DijetEmbedded_pThat-15to1200_TuneCP5_5p36TeV_pythia8/260306_002843/0000/HiForestMiniAOD_514.root
Time elapsed: 14229 seconds
File Contains: 137000 entries.
NMiss: 1480608 | NFake: 2422552 | NMatch: 38355998
Processing file 461 of 817: /eos/cms/store/group/phys_heavyions/hbossi/mc_productions/QCD-dijet_pThat15-event-weighted_TuneCP5_5p36TeV_pythia8/OO_MC_DijetEmbedded_pThat-15to1200_TuneCP5_5p36TeV_pythia8/260306_002843/0000/HiForestMiniAOD_515.root
Time elapsed: 14273 seconds
File Contains: 115000 entries.
NMiss: 1483508 | NFake: 2427465 | NMatch: 38433181
Processing file 462 of 817: /eos/cms/store/group/phys_heavyions/hbossi/mc_productions/QCD-dijet_pThat15-event-weighted_TuneCP5_5p36TeV_pythia8/OO_MC_DijetEmbedded_pThat-15to1200_TuneCP5_5p36TeV_pythia8/260306_002843/0000/HiForestMiniAOD_516.root
Time elapsed: 14321 seconds
File Contains: 115000 entries.
NMiss: 1486548 | NFake: 2432343 | NMatch: 38510287
Processing file 463 of 817: /eos/cms/store/group/phys_heavyions/hbossi/mc_productions/QCD-dijet_pThat15-event-weighted_TuneCP5_5p36TeV_pythia8/OO_MC_DijetEmbedded_pThat-15to1200_TuneCP5_5p36TeV_pythia8/260306_002843/0000/HiForestMiniAOD_517.root
Time elapsed: 14349 seconds
File Contains: 148000 entries.
NMiss: 1490435 | NFake: 2438636 | NMatch: 38608708
Processing file 464 of 817: /eos/cms/store/group/phys_heavyions/hbossi/mc_productions/QCD-dijet_pThat15-event-weighted_TuneCP5_5p36TeV_pythia8/OO_MC_DijetEmbedded_pThat-15to1200_TuneCP5_5p36TeV_pythia8/260306_002843/0000/HiForestMiniAOD_518.root
Time elapsed: 14379 seconds
File Contains: 151000 entries.
NMiss: 1494323 | NFake: 2445006 | NMatch: 38710713
Processing file 465 of 817: /eos/cms/store/group/phys_heavyions/hbossi/mc_productions/QCD-dijet_pThat15-event-weighted_TuneCP5_5p36TeV_pythia8/OO_MC_DijetEmbedded_pThat-15to1200_TuneCP5_5p36TeV_pythia8/260306_002843/0000/HiForestMiniAOD_519.root
Time elapsed: 14415 seconds
File Contains: 99000 entries.
NMiss: 1496924 | NFake: 2449202 | NMatch: 38777220
Processing file 466 of 817: /eos/cms/store/group/phys_heavyions/hbossi/mc_productions/QCD-dijet_pThat15-event-weighted_TuneCP5_5p36TeV_pythia8/OO_MC_DijetEmbedded_pThat-15to1200_TuneCP5_5p36TeV_pythia8/260306_002843/0000/HiForestMiniAOD_52.root
Time elapsed: 14450 seconds
File Contains: 93000 entries.
NMiss: 1499280 | NFake: 2453125 | NMatch: 38839500
Processing file 467 of 817: /eos/cms/store/group/phys_heavyions/hbossi/mc_productions/QCD-dijet_pThat15-event-weighted_TuneCP5_5p36TeV_pythia8/OO_MC_DijetEmbedded_pThat-15to1200_TuneCP5_5p36TeV_pythia8/260306_002843/0000/HiForestMiniAOD_520.root
Time elapsed: 14489 seconds
File Contains: 144000 entries.
NMiss: 1503043 | NFake: 2459125 | NMatch: 38935893
Processing file 468 of 817: /eos/cms/store/group/phys_heavyions/hbossi/mc_productions/QCD-dijet_pThat15-event-weighted_TuneCP5_5p36TeV_pythia8/OO_MC_DijetEmbedded_pThat-15to1200_TuneCP5_5p36TeV_pythia8/260306_002843/0000/HiForestMiniAOD_521.root
Time elapsed: 14530 seconds
File Contains: 127000 entries.
NMiss: 1506292 | NFake: 2464523 | NMatch: 39021115
Processing file 469 of 817: /eos/cms/store/group/phys_heavyions/hbossi/mc_productions/QCD-dijet_pThat15-event-weighted_TuneCP5_5p36TeV_pythia8/OO_MC_DijetEmbedded_pThat-15to1200_TuneCP5_5p36TeV_pythia8/260306_002843/0000/HiForestMiniAOD_522.root
Time elapsed: 14568 seconds
File Contains: 96000 entries.
NMiss: 1508859 | NFake: 2468578 | NMatch: 39085645
Processing file 470 of 817: /eos/cms/store/group/phys_heavyions/hbossi/mc_productions/QCD-dijet_pThat15-event-weighted_TuneCP5_5p36TeV_pythia8/OO_MC_DijetEmbedded_pThat-15to1200_TuneCP5_5p36TeV_pythia8/260306_002843/0000/HiForestMiniAOD_523.root
Time elapsed: 14591 seconds
File Contains: 93000 entries.
NMiss: 1511312 | NFake: 2472498 | NMatch: 39147601
Processing file 471 of 817: /eos/cms/store/group/phys_heavyions/hbossi/mc_productions/QCD-dijet_pThat15-event-weighted_TuneCP5_5p36TeV_pythia8/OO_MC_DijetEmbedded_pThat-15to1200_TuneCP5_5p36TeV_pythia8/260306_002843/0000/HiForestMiniAOD_524.root
Time elapsed: 14642 seconds
File Contains: 91000 entries.
NMiss: 1513634 | NFake: 2476395 | NMatch: 39209164
Processing file 472 of 817: /eos/cms/store/group/phys_heavyions/hbossi/mc_productions/QCD-dijet_pThat15-event-weighted_TuneCP5_5p36TeV_pythia8/OO_MC_DijetEmbedded_pThat-15to1200_TuneCP5_5p36TeV_pythia8/260306_002843/0000/HiForestMiniAOD_525.root
Time elapsed: 14687 seconds
File Contains: 90000 entries.
NMiss: 1516003 | NFake: 2480098 | NMatch: 39269630
Processing file 473 of 817: /eos/cms/store/group/phys_heavyions/hbossi/mc_productions/QCD-dijet_pThat15-event-weighted_TuneCP5_5p36TeV_pythia8/OO_MC_DijetEmbedded_pThat-15to1200_TuneCP5_5p36TeV_pythia8/260306_002843/0000/HiForestMiniAOD_526.root
Time elapsed: 14705 seconds
File Contains: 115000 entries.
NMiss: 1518941 | NFake: 2485056 | NMatch: 39346724
Processing file 474 of 817: /eos/cms/store/group/phys_heavyions/hbossi/mc_productions/QCD-dijet_pThat15-event-weighted_TuneCP5_5p36TeV_pythia8/OO_MC_DijetEmbedded_pThat-15to1200_TuneCP5_5p36TeV_pythia8/260306_002843/0000/HiForestMiniAOD_527.root
Time elapsed: 14726 seconds
File Contains: 90000 entries.
NMiss: 1521212 | NFake: 2488871 | NMatch: 39406955
Processing file 475 of 817: /eos/cms/store/group/phys_heavyions/hbossi/mc_productions/QCD-dijet_pThat15-event-weighted_TuneCP5_5p36TeV_pythia8/OO_MC_DijetEmbedded_pThat-15to1200_TuneCP5_5p36TeV_pythia8/260306_002843/0000/HiForestMiniAOD_528.root
Time elapsed: 14745 seconds
File Contains: 111000 entries.
NMiss: 1524104 | NFake: 2493680 | NMatch: 39481444
Processing file 476 of 817: /eos/cms/store/group/phys_heavyions/hbossi/mc_productions/QCD-dijet_pThat15-event-weighted_TuneCP5_5p36TeV_pythia8/OO_MC_DijetEmbedded_pThat-15to1200_TuneCP5_5p36TeV_pythia8/260306_002843/0000/HiForestMiniAOD_529.root
Time elapsed: 14769 seconds
File Contains: 130000 entries.
NMiss: 1527466 | NFake: 2499258 | NMatch: 39567831
Processing file 477 of 817: /eos/cms/store/group/phys_heavyions/hbossi/mc_productions/QCD-dijet_pThat15-event-weighted_TuneCP5_5p36TeV_pythia8/OO_MC_DijetEmbedded_pThat-15to1200_TuneCP5_5p36TeV_pythia8/260306_002843/0000/HiForestMiniAOD_53.root
Time elapsed: 14790 seconds
File Contains: 113000 entries.
NMiss: 1530363 | NFake: 2504015 | NMatch: 39643396
Processing file 478 of 817: /eos/cms/store/group/phys_heavyions/hbossi/mc_productions/QCD-dijet_pThat15-event-weighted_TuneCP5_5p36TeV_pythia8/OO_MC_DijetEmbedded_pThat-15to1200_TuneCP5_5p36TeV_pythia8/260306_002843/0000/HiForestMiniAOD_530.root
Time elapsed: 14810 seconds
File Contains: 131000 entries.
NMiss: 1533787 | NFake: 2509550 | NMatch: 39731694
Processing file 479 of 817: /eos/cms/store/group/phys_heavyions/hbossi/mc_productions/QCD-dijet_pThat15-event-weighted_TuneCP5_5p36TeV_pythia8/OO_MC_DijetEmbedded_pThat-15to1200_TuneCP5_5p36TeV_pythia8/260306_002843/0000/HiForestMiniAOD_531.root
Time elapsed: 14838 seconds
File Contains: 126000 entries.
NMiss: 1537019 | NFake: 2514876 | NMatch: 39816534
Processing file 480 of 817: /eos/cms/store/group/phys_heavyions/hbossi/mc_productions/QCD-dijet_pThat15-event-weighted_TuneCP5_5p36TeV_pythia8/OO_MC_DijetEmbedded_pThat-15to1200_TuneCP5_5p36TeV_pythia8/260306_002843/0000/HiForestMiniAOD_532.root
Time elapsed: 14869 seconds
File Contains: 148000 entries.
NMiss: 1540887 | NFake: 2521036 | NMatch: 39915849
Processing file 481 of 817: /eos/cms/store/group/phys_heavyions/hbossi/mc_productions/QCD-dijet_pThat15-event-weighted_TuneCP5_5p36TeV_pythia8/OO_MC_DijetEmbedded_pThat-15to1200_TuneCP5_5p36TeV_pythia8/260306_002843/0000/HiForestMiniAOD_533.root
Time elapsed: 14904 seconds
File Contains: 141000 entries.
NMiss: 1544389 | NFake: 2526908 | NMatch: 40009723
Processing file 482 of 817: /eos/cms/store/group/phys_heavyions/hbossi/mc_productions/QCD-dijet_pThat15-event-weighted_TuneCP5_5p36TeV_pythia8/OO_MC_DijetEmbedded_pThat-15to1200_TuneCP5_5p36TeV_pythia8/260306_002843/0000/HiForestMiniAOD_534.root
Time elapsed: 14941 seconds
File Contains: 70000 entries.
NMiss: 1546193 | NFake: 2529942 | NMatch: 40056913
Processing file 483 of 817: /eos/cms/store/group/phys_heavyions/hbossi/mc_productions/QCD-dijet_pThat15-event-weighted_TuneCP5_5p36TeV_pythia8/OO_MC_DijetEmbedded_pThat-15to1200_TuneCP5_5p36TeV_pythia8/260306_002843/0000/HiForestMiniAOD_535.root
Time elapsed: 14956 seconds
File Contains: 121000 entries.
NMiss: 1549248 | NFake: 2535079 | NMatch: 40138057
Processing file 484 of 817: /eos/cms/store/group/phys_heavyions/hbossi/mc_productions/QCD-dijet_pThat15-event-weighted_TuneCP5_5p36TeV_pythia8/OO_MC_DijetEmbedded_pThat-15to1200_TuneCP5_5p36TeV_pythia8/260306_002843/0000/HiForestMiniAOD_536.root
Time elapsed: 14979 seconds
File Contains: 134000 entries.
NMiss: 1552662 | NFake: 2540885 | NMatch: 40227825
Processing file 485 of 817: /eos/cms/store/group/phys_heavyions/hbossi/mc_productions/QCD-dijet_pThat15-event-weighted_TuneCP5_5p36TeV_pythia8/OO_MC_DijetEmbedded_pThat-15to1200_TuneCP5_5p36TeV_pythia8/260306_002843/0000/HiForestMiniAOD_537.root
Time elapsed: 15009 seconds
File Contains: 167000 entries.
NMiss: 1557037 | NFake: 2547926 | NMatch: 40339435
Processing file 486 of 817: /eos/cms/store/group/phys_heavyions/hbossi/mc_productions/QCD-dijet_pThat15-event-weighted_TuneCP5_5p36TeV_pythia8/OO_MC_DijetEmbedded_pThat-15to1200_TuneCP5_5p36TeV_pythia8/260306_002843/0000/HiForestMiniAOD_538.root
Time elapsed: 15033 seconds
File Contains: 131000 entries.
NMiss: 1560542 | NFake: 2553453 | NMatch: 40427520
Processing file 487 of 817: /eos/cms/store/group/phys_heavyions/hbossi/mc_productions/QCD-dijet_pThat15-event-weighted_TuneCP5_5p36TeV_pythia8/OO_MC_DijetEmbedded_pThat-15to1200_TuneCP5_5p36TeV_pythia8/260306_002843/0000/HiForestMiniAOD_539.root
Time elapsed: 15059 seconds
File Contains: 153000 entries.
NMiss: 1564445 | NFake: 2559828 | NMatch: 40530674
Processing file 488 of 817: /eos/cms/store/group/phys_heavyions/hbossi/mc_productions/QCD-dijet_pThat15-event-weighted_TuneCP5_5p36TeV_pythia8/OO_MC_DijetEmbedded_pThat-15to1200_TuneCP5_5p36TeV_pythia8/260306_002843/0000/HiForestMiniAOD_54.root
Time elapsed: 15084 seconds
File Contains: 163000 entries.
NMiss: 1568579 | NFake: 2566684 | NMatch: 40639789
Processing file 489 of 817: /eos/cms/store/group/phys_heavyions/hbossi/mc_productions/QCD-dijet_pThat15-event-weighted_TuneCP5_5p36TeV_pythia8/OO_MC_DijetEmbedded_pThat-15to1200_TuneCP5_5p36TeV_pythia8/260306_002843/0000/HiForestMiniAOD_540.root
Time elapsed: 15115 seconds
File Contains: 108000 entries.
NMiss: 1571352 | NFake: 2571339 | NMatch: 40712172
Processing file 490 of 817: /eos/cms/store/group/phys_heavyions/hbossi/mc_productions/QCD-dijet_pThat15-event-weighted_TuneCP5_5p36TeV_pythia8/OO_MC_DijetEmbedded_pThat-15to1200_TuneCP5_5p36TeV_pythia8/260306_002843/0000/HiForestMiniAOD_541.root
Time elapsed: 15142 seconds
File Contains: 154000 entries.
NMiss: 1575293 | NFake: 2577759 | NMatch: 40815425
Processing file 491 of 817: /eos/cms/store/group/phys_heavyions/hbossi/mc_productions/QCD-dijet_pThat15-event-weighted_TuneCP5_5p36TeV_pythia8/OO_MC_DijetEmbedded_pThat-15to1200_TuneCP5_5p36TeV_pythia8/260306_002843/0000/HiForestMiniAOD_542.root
Time elapsed: 15187 seconds
File Contains: 146000 entries.
NMiss: 1579046 | NFake: 2583900 | NMatch: 40913228
Processing file 492 of 817: /eos/cms/store/group/phys_heavyions/hbossi/mc_productions/QCD-dijet_pThat15-event-weighted_TuneCP5_5p36TeV_pythia8/OO_MC_DijetEmbedded_pThat-15to1200_TuneCP5_5p36TeV_pythia8/260306_002843/0000/HiForestMiniAOD_543.root
Time elapsed: 15210 seconds
File Contains: 101000 entries.
NMiss: 1581696 | NFake: 2588162 | NMatch: 40980909
Processing file 493 of 817: /eos/cms/store/group/phys_heavyions/hbossi/mc_productions/QCD-dijet_pThat15-event-weighted_TuneCP5_5p36TeV_pythia8/OO_MC_DijetEmbedded_pThat-15to1200_TuneCP5_5p36TeV_pythia8/260306_002843/0000/HiForestMiniAOD_544.root
Time elapsed: 15238 seconds
File Contains: 133000 entries.
NMiss: 1585177 | NFake: 2593858 | NMatch: 41069935
Processing file 494 of 817: /eos/cms/store/group/phys_heavyions/hbossi/mc_productions/QCD-dijet_pThat15-event-weighted_TuneCP5_5p36TeV_pythia8/OO_MC_DijetEmbedded_pThat-15to1200_TuneCP5_5p36TeV_pythia8/260306_002843/0000/HiForestMiniAOD_545.root
Time elapsed: 15260 seconds
File Contains: 106000 entries.
NMiss: 1587901 | NFake: 2598385 | NMatch: 41141271
Processing file 495 of 817: /eos/cms/store/group/phys_heavyions/hbossi/mc_productions/QCD-dijet_pThat15-event-weighted_TuneCP5_5p36TeV_pythia8/OO_MC_DijetEmbedded_pThat-15to1200_TuneCP5_5p36TeV_pythia8/260306_002843/0000/HiForestMiniAOD_546.root
Time elapsed: 15281 seconds
File Contains: 108000 entries.
NMiss: 1590651 | NFake: 2602929 | NMatch: 41214143
Processing file 496 of 817: /eos/cms/store/group/phys_heavyions/hbossi/mc_productions/QCD-dijet_pThat15-event-weighted_TuneCP5_5p36TeV_pythia8/OO_MC_DijetEmbedded_pThat-15to1200_TuneCP5_5p36TeV_pythia8/260306_002843/0000/HiForestMiniAOD_547.root
Time elapsed: 15298 seconds
File Contains: 147000 entries.
NMiss: 1594504 | NFake: 2609104 | NMatch: 41312625
Processing file 497 of 817: /eos/cms/store/group/phys_heavyions/hbossi/mc_productions/QCD-dijet_pThat15-event-weighted_TuneCP5_5p36TeV_pythia8/OO_MC_DijetEmbedded_pThat-15to1200_TuneCP5_5p36TeV_pythia8/260306_002843/0000/HiForestMiniAOD_548.root
Time elapsed: 15324 seconds
File Contains: 125000 entries.
NMiss: 1597806 | NFake: 2614209 | NMatch: 41395945
Processing file 498 of 817: /eos/cms/store/group/phys_heavyions/hbossi/mc_productions/QCD-dijet_pThat15-event-weighted_TuneCP5_5p36TeV_pythia8/OO_MC_DijetEmbedded_pThat-15to1200_TuneCP5_5p36TeV_pythia8/260306_002843/0000/HiForestMiniAOD_549.root
Time elapsed: 15351 seconds
File Contains: 100000 entries.
NMiss: 1600424 | NFake: 2618422 | NMatch: 41463457
Processing file 499 of 817: /eos/cms/store/group/phys_heavyions/hbossi/mc_productions/QCD-dijet_pThat15-event-weighted_TuneCP5_5p36TeV_pythia8/OO_MC_DijetEmbedded_pThat-15to1200_TuneCP5_5p36TeV_pythia8/260306_002843/0000/HiForestMiniAOD_55.root
Time elapsed: 15370 seconds
File Contains: 90000 entries.
NMiss: 1602764 | NFake: 2622341 | NMatch: 41523959
Processing file 500 of 817: /eos/cms/store/group/phys_heavyions/hbossi/mc_productions/QCD-dijet_pThat15-event-weighted_TuneCP5_5p36TeV_pythia8/OO_MC_DijetEmbedded_pThat-15to1200_TuneCP5_5p36TeV_pythia8/260306_002843/0000/HiForestMiniAOD_550.root
Time elapsed: 15392 seconds
File Contains: 114000 entries.
NMiss: 1605743 | NFake: 2627136 | NMatch: 41599827
Processing file 501 of 817: /eos/cms/store/group/phys_heavyions/hbossi/mc_productions/QCD-dijet_pThat15-event-weighted_TuneCP5_5p36TeV_pythia8/OO_MC_DijetEmbedded_pThat-15to1200_TuneCP5_5p36TeV_pythia8/260306_002843/0000/HiForestMiniAOD_551.root
Time elapsed: 15413 seconds
File Contains: 108000 entries.
NMiss: 1608510 | NFake: 2631692 | NMatch: 41672257
Processing file 502 of 817: /eos/cms/store/group/phys_heavyions/hbossi/mc_productions/QCD-dijet_pThat15-event-weighted_TuneCP5_5p36TeV_pythia8/OO_MC_DijetEmbedded_pThat-15to1200_TuneCP5_5p36TeV_pythia8/260306_002843/0000/HiForestMiniAOD_552.root
Time elapsed: 15447 seconds
File Contains: 108000 entries.
NMiss: 1611246 | NFake: 2636369 | NMatch: 41744366
Processing file 503 of 817: /eos/cms/store/group/phys_heavyions/hbossi/mc_productions/QCD-dijet_pThat15-event-weighted_TuneCP5_5p36TeV_pythia8/OO_MC_DijetEmbedded_pThat-15to1200_TuneCP5_5p36TeV_pythia8/260306_002843/0000/HiForestMiniAOD_553.root
Time elapsed: 15468 seconds
File Contains: 116000 entries.
NMiss: 1614287 | NFake: 2641341 | NMatch: 41822090
Processing file 504 of 817: /eos/cms/store/group/phys_heavyions/hbossi/mc_productions/QCD-dijet_pThat15-event-weighted_TuneCP5_5p36TeV_pythia8/OO_MC_DijetEmbedded_pThat-15to1200_TuneCP5_5p36TeV_pythia8/260306_002843/0000/HiForestMiniAOD_554.root
Time elapsed: 15492 seconds
File Contains: 167000 entries.
NMiss: 1618563 | NFake: 2648370 | NMatch: 41934429
Processing file 505 of 817: /eos/cms/store/group/phys_heavyions/hbossi/mc_productions/QCD-dijet_pThat15-event-weighted_TuneCP5_5p36TeV_pythia8/OO_MC_DijetEmbedded_pThat-15to1200_TuneCP5_5p36TeV_pythia8/260306_002843/0000/HiForestMiniAOD_555.root
Time elapsed: 15518 seconds
File Contains: 140000 entries.
NMiss: 1622169 | NFake: 2654181 | NMatch: 42028131
Processing file 506 of 817: /eos/cms/store/group/phys_heavyions/hbossi/mc_productions/QCD-dijet_pThat15-event-weighted_TuneCP5_5p36TeV_pythia8/OO_MC_DijetEmbedded_pThat-15to1200_TuneCP5_5p36TeV_pythia8/260306_002843/0000/HiForestMiniAOD_556.root
Time elapsed: 15553 seconds
File Contains: 90000 entries.
NMiss: 1624474 | NFake: 2657970 | NMatch: 42088707
Processing file 507 of 817: /eos/cms/store/group/phys_heavyions/hbossi/mc_productions/QCD-dijet_pThat15-event-weighted_TuneCP5_5p36TeV_pythia8/OO_MC_DijetEmbedded_pThat-15to1200_TuneCP5_5p36TeV_pythia8/260306_002843/0000/HiForestMiniAOD_557.root
Time elapsed: 15577 seconds
File Contains: 110000 entries.
NMiss: 1627299 | NFake: 2662689 | NMatch: 42162630
Processing file 508 of 817: /eos/cms/store/group/phys_heavyions/hbossi/mc_productions/QCD-dijet_pThat15-event-weighted_TuneCP5_5p36TeV_pythia8/OO_MC_DijetEmbedded_pThat-15to1200_TuneCP5_5p36TeV_pythia8/260306_002843/0000/HiForestMiniAOD_558.root
Time elapsed: 15604 seconds
File Contains: 165000 entries.
NMiss: 1631566 | NFake: 2669750 | NMatch: 42272648
Processing file 509 of 817: /eos/cms/store/group/phys_heavyions/hbossi/mc_productions/QCD-dijet_pThat15-event-weighted_TuneCP5_5p36TeV_pythia8/OO_MC_DijetEmbedded_pThat-15to1200_TuneCP5_5p36TeV_pythia8/260306_002843/0000/HiForestMiniAOD_559.root
Time elapsed: 15633 seconds
File Contains: 136000 entries.
NMiss: 1635021 | NFake: 2675431 | NMatch: 42363917
Processing file 510 of 817: /eos/cms/store/group/phys_heavyions/hbossi/mc_productions/QCD-dijet_pThat15-event-weighted_TuneCP5_5p36TeV_pythia8/OO_MC_DijetEmbedded_pThat-15to1200_TuneCP5_5p36TeV_pythia8/260306_002843/0000/HiForestMiniAOD_56.root
Time elapsed: 15654 seconds
File Contains: 103000 entries.
NMiss: 1637643 | NFake: 2679828 | NMatch: 42433054
Processing file 511 of 817: /eos/cms/store/group/phys_heavyions/hbossi/mc_productions/QCD-dijet_pThat15-event-weighted_TuneCP5_5p36TeV_pythia8/OO_MC_DijetEmbedded_pThat-15to1200_TuneCP5_5p36TeV_pythia8/260306_002843/0000/HiForestMiniAOD_560.root
Time elapsed: 15679 seconds
File Contains: 112000 entries.
NMiss: 1640454 | NFake: 2684539 | NMatch: 42508204
Processing file 512 of 817: /eos/cms/store/group/phys_heavyions/hbossi/mc_productions/QCD-dijet_pThat15-event-weighted_TuneCP5_5p36TeV_pythia8/OO_MC_DijetEmbedded_pThat-15to1200_TuneCP5_5p36TeV_pythia8/260306_002843/0000/HiForestMiniAOD_561.root
Time elapsed: 15701 seconds
File Contains: 128000 entries.
NMiss: 1643741 | NFake: 2689939 | NMatch: 42594511
Processing file 513 of 817: /eos/cms/store/group/phys_heavyions/hbossi/mc_productions/QCD-dijet_pThat15-event-weighted_TuneCP5_5p36TeV_pythia8/OO_MC_DijetEmbedded_pThat-15to1200_TuneCP5_5p36TeV_pythia8/260306_002843/0000/HiForestMiniAOD_562.root
Time elapsed: 15733 seconds
File Contains: 165000 entries.
NMiss: 1648010 | NFake: 2696907 | NMatch: 42704590
Processing file 514 of 817: /eos/cms/store/group/phys_heavyions/hbossi/mc_productions/QCD-dijet_pThat15-event-weighted_TuneCP5_5p36TeV_pythia8/OO_MC_DijetEmbedded_pThat-15to1200_TuneCP5_5p36TeV_pythia8/260306_002843/0000/HiForestMiniAOD_563.root
Time elapsed: 15769 seconds
File Contains: 149000 entries.
NMiss: 1651835 | NFake: 2703247 | NMatch: 42804416
Processing file 515 of 817: /eos/cms/store/group/phys_heavyions/hbossi/mc_productions/QCD-dijet_pThat15-event-weighted_TuneCP5_5p36TeV_pythia8/OO_MC_DijetEmbedded_pThat-15to1200_TuneCP5_5p36TeV_pythia8/260306_002843/0000/HiForestMiniAOD_564.root
Time elapsed: 15816 seconds
File Contains: 93000 entries.
NMiss: 1654172 | NFake: 2707188 | NMatch: 42866580
Processing file 516 of 817: /eos/cms/store/group/phys_heavyions/hbossi/mc_productions/QCD-dijet_pThat15-event-weighted_TuneCP5_5p36TeV_pythia8/OO_MC_DijetEmbedded_pThat-15to1200_TuneCP5_5p36TeV_pythia8/260306_002843/0000/HiForestMiniAOD_565.root
Time elapsed: 15840 seconds
File Contains: 95000 entries.
NMiss: 1656640 | NFake: 2711241 | NMatch: 42930065
Processing file 517 of 817: /eos/cms/store/group/phys_heavyions/hbossi/mc_productions/QCD-dijet_pThat15-event-weighted_TuneCP5_5p36TeV_pythia8/OO_MC_DijetEmbedded_pThat-15to1200_TuneCP5_5p36TeV_pythia8/260306_002843/0000/HiForestMiniAOD_566.root
Time elapsed: 15864 seconds
File Contains: 159000 entries.
NMiss: 1660760 | NFake: 2717868 | NMatch: 43036685
Processing file 518 of 817: /eos/cms/store/group/phys_heavyions/hbossi/mc_productions/QCD-dijet_pThat15-event-weighted_TuneCP5_5p36TeV_pythia8/OO_MC_DijetEmbedded_pThat-15to1200_TuneCP5_5p36TeV_pythia8/260306_002843/0000/HiForestMiniAOD_567.root
Time elapsed: 15904 seconds
File Contains: 155000 entries.
NMiss: 1664730 | NFake: 2724394 | NMatch: 43140197
Processing file 519 of 817: /eos/cms/store/group/phys_heavyions/hbossi/mc_productions/QCD-dijet_pThat15-event-weighted_TuneCP5_5p36TeV_pythia8/OO_MC_DijetEmbedded_pThat-15to1200_TuneCP5_5p36TeV_pythia8/260306_002843/0000/HiForestMiniAOD_568.root
Time elapsed: 15943 seconds
File Contains: 165000 entries.
NMiss: 1669013 | NFake: 2731482 | NMatch: 43250605
Processing file 520 of 817: /eos/cms/store/group/phys_heavyions/hbossi/mc_productions/QCD-dijet_pThat15-event-weighted_TuneCP5_5p36TeV_pythia8/OO_MC_DijetEmbedded_pThat-15to1200_TuneCP5_5p36TeV_pythia8/260306_002843/0000/HiForestMiniAOD_569.root
Time elapsed: 15988 seconds
File Contains: 129000 entries.
NMiss: 1672334 | NFake: 2736868 | NMatch: 43336957
Processing file 521 of 817: /eos/cms/store/group/phys_heavyions/hbossi/mc_productions/QCD-dijet_pThat15-event-weighted_TuneCP5_5p36TeV_pythia8/OO_MC_DijetEmbedded_pThat-15to1200_TuneCP5_5p36TeV_pythia8/260306_002843/0000/HiForestMiniAOD_57.root
Time elapsed: 16015 seconds
File Contains: 122000 entries.
NMiss: 1675553 | NFake: 2742048 | NMatch: 43419033
Processing file 522 of 817: /eos/cms/store/group/phys_heavyions/hbossi/mc_productions/QCD-dijet_pThat15-event-weighted_TuneCP5_5p36TeV_pythia8/OO_MC_DijetEmbedded_pThat-15to1200_TuneCP5_5p36TeV_pythia8/260306_002843/0000/HiForestMiniAOD_570.root
Time elapsed: 16052 seconds
File Contains: 129000 entries.
NMiss: 1678921 | NFake: 2747402 | NMatch: 43505543
Processing file 523 of 817: /eos/cms/store/group/phys_heavyions/hbossi/mc_productions/QCD-dijet_pThat15-event-weighted_TuneCP5_5p36TeV_pythia8/OO_MC_DijetEmbedded_pThat-15to1200_TuneCP5_5p36TeV_pythia8/260306_002843/0000/HiForestMiniAOD_571.root
Time elapsed: 16075 seconds
File Contains: 120000 entries.
NMiss: 1682027 | NFake: 2752520 | NMatch: 43585773
Processing file 524 of 817: /eos/cms/store/group/phys_heavyions/hbossi/mc_productions/QCD-dijet_pThat15-event-weighted_TuneCP5_5p36TeV_pythia8/OO_MC_DijetEmbedded_pThat-15to1200_TuneCP5_5p36TeV_pythia8/260306_002843/0000/HiForestMiniAOD_572.root
Time elapsed: 16099 seconds
File Contains: 143000 entries.
NMiss: 1685757 | NFake: 2758586 | NMatch: 43682077
Processing file 525 of 817: /eos/cms/store/group/phys_heavyions/hbossi/mc_productions/QCD-dijet_pThat15-event-weighted_TuneCP5_5p36TeV_pythia8/OO_MC_DijetEmbedded_pThat-15to1200_TuneCP5_5p36TeV_pythia8/260306_002843/0000/HiForestMiniAOD_573.root
Time elapsed: 16132 seconds
File Contains: 113000 entries.
NMiss: 1688651 | NFake: 2763349 | NMatch: 43757532
Processing file 526 of 817: /eos/cms/store/group/phys_heavyions/hbossi/mc_productions/QCD-dijet_pThat15-event-weighted_TuneCP5_5p36TeV_pythia8/OO_MC_DijetEmbedded_pThat-15to1200_TuneCP5_5p36TeV_pythia8/260306_002843/0000/HiForestMiniAOD_574.root
Time elapsed: 16176 seconds
File Contains: 115000 entries.
NMiss: 1691710 | NFake: 2768202 | NMatch: 43834163
Processing file 527 of 817: /eos/cms/store/group/phys_heavyions/hbossi/mc_productions/QCD-dijet_pThat15-event-weighted_TuneCP5_5p36TeV_pythia8/OO_MC_DijetEmbedded_pThat-15to1200_TuneCP5_5p36TeV_pythia8/260306_002843/0000/HiForestMiniAOD_575.root
Time elapsed: 16223 seconds
File Contains: 102000 entries.
NMiss: 1694253 | NFake: 2772446 | NMatch: 43902547
Processing file 528 of 817: /eos/cms/store/group/phys_heavyions/hbossi/mc_productions/QCD-dijet_pThat15-event-weighted_TuneCP5_5p36TeV_pythia8/OO_MC_DijetEmbedded_pThat-15to1200_TuneCP5_5p36TeV_pythia8/260306_002843/0000/HiForestMiniAOD_576.root
Time elapsed: 16258 seconds
File Contains: 143000 entries.
NMiss: 1697906 | NFake: 2778474 | NMatch: 43998209
Processing file 529 of 817: /eos/cms/store/group/phys_heavyions/hbossi/mc_productions/QCD-dijet_pThat15-event-weighted_TuneCP5_5p36TeV_pythia8/OO_MC_DijetEmbedded_pThat-15to1200_TuneCP5_5p36TeV_pythia8/260306_002843/0000/HiForestMiniAOD_577.root
Time elapsed: 16316 seconds
File Contains: 114000 entries.
NMiss: 1700845 | NFake: 2783249 | NMatch: 44074825
Processing file 530 of 817: /eos/cms/store/group/phys_heavyions/hbossi/mc_productions/QCD-dijet_pThat15-event-weighted_TuneCP5_5p36TeV_pythia8/OO_MC_DijetEmbedded_pThat-15to1200_TuneCP5_5p36TeV_pythia8/260306_002843/0000/HiForestMiniAOD_578.root
Time elapsed: 16337 seconds
File Contains: 114000 entries.
NMiss: 1703840 | NFake: 2788071 | NMatch: 44150863
Processing file 531 of 817: /eos/cms/store/group/phys_heavyions/hbossi/mc_productions/QCD-dijet_pThat15-event-weighted_TuneCP5_5p36TeV_pythia8/OO_MC_DijetEmbedded_pThat-15to1200_TuneCP5_5p36TeV_pythia8/260306_002843/0000/HiForestMiniAOD_579.root
Time elapsed: 16367 seconds
File Contains: 145000 entries.
NMiss: 1707555 | NFake: 2794271 | NMatch: 44247786
Processing file 532 of 817: /eos/cms/store/group/phys_heavyions/hbossi/mc_productions/QCD-dijet_pThat15-event-weighted_TuneCP5_5p36TeV_pythia8/OO_MC_DijetEmbedded_pThat-15to1200_TuneCP5_5p36TeV_pythia8/260306_002843/0000/HiForestMiniAOD_58.root
Time elapsed: 16394 seconds
File Contains: 97000 entries.
NMiss: 1710139 | NFake: 2798388 | NMatch: 44313502
Processing file 533 of 817: /eos/cms/store/group/phys_heavyions/hbossi/mc_productions/QCD-dijet_pThat15-event-weighted_TuneCP5_5p36TeV_pythia8/OO_MC_DijetEmbedded_pThat-15to1200_TuneCP5_5p36TeV_pythia8/260306_002843/0000/HiForestMiniAOD_580.root
Time elapsed: 16415 seconds
File Contains: 94000 entries.
NMiss: 1712541 | NFake: 2802321 | NMatch: 44376265
Processing file 534 of 817: /eos/cms/store/group/phys_heavyions/hbossi/mc_productions/QCD-dijet_pThat15-event-weighted_TuneCP5_5p36TeV_pythia8/OO_MC_DijetEmbedded_pThat-15to1200_TuneCP5_5p36TeV_pythia8/260306_002843/0000/HiForestMiniAOD_581.root
Time elapsed: 16446 seconds
File Contains: 116000 entries.
NMiss: 1715468 | NFake: 2807285 | NMatch: 44453595
Processing file 535 of 817: /eos/cms/store/group/phys_heavyions/hbossi/mc_productions/QCD-dijet_pThat15-event-weighted_TuneCP5_5p36TeV_pythia8/OO_MC_DijetEmbedded_pThat-15to1200_TuneCP5_5p36TeV_pythia8/260306_002843/0000/HiForestMiniAOD_582.root
Time elapsed: 16478 seconds
File Contains: 142000 entries.
NMiss: 1719167 | NFake: 2813145 | NMatch: 44548450
Processing file 536 of 817: /eos/cms/store/group/phys_heavyions/hbossi/mc_productions/QCD-dijet_pThat15-event-weighted_TuneCP5_5p36TeV_pythia8/OO_MC_DijetEmbedded_pThat-15to1200_TuneCP5_5p36TeV_pythia8/260306_002843/0000/HiForestMiniAOD_583.root
Time elapsed: 16500 seconds
File Contains: 118000 entries.
NMiss: 1722224 | NFake: 2818179 | NMatch: 44627322
Processing file 537 of 817: /eos/cms/store/group/phys_heavyions/hbossi/mc_productions/QCD-dijet_pThat15-event-weighted_TuneCP5_5p36TeV_pythia8/OO_MC_DijetEmbedded_pThat-15to1200_TuneCP5_5p36TeV_pythia8/260306_002843/0000/HiForestMiniAOD_584.root
Time elapsed: 16521 seconds
File Contains: 105000 entries.
NMiss: 1724872 | NFake: 2822650 | NMatch: 44698133
Processing file 538 of 817: /eos/cms/store/group/phys_heavyions/hbossi/mc_productions/QCD-dijet_pThat15-event-weighted_TuneCP5_5p36TeV_pythia8/OO_MC_DijetEmbedded_pThat-15to1200_TuneCP5_5p36TeV_pythia8/260306_002843/0000/HiForestMiniAOD_585.root
Time elapsed: 16538 seconds
File Contains: 97000 entries.
NMiss: 1727450 | NFake: 2826710 | NMatch: 44763004
Processing file 539 of 817: /eos/cms/store/group/phys_heavyions/hbossi/mc_productions/QCD-dijet_pThat15-event-weighted_TuneCP5_5p36TeV_pythia8/OO_MC_DijetEmbedded_pThat-15to1200_TuneCP5_5p36TeV_pythia8/260306_002843/0000/HiForestMiniAOD_586.root
Time elapsed: 16589 seconds
File Contains: 167000 entries.
NMiss: 1731762 | NFake: 2833907 | NMatch: 44875194
Processing file 540 of 817: /eos/cms/store/group/phys_heavyions/hbossi/mc_productions/QCD-dijet_pThat15-event-weighted_TuneCP5_5p36TeV_pythia8/OO_MC_DijetEmbedded_pThat-15to1200_TuneCP5_5p36TeV_pythia8/260306_002843/0000/HiForestMiniAOD_587.root
Time elapsed: 16634 seconds
File Contains: 103000 entries.
NMiss: 1734351 | NFake: 2838200 | NMatch: 44943879
Processing file 541 of 817: /eos/cms/store/group/phys_heavyions/hbossi/mc_productions/QCD-dijet_pThat15-event-weighted_TuneCP5_5p36TeV_pythia8/OO_MC_DijetEmbedded_pThat-15to1200_TuneCP5_5p36TeV_pythia8/260306_002843/0000/HiForestMiniAOD_588.root
Time elapsed: 16652 seconds
File Contains: 106000 entries.
NMiss: 1737117 | NFake: 2842786 | NMatch: 45015224
Processing file 542 of 817: /eos/cms/store/group/phys_heavyions/hbossi/mc_productions/QCD-dijet_pThat15-event-weighted_TuneCP5_5p36TeV_pythia8/OO_MC_DijetEmbedded_pThat-15to1200_TuneCP5_5p36TeV_pythia8/260306_002843/0000/HiForestMiniAOD_589.root
Time elapsed: 16678 seconds
File Contains: 115000 entries.
NMiss: 1740110 | NFake: 2847646 | NMatch: 45091523
Processing file 543 of 817: /eos/cms/store/group/phys_heavyions/hbossi/mc_productions/QCD-dijet_pThat15-event-weighted_TuneCP5_5p36TeV_pythia8/OO_MC_DijetEmbedded_pThat-15to1200_TuneCP5_5p36TeV_pythia8/260306_002843/0000/HiForestMiniAOD_59.root
Time elapsed: 16716 seconds
File Contains: 106000 entries.
NMiss: 1742857 | NFake: 2852208 | NMatch: 45162914
Processing file 544 of 817: /eos/cms/store/group/phys_heavyions/hbossi/mc_productions/QCD-dijet_pThat15-event-weighted_TuneCP5_5p36TeV_pythia8/OO_MC_DijetEmbedded_pThat-15to1200_TuneCP5_5p36TeV_pythia8/260306_002843/0000/HiForestMiniAOD_590.root
Time elapsed: 16752 seconds
File Contains: 128000 entries.
NMiss: 1746184 | NFake: 2857673 | NMatch: 45248518
Processing file 545 of 817: /eos/cms/store/group/phys_heavyions/hbossi/mc_productions/QCD-dijet_pThat15-event-weighted_TuneCP5_5p36TeV_pythia8/OO_MC_DijetEmbedded_pThat-15to1200_TuneCP5_5p36TeV_pythia8/260306_002843/0000/HiForestMiniAOD_591.root
Time elapsed: 16786 seconds
File Contains: 123000 entries.
NMiss: 1749406 | NFake: 2862960 | NMatch: 45330988
Processing file 546 of 817: /eos/cms/store/group/phys_heavyions/hbossi/mc_productions/QCD-dijet_pThat15-event-weighted_TuneCP5_5p36TeV_pythia8/OO_MC_DijetEmbedded_pThat-15to1200_TuneCP5_5p36TeV_pythia8/260306_002843/0000/HiForestMiniAOD_592.root
Time elapsed: 16817 seconds
File Contains: 108000 entries.
NMiss: 1752198 | NFake: 2867525 | NMatch: 45403717
Processing file 547 of 817: /eos/cms/store/group/phys_heavyions/hbossi/mc_productions/QCD-dijet_pThat15-event-weighted_TuneCP5_5p36TeV_pythia8/OO_MC_DijetEmbedded_pThat-15to1200_TuneCP5_5p36TeV_pythia8/260306_002843/0000/HiForestMiniAOD_593.root
Time elapsed: 16838 seconds
File Contains: 139000 entries.
NMiss: 1755710 | NFake: 2873384 | NMatch: 45497099
Processing file 548 of 817: /eos/cms/store/group/phys_heavyions/hbossi/mc_productions/QCD-dijet_pThat15-event-weighted_TuneCP5_5p36TeV_pythia8/OO_MC_DijetEmbedded_pThat-15to1200_TuneCP5_5p36TeV_pythia8/260306_002843/0000/HiForestMiniAOD_594.root
Time elapsed: 16867 seconds
File Contains: 119000 entries.
NMiss: 1758820 | NFake: 2878461 | NMatch: 45577070
Processing file 549 of 817: /eos/cms/store/group/phys_heavyions/hbossi/mc_productions/QCD-dijet_pThat15-event-weighted_TuneCP5_5p36TeV_pythia8/OO_MC_DijetEmbedded_pThat-15to1200_TuneCP5_5p36TeV_pythia8/260306_002843/0000/HiForestMiniAOD_595.root
Time elapsed: 16890 seconds
File Contains: 108000 entries.
NMiss: 1761635 | NFake: 2882946 | NMatch: 45649972
Processing file 550 of 817: /eos/cms/store/group/phys_heavyions/hbossi/mc_productions/QCD-dijet_pThat15-event-weighted_TuneCP5_5p36TeV_pythia8/OO_MC_DijetEmbedded_pThat-15to1200_TuneCP5_5p36TeV_pythia8/260306_002843/0000/HiForestMiniAOD_596.root
Time elapsed: 16909 seconds
File Contains: 112000 entries.
NMiss: 1764427 | NFake: 2887700 | NMatch: 45724777
Processing file 551 of 817: /eos/cms/store/group/phys_heavyions/hbossi/mc_productions/QCD-dijet_pThat15-event-weighted_TuneCP5_5p36TeV_pythia8/OO_MC_DijetEmbedded_pThat-15to1200_TuneCP5_5p36TeV_pythia8/260306_002843/0000/HiForestMiniAOD_597.root
Time elapsed: 16957 seconds
File Contains: 128000 entries.
NMiss: 1767842 | NFake: 2893100 | NMatch: 45810912
Processing file 552 of 817: /eos/cms/store/group/phys_heavyions/hbossi/mc_productions/QCD-dijet_pThat15-event-weighted_TuneCP5_5p36TeV_pythia8/OO_MC_DijetEmbedded_pThat-15to1200_TuneCP5_5p36TeV_pythia8/260306_002843/0000/HiForestMiniAOD_598.root
Time elapsed: 16997 seconds
File Contains: 142000 entries.
NMiss: 1771541 | NFake: 2899034 | NMatch: 45906052
Processing file 553 of 817: /eos/cms/store/group/phys_heavyions/hbossi/mc_productions/QCD-dijet_pThat15-event-weighted_TuneCP5_5p36TeV_pythia8/OO_MC_DijetEmbedded_pThat-15to1200_TuneCP5_5p36TeV_pythia8/260306_002843/0000/HiForestMiniAOD_599.root
Time elapsed: 17080 seconds
File Contains: 138000 entries.
NMiss: 1775087 | NFake: 2904945 | NMatch: 45998702
Processing file 554 of 817: /eos/cms/store/group/phys_heavyions/hbossi/mc_productions/QCD-dijet_pThat15-event-weighted_TuneCP5_5p36TeV_pythia8/OO_MC_DijetEmbedded_pThat-15to1200_TuneCP5_5p36TeV_pythia8/260306_002843/0000/HiForestMiniAOD_6.root
Time elapsed: 17122 seconds
File Contains: 163000 entries.
NMiss: 1779314 | NFake: 2911659 | NMatch: 46107574
Processing file 555 of 817: /eos/cms/store/group/phys_heavyions/hbossi/mc_productions/QCD-dijet_pThat15-event-weighted_TuneCP5_5p36TeV_pythia8/OO_MC_DijetEmbedded_pThat-15to1200_TuneCP5_5p36TeV_pythia8/260306_002843/0000/HiForestMiniAOD_60.root
Time elapsed: 17149 seconds
File Contains: 133000 entries.
NMiss: 1782795 | NFake: 2917232 | NMatch: 46196532
Processing file 556 of 817: /eos/cms/store/group/phys_heavyions/hbossi/mc_productions/QCD-dijet_pThat15-event-weighted_TuneCP5_5p36TeV_pythia8/OO_MC_DijetEmbedded_pThat-15to1200_TuneCP5_5p36TeV_pythia8/260306_002843/0000/HiForestMiniAOD_600.root
Time elapsed: 17188 seconds
File Contains: 91000 entries.
NMiss: 1785239 | NFake: 2921058 | NMatch: 46257592
Processing file 557 of 817: /eos/cms/store/group/phys_heavyions/hbossi/mc_productions/QCD-dijet_pThat15-event-weighted_TuneCP5_5p36TeV_pythia8/OO_MC_DijetEmbedded_pThat-15to1200_TuneCP5_5p36TeV_pythia8/260306_002843/0000/HiForestMiniAOD_601.root
Time elapsed: 17212 seconds
File Contains: 137000 entries.
NMiss: 1788762 | NFake: 2926960 | NMatch: 46349085
Processing file 558 of 817: /eos/cms/store/group/phys_heavyions/hbossi/mc_productions/QCD-dijet_pThat15-event-weighted_TuneCP5_5p36TeV_pythia8/OO_MC_DijetEmbedded_pThat-15to1200_TuneCP5_5p36TeV_pythia8/260306_002843/0000/HiForestMiniAOD_602.root
Time elapsed: 17337 seconds
File Contains: 92000 entries.
NMiss: 1791206 | NFake: 2930778 | NMatch: 46410315
Processing file 559 of 817: /eos/cms/store/group/phys_heavyions/hbossi/mc_productions/QCD-dijet_pThat15-event-weighted_TuneCP5_5p36TeV_pythia8/OO_MC_DijetEmbedded_pThat-15to1200_TuneCP5_5p36TeV_pythia8/260306_002843/0000/HiForestMiniAOD_603.root
Time elapsed: 17357 seconds
File Contains: 140000 entries.
NMiss: 1794847 | NFake: 2936657 | NMatch: 46503921
Processing file 560 of 817: /eos/cms/store/group/phys_heavyions/hbossi/mc_productions/QCD-dijet_pThat15-event-weighted_TuneCP5_5p36TeV_pythia8/OO_MC_DijetEmbedded_pThat-15to1200_TuneCP5_5p36TeV_pythia8/260306_002843/0000/HiForestMiniAOD_604.root
Time elapsed: 17394 seconds
File Contains: 137000 entries.
NMiss: 1798299 | NFake: 2942592 | NMatch: 46595736
Processing file 561 of 817: /eos/cms/store/group/phys_heavyions/hbossi/mc_productions/QCD-dijet_pThat15-event-weighted_TuneCP5_5p36TeV_pythia8/OO_MC_DijetEmbedded_pThat-15to1200_TuneCP5_5p36TeV_pythia8/260306_002843/0000/HiForestMiniAOD_605.root
Time elapsed: 17439 seconds
File Contains: 111000 entries.
NMiss: 1801179 | NFake: 2947356 | NMatch: 46670198
Processing file 562 of 817: /eos/cms/store/group/phys_heavyions/hbossi/mc_productions/QCD-dijet_pThat15-event-weighted_TuneCP5_5p36TeV_pythia8/OO_MC_DijetEmbedded_pThat-15to1200_TuneCP5_5p36TeV_pythia8/260306_002843/0000/HiForestMiniAOD_606.root
Time elapsed: 17467 seconds
File Contains: 134000 entries.
NMiss: 1804791 | NFake: 2953120 | NMatch: 46759542
Processing file 563 of 817: /eos/cms/store/group/phys_heavyions/hbossi/mc_productions/QCD-dijet_pThat15-event-weighted_TuneCP5_5p36TeV_pythia8/OO_MC_DijetEmbedded_pThat-15to1200_TuneCP5_5p36TeV_pythia8/260306_002843/0000/HiForestMiniAOD_607.root
Time elapsed: 17503 seconds
File Contains: 112000 entries.
NMiss: 1807724 | NFake: 2957852 | NMatch: 46834584
Processing file 564 of 817: /eos/cms/store/group/phys_heavyions/hbossi/mc_productions/QCD-dijet_pThat15-event-weighted_TuneCP5_5p36TeV_pythia8/OO_MC_DijetEmbedded_pThat-15to1200_TuneCP5_5p36TeV_pythia8/260306_002843/0000/HiForestMiniAOD_608.root
Time elapsed: 17525 seconds
File Contains: 139000 entries.
NMiss: 1811264 | NFake: 2963687 | NMatch: 46928184
Processing file 565 of 817: /eos/cms/store/group/phys_heavyions/hbossi/mc_productions/QCD-dijet_pThat15-event-weighted_TuneCP5_5p36TeV_pythia8/OO_MC_DijetEmbedded_pThat-15to1200_TuneCP5_5p36TeV_pythia8/260306_002843/0000/HiForestMiniAOD_609.root
Time elapsed: 17552 seconds
File Contains: 94000 entries.
NMiss: 1813709 | NFake: 2967665 | NMatch: 46991317
Processing file 566 of 817: /eos/cms/store/group/phys_heavyions/hbossi/mc_productions/QCD-dijet_pThat15-event-weighted_TuneCP5_5p36TeV_pythia8/OO_MC_DijetEmbedded_pThat-15to1200_TuneCP5_5p36TeV_pythia8/260306_002843/0000/HiForestMiniAOD_61.root
Time elapsed: 17566 seconds
File Contains: 130000 entries.
NMiss: 1816980 | NFake: 2972937 | NMatch: 47078701
Processing file 567 of 817: /eos/cms/store/group/phys_heavyions/hbossi/mc_productions/QCD-dijet_pThat15-event-weighted_TuneCP5_5p36TeV_pythia8/OO_MC_DijetEmbedded_pThat-15to1200_TuneCP5_5p36TeV_pythia8/260306_002843/0000/HiForestMiniAOD_610.root
Time elapsed: 17588 seconds
File Contains: 126000 entries.
NMiss: 1820193 | NFake: 2978292 | NMatch: 47163387
Processing file 568 of 817: /eos/cms/store/group/phys_heavyions/hbossi/mc_productions/QCD-dijet_pThat15-event-weighted_TuneCP5_5p36TeV_pythia8/OO_MC_DijetEmbedded_pThat-15to1200_TuneCP5_5p36TeV_pythia8/260306_002843/0000/HiForestMiniAOD_611.root
Time elapsed: 17613 seconds
File Contains: 130000 entries.
NMiss: 1823601 | NFake: 2983882 | NMatch: 47250535
Processing file 569 of 817: /eos/cms/store/group/phys_heavyions/hbossi/mc_productions/QCD-dijet_pThat15-event-weighted_TuneCP5_5p36TeV_pythia8/OO_MC_DijetEmbedded_pThat-15to1200_TuneCP5_5p36TeV_pythia8/260306_002843/0000/HiForestMiniAOD_612.root
Time elapsed: 17636 seconds
File Contains: 97000 entries.
NMiss: 1826104 | NFake: 2987910 | NMatch: 47315593
Processing file 570 of 817: /eos/cms/store/group/phys_heavyions/hbossi/mc_productions/QCD-dijet_pThat15-event-weighted_TuneCP5_5p36TeV_pythia8/OO_MC_DijetEmbedded_pThat-15to1200_TuneCP5_5p36TeV_pythia8/260306_002843/0000/HiForestMiniAOD_613.root
Time elapsed: 17651 seconds
File Contains: 148000 entries.
NMiss: 1829957 | NFake: 2994086 | NMatch: 47415011
Processing file 571 of 817: /eos/cms/store/group/phys_heavyions/hbossi/mc_productions/QCD-dijet_pThat15-event-weighted_TuneCP5_5p36TeV_pythia8/OO_MC_DijetEmbedded_pThat-15to1200_TuneCP5_5p36TeV_pythia8/260306_002843/0000/HiForestMiniAOD_614.root
Time elapsed: 17679 seconds
File Contains: 110000 entries.
NMiss: 1832863 | NFake: 2998783 | NMatch: 47488400
Processing file 572 of 817: /eos/cms/store/group/phys_heavyions/hbossi/mc_productions/QCD-dijet_pThat15-event-weighted_TuneCP5_5p36TeV_pythia8/OO_MC_DijetEmbedded_pThat-15to1200_TuneCP5_5p36TeV_pythia8/260306_002843/0000/HiForestMiniAOD_615.root
Time elapsed: 17706 seconds
File Contains: 159000 entries.
NMiss: 1836864 | NFake: 3005373 | NMatch: 47594714
Processing file 573 of 817: /eos/cms/store/group/phys_heavyions/hbossi/mc_productions/QCD-dijet_pThat15-event-weighted_TuneCP5_5p36TeV_pythia8/OO_MC_DijetEmbedded_pThat-15to1200_TuneCP5_5p36TeV_pythia8/260306_002843/0000/HiForestMiniAOD_616.root
Time elapsed: 17730 seconds
File Contains: 101000 entries.
NMiss: 1839481 | NFake: 3009721 | NMatch: 47662417
Processing file 574 of 817: /eos/cms/store/group/phys_heavyions/hbossi/mc_productions/QCD-dijet_pThat15-event-weighted_TuneCP5_5p36TeV_pythia8/OO_MC_DijetEmbedded_pThat-15to1200_TuneCP5_5p36TeV_pythia8/260306_002843/0000/HiForestMiniAOD_617.root
Time elapsed: 17757 seconds
File Contains: 114000 entries.
NMiss: 1842393 | NFake: 3014551 | NMatch: 47739312
Processing file 575 of 817: /eos/cms/store/group/phys_heavyions/hbossi/mc_productions/QCD-dijet_pThat15-event-weighted_TuneCP5_5p36TeV_pythia8/OO_MC_DijetEmbedded_pThat-15to1200_TuneCP5_5p36TeV_pythia8/260306_002843/0000/HiForestMiniAOD_618.root
Time elapsed: 17776 seconds
File Contains: 129000 entries.
NMiss: 1845734 | NFake: 3019934 | NMatch: 47825530
Processing file 576 of 817: /eos/cms/store/group/phys_heavyions/hbossi/mc_productions/QCD-dijet_pThat15-event-weighted_TuneCP5_5p36TeV_pythia8/OO_MC_DijetEmbedded_pThat-15to1200_TuneCP5_5p36TeV_pythia8/260306_002843/0000/HiForestMiniAOD_619.root
Time elapsed: 17799 seconds
File Contains: 135000 entries.
NMiss: 1849155 | NFake: 3025589 | NMatch: 47916052
Processing file 577 of 817: /eos/cms/store/group/phys_heavyions/hbossi/mc_productions/QCD-dijet_pThat15-event-weighted_TuneCP5_5p36TeV_pythia8/OO_MC_DijetEmbedded_pThat-15to1200_TuneCP5_5p36TeV_pythia8/260306_002843/0000/HiForestMiniAOD_62.root
Time elapsed: 17824 seconds
File Contains: 127000 entries.
NMiss: 1852404 | NFake: 3030948 | NMatch: 48001057
Processing file 578 of 817: /eos/cms/store/group/phys_heavyions/hbossi/mc_productions/QCD-dijet_pThat15-event-weighted_TuneCP5_5p36TeV_pythia8/OO_MC_DijetEmbedded_pThat-15to1200_TuneCP5_5p36TeV_pythia8/260306_002843/0000/HiForestMiniAOD_620.root
Time elapsed: 17847 seconds
File Contains: 137000 entries.
NMiss: 1855856 | NFake: 3036650 | NMatch: 48092876
Processing file 579 of 817: /eos/cms/store/group/phys_heavyions/hbossi/mc_productions/QCD-dijet_pThat15-event-weighted_TuneCP5_5p36TeV_pythia8/OO_MC_DijetEmbedded_pThat-15to1200_TuneCP5_5p36TeV_pythia8/260306_002843/0000/HiForestMiniAOD_621.root
Time elapsed: 17871 seconds
File Contains: 113000 entries.
NMiss: 1858784 | NFake: 3041375 | NMatch: 48168504
Processing file 580 of 817: /eos/cms/store/group/phys_heavyions/hbossi/mc_productions/QCD-dijet_pThat15-event-weighted_TuneCP5_5p36TeV_pythia8/OO_MC_DijetEmbedded_pThat-15to1200_TuneCP5_5p36TeV_pythia8/260306_002843/0000/HiForestMiniAOD_622.root
Time elapsed: 17899 seconds
File Contains: 165000 entries.
NMiss: 1863107 | NFake: 3048338 | NMatch: 48278832
Processing file 581 of 817: /eos/cms/store/group/phys_heavyions/hbossi/mc_productions/QCD-dijet_pThat15-event-weighted_TuneCP5_5p36TeV_pythia8/OO_MC_DijetEmbedded_pThat-15to1200_TuneCP5_5p36TeV_pythia8/260306_002843/0000/HiForestMiniAOD_623.root
Time elapsed: 17929 seconds
File Contains: 119000 entries.
NMiss: 1866156 | NFake: 3053350 | NMatch: 48358623
Processing file 582 of 817: /eos/cms/store/group/phys_heavyions/hbossi/mc_productions/QCD-dijet_pThat15-event-weighted_TuneCP5_5p36TeV_pythia8/OO_MC_DijetEmbedded_pThat-15to1200_TuneCP5_5p36TeV_pythia8/260306_002843/0000/HiForestMiniAOD_624.root
Time elapsed: 17953 seconds
File Contains: 137000 entries.
NMiss: 1869775 | NFake: 3059047 | NMatch: 48450680
Processing file 583 of 817: /eos/cms/store/group/phys_heavyions/hbossi/mc_productions/QCD-dijet_pThat15-event-weighted_TuneCP5_5p36TeV_pythia8/OO_MC_DijetEmbedded_pThat-15to1200_TuneCP5_5p36TeV_pythia8/260306_002843/0000/HiForestMiniAOD_625.root
Time elapsed: 17986 seconds
File Contains: 101000 entries.
NMiss: 1872442 | NFake: 3063225 | NMatch: 48518882
Processing file 584 of 817: /eos/cms/store/group/phys_heavyions/hbossi/mc_productions/QCD-dijet_pThat15-event-weighted_TuneCP5_5p36TeV_pythia8/OO_MC_DijetEmbedded_pThat-15to1200_TuneCP5_5p36TeV_pythia8/260306_002843/0000/HiForestMiniAOD_626.root
Time elapsed: 18037 seconds
File Contains: 123000 entries.
NMiss: 1875636 | NFake: 3068214 | NMatch: 48601068
Processing file 585 of 817: /eos/cms/store/group/phys_heavyions/hbossi/mc_productions/QCD-dijet_pThat15-event-weighted_TuneCP5_5p36TeV_pythia8/OO_MC_DijetEmbedded_pThat-15to1200_TuneCP5_5p36TeV_pythia8/260306_002843/0000/HiForestMiniAOD_627.root
Time elapsed: 18071 seconds
File Contains: 113000 entries.
NMiss: 1878557 | NFake: 3072969 | NMatch: 48676843
Processing file 586 of 817: /eos/cms/store/group/phys_heavyions/hbossi/mc_productions/QCD-dijet_pThat15-event-weighted_TuneCP5_5p36TeV_pythia8/OO_MC_DijetEmbedded_pThat-15to1200_TuneCP5_5p36TeV_pythia8/260306_002843/0000/HiForestMiniAOD_628.root
Time elapsed: 18118 seconds
File Contains: 115000 entries.
NMiss: 1881553 | NFake: 3077946 | NMatch: 48753635
Processing file 587 of 817: /eos/cms/store/group/phys_heavyions/hbossi/mc_productions/QCD-dijet_pThat15-event-weighted_TuneCP5_5p36TeV_pythia8/OO_MC_DijetEmbedded_pThat-15to1200_TuneCP5_5p36TeV_pythia8/260306_002843/0000/HiForestMiniAOD_629.root
Time elapsed: 18141 seconds
File Contains: 128000 entries.
NMiss: 1884850 | NFake: 3083289 | NMatch: 48839305
Processing file 588 of 817: /eos/cms/store/group/phys_heavyions/hbossi/mc_productions/QCD-dijet_pThat15-event-weighted_TuneCP5_5p36TeV_pythia8/OO_MC_DijetEmbedded_pThat-15to1200_TuneCP5_5p36TeV_pythia8/260306_002843/0000/HiForestMiniAOD_63.root
Time elapsed: 18179 seconds
File Contains: 124000 entries.
NMiss: 1888050 | NFake: 3088575 | NMatch: 48922193
Processing file 589 of 817: /eos/cms/store/group/phys_heavyions/hbossi/mc_productions/QCD-dijet_pThat15-event-weighted_TuneCP5_5p36TeV_pythia8/OO_MC_DijetEmbedded_pThat-15to1200_TuneCP5_5p36TeV_pythia8/260306_002843/0000/HiForestMiniAOD_630.root
Time elapsed: 18213 seconds
File Contains: 164000 entries.
NMiss: 1892311 | NFake: 3095521 | NMatch: 49031993
Processing file 590 of 817: /eos/cms/store/group/phys_heavyions/hbossi/mc_productions/QCD-dijet_pThat15-event-weighted_TuneCP5_5p36TeV_pythia8/OO_MC_DijetEmbedded_pThat-15to1200_TuneCP5_5p36TeV_pythia8/260306_002843/0000/HiForestMiniAOD_631.root
Time elapsed: 18237 seconds
File Contains: 142000 entries.
NMiss: 1896015 | NFake: 3101477 | NMatch: 49127497
Processing file 591 of 817: /eos/cms/store/group/phys_heavyions/hbossi/mc_productions/QCD-dijet_pThat15-event-weighted_TuneCP5_5p36TeV_pythia8/OO_MC_DijetEmbedded_pThat-15to1200_TuneCP5_5p36TeV_pythia8/260306_002843/0000/HiForestMiniAOD_632.root
Time elapsed: 18261 seconds
File Contains: 107000 entries.
NMiss: 1898797 | NFake: 3105989 | NMatch: 49199264
Processing file 592 of 817: /eos/cms/store/group/phys_heavyions/hbossi/mc_productions/QCD-dijet_pThat15-event-weighted_TuneCP5_5p36TeV_pythia8/OO_MC_DijetEmbedded_pThat-15to1200_TuneCP5_5p36TeV_pythia8/260306_002843/0000/HiForestMiniAOD_633.root
Time elapsed: 18281 seconds
File Contains: 88000 entries.
NMiss: 1900923 | NFake: 3109700 | NMatch: 49258113
Processing file 593 of 817: /eos/cms/store/group/phys_heavyions/hbossi/mc_productions/QCD-dijet_pThat15-event-weighted_TuneCP5_5p36TeV_pythia8/OO_MC_DijetEmbedded_pThat-15to1200_TuneCP5_5p36TeV_pythia8/260306_002843/0000/HiForestMiniAOD_634.root
Time elapsed: 18295 seconds
File Contains: 106000 entries.
NMiss: 1903732 | NFake: 3114256 | NMatch: 49329420
Processing file 594 of 817: /eos/cms/store/group/phys_heavyions/hbossi/mc_productions/QCD-dijet_pThat15-event-weighted_TuneCP5_5p36TeV_pythia8/OO_MC_DijetEmbedded_pThat-15to1200_TuneCP5_5p36TeV_pythia8/260306_002843/0000/HiForestMiniAOD_635.root
Time elapsed: 18318 seconds
File Contains: 138000 entries.
NMiss: 1907424 | NFake: 3120125 | NMatch: 49421664
Processing file 595 of 817: /eos/cms/store/group/phys_heavyions/hbossi/mc_productions/QCD-dijet_pThat15-event-weighted_TuneCP5_5p36TeV_pythia8/OO_MC_DijetEmbedded_pThat-15to1200_TuneCP5_5p36TeV_pythia8/260306_002843/0000/HiForestMiniAOD_636.root
Time elapsed: 18344 seconds
File Contains: 128000 entries.
NMiss: 1910730 | NFake: 3125529 | NMatch: 49507760
Processing file 596 of 817: /eos/cms/store/group/phys_heavyions/hbossi/mc_productions/QCD-dijet_pThat15-event-weighted_TuneCP5_5p36TeV_pythia8/OO_MC_DijetEmbedded_pThat-15to1200_TuneCP5_5p36TeV_pythia8/260306_002843/0000/HiForestMiniAOD_637.root
Time elapsed: 18374 seconds
File Contains: 108000 entries.
NMiss: 1913516 | NFake: 3130144 | NMatch: 49579978
Processing file 597 of 817: /eos/cms/store/group/phys_heavyions/hbossi/mc_productions/QCD-dijet_pThat15-event-weighted_TuneCP5_5p36TeV_pythia8/OO_MC_DijetEmbedded_pThat-15to1200_TuneCP5_5p36TeV_pythia8/260306_002843/0000/HiForestMiniAOD_638.root
Time elapsed: 18414 seconds
File Contains: 129000 entries.
NMiss: 1916864 | NFake: 3135614 | NMatch: 49666625
Processing file 598 of 817: /eos/cms/store/group/phys_heavyions/hbossi/mc_productions/QCD-dijet_pThat15-event-weighted_TuneCP5_5p36TeV_pythia8/OO_MC_DijetEmbedded_pThat-15to1200_TuneCP5_5p36TeV_pythia8/260306_002843/0000/HiForestMiniAOD_639.root
Time elapsed: 18455 seconds
File Contains: 116000 entries.
NMiss: 1919767 | NFake: 3140500 | NMatch: 49744425
Processing file 599 of 817: /eos/cms/store/group/phys_heavyions/hbossi/mc_productions/QCD-dijet_pThat15-event-weighted_TuneCP5_5p36TeV_pythia8/OO_MC_DijetEmbedded_pThat-15to1200_TuneCP5_5p36TeV_pythia8/260306_002843/0000/HiForestMiniAOD_64.root
Time elapsed: 18482 seconds
File Contains: 138000 entries.
NMiss: 1923386 | NFake: 3146472 | NMatch: 49837024
Processing file 600 of 817: /eos/cms/store/group/phys_heavyions/hbossi/mc_productions/QCD-dijet_pThat15-event-weighted_TuneCP5_5p36TeV_pythia8/OO_MC_DijetEmbedded_pThat-15to1200_TuneCP5_5p36TeV_pythia8/260306_002843/0000/HiForestMiniAOD_640.root
Time elapsed: 18518 seconds
File Contains: 113000 entries.
NMiss: 1926304 | NFake: 3151233 | NMatch: 49912843
Processing file 601 of 817: /eos/cms/store/group/phys_heavyions/hbossi/mc_productions/QCD-dijet_pThat15-event-weighted_TuneCP5_5p36TeV_pythia8/OO_MC_DijetEmbedded_pThat-15to1200_TuneCP5_5p36TeV_pythia8/260306_002843/0000/HiForestMiniAOD_641.root
Time elapsed: 18576 seconds
File Contains: 117000 entries.
NMiss: 1929388 | NFake: 3156171 | NMatch: 49991392
Processing file 602 of 817: /eos/cms/store/group/phys_heavyions/hbossi/mc_productions/QCD-dijet_pThat15-event-weighted_TuneCP5_5p36TeV_pythia8/OO_MC_DijetEmbedded_pThat-15to1200_TuneCP5_5p36TeV_pythia8/260306_002843/0000/HiForestMiniAOD_642.root
Time elapsed: 18608 seconds
File Contains: 97000 entries.
NMiss: 1931922 | NFake: 3160298 | NMatch: 50055817
Processing file 603 of 817: /eos/cms/store/group/phys_heavyions/hbossi/mc_productions/QCD-dijet_pThat15-event-weighted_TuneCP5_5p36TeV_pythia8/OO_MC_DijetEmbedded_pThat-15to1200_TuneCP5_5p36TeV_pythia8/260306_002843/0000/HiForestMiniAOD_643.root
Time elapsed: 18625 seconds
File Contains: 126000 entries.
NMiss: 1935145 | NFake: 3165638 | NMatch: 50140136
Processing file 604 of 817: /eos/cms/store/group/phys_heavyions/hbossi/mc_productions/QCD-dijet_pThat15-event-weighted_TuneCP5_5p36TeV_pythia8/OO_MC_DijetEmbedded_pThat-15to1200_TuneCP5_5p36TeV_pythia8/260306_002843/0000/HiForestMiniAOD_644.root
Time elapsed: 18643 seconds
File Contains: 154000 entries.
NMiss: 1939160 | NFake: 3172183 | NMatch: 50243162
Processing file 605 of 817: /eos/cms/store/group/phys_heavyions/hbossi/mc_productions/QCD-dijet_pThat15-event-weighted_TuneCP5_5p36TeV_pythia8/OO_MC_DijetEmbedded_pThat-15to1200_TuneCP5_5p36TeV_pythia8/260306_002843/0000/HiForestMiniAOD_645.root
Time elapsed: 18679 seconds
File Contains: 120000 entries.
NMiss: 1942200 | NFake: 3177151 | NMatch: 50323374
Processing file 606 of 817: /eos/cms/store/group/phys_heavyions/hbossi/mc_productions/QCD-dijet_pThat15-event-weighted_TuneCP5_5p36TeV_pythia8/OO_MC_DijetEmbedded_pThat-15to1200_TuneCP5_5p36TeV_pythia8/260306_002843/0000/HiForestMiniAOD_646.root
Time elapsed: 18732 seconds
File Contains: 101000 entries.
NMiss: 1944818 | NFake: 3181331 | NMatch: 50390997
Processing file 607 of 817: /eos/cms/store/group/phys_heavyions/hbossi/mc_productions/QCD-dijet_pThat15-event-weighted_TuneCP5_5p36TeV_pythia8/OO_MC_DijetEmbedded_pThat-15to1200_TuneCP5_5p36TeV_pythia8/260306_002843/0000/HiForestMiniAOD_647.root
Time elapsed: 18782 seconds
File Contains: 135000 entries.
NMiss: 1948290 | NFake: 3187050 | NMatch: 50481336
Processing file 608 of 817: /eos/cms/store/group/phys_heavyions/hbossi/mc_productions/QCD-dijet_pThat15-event-weighted_TuneCP5_5p36TeV_pythia8/OO_MC_DijetEmbedded_pThat-15to1200_TuneCP5_5p36TeV_pythia8/260306_002843/0000/HiForestMiniAOD_648.root
Time elapsed: 18811 seconds
File Contains: 143000 entries.
NMiss: 1951962 | NFake: 3193146 | NMatch: 50577369
Processing file 609 of 817: /eos/cms/store/group/phys_heavyions/hbossi/mc_productions/QCD-dijet_pThat15-event-weighted_TuneCP5_5p36TeV_pythia8/OO_MC_DijetEmbedded_pThat-15to1200_TuneCP5_5p36TeV_pythia8/260306_002843/0000/HiForestMiniAOD_649.root
Time elapsed: 18850 seconds
File Contains: 106000 entries.
NMiss: 1954688 | NFake: 3197589 | NMatch: 50648600
Processing file 610 of 817: /eos/cms/store/group/phys_heavyions/hbossi/mc_productions/QCD-dijet_pThat15-event-weighted_TuneCP5_5p36TeV_pythia8/OO_MC_DijetEmbedded_pThat-15to1200_TuneCP5_5p36TeV_pythia8/260306_002843/0000/HiForestMiniAOD_65.root
Time elapsed: 18875 seconds
File Contains: 88000 entries.
NMiss: 1956884 | NFake: 3201264 | NMatch: 50707323
Processing file 611 of 817: /eos/cms/store/group/phys_heavyions/hbossi/mc_productions/QCD-dijet_pThat15-event-weighted_TuneCP5_5p36TeV_pythia8/OO_MC_DijetEmbedded_pThat-15to1200_TuneCP5_5p36TeV_pythia8/260306_002843/0000/HiForestMiniAOD_650.root
Time elapsed: 18905 seconds
File Contains: 138000 entries.
NMiss: 1960390 | NFake: 3207099 | NMatch: 50799880
Processing file 612 of 817: /eos/cms/store/group/phys_heavyions/hbossi/mc_productions/QCD-dijet_pThat15-event-weighted_TuneCP5_5p36TeV_pythia8/OO_MC_DijetEmbedded_pThat-15to1200_TuneCP5_5p36TeV_pythia8/260306_002843/0000/HiForestMiniAOD_651.root
Time elapsed: 18946 seconds
File Contains: 122000 entries.
NMiss: 1963436 | NFake: 3212274 | NMatch: 50882196
Processing file 613 of 817: /eos/cms/store/group/phys_heavyions/hbossi/mc_productions/QCD-dijet_pThat15-event-weighted_TuneCP5_5p36TeV_pythia8/OO_MC_DijetEmbedded_pThat-15to1200_TuneCP5_5p36TeV_pythia8/260306_002843/0000/HiForestMiniAOD_652.root
Time elapsed: 18972 seconds
File Contains: 111000 entries.
NMiss: 1966351 | NFake: 3216947 | NMatch: 50956515
Processing file 614 of 817: /eos/cms/store/group/phys_heavyions/hbossi/mc_productions/QCD-dijet_pThat15-event-weighted_TuneCP5_5p36TeV_pythia8/OO_MC_DijetEmbedded_pThat-15to1200_TuneCP5_5p36TeV_pythia8/260306_002843/0000/HiForestMiniAOD_653.root
Time elapsed: 19013 seconds
File Contains: 87000 entries.
NMiss: 1968602 | NFake: 3220654 | NMatch: 51015035
Processing file 615 of 817: /eos/cms/store/group/phys_heavyions/hbossi/mc_productions/QCD-dijet_pThat15-event-weighted_TuneCP5_5p36TeV_pythia8/OO_MC_DijetEmbedded_pThat-15to1200_TuneCP5_5p36TeV_pythia8/260306_002843/0000/HiForestMiniAOD_654.root
Time elapsed: 19038 seconds
File Contains: 110000 entries.
NMiss: 1971374 | NFake: 3225283 | NMatch: 51088867
Processing file 616 of 817: /eos/cms/store/group/phys_heavyions/hbossi/mc_productions/QCD-dijet_pThat15-event-weighted_TuneCP5_5p36TeV_pythia8/OO_MC_DijetEmbedded_pThat-15to1200_TuneCP5_5p36TeV_pythia8/260306_002843/0000/HiForestMiniAOD_655.root
Time elapsed: 19062 seconds
File Contains: 114000 entries.
NMiss: 1974335 | NFake: 3230121 | NMatch: 51165484
Processing file 617 of 817: /eos/cms/store/group/phys_heavyions/hbossi/mc_productions/QCD-dijet_pThat15-event-weighted_TuneCP5_5p36TeV_pythia8/OO_MC_DijetEmbedded_pThat-15to1200_TuneCP5_5p36TeV_pythia8/260306_002843/0000/HiForestMiniAOD_656.root
Time elapsed: 19089 seconds
File Contains: 105000 entries.
NMiss: 1977066 | NFake: 3234499 | NMatch: 51235516
Processing file 618 of 817: /eos/cms/store/group/phys_heavyions/hbossi/mc_productions/QCD-dijet_pThat15-event-weighted_TuneCP5_5p36TeV_pythia8/OO_MC_DijetEmbedded_pThat-15to1200_TuneCP5_5p36TeV_pythia8/260306_002843/0000/HiForestMiniAOD_657.root
Time elapsed: 19124 seconds
File Contains: 132000 entries.
NMiss: 1980465 | NFake: 3240212 | NMatch: 51323729
Processing file 619 of 817: /eos/cms/store/group/phys_heavyions/hbossi/mc_productions/QCD-dijet_pThat15-event-weighted_TuneCP5_5p36TeV_pythia8/OO_MC_DijetEmbedded_pThat-15to1200_TuneCP5_5p36TeV_pythia8/260306_002843/0000/HiForestMiniAOD_658.root
Time elapsed: 19154 seconds
File Contains: 115000 entries.
NMiss: 1983459 | NFake: 3245083 | NMatch: 51400724
Processing file 620 of 817: /eos/cms/store/group/phys_heavyions/hbossi/mc_productions/QCD-dijet_pThat15-event-weighted_TuneCP5_5p36TeV_pythia8/OO_MC_DijetEmbedded_pThat-15to1200_TuneCP5_5p36TeV_pythia8/260306_002843/0000/HiForestMiniAOD_659.root
Time elapsed: 19172 seconds
File Contains: 114000 entries.
NMiss: 1986344 | NFake: 3249736 | NMatch: 51476981
Processing file 621 of 817: /eos/cms/store/group/phys_heavyions/hbossi/mc_productions/QCD-dijet_pThat15-event-weighted_TuneCP5_5p36TeV_pythia8/OO_MC_DijetEmbedded_pThat-15to1200_TuneCP5_5p36TeV_pythia8/260306_002843/0000/HiForestMiniAOD_66.root
Time elapsed: 19189 seconds
File Contains: 101000 entries.
NMiss: 1989018 | NFake: 3254018 | NMatch: 51544378
Processing file 622 of 817: /eos/cms/store/group/phys_heavyions/hbossi/mc_productions/QCD-dijet_pThat15-event-weighted_TuneCP5_5p36TeV_pythia8/OO_MC_DijetEmbedded_pThat-15to1200_TuneCP5_5p36TeV_pythia8/260306_002843/0000/HiForestMiniAOD_660.root
Time elapsed: 19219 seconds
File Contains: 87000 entries.
NMiss: 1991327 | NFake: 3257718 | NMatch: 51602505
Processing file 623 of 817: /eos/cms/store/group/phys_heavyions/hbossi/mc_productions/QCD-dijet_pThat15-event-weighted_TuneCP5_5p36TeV_pythia8/OO_MC_DijetEmbedded_pThat-15to1200_TuneCP5_5p36TeV_pythia8/260306_002843/0000/HiForestMiniAOD_661.root
Time elapsed: 19237 seconds
File Contains: 160000 entries.
NMiss: 1995533 | NFake: 3264522 | NMatch: 51710091
Processing file 624 of 817: /eos/cms/store/group/phys_heavyions/hbossi/mc_productions/QCD-dijet_pThat15-event-weighted_TuneCP5_5p36TeV_pythia8/OO_MC_DijetEmbedded_pThat-15to1200_TuneCP5_5p36TeV_pythia8/260306_002843/0000/HiForestMiniAOD_662.root
Time elapsed: 19268 seconds
File Contains: 109000 entries.
NMiss: 1998360 | NFake: 3269100 | NMatch: 51783371
Processing file 625 of 817: /eos/cms/store/group/phys_heavyions/hbossi/mc_productions/QCD-dijet_pThat15-event-weighted_TuneCP5_5p36TeV_pythia8/OO_MC_DijetEmbedded_pThat-15to1200_TuneCP5_5p36TeV_pythia8/260306_002843/0000/HiForestMiniAOD_663.root
Time elapsed: 19286 seconds
File Contains: 105000 entries.
NMiss: 2001104 | NFake: 3273559 | NMatch: 51853732
Processing file 626 of 817: /eos/cms/store/group/phys_heavyions/hbossi/mc_productions/QCD-dijet_pThat15-event-weighted_TuneCP5_5p36TeV_pythia8/OO_MC_DijetEmbedded_pThat-15to1200_TuneCP5_5p36TeV_pythia8/260306_002843/0000/HiForestMiniAOD_664.root
Time elapsed: 19307 seconds
File Contains: 142000 entries.
NMiss: 2004756 | NFake: 3279521 | NMatch: 51948284
Processing file 627 of 817: /eos/cms/store/group/phys_heavyions/hbossi/mc_productions/QCD-dijet_pThat15-event-weighted_TuneCP5_5p36TeV_pythia8/OO_MC_DijetEmbedded_pThat-15to1200_TuneCP5_5p36TeV_pythia8/260306_002843/0000/HiForestMiniAOD_665.root
Time elapsed: 19334 seconds
File Contains: 109000 entries.
NMiss: 2007646 | NFake: 3284128 | NMatch: 52020774
Processing file 628 of 817: /eos/cms/store/group/phys_heavyions/hbossi/mc_productions/QCD-dijet_pThat15-event-weighted_TuneCP5_5p36TeV_pythia8/OO_MC_DijetEmbedded_pThat-15to1200_TuneCP5_5p36TeV_pythia8/260306_002843/0000/HiForestMiniAOD_666.root
Time elapsed: 19355 seconds
File Contains: 97000 entries.
NMiss: 2010158 | NFake: 3288196 | NMatch: 52086480
Processing file 629 of 817: /eos/cms/store/group/phys_heavyions/hbossi/mc_productions/QCD-dijet_pThat15-event-weighted_TuneCP5_5p36TeV_pythia8/OO_MC_DijetEmbedded_pThat-15to1200_TuneCP5_5p36TeV_pythia8/260306_002843/0000/HiForestMiniAOD_667.root
Time elapsed: 19376 seconds
File Contains: 133000 entries.
NMiss: 2013554 | NFake: 3293735 | NMatch: 52176111
Processing file 630 of 817: /eos/cms/store/group/phys_heavyions/hbossi/mc_productions/QCD-dijet_pThat15-event-weighted_TuneCP5_5p36TeV_pythia8/OO_MC_DijetEmbedded_pThat-15to1200_TuneCP5_5p36TeV_pythia8/260306_002843/0000/HiForestMiniAOD_668.root
Time elapsed: 19399 seconds
File Contains: 94000 entries.
NMiss: 2016005 | NFake: 3297661 | NMatch: 52239445
Processing file 631 of 817: /eos/cms/store/group/phys_heavyions/hbossi/mc_productions/QCD-dijet_pThat15-event-weighted_TuneCP5_5p36TeV_pythia8/OO_MC_DijetEmbedded_pThat-15to1200_TuneCP5_5p36TeV_pythia8/260306_002843/0000/HiForestMiniAOD_669.root
Time elapsed: 19434 seconds
File Contains: 96000 entries.
NMiss: 2018541 | NFake: 3301729 | NMatch: 52303658
Processing file 632 of 817: /eos/cms/store/group/phys_heavyions/hbossi/mc_productions/QCD-dijet_pThat15-event-weighted_TuneCP5_5p36TeV_pythia8/OO_MC_DijetEmbedded_pThat-15to1200_TuneCP5_5p36TeV_pythia8/260306_002843/0000/HiForestMiniAOD_67.root
Time elapsed: 19466 seconds
File Contains: 167000 entries.
NMiss: 2022771 | NFake: 3308731 | NMatch: 52415269
Processing file 633 of 817: /eos/cms/store/group/phys_heavyions/hbossi/mc_productions/QCD-dijet_pThat15-event-weighted_TuneCP5_5p36TeV_pythia8/OO_MC_DijetEmbedded_pThat-15to1200_TuneCP5_5p36TeV_pythia8/260306_002843/0000/HiForestMiniAOD_670.root
Time elapsed: 19493 seconds
File Contains: 120000 entries.
NMiss: 2025879 | NFake: 3313835 | NMatch: 52495793
Processing file 634 of 817: /eos/cms/store/group/phys_heavyions/hbossi/mc_productions/QCD-dijet_pThat15-event-weighted_TuneCP5_5p36TeV_pythia8/OO_MC_DijetEmbedded_pThat-15to1200_TuneCP5_5p36TeV_pythia8/260306_002843/0000/HiForestMiniAOD_671.root
Time elapsed: 19530 seconds
File Contains: 103000 entries.
NMiss: 2028508 | NFake: 3318305 | NMatch: 52565166
Processing file 635 of 817: /eos/cms/store/group/phys_heavyions/hbossi/mc_productions/QCD-dijet_pThat15-event-weighted_TuneCP5_5p36TeV_pythia8/OO_MC_DijetEmbedded_pThat-15to1200_TuneCP5_5p36TeV_pythia8/260306_002843/0000/HiForestMiniAOD_672.root
Time elapsed: 19553 seconds
File Contains: 114000 entries.
NMiss: 2031502 | NFake: 3323062 | NMatch: 52641898
Processing file 636 of 817: /eos/cms/store/group/phys_heavyions/hbossi/mc_productions/QCD-dijet_pThat15-event-weighted_TuneCP5_5p36TeV_pythia8/OO_MC_DijetEmbedded_pThat-15to1200_TuneCP5_5p36TeV_pythia8/260306_002843/0000/HiForestMiniAOD_673.root
Time elapsed: 19575 seconds
File Contains: 105000 entries.
NMiss: 2034169 | NFake: 3327546 | NMatch: 52711954
Processing file 637 of 817: /eos/cms/store/group/phys_heavyions/hbossi/mc_productions/QCD-dijet_pThat15-event-weighted_TuneCP5_5p36TeV_pythia8/OO_MC_DijetEmbedded_pThat-15to1200_TuneCP5_5p36TeV_pythia8/260306_002843/0000/HiForestMiniAOD_674.root
Time elapsed: 19591 seconds
File Contains: 115000 entries.
NMiss: 2037150 | NFake: 3332537 | NMatch: 52788846
Processing file 638 of 817: /eos/cms/store/group/phys_heavyions/hbossi/mc_productions/QCD-dijet_pThat15-event-weighted_TuneCP5_5p36TeV_pythia8/OO_MC_DijetEmbedded_pThat-15to1200_TuneCP5_5p36TeV_pythia8/260306_002843/0000/HiForestMiniAOD_675.root
Time elapsed: 19614 seconds
File Contains: 122000 entries.
NMiss: 2040305 | NFake: 3337660 | NMatch: 52871185
Processing file 639 of 817: /eos/cms/store/group/phys_heavyions/hbossi/mc_productions/QCD-dijet_pThat15-event-weighted_TuneCP5_5p36TeV_pythia8/OO_MC_DijetEmbedded_pThat-15to1200_TuneCP5_5p36TeV_pythia8/260306_002843/0000/HiForestMiniAOD_676.root
Time elapsed: 19637 seconds
File Contains: 141000 entries.
NMiss: 2043975 | NFake: 3343658 | NMatch: 52964896
Processing file 640 of 817: /eos/cms/store/group/phys_heavyions/hbossi/mc_productions/QCD-dijet_pThat15-event-weighted_TuneCP5_5p36TeV_pythia8/OO_MC_DijetEmbedded_pThat-15to1200_TuneCP5_5p36TeV_pythia8/260306_002843/0000/HiForestMiniAOD_677.root
Time elapsed: 19659 seconds
File Contains: 105000 entries.
NMiss: 2046663 | NFake: 3348157 | NMatch: 53035221
Processing file 641 of 817: /eos/cms/store/group/phys_heavyions/hbossi/mc_productions/QCD-dijet_pThat15-event-weighted_TuneCP5_5p36TeV_pythia8/OO_MC_DijetEmbedded_pThat-15to1200_TuneCP5_5p36TeV_pythia8/260306_002843/0000/HiForestMiniAOD_678.root
Time elapsed: 19678 seconds
File Contains: 111000 entries.
NMiss: 2049533 | NFake: 3352945 | NMatch: 53109850
Processing file 642 of 817: /eos/cms/store/group/phys_heavyions/hbossi/mc_productions/QCD-dijet_pThat15-event-weighted_TuneCP5_5p36TeV_pythia8/OO_MC_DijetEmbedded_pThat-15to1200_TuneCP5_5p36TeV_pythia8/260306_002843/0000/HiForestMiniAOD_679.root
Time elapsed: 19694 seconds
File Contains: 128000 entries.
NMiss: 2052758 | NFake: 3358343 | NMatch: 53195809
Processing file 643 of 817: /eos/cms/store/group/phys_heavyions/hbossi/mc_productions/QCD-dijet_pThat15-event-weighted_TuneCP5_5p36TeV_pythia8/OO_MC_DijetEmbedded_pThat-15to1200_TuneCP5_5p36TeV_pythia8/260306_002843/0000/HiForestMiniAOD_68.root
Time elapsed: 19724 seconds
File Contains: 99000 entries.
NMiss: 2055261 | NFake: 3362642 | NMatch: 53262338
Processing file 644 of 817: /eos/cms/store/group/phys_heavyions/hbossi/mc_productions/QCD-dijet_pThat15-event-weighted_TuneCP5_5p36TeV_pythia8/OO_MC_DijetEmbedded_pThat-15to1200_TuneCP5_5p36TeV_pythia8/260306_002843/0000/HiForestMiniAOD_680.root
Time elapsed: 19746 seconds
File Contains: 122000 entries.
NMiss: 2058415 | NFake: 3368012 | NMatch: 53343790
Processing file 645 of 817: /eos/cms/store/group/phys_heavyions/hbossi/mc_productions/QCD-dijet_pThat15-event-weighted_TuneCP5_5p36TeV_pythia8/OO_MC_DijetEmbedded_pThat-15to1200_TuneCP5_5p36TeV_pythia8/260306_002843/0000/HiForestMiniAOD_681.root
Time elapsed: 19778 seconds
File Contains: 97000 entries.
NMiss: 2060951 | NFake: 3371966 | NMatch: 53409277
Processing file 646 of 817: /eos/cms/store/group/phys_heavyions/hbossi/mc_productions/QCD-dijet_pThat15-event-weighted_TuneCP5_5p36TeV_pythia8/OO_MC_DijetEmbedded_pThat-15to1200_TuneCP5_5p36TeV_pythia8/260306_002843/0000/HiForestMiniAOD_682.root
Time elapsed: 19815 seconds
File Contains: 140000 entries.
NMiss: 2064502 | NFake: 3378069 | NMatch: 53502672
Processing file 647 of 817: /eos/cms/store/group/phys_heavyions/hbossi/mc_productions/QCD-dijet_pThat15-event-weighted_TuneCP5_5p36TeV_pythia8/OO_MC_DijetEmbedded_pThat-15to1200_TuneCP5_5p36TeV_pythia8/260306_002843/0000/HiForestMiniAOD_683.root
Time elapsed: 19858 seconds
File Contains: 118000 entries.
NMiss: 2067627 | NFake: 3383213 | NMatch: 53581347
Processing file 648 of 817: /eos/cms/store/group/phys_heavyions/hbossi/mc_productions/QCD-dijet_pThat15-event-weighted_TuneCP5_5p36TeV_pythia8/OO_MC_DijetEmbedded_pThat-15to1200_TuneCP5_5p36TeV_pythia8/260306_002843/0000/HiForestMiniAOD_684.root
Time elapsed: 19886 seconds
File Contains: 167000 entries.
NMiss: 2072034 | NFake: 3390337 | NMatch: 53693907
Processing file 649 of 817: /eos/cms/store/group/phys_heavyions/hbossi/mc_productions/QCD-dijet_pThat15-event-weighted_TuneCP5_5p36TeV_pythia8/OO_MC_DijetEmbedded_pThat-15to1200_TuneCP5_5p36TeV_pythia8/260306_002843/0000/HiForestMiniAOD_685.root
Time elapsed: 19927 seconds
File Contains: 134000 entries.
NMiss: 2075542 | NFake: 3396089 | NMatch: 53783789
Processing file 650 of 817: /eos/cms/store/group/phys_heavyions/hbossi/mc_productions/QCD-dijet_pThat15-event-weighted_TuneCP5_5p36TeV_pythia8/OO_MC_DijetEmbedded_pThat-15to1200_TuneCP5_5p36TeV_pythia8/260306_002843/0000/HiForestMiniAOD_686.root
Time elapsed: 19946 seconds
File Contains: 144000 entries.
NMiss: 2079325 | NFake: 3402090 | NMatch: 53879697
Processing file 651 of 817: /eos/cms/store/group/phys_heavyions/hbossi/mc_productions/QCD-dijet_pThat15-event-weighted_TuneCP5_5p36TeV_pythia8/OO_MC_DijetEmbedded_pThat-15to1200_TuneCP5_5p36TeV_pythia8/260306_002843/0000/HiForestMiniAOD_687.root
Time elapsed: 19982 seconds
File Contains: 147000 entries.
NMiss: 2083195 | NFake: 3408461 | NMatch: 53977858
Processing file 652 of 817: /eos/cms/store/group/phys_heavyions/hbossi/mc_productions/QCD-dijet_pThat15-event-weighted_TuneCP5_5p36TeV_pythia8/OO_MC_DijetEmbedded_pThat-15to1200_TuneCP5_5p36TeV_pythia8/260306_002843/0000/HiForestMiniAOD_688.root
Time elapsed: 20026 seconds
File Contains: 92000 entries.
NMiss: 2085578 | NFake: 3412444 | NMatch: 54039449
Processing file 653 of 817: /eos/cms/store/group/phys_heavyions/hbossi/mc_productions/QCD-dijet_pThat15-event-weighted_TuneCP5_5p36TeV_pythia8/OO_MC_DijetEmbedded_pThat-15to1200_TuneCP5_5p36TeV_pythia8/260306_002843/0000/HiForestMiniAOD_689.root
Time elapsed: 20056 seconds
File Contains: 122000 entries.
NMiss: 2088774 | NFake: 3417683 | NMatch: 54120707
Processing file 654 of 817: /eos/cms/store/group/phys_heavyions/hbossi/mc_productions/QCD-dijet_pThat15-event-weighted_TuneCP5_5p36TeV_pythia8/OO_MC_DijetEmbedded_pThat-15to1200_TuneCP5_5p36TeV_pythia8/260306_002843/0000/HiForestMiniAOD_69.root
Time elapsed: 20075 seconds
File Contains: 92000 entries.
NMiss: 2091231 | NFake: 3421513 | NMatch: 54182495
Processing file 655 of 817: /eos/cms/store/group/phys_heavyions/hbossi/mc_productions/QCD-dijet_pThat15-event-weighted_TuneCP5_5p36TeV_pythia8/OO_MC_DijetEmbedded_pThat-15to1200_TuneCP5_5p36TeV_pythia8/260306_002843/0000/HiForestMiniAOD_690.root
Time elapsed: 20115 seconds
File Contains: 124000 entries.
NMiss: 2094493 | NFake: 3426703 | NMatch: 54265796
Processing file 656 of 817: /eos/cms/store/group/phys_heavyions/hbossi/mc_productions/QCD-dijet_pThat15-event-weighted_TuneCP5_5p36TeV_pythia8/OO_MC_DijetEmbedded_pThat-15to1200_TuneCP5_5p36TeV_pythia8/260306_002843/0000/HiForestMiniAOD_691.root
Time elapsed: 20138 seconds
File Contains: 141000 entries.
NMiss: 2098011 | NFake: 3432740 | NMatch: 54360475
Processing file 657 of 817: /eos/cms/store/group/phys_heavyions/hbossi/mc_productions/QCD-dijet_pThat15-event-weighted_TuneCP5_5p36TeV_pythia8/OO_MC_DijetEmbedded_pThat-15to1200_TuneCP5_5p36TeV_pythia8/260306_002843/0000/HiForestMiniAOD_692.root
Time elapsed: 20167 seconds
File Contains: 113000 entries.
NMiss: 2100894 | NFake: 3437626 | NMatch: 54436162
Processing file 658 of 817: /eos/cms/store/group/phys_heavyions/hbossi/mc_productions/QCD-dijet_pThat15-event-weighted_TuneCP5_5p36TeV_pythia8/OO_MC_DijetEmbedded_pThat-15to1200_TuneCP5_5p36TeV_pythia8/260306_002843/0000/HiForestMiniAOD_693.root
Time elapsed: 20214 seconds
File Contains: 133000 entries.
NMiss: 2104386 | NFake: 3443245 | NMatch: 54524417
Processing file 659 of 817: /eos/cms/store/group/phys_heavyions/hbossi/mc_productions/QCD-dijet_pThat15-event-weighted_TuneCP5_5p36TeV_pythia8/OO_MC_DijetEmbedded_pThat-15to1200_TuneCP5_5p36TeV_pythia8/260306_002843/0000/HiForestMiniAOD_694.root
Time elapsed: 20237 seconds
File Contains: 138000 entries.
NMiss: 2107968 | NFake: 3449105 | NMatch: 54617295
Processing file 660 of 817: /eos/cms/store/group/phys_heavyions/hbossi/mc_productions/QCD-dijet_pThat15-event-weighted_TuneCP5_5p36TeV_pythia8/OO_MC_DijetEmbedded_pThat-15to1200_TuneCP5_5p36TeV_pythia8/260306_002843/0000/HiForestMiniAOD_695.root
Time elapsed: 20277 seconds
File Contains: 165000 entries.
NMiss: 2112242 | NFake: 3456043 | NMatch: 54728610
Processing file 661 of 817: /eos/cms/store/group/phys_heavyions/hbossi/mc_productions/QCD-dijet_pThat15-event-weighted_TuneCP5_5p36TeV_pythia8/OO_MC_DijetEmbedded_pThat-15to1200_TuneCP5_5p36TeV_pythia8/260306_002843/0000/HiForestMiniAOD_696.root
Time elapsed: 20300 seconds
File Contains: 146000 entries.
NMiss: 2116055 | NFake: 3462068 | NMatch: 54826297
Processing file 662 of 817: /eos/cms/store/group/phys_heavyions/hbossi/mc_productions/QCD-dijet_pThat15-event-weighted_TuneCP5_5p36TeV_pythia8/OO_MC_DijetEmbedded_pThat-15to1200_TuneCP5_5p36TeV_pythia8/260306_002843/0000/HiForestMiniAOD_697.root
Time elapsed: 20337 seconds
File Contains: 124000 entries.
NMiss: 2119287 | NFake: 3467279 | NMatch: 54909591
Processing file 663 of 817: /eos/cms/store/group/phys_heavyions/hbossi/mc_productions/QCD-dijet_pThat15-event-weighted_TuneCP5_5p36TeV_pythia8/OO_MC_DijetEmbedded_pThat-15to1200_TuneCP5_5p36TeV_pythia8/260306_002843/0000/HiForestMiniAOD_698.root
Time elapsed: 20368 seconds
File Contains: 121000 entries.
NMiss: 2122400 | NFake: 3472426 | NMatch: 54991083
Processing file 664 of 817: /eos/cms/store/group/phys_heavyions/hbossi/mc_productions/QCD-dijet_pThat15-event-weighted_TuneCP5_5p36TeV_pythia8/OO_MC_DijetEmbedded_pThat-15to1200_TuneCP5_5p36TeV_pythia8/260306_002843/0000/HiForestMiniAOD_699.root
Time elapsed: 20385 seconds
File Contains: 138000 entries.
NMiss: 2126076 | NFake: 3478314 | NMatch: 55083342
Processing file 665 of 817: /eos/cms/store/group/phys_heavyions/hbossi/mc_productions/QCD-dijet_pThat15-event-weighted_TuneCP5_5p36TeV_pythia8/OO_MC_DijetEmbedded_pThat-15to1200_TuneCP5_5p36TeV_pythia8/260306_002843/0000/HiForestMiniAOD_7.root
Time elapsed: 20422 seconds
File Contains: 126000 entries.
NMiss: 2129347 | NFake: 3483594 | NMatch: 55167458
Processing file 666 of 817: /eos/cms/store/group/phys_heavyions/hbossi/mc_productions/QCD-dijet_pThat15-event-weighted_TuneCP5_5p36TeV_pythia8/OO_MC_DijetEmbedded_pThat-15to1200_TuneCP5_5p36TeV_pythia8/260306_002843/0000/HiForestMiniAOD_70.root
Time elapsed: 20453 seconds
File Contains: 97000 entries.
NMiss: 2131843 | NFake: 3487791 | NMatch: 55232313
Processing file 667 of 817: /eos/cms/store/group/phys_heavyions/hbossi/mc_productions/QCD-dijet_pThat15-event-weighted_TuneCP5_5p36TeV_pythia8/OO_MC_DijetEmbedded_pThat-15to1200_TuneCP5_5p36TeV_pythia8/260306_002843/0000/HiForestMiniAOD_700.root
Time elapsed: 20478 seconds
File Contains: 103000 entries.
NMiss: 2134514 | NFake: 3492117 | NMatch: 55301181
Processing file 668 of 817: /eos/cms/store/group/phys_heavyions/hbossi/mc_productions/QCD-dijet_pThat15-event-weighted_TuneCP5_5p36TeV_pythia8/OO_MC_DijetEmbedded_pThat-15to1200_TuneCP5_5p36TeV_pythia8/260306_002843/0000/HiForestMiniAOD_701.root
Time elapsed: 20504 seconds
File Contains: 100000 entries.
NMiss: 2137115 | NFake: 3496387 | NMatch: 55368328
Processing file 669 of 817: /eos/cms/store/group/phys_heavyions/hbossi/mc_productions/QCD-dijet_pThat15-event-weighted_TuneCP5_5p36TeV_pythia8/OO_MC_DijetEmbedded_pThat-15to1200_TuneCP5_5p36TeV_pythia8/260306_002843/0000/HiForestMiniAOD_702.root
Time elapsed: 20524 seconds
File Contains: 112000 entries.
NMiss: 2140023 | NFake: 3501184 | NMatch: 55443457
Processing file 670 of 817: /eos/cms/store/group/phys_heavyions/hbossi/mc_productions/QCD-dijet_pThat15-event-weighted_TuneCP5_5p36TeV_pythia8/OO_MC_DijetEmbedded_pThat-15to1200_TuneCP5_5p36TeV_pythia8/260306_002843/0000/HiForestMiniAOD_703.root
Time elapsed: 20566 seconds
File Contains: 95000 entries.
NMiss: 2142585 | NFake: 3505052 | NMatch: 55507119
Processing file 671 of 817: /eos/cms/store/group/phys_heavyions/hbossi/mc_productions/QCD-dijet_pThat15-event-weighted_TuneCP5_5p36TeV_pythia8/OO_MC_DijetEmbedded_pThat-15to1200_TuneCP5_5p36TeV_pythia8/260306_002843/0000/HiForestMiniAOD_704.root
Time elapsed: 20611 seconds
File Contains: 139000 entries.
NMiss: 2146200 | NFake: 3510896 | NMatch: 55600657
Processing file 672 of 817: /eos/cms/store/group/phys_heavyions/hbossi/mc_productions/QCD-dijet_pThat15-event-weighted_TuneCP5_5p36TeV_pythia8/OO_MC_DijetEmbedded_pThat-15to1200_TuneCP5_5p36TeV_pythia8/260306_002843/0000/HiForestMiniAOD_705.root
Time elapsed: 20642 seconds
File Contains: 114000 entries.
NMiss: 2149196 | NFake: 3515793 | NMatch: 55677259
Processing file 673 of 817: /eos/cms/store/group/phys_heavyions/hbossi/mc_productions/QCD-dijet_pThat15-event-weighted_TuneCP5_5p36TeV_pythia8/OO_MC_DijetEmbedded_pThat-15to1200_TuneCP5_5p36TeV_pythia8/260306_002843/0000/HiForestMiniAOD_706.root
Time elapsed: 20661 seconds
File Contains: 133000 entries.
NMiss: 2152649 | NFake: 3521458 | NMatch: 55766341
Processing file 674 of 817: /eos/cms/store/group/phys_heavyions/hbossi/mc_productions/QCD-dijet_pThat15-event-weighted_TuneCP5_5p36TeV_pythia8/OO_MC_DijetEmbedded_pThat-15to1200_TuneCP5_5p36TeV_pythia8/260306_002843/0000/HiForestMiniAOD_707.root
Time elapsed: 20724 seconds
File Contains: 111000 entries.
NMiss: 2155585 | NFake: 3526098 | NMatch: 55840794
Processing file 675 of 817: /eos/cms/store/group/phys_heavyions/hbossi/mc_productions/QCD-dijet_pThat15-event-weighted_TuneCP5_5p36TeV_pythia8/OO_MC_DijetEmbedded_pThat-15to1200_TuneCP5_5p36TeV_pythia8/260306_002843/0000/HiForestMiniAOD_708.root
Time elapsed: 20755 seconds
File Contains: 98000 entries.
NMiss: 2158011 | NFake: 3530267 | NMatch: 55906170
Processing file 676 of 817: /eos/cms/store/group/phys_heavyions/hbossi/mc_productions/QCD-dijet_pThat15-event-weighted_TuneCP5_5p36TeV_pythia8/OO_MC_DijetEmbedded_pThat-15to1200_TuneCP5_5p36TeV_pythia8/260306_002843/0000/HiForestMiniAOD_709.root
Time elapsed: 20778 seconds
File Contains: 128000 entries.
NMiss: 2161279 | NFake: 3535568 | NMatch: 55992437
Processing file 677 of 817: /eos/cms/store/group/phys_heavyions/hbossi/mc_productions/QCD-dijet_pThat15-event-weighted_TuneCP5_5p36TeV_pythia8/OO_MC_DijetEmbedded_pThat-15to1200_TuneCP5_5p36TeV_pythia8/260306_002843/0000/HiForestMiniAOD_71.root
Time elapsed: 20808 seconds
File Contains: 104000 entries.
NMiss: 2164055 | NFake: 3539888 | NMatch: 56061958
Processing file 678 of 817: /eos/cms/store/group/phys_heavyions/hbossi/mc_productions/QCD-dijet_pThat15-event-weighted_TuneCP5_5p36TeV_pythia8/OO_MC_DijetEmbedded_pThat-15to1200_TuneCP5_5p36TeV_pythia8/260306_002843/0000/HiForestMiniAOD_710.root
Time elapsed: 20868 seconds
File Contains: 117000 entries.
NMiss: 2167062 | NFake: 3544774 | NMatch: 56140872
Processing file 679 of 817: /eos/cms/store/group/phys_heavyions/hbossi/mc_productions/QCD-dijet_pThat15-event-weighted_TuneCP5_5p36TeV_pythia8/OO_MC_DijetEmbedded_pThat-15to1200_TuneCP5_5p36TeV_pythia8/260306_002843/0000/HiForestMiniAOD_711.root
Time elapsed: 20918 seconds
File Contains: 110000 entries.
NMiss: 2169971 | NFake: 3549415 | NMatch: 56215036
Processing file 680 of 817: /eos/cms/store/group/phys_heavyions/hbossi/mc_productions/QCD-dijet_pThat15-event-weighted_TuneCP5_5p36TeV_pythia8/OO_MC_DijetEmbedded_pThat-15to1200_TuneCP5_5p36TeV_pythia8/260306_002843/0000/HiForestMiniAOD_712.root
Time elapsed: 20939 seconds
File Contains: 90000 entries.
NMiss: 2172362 | NFake: 3553278 | NMatch: 56275531
Processing file 681 of 817: /eos/cms/store/group/phys_heavyions/hbossi/mc_productions/QCD-dijet_pThat15-event-weighted_TuneCP5_5p36TeV_pythia8/OO_MC_DijetEmbedded_pThat-15to1200_TuneCP5_5p36TeV_pythia8/260306_002843/0000/HiForestMiniAOD_713.root
Time elapsed: 20958 seconds
File Contains: 123000 entries.
NMiss: 2175544 | NFake: 3558449 | NMatch: 56358081
Processing file 682 of 817: /eos/cms/store/group/phys_heavyions/hbossi/mc_productions/QCD-dijet_pThat15-event-weighted_TuneCP5_5p36TeV_pythia8/OO_MC_DijetEmbedded_pThat-15to1200_TuneCP5_5p36TeV_pythia8/260306_002843/0000/HiForestMiniAOD_714.root
Time elapsed: 20984 seconds
File Contains: 101000 entries.
NMiss: 2178137 | NFake: 3562702 | NMatch: 56425561
Processing file 683 of 817: /eos/cms/store/group/phys_heavyions/hbossi/mc_productions/QCD-dijet_pThat15-event-weighted_TuneCP5_5p36TeV_pythia8/OO_MC_DijetEmbedded_pThat-15to1200_TuneCP5_5p36TeV_pythia8/260306_002843/0000/HiForestMiniAOD_715.root
Time elapsed: 21006 seconds
File Contains: 129000 entries.
NMiss: 2181536 | NFake: 3568208 | NMatch: 56512232
Processing file 684 of 817: /eos/cms/store/group/phys_heavyions/hbossi/mc_productions/QCD-dijet_pThat15-event-weighted_TuneCP5_5p36TeV_pythia8/OO_MC_DijetEmbedded_pThat-15to1200_TuneCP5_5p36TeV_pythia8/260306_002843/0000/HiForestMiniAOD_716.root
Time elapsed: 21110 seconds
File Contains: 119000 entries.
NMiss: 2184604 | NFake: 3573194 | NMatch: 56592308
Processing file 685 of 817: /eos/cms/store/group/phys_heavyions/hbossi/mc_productions/QCD-dijet_pThat15-event-weighted_TuneCP5_5p36TeV_pythia8/OO_MC_DijetEmbedded_pThat-15to1200_TuneCP5_5p36TeV_pythia8/260306_002843/0000/HiForestMiniAOD_717.root
Time elapsed: 21159 seconds
File Contains: 111000 entries.
NMiss: 2187477 | NFake: 3577915 | NMatch: 56666696
Processing file 686 of 817: /eos/cms/store/group/phys_heavyions/hbossi/mc_productions/QCD-dijet_pThat15-event-weighted_TuneCP5_5p36TeV_pythia8/OO_MC_DijetEmbedded_pThat-15to1200_TuneCP5_5p36TeV_pythia8/260306_002843/0000/HiForestMiniAOD_718.root
Time elapsed: 21190 seconds
File Contains: 105000 entries.
NMiss: 2190206 | NFake: 3582364 | NMatch: 56737156
Processing file 687 of 817: /eos/cms/store/group/phys_heavyions/hbossi/mc_productions/QCD-dijet_pThat15-event-weighted_TuneCP5_5p36TeV_pythia8/OO_MC_DijetEmbedded_pThat-15to1200_TuneCP5_5p36TeV_pythia8/260306_002843/0000/HiForestMiniAOD_719.root
Time elapsed: 21207 seconds
File Contains: 113000 entries.
NMiss: 2193097 | NFake: 3587115 | NMatch: 56812764
Processing file 688 of 817: /eos/cms/store/group/phys_heavyions/hbossi/mc_productions/QCD-dijet_pThat15-event-weighted_TuneCP5_5p36TeV_pythia8/OO_MC_DijetEmbedded_pThat-15to1200_TuneCP5_5p36TeV_pythia8/260306_002843/0000/HiForestMiniAOD_72.root
Time elapsed: 21249 seconds
File Contains: 112000 entries.
NMiss: 2195960 | NFake: 3591789 | NMatch: 56887964
Processing file 689 of 817: /eos/cms/store/group/phys_heavyions/hbossi/mc_productions/QCD-dijet_pThat15-event-weighted_TuneCP5_5p36TeV_pythia8/OO_MC_DijetEmbedded_pThat-15to1200_TuneCP5_5p36TeV_pythia8/260306_002843/0000/HiForestMiniAOD_720.root
Time elapsed: 21267 seconds
File Contains: 102000 entries.
NMiss: 2198625 | NFake: 3596114 | NMatch: 56956421
Processing file 690 of 817: /eos/cms/store/group/phys_heavyions/hbossi/mc_productions/QCD-dijet_pThat15-event-weighted_TuneCP5_5p36TeV_pythia8/OO_MC_DijetEmbedded_pThat-15to1200_TuneCP5_5p36TeV_pythia8/260306_002843/0000/HiForestMiniAOD_721.root
Time elapsed: 21286 seconds
File Contains: 130000 entries.
NMiss: 2201994 | NFake: 3601560 | NMatch: 57043502
Processing file 691 of 817: /eos/cms/store/group/phys_heavyions/hbossi/mc_productions/QCD-dijet_pThat15-event-weighted_TuneCP5_5p36TeV_pythia8/OO_MC_DijetEmbedded_pThat-15to1200_TuneCP5_5p36TeV_pythia8/260306_002843/0000/HiForestMiniAOD_722.root
Time elapsed: 21325 seconds
File Contains: 122000 entries.
NMiss: 2205147 | NFake: 3606663 | NMatch: 57125035
Processing file 692 of 817: /eos/cms/store/group/phys_heavyions/hbossi/mc_productions/QCD-dijet_pThat15-event-weighted_TuneCP5_5p36TeV_pythia8/OO_MC_DijetEmbedded_pThat-15to1200_TuneCP5_5p36TeV_pythia8/260306_002843/0000/HiForestMiniAOD_723.root
Time elapsed: 21350 seconds
File Contains: 164000 entries.
NMiss: 2209470 | NFake: 3613642 | NMatch: 57235036
Processing file 693 of 817: /eos/cms/store/group/phys_heavyions/hbossi/mc_productions/QCD-dijet_pThat15-event-weighted_TuneCP5_5p36TeV_pythia8/OO_MC_DijetEmbedded_pThat-15to1200_TuneCP5_5p36TeV_pythia8/260306_002843/0000/HiForestMiniAOD_724.root
Time elapsed: 21396 seconds
File Contains: 128000 entries.
NMiss: 2212746 | NFake: 3619019 | NMatch: 57320657
Processing file 694 of 817: /eos/cms/store/group/phys_heavyions/hbossi/mc_productions/QCD-dijet_pThat15-event-weighted_TuneCP5_5p36TeV_pythia8/OO_MC_DijetEmbedded_pThat-15to1200_TuneCP5_5p36TeV_pythia8/260306_002843/0000/HiForestMiniAOD_725.root
Time elapsed: 21450 seconds
File Contains: 135000 entries.
NMiss: 2216269 | NFake: 3624724 | NMatch: 57411209
Processing file 695 of 817: /eos/cms/store/group/phys_heavyions/hbossi/mc_productions/QCD-dijet_pThat15-event-weighted_TuneCP5_5p36TeV_pythia8/OO_MC_DijetEmbedded_pThat-15to1200_TuneCP5_5p36TeV_pythia8/260306_002843/0000/HiForestMiniAOD_726.root
Time elapsed: 21494 seconds
File Contains: 134000 entries.
NMiss: 2219718 | NFake: 3630341 | NMatch: 57500975
Processing file 696 of 817: /eos/cms/store/group/phys_heavyions/hbossi/mc_productions/QCD-dijet_pThat15-event-weighted_TuneCP5_5p36TeV_pythia8/OO_MC_DijetEmbedded_pThat-15to1200_TuneCP5_5p36TeV_pythia8/260306_002843/0000/HiForestMiniAOD_727.root
Time elapsed: 21521 seconds
File Contains: 123000 entries.
NMiss: 2222909 | NFake: 3635651 | NMatch: 57583564
Processing file 697 of 817: /eos/cms/store/group/phys_heavyions/hbossi/mc_productions/QCD-dijet_pThat15-event-weighted_TuneCP5_5p36TeV_pythia8/OO_MC_DijetEmbedded_pThat-15to1200_TuneCP5_5p36TeV_pythia8/260306_002843/0000/HiForestMiniAOD_728.root
Time elapsed: 21548 seconds
File Contains: 129000 entries.
NMiss: 2226285 | NFake: 3641022 | NMatch: 57670024
Processing file 698 of 817: /eos/cms/store/group/phys_heavyions/hbossi/mc_productions/QCD-dijet_pThat15-event-weighted_TuneCP5_5p36TeV_pythia8/OO_MC_DijetEmbedded_pThat-15to1200_TuneCP5_5p36TeV_pythia8/260306_002843/0000/HiForestMiniAOD_729.root
Time elapsed: 21595 seconds
File Contains: 165000 entries.
NMiss: 2230633 | NFake: 3647902 | NMatch: 57780453
Processing file 699 of 817: /eos/cms/store/group/phys_heavyions/hbossi/mc_productions/QCD-dijet_pThat15-event-weighted_TuneCP5_5p36TeV_pythia8/OO_MC_DijetEmbedded_pThat-15to1200_TuneCP5_5p36TeV_pythia8/260306_002843/0000/HiForestMiniAOD_73.root
Time elapsed: 21623 seconds
File Contains: 99000 entries.
NMiss: 2233214 | NFake: 3652077 | NMatch: 57846627
Processing file 700 of 817: /eos/cms/store/group/phys_heavyions/hbossi/mc_productions/QCD-dijet_pThat15-event-weighted_TuneCP5_5p36TeV_pythia8/OO_MC_DijetEmbedded_pThat-15to1200_TuneCP5_5p36TeV_pythia8/260306_002843/0000/HiForestMiniAOD_730.root
Time elapsed: 21640 seconds
File Contains: 131000 entries.
NMiss: 2236600 | NFake: 3657510 | NMatch: 57934353
Processing file 701 of 817: /eos/cms/store/group/phys_heavyions/hbossi/mc_productions/QCD-dijet_pThat15-event-weighted_TuneCP5_5p36TeV_pythia8/OO_MC_DijetEmbedded_pThat-15to1200_TuneCP5_5p36TeV_pythia8/260306_002843/0000/HiForestMiniAOD_731.root
Time elapsed: 21661 seconds
File Contains: 69000 entries.
NMiss: 2238370 | NFake: 3660439 | NMatch: 57980513
Processing file 702 of 817: /eos/cms/store/group/phys_heavyions/hbossi/mc_productions/QCD-dijet_pThat15-event-weighted_TuneCP5_5p36TeV_pythia8/OO_MC_DijetEmbedded_pThat-15to1200_TuneCP5_5p36TeV_pythia8/260306_002843/0000/HiForestMiniAOD_732.root
Time elapsed: 21691 seconds
File Contains: 129000 entries.
NMiss: 2241590 | NFake: 3665954 | NMatch: 58066626
Processing file 703 of 817: /eos/cms/store/group/phys_heavyions/hbossi/mc_productions/QCD-dijet_pThat15-event-weighted_TuneCP5_5p36TeV_pythia8/OO_MC_DijetEmbedded_pThat-15to1200_TuneCP5_5p36TeV_pythia8/260306_002843/0000/HiForestMiniAOD_733.root
Time elapsed: 21727 seconds
File Contains: 114000 entries.
NMiss: 2244528 | NFake: 3670772 | NMatch: 58143078
Processing file 704 of 817: /eos/cms/store/group/phys_heavyions/hbossi/mc_productions/QCD-dijet_pThat15-event-weighted_TuneCP5_5p36TeV_pythia8/OO_MC_DijetEmbedded_pThat-15to1200_TuneCP5_5p36TeV_pythia8/260306_002843/0000/HiForestMiniAOD_734.root
Time elapsed: 21777 seconds
File Contains: 87000 entries.
NMiss: 2246778 | NFake: 3674469 | NMatch: 58201634
Processing file 705 of 817: /eos/cms/store/group/phys_heavyions/hbossi/mc_productions/QCD-dijet_pThat15-event-weighted_TuneCP5_5p36TeV_pythia8/OO_MC_DijetEmbedded_pThat-15to1200_TuneCP5_5p36TeV_pythia8/260306_002843/0000/HiForestMiniAOD_735.root
Time elapsed: 21804 seconds
File Contains: 117000 entries.
NMiss: 2249837 | NFake: 3679503 | NMatch: 58279887
Processing file 706 of 817: /eos/cms/store/group/phys_heavyions/hbossi/mc_productions/QCD-dijet_pThat15-event-weighted_TuneCP5_5p36TeV_pythia8/OO_MC_DijetEmbedded_pThat-15to1200_TuneCP5_5p36TeV_pythia8/260306_002843/0000/HiForestMiniAOD_736.root
Time elapsed: 21834 seconds
File Contains: 136000 entries.
NMiss: 2253290 | NFake: 3685284 | NMatch: 58371013
Processing file 707 of 817: /eos/cms/store/group/phys_heavyions/hbossi/mc_productions/QCD-dijet_pThat15-event-weighted_TuneCP5_5p36TeV_pythia8/OO_MC_DijetEmbedded_pThat-15to1200_TuneCP5_5p36TeV_pythia8/260306_002843/0000/HiForestMiniAOD_737.root
Time elapsed: 21887 seconds
File Contains: 100000 entries.
NMiss: 2255900 | NFake: 3689477 | NMatch: 58438113
Processing file 708 of 817: /eos/cms/store/group/phys_heavyions/hbossi/mc_productions/QCD-dijet_pThat15-event-weighted_TuneCP5_5p36TeV_pythia8/OO_MC_DijetEmbedded_pThat-15to1200_TuneCP5_5p36TeV_pythia8/260306_002843/0000/HiForestMiniAOD_738.root
Time elapsed: 21907 seconds
File Contains: 114000 entries.
NMiss: 2258728 | NFake: 3694387 | NMatch: 58514438
Processing file 709 of 817: /eos/cms/store/group/phys_heavyions/hbossi/mc_productions/QCD-dijet_pThat15-event-weighted_TuneCP5_5p36TeV_pythia8/OO_MC_DijetEmbedded_pThat-15to1200_TuneCP5_5p36TeV_pythia8/260306_002843/0000/HiForestMiniAOD_739.root
Time elapsed: 21932 seconds
File Contains: 100000 entries.
NMiss: 2261309 | NFake: 3698522 | NMatch: 58581673
Processing file 710 of 817: /eos/cms/store/group/phys_heavyions/hbossi/mc_productions/QCD-dijet_pThat15-event-weighted_TuneCP5_5p36TeV_pythia8/OO_MC_DijetEmbedded_pThat-15to1200_TuneCP5_5p36TeV_pythia8/260306_002843/0000/HiForestMiniAOD_74.root
Time elapsed: 21954 seconds
File Contains: 116000 entries.
NMiss: 2264277 | NFake: 3703503 | NMatch: 58659791
Processing file 711 of 817: /eos/cms/store/group/phys_heavyions/hbossi/mc_productions/QCD-dijet_pThat15-event-weighted_TuneCP5_5p36TeV_pythia8/OO_MC_DijetEmbedded_pThat-15to1200_TuneCP5_5p36TeV_pythia8/260306_002843/0000/HiForestMiniAOD_740.root
Time elapsed: 21988 seconds
File Contains: 110000 entries.
NMiss: 2267101 | NFake: 3708238 | NMatch: 58733594
Processing file 712 of 817: /eos/cms/store/group/phys_heavyions/hbossi/mc_productions/QCD-dijet_pThat15-event-weighted_TuneCP5_5p36TeV_pythia8/OO_MC_DijetEmbedded_pThat-15to1200_TuneCP5_5p36TeV_pythia8/260306_002843/0000/HiForestMiniAOD_741.root
Time elapsed: 22034 seconds
File Contains: 109000 entries.
NMiss: 2269925 | NFake: 3712811 | NMatch: 58806830
Processing file 713 of 817: /eos/cms/store/group/phys_heavyions/hbossi/mc_productions/QCD-dijet_pThat15-event-weighted_TuneCP5_5p36TeV_pythia8/OO_MC_DijetEmbedded_pThat-15to1200_TuneCP5_5p36TeV_pythia8/260306_002843/0000/HiForestMiniAOD_742.root
Time elapsed: 22078 seconds
File Contains: 133000 entries.
NMiss: 2273320 | NFake: 3718488 | NMatch: 58895574
Processing file 714 of 817: /eos/cms/store/group/phys_heavyions/hbossi/mc_productions/QCD-dijet_pThat15-event-weighted_TuneCP5_5p36TeV_pythia8/OO_MC_DijetEmbedded_pThat-15to1200_TuneCP5_5p36TeV_pythia8/260306_002843/0000/HiForestMiniAOD_743.root
Time elapsed: 22101 seconds
File Contains: 118000 entries.
NMiss: 2276358 | NFake: 3723579 | NMatch: 58974943
Processing file 715 of 817: /eos/cms/store/group/phys_heavyions/hbossi/mc_productions/QCD-dijet_pThat15-event-weighted_TuneCP5_5p36TeV_pythia8/OO_MC_DijetEmbedded_pThat-15to1200_TuneCP5_5p36TeV_pythia8/260306_002843/0000/HiForestMiniAOD_744.root
Time elapsed: 22120 seconds
File Contains: 114000 entries.
NMiss: 2279331 | NFake: 3728320 | NMatch: 59051192
Processing file 716 of 817: /eos/cms/store/group/phys_heavyions/hbossi/mc_productions/QCD-dijet_pThat15-event-weighted_TuneCP5_5p36TeV_pythia8/OO_MC_DijetEmbedded_pThat-15to1200_TuneCP5_5p36TeV_pythia8/260306_002843/0000/HiForestMiniAOD_745.root
Time elapsed: 22145 seconds
File Contains: 123000 entries.
NMiss: 2282573 | NFake: 3733325 | NMatch: 59133905
Processing file 717 of 817: /eos/cms/store/group/phys_heavyions/hbossi/mc_productions/QCD-dijet_pThat15-event-weighted_TuneCP5_5p36TeV_pythia8/OO_MC_DijetEmbedded_pThat-15to1200_TuneCP5_5p36TeV_pythia8/260306_002843/0000/HiForestMiniAOD_746.root
Time elapsed: 22172 seconds
File Contains: 119000 entries.
NMiss: 2285723 | NFake: 3738362 | NMatch: 59213935
Processing file 718 of 817: /eos/cms/store/group/phys_heavyions/hbossi/mc_productions/QCD-dijet_pThat15-event-weighted_TuneCP5_5p36TeV_pythia8/OO_MC_DijetEmbedded_pThat-15to1200_TuneCP5_5p36TeV_pythia8/260306_002843/0000/HiForestMiniAOD_747.root
Time elapsed: 22193 seconds
File Contains: 101000 entries.
NMiss: 2288365 | NFake: 3742538 | NMatch: 59282304
Processing file 719 of 817: /eos/cms/store/group/phys_heavyions/hbossi/mc_productions/QCD-dijet_pThat15-event-weighted_TuneCP5_5p36TeV_pythia8/OO_MC_DijetEmbedded_pThat-15to1200_TuneCP5_5p36TeV_pythia8/260306_002843/0000/HiForestMiniAOD_748.root
Time elapsed: 22227 seconds
File Contains: 112000 entries.
NMiss: 2291300 | NFake: 3747149 | NMatch: 59357623
Processing file 720 of 817: /eos/cms/store/group/phys_heavyions/hbossi/mc_productions/QCD-dijet_pThat15-event-weighted_TuneCP5_5p36TeV_pythia8/OO_MC_DijetEmbedded_pThat-15to1200_TuneCP5_5p36TeV_pythia8/260306_002843/0000/HiForestMiniAOD_749.root
Time elapsed: 22244 seconds
File Contains: 100000 entries.
NMiss: 2293816 | NFake: 3751373 | NMatch: 59424881
Processing file 721 of 817: /eos/cms/store/group/phys_heavyions/hbossi/mc_productions/QCD-dijet_pThat15-event-weighted_TuneCP5_5p36TeV_pythia8/OO_MC_DijetEmbedded_pThat-15to1200_TuneCP5_5p36TeV_pythia8/260306_002843/0000/HiForestMiniAOD_75.root
Time elapsed: 22277 seconds
File Contains: 131000 entries.
NMiss: 2297315 | NFake: 3756937 | NMatch: 59512417
Processing file 722 of 817: /eos/cms/store/group/phys_heavyions/hbossi/mc_productions/QCD-dijet_pThat15-event-weighted_TuneCP5_5p36TeV_pythia8/OO_MC_DijetEmbedded_pThat-15to1200_TuneCP5_5p36TeV_pythia8/260306_002843/0000/HiForestMiniAOD_750.root
Time elapsed: 22299 seconds
File Contains: 90000 entries.
NMiss: 2299711 | NFake: 3760784 | NMatch: 59572272
Processing file 723 of 817: /eos/cms/store/group/phys_heavyions/hbossi/mc_productions/QCD-dijet_pThat15-event-weighted_TuneCP5_5p36TeV_pythia8/OO_MC_DijetEmbedded_pThat-15to1200_TuneCP5_5p36TeV_pythia8/260306_002843/0000/HiForestMiniAOD_751.root
Time elapsed: 22365 seconds
File Contains: 119000 entries.
NMiss: 2302760 | NFake: 3765839 | NMatch: 59652101
Processing file 724 of 817: /eos/cms/store/group/phys_heavyions/hbossi/mc_productions/QCD-dijet_pThat15-event-weighted_TuneCP5_5p36TeV_pythia8/OO_MC_DijetEmbedded_pThat-15to1200_TuneCP5_5p36TeV_pythia8/260306_002843/0000/HiForestMiniAOD_752.root
Time elapsed: 22398 seconds
File Contains: 130000 entries.
NMiss: 2306165 | NFake: 3771337 | NMatch: 59739281
Processing file 725 of 817: /eos/cms/store/group/phys_heavyions/hbossi/mc_productions/QCD-dijet_pThat15-event-weighted_TuneCP5_5p36TeV_pythia8/OO_MC_DijetEmbedded_pThat-15to1200_TuneCP5_5p36TeV_pythia8/260306_002843/0000/HiForestMiniAOD_753.root
Time elapsed: 22425 seconds
File Contains: 131000 entries.
NMiss: 2309496 | NFake: 3776835 | NMatch: 59826641
Processing file 726 of 817: /eos/cms/store/group/phys_heavyions/hbossi/mc_productions/QCD-dijet_pThat15-event-weighted_TuneCP5_5p36TeV_pythia8/OO_MC_DijetEmbedded_pThat-15to1200_TuneCP5_5p36TeV_pythia8/260306_002843/0000/HiForestMiniAOD_754.root
Time elapsed: 22450 seconds
File Contains: 101000 entries.
NMiss: 2312173 | NFake: 3781108 | NMatch: 59894036
Processing file 727 of 817: /eos/cms/store/group/phys_heavyions/hbossi/mc_productions/QCD-dijet_pThat15-event-weighted_TuneCP5_5p36TeV_pythia8/OO_MC_DijetEmbedded_pThat-15to1200_TuneCP5_5p36TeV_pythia8/260306_002843/0000/HiForestMiniAOD_755.root
Time elapsed: 22466 seconds
File Contains: 122000 entries.
NMiss: 2315381 | NFake: 3786329 | NMatch: 59975462
Processing file 728 of 817: /eos/cms/store/group/phys_heavyions/hbossi/mc_productions/QCD-dijet_pThat15-event-weighted_TuneCP5_5p36TeV_pythia8/OO_MC_DijetEmbedded_pThat-15to1200_TuneCP5_5p36TeV_pythia8/260306_002843/0000/HiForestMiniAOD_756.root
Time elapsed: 22486 seconds
File Contains: 144000 entries.
NMiss: 2319180 | NFake: 3792414 | NMatch: 60071908
Processing file 729 of 817: /eos/cms/store/group/phys_heavyions/hbossi/mc_productions/QCD-dijet_pThat15-event-weighted_TuneCP5_5p36TeV_pythia8/OO_MC_DijetEmbedded_pThat-15to1200_TuneCP5_5p36TeV_pythia8/260306_002843/0000/HiForestMiniAOD_757.root
Time elapsed: 22511 seconds
File Contains: 107000 entries.
NMiss: 2321981 | NFake: 3796957 | NMatch: 60143623
Processing file 730 of 817: /eos/cms/store/group/phys_heavyions/hbossi/mc_productions/QCD-dijet_pThat15-event-weighted_TuneCP5_5p36TeV_pythia8/OO_MC_DijetEmbedded_pThat-15to1200_TuneCP5_5p36TeV_pythia8/260306_002843/0000/HiForestMiniAOD_758.root
Time elapsed: 22553 seconds
File Contains: 115000 entries.
NMiss: 2324999 | NFake: 3801711 | NMatch: 60220518
Processing file 731 of 817: /eos/cms/store/group/phys_heavyions/hbossi/mc_productions/QCD-dijet_pThat15-event-weighted_TuneCP5_5p36TeV_pythia8/OO_MC_DijetEmbedded_pThat-15to1200_TuneCP5_5p36TeV_pythia8/260306_002843/0000/HiForestMiniAOD_759.root
Time elapsed: 22588 seconds
File Contains: 96000 entries.
NMiss: 2327504 | NFake: 3805762 | NMatch: 60284537
Processing file 732 of 817: /eos/cms/store/group/phys_heavyions/hbossi/mc_productions/QCD-dijet_pThat15-event-weighted_TuneCP5_5p36TeV_pythia8/OO_MC_DijetEmbedded_pThat-15to1200_TuneCP5_5p36TeV_pythia8/260306_002843/0000/HiForestMiniAOD_76.root
Time elapsed: 22606 seconds
File Contains: 125000 entries.
NMiss: 2330776 | NFake: 3811007 | NMatch: 60368157
Processing file 733 of 817: /eos/cms/store/group/phys_heavyions/hbossi/mc_productions/QCD-dijet_pThat15-event-weighted_TuneCP5_5p36TeV_pythia8/OO_MC_DijetEmbedded_pThat-15to1200_TuneCP5_5p36TeV_pythia8/260306_002843/0000/HiForestMiniAOD_760.root
Time elapsed: 22626 seconds
File Contains: 116000 entries.
NMiss: 2333926 | NFake: 3815951 | NMatch: 60445520
Processing file 734 of 817: /eos/cms/store/group/phys_heavyions/hbossi/mc_productions/QCD-dijet_pThat15-event-weighted_TuneCP5_5p36TeV_pythia8/OO_MC_DijetEmbedded_pThat-15to1200_TuneCP5_5p36TeV_pythia8/260306_002843/0000/HiForestMiniAOD_761.root
Time elapsed: 22663 seconds
File Contains: 99000 entries.
NMiss: 2336457 | NFake: 3820030 | NMatch: 60512036
Processing file 735 of 817: /eos/cms/store/group/phys_heavyions/hbossi/mc_productions/QCD-dijet_pThat15-event-weighted_TuneCP5_5p36TeV_pythia8/OO_MC_DijetEmbedded_pThat-15to1200_TuneCP5_5p36TeV_pythia8/260306_002843/0000/HiForestMiniAOD_762.root
Time elapsed: 22685 seconds
File Contains: 110000 entries.
NMiss: 2339265 | NFake: 3824745 | NMatch: 60585897
Processing file 736 of 817: /eos/cms/store/group/phys_heavyions/hbossi/mc_productions/QCD-dijet_pThat15-event-weighted_TuneCP5_5p36TeV_pythia8/OO_MC_DijetEmbedded_pThat-15to1200_TuneCP5_5p36TeV_pythia8/260306_002843/0000/HiForestMiniAOD_763.root
Time elapsed: 22731 seconds
File Contains: 108000 entries.
NMiss: 2342081 | NFake: 3829253 | NMatch: 60658746
Processing file 737 of 817: /eos/cms/store/group/phys_heavyions/hbossi/mc_productions/QCD-dijet_pThat15-event-weighted_TuneCP5_5p36TeV_pythia8/OO_MC_DijetEmbedded_pThat-15to1200_TuneCP5_5p36TeV_pythia8/260306_002843/0000/HiForestMiniAOD_764.root
Time elapsed: 22756 seconds
File Contains: 109000 entries.
NMiss: 2344777 | NFake: 3833860 | NMatch: 60731617
Processing file 738 of 817: /eos/cms/store/group/phys_heavyions/hbossi/mc_productions/QCD-dijet_pThat15-event-weighted_TuneCP5_5p36TeV_pythia8/OO_MC_DijetEmbedded_pThat-15to1200_TuneCP5_5p36TeV_pythia8/260306_002843/0000/HiForestMiniAOD_765.root
Time elapsed: 22776 seconds
File Contains: 114000 entries.
NMiss: 2347829 | NFake: 3838598 | NMatch: 60807835
Processing file 739 of 817: /eos/cms/store/group/phys_heavyions/hbossi/mc_productions/QCD-dijet_pThat15-event-weighted_TuneCP5_5p36TeV_pythia8/OO_MC_DijetEmbedded_pThat-15to1200_TuneCP5_5p36TeV_pythia8/260306_002843/0000/HiForestMiniAOD_766.root
Time elapsed: 22806 seconds
File Contains: 104000 entries.
NMiss: 2350518 | NFake: 3843077 | NMatch: 60877463
Processing file 740 of 817: /eos/cms/store/group/phys_heavyions/hbossi/mc_productions/QCD-dijet_pThat15-event-weighted_TuneCP5_5p36TeV_pythia8/OO_MC_DijetEmbedded_pThat-15to1200_TuneCP5_5p36TeV_pythia8/260306_002843/0000/HiForestMiniAOD_767.root
Time elapsed: 22834 seconds
File Contains: 130000 entries.
NMiss: 2353853 | NFake: 3848538 | NMatch: 60964510
Processing file 741 of 817: /eos/cms/store/group/phys_heavyions/hbossi/mc_productions/QCD-dijet_pThat15-event-weighted_TuneCP5_5p36TeV_pythia8/OO_MC_DijetEmbedded_pThat-15to1200_TuneCP5_5p36TeV_pythia8/260306_002843/0000/HiForestMiniAOD_768.root
Time elapsed: 22869 seconds
File Contains: 84000 entries.
NMiss: 2356000 | NFake: 3852089 | NMatch: 61020655
Processing file 742 of 817: /eos/cms/store/group/phys_heavyions/hbossi/mc_productions/QCD-dijet_pThat15-event-weighted_TuneCP5_5p36TeV_pythia8/OO_MC_DijetEmbedded_pThat-15to1200_TuneCP5_5p36TeV_pythia8/260306_002843/0000/HiForestMiniAOD_769.root
Time elapsed: 22895 seconds
File Contains: 121000 entries.
NMiss: 2359137 | NFake: 3857139 | NMatch: 61101817
Processing file 743 of 817: /eos/cms/store/group/phys_heavyions/hbossi/mc_productions/QCD-dijet_pThat15-event-weighted_TuneCP5_5p36TeV_pythia8/OO_MC_DijetEmbedded_pThat-15to1200_TuneCP5_5p36TeV_pythia8/260306_002843/0000/HiForestMiniAOD_77.root
Time elapsed: 22921 seconds
File Contains: 105000 entries.
NMiss: 2361910 | NFake: 3861529 | NMatch: 61172521
Processing file 744 of 817: /eos/cms/store/group/phys_heavyions/hbossi/mc_productions/QCD-dijet_pThat15-event-weighted_TuneCP5_5p36TeV_pythia8/OO_MC_DijetEmbedded_pThat-15to1200_TuneCP5_5p36TeV_pythia8/260306_002843/0000/HiForestMiniAOD_770.root
Time elapsed: 22951 seconds
File Contains: 103000 entries.
NMiss: 2364622 | NFake: 3865862 | NMatch: 61242039
Processing file 745 of 817: /eos/cms/store/group/phys_heavyions/hbossi/mc_productions/QCD-dijet_pThat15-event-weighted_TuneCP5_5p36TeV_pythia8/OO_MC_DijetEmbedded_pThat-15to1200_TuneCP5_5p36TeV_pythia8/260306_002843/0000/HiForestMiniAOD_771.root
Time elapsed: 22968 seconds
File Contains: 119000 entries.
NMiss: 2367658 | NFake: 3870946 | NMatch: 61321914
Processing file 746 of 817: /eos/cms/store/group/phys_heavyions/hbossi/mc_productions/QCD-dijet_pThat15-event-weighted_TuneCP5_5p36TeV_pythia8/OO_MC_DijetEmbedded_pThat-15to1200_TuneCP5_5p36TeV_pythia8/260306_002843/0000/HiForestMiniAOD_772.root
Time elapsed: 22992 seconds
File Contains: 94000 entries.
NMiss: 2370100 | NFake: 3874950 | NMatch: 61384502
Processing file 747 of 817: /eos/cms/store/group/phys_heavyions/hbossi/mc_productions/QCD-dijet_pThat15-event-weighted_TuneCP5_5p36TeV_pythia8/OO_MC_DijetEmbedded_pThat-15to1200_TuneCP5_5p36TeV_pythia8/260306_002843/0000/HiForestMiniAOD_773.root
Time elapsed: 23024 seconds
File Contains: 108000 entries.
NMiss: 2372837 | NFake: 3879555 | NMatch: 61456932
Processing file 748 of 817: /eos/cms/store/group/phys_heavyions/hbossi/mc_productions/QCD-dijet_pThat15-event-weighted_TuneCP5_5p36TeV_pythia8/OO_MC_DijetEmbedded_pThat-15to1200_TuneCP5_5p36TeV_pythia8/260306_002843/0000/HiForestMiniAOD_774.root
Time elapsed: 23066 seconds
File Contains: 109000 entries.
NMiss: 2375669 | NFake: 3884215 | NMatch: 61530675
Processing file 749 of 817: /eos/cms/store/group/phys_heavyions/hbossi/mc_productions/QCD-dijet_pThat15-event-weighted_TuneCP5_5p36TeV_pythia8/OO_MC_DijetEmbedded_pThat-15to1200_TuneCP5_5p36TeV_pythia8/260306_002843/0000/HiForestMiniAOD_775.root
Time elapsed: 23086 seconds
File Contains: 91000 entries.
NMiss: 2378046 | NFake: 3887977 | NMatch: 61591690
Processing file 750 of 817: /eos/cms/store/group/phys_heavyions/hbossi/mc_productions/QCD-dijet_pThat15-event-weighted_TuneCP5_5p36TeV_pythia8/OO_MC_DijetEmbedded_pThat-15to1200_TuneCP5_5p36TeV_pythia8/260306_002843/0000/HiForestMiniAOD_776.root
Time elapsed: 23102 seconds
File Contains: 138000 entries.
NMiss: 2381501 | NFake: 3893784 | NMatch: 61683752
Processing file 751 of 817: /eos/cms/store/group/phys_heavyions/hbossi/mc_productions/QCD-dijet_pThat15-event-weighted_TuneCP5_5p36TeV_pythia8/OO_MC_DijetEmbedded_pThat-15to1200_TuneCP5_5p36TeV_pythia8/260306_002843/0000/HiForestMiniAOD_777.root
Time elapsed: 23138 seconds
File Contains: 117000 entries.
NMiss: 2384611 | NFake: 3898713 | NMatch: 61762134
Processing file 752 of 817: /eos/cms/store/group/phys_heavyions/hbossi/mc_productions/QCD-dijet_pThat15-event-weighted_TuneCP5_5p36TeV_pythia8/OO_MC_DijetEmbedded_pThat-15to1200_TuneCP5_5p36TeV_pythia8/260306_002843/0000/HiForestMiniAOD_778.root
Time elapsed: 23169 seconds
File Contains: 82000 entries.
NMiss: 2386789 | NFake: 3902266 | NMatch: 61817275
Processing file 753 of 817: /eos/cms/store/group/phys_heavyions/hbossi/mc_productions/QCD-dijet_pThat15-event-weighted_TuneCP5_5p36TeV_pythia8/OO_MC_DijetEmbedded_pThat-15to1200_TuneCP5_5p36TeV_pythia8/260306_002843/0000/HiForestMiniAOD_779.root
Time elapsed: 23183 seconds
File Contains: 125000 entries.
NMiss: 2390110 | NFake: 3907470 | NMatch: 61900985
Processing file 754 of 817: /eos/cms/store/group/phys_heavyions/hbossi/mc_productions/QCD-dijet_pThat15-event-weighted_TuneCP5_5p36TeV_pythia8/OO_MC_DijetEmbedded_pThat-15to1200_TuneCP5_5p36TeV_pythia8/260306_002843/0000/HiForestMiniAOD_78.root
Time elapsed: 23217 seconds
File Contains: 142000 entries.
NMiss: 2393804 | NFake: 3913431 | NMatch: 61996987
Processing file 755 of 817: /eos/cms/store/group/phys_heavyions/hbossi/mc_productions/QCD-dijet_pThat15-event-weighted_TuneCP5_5p36TeV_pythia8/OO_MC_DijetEmbedded_pThat-15to1200_TuneCP5_5p36TeV_pythia8/260306_002843/0000/HiForestMiniAOD_780.root
Time elapsed: 23245 seconds
File Contains: 114000 entries.
NMiss: 2396853 | NFake: 3918356 | NMatch: 62072859
Processing file 756 of 817: /eos/cms/store/group/phys_heavyions/hbossi/mc_productions/QCD-dijet_pThat15-event-weighted_TuneCP5_5p36TeV_pythia8/OO_MC_DijetEmbedded_pThat-15to1200_TuneCP5_5p36TeV_pythia8/260306_002843/0000/HiForestMiniAOD_781.root
Time elapsed: 23277 seconds
File Contains: 150000 entries.
NMiss: 2400643 | NFake: 3924594 | NMatch: 62174105
Processing file 757 of 817: /eos/cms/store/group/phys_heavyions/hbossi/mc_productions/QCD-dijet_pThat15-event-weighted_TuneCP5_5p36TeV_pythia8/OO_MC_DijetEmbedded_pThat-15to1200_TuneCP5_5p36TeV_pythia8/260306_002843/0000/HiForestMiniAOD_782.root
Time elapsed: 23312 seconds
File Contains: 134000 entries.
NMiss: 2404171 | NFake: 3930296 | NMatch: 62263811
Processing file 758 of 817: /eos/cms/store/group/phys_heavyions/hbossi/mc_productions/QCD-dijet_pThat15-event-weighted_TuneCP5_5p36TeV_pythia8/OO_MC_DijetEmbedded_pThat-15to1200_TuneCP5_5p36TeV_pythia8/260306_002843/0000/HiForestMiniAOD_783.root
Time elapsed: 23355 seconds
File Contains: 111000 entries.
NMiss: 2407095 | NFake: 3934953 | NMatch: 62338206
Processing file 759 of 817: /eos/cms/store/group/phys_heavyions/hbossi/mc_productions/QCD-dijet_pThat15-event-weighted_TuneCP5_5p36TeV_pythia8/OO_MC_DijetEmbedded_pThat-15to1200_TuneCP5_5p36TeV_pythia8/260306_002843/0000/HiForestMiniAOD_784.root
Time elapsed: 23379 seconds
File Contains: 96000 entries.
NMiss: 2409633 | NFake: 3939060 | NMatch: 62402497
Processing file 760 of 817: /eos/cms/store/group/phys_heavyions/hbossi/mc_productions/QCD-dijet_pThat15-event-weighted_TuneCP5_5p36TeV_pythia8/OO_MC_DijetEmbedded_pThat-15to1200_TuneCP5_5p36TeV_pythia8/260306_002843/0000/HiForestMiniAOD_785.root
Time elapsed: 23395 seconds
File Contains: 129000 entries.
NMiss: 2412995 | NFake: 3944537 | NMatch: 62488841
Processing file 761 of 817: /eos/cms/store/group/phys_heavyions/hbossi/mc_productions/QCD-dijet_pThat15-event-weighted_TuneCP5_5p36TeV_pythia8/OO_MC_DijetEmbedded_pThat-15to1200_TuneCP5_5p36TeV_pythia8/260306_002843/0000/HiForestMiniAOD_786.root
Time elapsed: 23420 seconds
File Contains: 88000 entries.
NMiss: 2415320 | NFake: 3948197 | NMatch: 62548159
Processing file 762 of 817: /eos/cms/store/group/phys_heavyions/hbossi/mc_productions/QCD-dijet_pThat15-event-weighted_TuneCP5_5p36TeV_pythia8/OO_MC_DijetEmbedded_pThat-15to1200_TuneCP5_5p36TeV_pythia8/260306_002843/0000/HiForestMiniAOD_787.root
Time elapsed: 23437 seconds
File Contains: 114000 entries.
NMiss: 2418311 | NFake: 3953015 | NMatch: 62624648
Processing file 763 of 817: /eos/cms/store/group/phys_heavyions/hbossi/mc_productions/QCD-dijet_pThat15-event-weighted_TuneCP5_5p36TeV_pythia8/OO_MC_DijetEmbedded_pThat-15to1200_TuneCP5_5p36TeV_pythia8/260306_002843/0000/HiForestMiniAOD_788.root
Time elapsed: 23473 seconds
File Contains: 136000 entries.
NMiss: 2421938 | NFake: 3958757 | NMatch: 62715749
Processing file 764 of 817: /eos/cms/store/group/phys_heavyions/hbossi/mc_productions/QCD-dijet_pThat15-event-weighted_TuneCP5_5p36TeV_pythia8/OO_MC_DijetEmbedded_pThat-15to1200_TuneCP5_5p36TeV_pythia8/260306_002843/0000/HiForestMiniAOD_789.root
Time elapsed: 23494 seconds
File Contains: 96000 entries.
NMiss: 2424472 | NFake: 3962738 | NMatch: 62780140
Processing file 765 of 817: /eos/cms/store/group/phys_heavyions/hbossi/mc_productions/QCD-dijet_pThat15-event-weighted_TuneCP5_5p36TeV_pythia8/OO_MC_DijetEmbedded_pThat-15to1200_TuneCP5_5p36TeV_pythia8/260306_002843/0000/HiForestMiniAOD_79.root
Time elapsed: 23517 seconds
File Contains: 130000 entries.
NMiss: 2427837 | NFake: 3968197 | NMatch: 62867714
Processing file 766 of 817: /eos/cms/store/group/phys_heavyions/hbossi/mc_productions/QCD-dijet_pThat15-event-weighted_TuneCP5_5p36TeV_pythia8/OO_MC_DijetEmbedded_pThat-15to1200_TuneCP5_5p36TeV_pythia8/260306_002843/0000/HiForestMiniAOD_790.root
Time elapsed: 23555 seconds
File Contains: 96000 entries.
NMiss: 2430354 | NFake: 3972299 | NMatch: 62932301
Processing file 767 of 817: /eos/cms/store/group/phys_heavyions/hbossi/mc_productions/QCD-dijet_pThat15-event-weighted_TuneCP5_5p36TeV_pythia8/OO_MC_DijetEmbedded_pThat-15to1200_TuneCP5_5p36TeV_pythia8/260306_002843/0000/HiForestMiniAOD_791.root
Time elapsed: 23585 seconds
File Contains: 126000 entries.
NMiss: 2433536 | NFake: 3977802 | NMatch: 63016544
Processing file 768 of 817: /eos/cms/store/group/phys_heavyions/hbossi/mc_productions/QCD-dijet_pThat15-event-weighted_TuneCP5_5p36TeV_pythia8/OO_MC_DijetEmbedded_pThat-15to1200_TuneCP5_5p36TeV_pythia8/260306_002843/0000/HiForestMiniAOD_792.root
Time elapsed: 23614 seconds
File Contains: 128000 entries.
NMiss: 2436889 | NFake: 3983120 | NMatch: 63102296
Processing file 769 of 817: /eos/cms/store/group/phys_heavyions/hbossi/mc_productions/QCD-dijet_pThat15-event-weighted_TuneCP5_5p36TeV_pythia8/OO_MC_DijetEmbedded_pThat-15to1200_TuneCP5_5p36TeV_pythia8/260306_002843/0000/HiForestMiniAOD_793.root
Time elapsed: 23638 seconds
File Contains: 104000 entries.
NMiss: 2439579 | NFake: 3987529 | NMatch: 63172745
Processing file 770 of 817: /eos/cms/store/group/phys_heavyions/hbossi/mc_productions/QCD-dijet_pThat15-event-weighted_TuneCP5_5p36TeV_pythia8/OO_MC_DijetEmbedded_pThat-15to1200_TuneCP5_5p36TeV_pythia8/260306_002843/0000/HiForestMiniAOD_794.root
Time elapsed: 23656 seconds
File Contains: 108000 entries.
NMiss: 2442375 | NFake: 3992182 | NMatch: 63245543
Processing file 771 of 817: /eos/cms/store/group/phys_heavyions/hbossi/mc_productions/QCD-dijet_pThat15-event-weighted_TuneCP5_5p36TeV_pythia8/OO_MC_DijetEmbedded_pThat-15to1200_TuneCP5_5p36TeV_pythia8/260306_002843/0000/HiForestMiniAOD_795.root
Time elapsed: 23676 seconds
File Contains: 122000 entries.
NMiss: 2445579 | NFake: 3997285 | NMatch: 63327378
Processing file 772 of 817: /eos/cms/store/group/phys_heavyions/hbossi/mc_productions/QCD-dijet_pThat15-event-weighted_TuneCP5_5p36TeV_pythia8/OO_MC_DijetEmbedded_pThat-15to1200_TuneCP5_5p36TeV_pythia8/260306_002843/0000/HiForestMiniAOD_796.root
Time elapsed: 23695 seconds
File Contains: 120000 entries.
NMiss: 2448687 | NFake: 4002368 | NMatch: 63407438
Processing file 773 of 817: /eos/cms/store/group/phys_heavyions/hbossi/mc_productions/QCD-dijet_pThat15-event-weighted_TuneCP5_5p36TeV_pythia8/OO_MC_DijetEmbedded_pThat-15to1200_TuneCP5_5p36TeV_pythia8/260306_002843/0000/HiForestMiniAOD_797.root
Time elapsed: 23729 seconds
File Contains: 133000 entries.
NMiss: 2452125 | NFake: 4008008 | NMatch: 63496514
Processing file 774 of 817: /eos/cms/store/group/phys_heavyions/hbossi/mc_productions/QCD-dijet_pThat15-event-weighted_TuneCP5_5p36TeV_pythia8/OO_MC_DijetEmbedded_pThat-15to1200_TuneCP5_5p36TeV_pythia8/260306_002843/0000/HiForestMiniAOD_798.root
Time elapsed: 23762 seconds
File Contains: 127000 entries.
NMiss: 2455282 | NFake: 4013398 | NMatch: 63581317
Processing file 775 of 817: /eos/cms/store/group/phys_heavyions/hbossi/mc_productions/QCD-dijet_pThat15-event-weighted_TuneCP5_5p36TeV_pythia8/OO_MC_DijetEmbedded_pThat-15to1200_TuneCP5_5p36TeV_pythia8/260306_002843/0000/HiForestMiniAOD_799.root
Time elapsed: 23805 seconds
File Contains: 114000 entries.
NMiss: 2458265 | NFake: 4018221 | NMatch: 63658211
Processing file 776 of 817: /eos/cms/store/group/phys_heavyions/hbossi/mc_productions/QCD-dijet_pThat15-event-weighted_TuneCP5_5p36TeV_pythia8/OO_MC_DijetEmbedded_pThat-15to1200_TuneCP5_5p36TeV_pythia8/260306_002843/0000/HiForestMiniAOD_8.root
Time elapsed: 23835 seconds
File Contains: 117000 entries.
NMiss: 2461272 | NFake: 4023088 | NMatch: 63736138
Processing file 777 of 817: /eos/cms/store/group/phys_heavyions/hbossi/mc_productions/QCD-dijet_pThat15-event-weighted_TuneCP5_5p36TeV_pythia8/OO_MC_DijetEmbedded_pThat-15to1200_TuneCP5_5p36TeV_pythia8/260306_002843/0000/HiForestMiniAOD_80.root
Time elapsed: 23881 seconds
File Contains: 119000 entries.
NMiss: 2464296 | NFake: 4028088 | NMatch: 63815400
Processing file 778 of 817: /eos/cms/store/group/phys_heavyions/hbossi/mc_productions/QCD-dijet_pThat15-event-weighted_TuneCP5_5p36TeV_pythia8/OO_MC_DijetEmbedded_pThat-15to1200_TuneCP5_5p36TeV_pythia8/260306_002843/0000/HiForestMiniAOD_800.root
Time elapsed: 23905 seconds
File Contains: 128000 entries.
NMiss: 2467412 | NFake: 4033469 | NMatch: 63900913
Processing file 779 of 817: /eos/cms/store/group/phys_heavyions/hbossi/mc_productions/QCD-dijet_pThat15-event-weighted_TuneCP5_5p36TeV_pythia8/OO_MC_DijetEmbedded_pThat-15to1200_TuneCP5_5p36TeV_pythia8/260306_002843/0000/HiForestMiniAOD_801.root
Time elapsed: 23933 seconds
File Contains: 129000 entries.
NMiss: 2470682 | NFake: 4039094 | NMatch: 63987540
Processing file 780 of 817: /eos/cms/store/group/phys_heavyions/hbossi/mc_productions/QCD-dijet_pThat15-event-weighted_TuneCP5_5p36TeV_pythia8/OO_MC_DijetEmbedded_pThat-15to1200_TuneCP5_5p36TeV_pythia8/260306_002843/0000/HiForestMiniAOD_802.root
Time elapsed: 23967 seconds
File Contains: 86000 entries.
NMiss: 2472977 | NFake: 4042800 | NMatch: 64044769
Processing file 781 of 817: /eos/cms/store/group/phys_heavyions/hbossi/mc_productions/QCD-dijet_pThat15-event-weighted_TuneCP5_5p36TeV_pythia8/OO_MC_DijetEmbedded_pThat-15to1200_TuneCP5_5p36TeV_pythia8/260306_002843/0000/HiForestMiniAOD_803.root
Time elapsed: 24003 seconds
File Contains: 125000 entries.
NMiss: 2476247 | NFake: 4048130 | NMatch: 64128607
Processing file 782 of 817: /eos/cms/store/group/phys_heavyions/hbossi/mc_productions/QCD-dijet_pThat15-event-weighted_TuneCP5_5p36TeV_pythia8/OO_MC_DijetEmbedded_pThat-15to1200_TuneCP5_5p36TeV_pythia8/260306_002843/0000/HiForestMiniAOD_804.root
Time elapsed: 24029 seconds
File Contains: 107000 entries.
NMiss: 2478988 | NFake: 4052675 | NMatch: 64200477
Processing file 783 of 817: /eos/cms/store/group/phys_heavyions/hbossi/mc_productions/QCD-dijet_pThat15-event-weighted_TuneCP5_5p36TeV_pythia8/OO_MC_DijetEmbedded_pThat-15to1200_TuneCP5_5p36TeV_pythia8/260306_002843/0000/HiForestMiniAOD_805.root
Time elapsed: 24091 seconds
File Contains: 146000 entries.
NMiss: 2482776 | NFake: 4059008 | NMatch: 64298388
Processing file 784 of 817: /eos/cms/store/group/phys_heavyions/hbossi/mc_productions/QCD-dijet_pThat15-event-weighted_TuneCP5_5p36TeV_pythia8/OO_MC_DijetEmbedded_pThat-15to1200_TuneCP5_5p36TeV_pythia8/260306_002843/0000/HiForestMiniAOD_806.root
Time elapsed: 24123 seconds
File Contains: 116000 entries.
NMiss: 2485716 | NFake: 4064059 | NMatch: 64376017
Processing file 785 of 817: /eos/cms/store/group/phys_heavyions/hbossi/mc_productions/QCD-dijet_pThat15-event-weighted_TuneCP5_5p36TeV_pythia8/OO_MC_DijetEmbedded_pThat-15to1200_TuneCP5_5p36TeV_pythia8/260306_002843/0000/HiForestMiniAOD_807.root
Time elapsed: 24148 seconds
File Contains: 119000 entries.
NMiss: 2488739 | NFake: 4069049 | NMatch: 64455256
Processing file 786 of 817: /eos/cms/store/group/phys_heavyions/hbossi/mc_productions/QCD-dijet_pThat15-event-weighted_TuneCP5_5p36TeV_pythia8/OO_MC_DijetEmbedded_pThat-15to1200_TuneCP5_5p36TeV_pythia8/260306_002843/0000/HiForestMiniAOD_808.root
Time elapsed: 24183 seconds
File Contains: 131000 entries.
NMiss: 2492097 | NFake: 4074538 | NMatch: 64543452
Processing file 787 of 817: /eos/cms/store/group/phys_heavyions/hbossi/mc_productions/QCD-dijet_pThat15-event-weighted_TuneCP5_5p36TeV_pythia8/OO_MC_DijetEmbedded_pThat-15to1200_TuneCP5_5p36TeV_pythia8/260306_002843/0000/HiForestMiniAOD_809.root
Time elapsed: 24226 seconds
File Contains: 104000 entries.
NMiss: 2494803 | NFake: 4078862 | NMatch: 64612882
Processing file 788 of 817: /eos/cms/store/group/phys_heavyions/hbossi/mc_productions/QCD-dijet_pThat15-event-weighted_TuneCP5_5p36TeV_pythia8/OO_MC_DijetEmbedded_pThat-15to1200_TuneCP5_5p36TeV_pythia8/260306_002843/0000/HiForestMiniAOD_81.root
Time elapsed: 24241 seconds
File Contains: 109000 entries.
NMiss: 2497629 | NFake: 4083495 | NMatch: 64685916
Processing file 789 of 817: /eos/cms/store/group/phys_heavyions/hbossi/mc_productions/QCD-dijet_pThat15-event-weighted_TuneCP5_5p36TeV_pythia8/OO_MC_DijetEmbedded_pThat-15to1200_TuneCP5_5p36TeV_pythia8/260306_002843/0000/HiForestMiniAOD_810.root
Time elapsed: 24274 seconds
File Contains: 118000 entries.
NMiss: 2500665 | NFake: 4088474 | NMatch: 64765017
Processing file 790 of 817: /eos/cms/store/group/phys_heavyions/hbossi/mc_productions/QCD-dijet_pThat15-event-weighted_TuneCP5_5p36TeV_pythia8/OO_MC_DijetEmbedded_pThat-15to1200_TuneCP5_5p36TeV_pythia8/260306_002843/0000/HiForestMiniAOD_811.root
Time elapsed: 24328 seconds
File Contains: 122000 entries.
NMiss: 2503820 | NFake: 4093596 | NMatch: 64846693
Processing file 791 of 817: /eos/cms/store/group/phys_heavyions/hbossi/mc_productions/QCD-dijet_pThat15-event-weighted_TuneCP5_5p36TeV_pythia8/OO_MC_DijetEmbedded_pThat-15to1200_TuneCP5_5p36TeV_pythia8/260306_002843/0000/HiForestMiniAOD_812.root
Time elapsed: 24356 seconds
File Contains: 104000 entries.
NMiss: 2506496 | NFake: 4098008 | NMatch: 64916574
Processing file 792 of 817: /eos/cms/store/group/phys_heavyions/hbossi/mc_productions/QCD-dijet_pThat15-event-weighted_TuneCP5_5p36TeV_pythia8/OO_MC_DijetEmbedded_pThat-15to1200_TuneCP5_5p36TeV_pythia8/260306_002843/0000/HiForestMiniAOD_813.root
Time elapsed: 24375 seconds
File Contains: 114000 entries.
NMiss: 2509419 | NFake: 4102884 | NMatch: 64992597
Processing file 793 of 817: /eos/cms/store/group/phys_heavyions/hbossi/mc_productions/QCD-dijet_pThat15-event-weighted_TuneCP5_5p36TeV_pythia8/OO_MC_DijetEmbedded_pThat-15to1200_TuneCP5_5p36TeV_pythia8/260306_002843/0000/HiForestMiniAOD_814.root
Time elapsed: 24403 seconds
File Contains: 104000 entries.
NMiss: 2512059 | NFake: 4107299 | NMatch: 65062690
Processing file 794 of 817: /eos/cms/store/group/phys_heavyions/hbossi/mc_productions/QCD-dijet_pThat15-event-weighted_TuneCP5_5p36TeV_pythia8/OO_MC_DijetEmbedded_pThat-15to1200_TuneCP5_5p36TeV_pythia8/260306_002843/0000/HiForestMiniAOD_815.root
Time elapsed: 24435 seconds
File Contains: 119000 entries.
NMiss: 2515091 | NFake: 4112299 | NMatch: 65142628
Processing file 795 of 817: /eos/cms/store/group/phys_heavyions/hbossi/mc_productions/QCD-dijet_pThat15-event-weighted_TuneCP5_5p36TeV_pythia8/OO_MC_DijetEmbedded_pThat-15to1200_TuneCP5_5p36TeV_pythia8/260306_002843/0000/HiForestMiniAOD_816.root
Time elapsed: 24463 seconds
File Contains: 109000 entries.
NMiss: 2517860 | NFake: 4116973 | NMatch: 65216163
Processing file 796 of 817: /eos/cms/store/group/phys_heavyions/hbossi/mc_productions/QCD-dijet_pThat15-event-weighted_TuneCP5_5p36TeV_pythia8/OO_MC_DijetEmbedded_pThat-15to1200_TuneCP5_5p36TeV_pythia8/260306_002843/0000/HiForestMiniAOD_817.root
Time elapsed: 24502 seconds
File Contains: 121000 entries.
NMiss: 2521021 | NFake: 4122009 | NMatch: 65297625
Processing file 797 of 817: /eos/cms/store/group/phys_heavyions/hbossi/mc_productions/QCD-dijet_pThat15-event-weighted_TuneCP5_5p36TeV_pythia8/OO_MC_DijetEmbedded_pThat-15to1200_TuneCP5_5p36TeV_pythia8/260306_002843/0000/HiForestMiniAOD_818.root
Time elapsed: 24536 seconds
File Contains: 128000 entries.
NMiss: 2524385 | NFake: 4127537 | NMatch: 65384440
Processing file 798 of 817: /eos/cms/store/group/phys_heavyions/hbossi/mc_productions/QCD-dijet_pThat15-event-weighted_TuneCP5_5p36TeV_pythia8/OO_MC_DijetEmbedded_pThat-15to1200_TuneCP5_5p36TeV_pythia8/260306_002843/0000/HiForestMiniAOD_819.root
Time elapsed: 24568 seconds
File Contains: 47000 entries.
NMiss: 2525549 | NFake: 4129521 | NMatch: 65415756
Processing file 799 of 817: /eos/cms/store/group/phys_heavyions/hbossi/mc_productions/QCD-dijet_pThat15-event-weighted_TuneCP5_5p36TeV_pythia8/OO_MC_DijetEmbedded_pThat-15to1200_TuneCP5_5p36TeV_pythia8/260306_002843/0000/HiForestMiniAOD_82.root
Time elapsed: 24584 seconds
File Contains: 98000 entries.
NMiss: 2528151 | NFake: 4133660 | NMatch: 65481426
Processing file 800 of 817: /eos/cms/store/group/phys_heavyions/hbossi/mc_productions/QCD-dijet_pThat15-event-weighted_TuneCP5_5p36TeV_pythia8/OO_MC_DijetEmbedded_pThat-15to1200_TuneCP5_5p36TeV_pythia8/260306_002843/0000/HiForestMiniAOD_83.root
Time elapsed: 24602 seconds
File Contains: 146000 entries.
NMiss: 2531787 | NFake: 4139779 | NMatch: 65579455
Processing file 801 of 817: /eos/cms/store/group/phys_heavyions/hbossi/mc_productions/QCD-dijet_pThat15-event-weighted_TuneCP5_5p36TeV_pythia8/OO_MC_DijetEmbedded_pThat-15to1200_TuneCP5_5p36TeV_pythia8/260306_002843/0000/HiForestMiniAOD_84.root
Time elapsed: 24643 seconds
File Contains: 109000 entries.
NMiss: 2534558 | NFake: 4144341 | NMatch: 65652778
Processing file 802 of 817: /eos/cms/store/group/phys_heavyions/hbossi/mc_productions/QCD-dijet_pThat15-event-weighted_TuneCP5_5p36TeV_pythia8/OO_MC_DijetEmbedded_pThat-15to1200_TuneCP5_5p36TeV_pythia8/260306_002843/0000/HiForestMiniAOD_85.root
Time elapsed: 24701 seconds
File Contains: 94000 entries.
NMiss: 2536985 | NFake: 4148321 | NMatch: 65715914
Processing file 803 of 817: /eos/cms/store/group/phys_heavyions/hbossi/mc_productions/QCD-dijet_pThat15-event-weighted_TuneCP5_5p36TeV_pythia8/OO_MC_DijetEmbedded_pThat-15to1200_TuneCP5_5p36TeV_pythia8/260306_002843/0000/HiForestMiniAOD_86.root
Time elapsed: 24722 seconds
File Contains: 125000 entries.
NMiss: 2540260 | NFake: 4153468 | NMatch: 65799405
Processing file 804 of 817: /eos/cms/store/group/phys_heavyions/hbossi/mc_productions/QCD-dijet_pThat15-event-weighted_TuneCP5_5p36TeV_pythia8/OO_MC_DijetEmbedded_pThat-15to1200_TuneCP5_5p36TeV_pythia8/260306_002843/0000/HiForestMiniAOD_87.root
Time elapsed: 24757 seconds
File Contains: 157000 entries.
NMiss: 2544267 | NFake: 4160022 | NMatch: 65904434
Processing file 805 of 817: /eos/cms/store/group/phys_heavyions/hbossi/mc_productions/QCD-dijet_pThat15-event-weighted_TuneCP5_5p36TeV_pythia8/OO_MC_DijetEmbedded_pThat-15to1200_TuneCP5_5p36TeV_pythia8/260306_002843/0000/HiForestMiniAOD_88.root
Time elapsed: 24805 seconds
File Contains: 126000 entries.
NMiss: 2547518 | NFake: 4165392 | NMatch: 65988920
Processing file 806 of 817: /eos/cms/store/group/phys_heavyions/hbossi/mc_productions/QCD-dijet_pThat15-event-weighted_TuneCP5_5p36TeV_pythia8/OO_MC_DijetEmbedded_pThat-15to1200_TuneCP5_5p36TeV_pythia8/260306_002843/0000/HiForestMiniAOD_89.root
Time elapsed: 24825 seconds
File Contains: 89000 entries.
NMiss: 2549930 | NFake: 4169044 | NMatch: 66048840
Processing file 807 of 817: /eos/cms/store/group/phys_heavyions/hbossi/mc_productions/QCD-dijet_pThat15-event-weighted_TuneCP5_5p36TeV_pythia8/OO_MC_DijetEmbedded_pThat-15to1200_TuneCP5_5p36TeV_pythia8/260306_002843/0000/HiForestMiniAOD_9.root
Time elapsed: 24846 seconds
File Contains: 91000 entries.
NMiss: 2552189 | NFake: 4172980 | NMatch: 66109825
Processing file 808 of 817: /eos/cms/store/group/phys_heavyions/hbossi/mc_productions/QCD-dijet_pThat15-event-weighted_TuneCP5_5p36TeV_pythia8/OO_MC_DijetEmbedded_pThat-15to1200_TuneCP5_5p36TeV_pythia8/260306_002843/0000/HiForestMiniAOD_90.root
Time elapsed: 24870 seconds
File Contains: 94000 entries.
NMiss: 2554570 | NFake: 4176984 | NMatch: 66173186
Processing file 809 of 817: /eos/cms/store/group/phys_heavyions/hbossi/mc_productions/QCD-dijet_pThat15-event-weighted_TuneCP5_5p36TeV_pythia8/OO_MC_DijetEmbedded_pThat-15to1200_TuneCP5_5p36TeV_pythia8/260306_002843/0000/HiForestMiniAOD_91.root
Time elapsed: 24919 seconds
File Contains: 115000 entries.
NMiss: 2557549 | NFake: 4181962 | NMatch: 66250328
Processing file 810 of 817: /eos/cms/store/group/phys_heavyions/hbossi/mc_productions/QCD-dijet_pThat15-event-weighted_TuneCP5_5p36TeV_pythia8/OO_MC_DijetEmbedded_pThat-15to1200_TuneCP5_5p36TeV_pythia8/260306_002843/0000/HiForestMiniAOD_92.root
Time elapsed: 24955 seconds
File Contains: 92000 entries.
NMiss: 2559868 | NFake: 4185967 | NMatch: 66311924
Processing file 811 of 817: /eos/cms/store/group/phys_heavyions/hbossi/mc_productions/QCD-dijet_pThat15-event-weighted_TuneCP5_5p36TeV_pythia8/OO_MC_DijetEmbedded_pThat-15to1200_TuneCP5_5p36TeV_pythia8/260306_002843/0000/HiForestMiniAOD_93.root
Time elapsed: 24974 seconds
File Contains: 119000 entries.
NMiss: 2562908 | NFake: 4191096 | NMatch: 66391538
Processing file 812 of 817: /eos/cms/store/group/phys_heavyions/hbossi/mc_productions/QCD-dijet_pThat15-event-weighted_TuneCP5_5p36TeV_pythia8/OO_MC_DijetEmbedded_pThat-15to1200_TuneCP5_5p36TeV_pythia8/260306_002843/0000/HiForestMiniAOD_94.root
Time elapsed: 25001 seconds
File Contains: 97000 entries.
NMiss: 2565364 | NFake: 4195251 | NMatch: 66456891
Processing file 813 of 817: /eos/cms/store/group/phys_heavyions/hbossi/mc_productions/QCD-dijet_pThat15-event-weighted_TuneCP5_5p36TeV_pythia8/OO_MC_DijetEmbedded_pThat-15to1200_TuneCP5_5p36TeV_pythia8/260306_002843/0000/HiForestMiniAOD_95.root
Time elapsed: 25014 seconds
File Contains: 103000 entries.
NMiss: 2567945 | NFake: 4199620 | NMatch: 66526198
Processing file 814 of 817: /eos/cms/store/group/phys_heavyions/hbossi/mc_productions/QCD-dijet_pThat15-event-weighted_TuneCP5_5p36TeV_pythia8/OO_MC_DijetEmbedded_pThat-15to1200_TuneCP5_5p36TeV_pythia8/260306_002843/0000/HiForestMiniAOD_96.root
Time elapsed: 25031 seconds
File Contains: 110000 entries.
NMiss: 2570745 | NFake: 4204219 | NMatch: 66599833
Processing file 815 of 817: /eos/cms/store/group/phys_heavyions/hbossi/mc_productions/QCD-dijet_pThat15-event-weighted_TuneCP5_5p36TeV_pythia8/OO_MC_DijetEmbedded_pThat-15to1200_TuneCP5_5p36TeV_pythia8/260306_002843/0000/HiForestMiniAOD_97.root
Time elapsed: 25067 seconds
File Contains: 133000 entries.
NMiss: 2574220 | NFake: 4209955 | NMatch: 66688449
Processing file 816 of 817: /eos/cms/store/group/phys_heavyions/hbossi/mc_productions/QCD-dijet_pThat15-event-weighted_TuneCP5_5p36TeV_pythia8/OO_MC_DijetEmbedded_pThat-15to1200_TuneCP5_5p36TeV_pythia8/260306_002843/0000/HiForestMiniAOD_98.root
Time elapsed: 25089 seconds
File Contains: 93000 entries.
NMiss: 2576670 | NFake: 4213782 | NMatch: 66751218
Processing file 817 of 817: /eos/cms/store/group/phys_heavyions/hbossi/mc_productions/QCD-dijet_pThat15-event-weighted_TuneCP5_5p36TeV_pythia8/OO_MC_DijetEmbedded_pThat-15to1200_TuneCP5_5p36TeV_pythia8/260306_002843/0000/HiForestMiniAOD_99.root
Time elapsed: 25118 seconds
File Contains: 138000 entries.
NMiss: 2580219 | NFake: 4219625 | NMatch: 66843732

=== PROCESSING SUMMARY ===
NMatches: 66843732
NMisses: 2580219
NFakes: 4219625
Train Counter: 44830898
Test Counter: 44823312
=======================

=== TIMING SUMMARY ===
Total processing time: 6h 59m 1.76s
Events processed per second: 3966.91 Hz
Average time per event: 0.252086 ms
=======================

=== MEMORY SUMMARY ===
Peak memory usage: 544.793 MB
Memory cleanup completed.
=======================
Cuts applied: L1 MinBias Trigger;Cluster Compatibility Filter;Primary Vertex Filter;HF E_{Max}+ AND HF E_{Max}- > 14;Jet PF CEF < 0.8;Jet PF NEF < 0.8;Jet PF MUF < 0.8;Jet PF CHM > 0;Match iff Reco&Gen pT > 80.0 GeV/c;Jet |eta| < 1.6;
General info: NEntries: 99.7M;Sample: MC;Tag: MC_FullPD_debug;EventsBeforeCuts: 99735000;EventsAfterCuts: 89654210;EventCutEfficiency: 89.89%;TotalJetsProcessed: 382395953;TotalProcessingTime: 6h 59m 1.76s;NMiss: 2580219;NFake: 4219625;NMatch: 66843732;MC: Yes;
Output written to: /home/xirong/JetStudiesOO/LynnsCode/RootFiles/0417HalfHalfDebug2/Response_MC_99.7MEvts_MC_FullPD_debug_20260423.root
