The system clock is currently at Wed Apr 29 23:00:08 2026
Scanning directory: /eos/cms/store/group/phys_heavyions/hbossi/mc_productions/QCD-dijet_pThat15-event-weighted_TuneCP5_5p36TeV_pythia8/OO_MC_DijetEmbedded_pThat-15to1200_TuneCP5_5p36TeV_pythia8/260306_002843/0000 for files matching pattern: *
Found 817 ROOT files matching pattern: /eos/cms/store/group/phys_heavyions/hbossi/mc_productions/QCD-dijet_pThat15-event-weighted_TuneCP5_5p36TeV_pythia8/OO_MC_DijetEmbedded_pThat-15to1200_TuneCP5_5p36TeV_pythia8/260306_002843/0000/*
Number of ROOT files to process: 817
Processing file 1 of 817: /eos/cms/store/group/phys_heavyions/hbossi/mc_productions/QCD-dijet_pThat15-event-weighted_TuneCP5_5p36TeV_pythia8/OO_MC_DijetEmbedded_pThat-15to1200_TuneCP5_5p36TeV_pythia8/260306_002843/0000/HiForestMiniAOD_1.root
Time elapsed: 0 seconds
File Contains: 145000 entries.
NMiss: 4341 | NFake: 6092 | NMatch: 97288
Processing file 2 of 817: /eos/cms/store/group/phys_heavyions/hbossi/mc_productions/QCD-dijet_pThat15-event-weighted_TuneCP5_5p36TeV_pythia8/OO_MC_DijetEmbedded_pThat-15to1200_TuneCP5_5p36TeV_pythia8/260306_002843/0000/HiForestMiniAOD_10.root
Time elapsed: 22 seconds
File Contains: 129000 entries.
NMiss: 8251 | NFake: 11477 | NMatch: 184067
Processing file 3 of 817: /eos/cms/store/group/phys_heavyions/hbossi/mc_productions/QCD-dijet_pThat15-event-weighted_TuneCP5_5p36TeV_pythia8/OO_MC_DijetEmbedded_pThat-15to1200_TuneCP5_5p36TeV_pythia8/260306_002843/0000/HiForestMiniAOD_100.root
Time elapsed: 48 seconds
File Contains: 106000 entries.
NMiss: 11384 | NFake: 15861 | NMatch: 255333
Processing file 4 of 817: /eos/cms/store/group/phys_heavyions/hbossi/mc_productions/QCD-dijet_pThat15-event-weighted_TuneCP5_5p36TeV_pythia8/OO_MC_DijetEmbedded_pThat-15to1200_TuneCP5_5p36TeV_pythia8/260306_002843/0000/HiForestMiniAOD_101.root
Time elapsed: 62 seconds
File Contains: 113000 entries.
NMiss: 14751 | NFake: 20525 | NMatch: 331060
Processing file 5 of 817: /eos/cms/store/group/phys_heavyions/hbossi/mc_productions/QCD-dijet_pThat15-event-weighted_TuneCP5_5p36TeV_pythia8/OO_MC_DijetEmbedded_pThat-15to1200_TuneCP5_5p36TeV_pythia8/260306_002843/0000/HiForestMiniAOD_102.root
Time elapsed: 84 seconds
File Contains: 112000 entries.
NMiss: 18084 | NFake: 25174 | NMatch: 406285
Processing file 6 of 817: /eos/cms/store/group/phys_heavyions/hbossi/mc_productions/QCD-dijet_pThat15-event-weighted_TuneCP5_5p36TeV_pythia8/OO_MC_DijetEmbedded_pThat-15to1200_TuneCP5_5p36TeV_pythia8/260306_002843/0000/HiForestMiniAOD_103.root
Time elapsed: 111 seconds
File Contains: 154000 entries.
NMiss: 22642 | NFake: 31640 | NMatch: 509111
Processing file 7 of 817: /eos/cms/store/group/phys_heavyions/hbossi/mc_productions/QCD-dijet_pThat15-event-weighted_TuneCP5_5p36TeV_pythia8/OO_MC_DijetEmbedded_pThat-15to1200_TuneCP5_5p36TeV_pythia8/260306_002843/0000/HiForestMiniAOD_104.root
Time elapsed: 139 seconds
File Contains: 92000 entries.
NMiss: 25403 | NFake: 35460 | NMatch: 570761
Processing file 8 of 817: /eos/cms/store/group/phys_heavyions/hbossi/mc_productions/QCD-dijet_pThat15-event-weighted_TuneCP5_5p36TeV_pythia8/OO_MC_DijetEmbedded_pThat-15to1200_TuneCP5_5p36TeV_pythia8/260306_002843/0000/HiForestMiniAOD_105.root
Time elapsed: 160 seconds
File Contains: 136000 entries.
NMiss: 29439 | NFake: 41078 | NMatch: 661808
Processing file 9 of 817: /eos/cms/store/group/phys_heavyions/hbossi/mc_productions/QCD-dijet_pThat15-event-weighted_TuneCP5_5p36TeV_pythia8/OO_MC_DijetEmbedded_pThat-15to1200_TuneCP5_5p36TeV_pythia8/260306_002843/0000/HiForestMiniAOD_106.root
Time elapsed: 181 seconds
File Contains: 127000 entries.
NMiss: 33243 | NFake: 46320 | NMatch: 746518
Processing file 10 of 817: /eos/cms/store/group/phys_heavyions/hbossi/mc_productions/QCD-dijet_pThat15-event-weighted_TuneCP5_5p36TeV_pythia8/OO_MC_DijetEmbedded_pThat-15to1200_TuneCP5_5p36TeV_pythia8/260306_002843/0000/HiForestMiniAOD_107.root
Time elapsed: 198 seconds
File Contains: 120000 entries.
NMiss: 36954 | NFake: 51324 | NMatch: 827422
Processing file 11 of 817: /eos/cms/store/group/phys_heavyions/hbossi/mc_productions/QCD-dijet_pThat15-event-weighted_TuneCP5_5p36TeV_pythia8/OO_MC_DijetEmbedded_pThat-15to1200_TuneCP5_5p36TeV_pythia8/260306_002843/0000/HiForestMiniAOD_108.root
Time elapsed: 219 seconds
File Contains: 119000 entries.
NMiss: 40492 | NFake: 56296 | NMatch: 907013
Processing file 12 of 817: /eos/cms/store/group/phys_heavyions/hbossi/mc_productions/QCD-dijet_pThat15-event-weighted_TuneCP5_5p36TeV_pythia8/OO_MC_DijetEmbedded_pThat-15to1200_TuneCP5_5p36TeV_pythia8/260306_002843/0000/HiForestMiniAOD_109.root
Time elapsed: 239 seconds
File Contains: 127000 entries.
NMiss: 44359 | NFake: 61597 | NMatch: 992271
Processing file 13 of 817: /eos/cms/store/group/phys_heavyions/hbossi/mc_productions/QCD-dijet_pThat15-event-weighted_TuneCP5_5p36TeV_pythia8/OO_MC_DijetEmbedded_pThat-15to1200_TuneCP5_5p36TeV_pythia8/260306_002843/0000/HiForestMiniAOD_11.root
Time elapsed: 261 seconds
File Contains: 138000 entries.
NMiss: 48510 | NFake: 67424 | NMatch: 1084983
Processing file 14 of 817: /eos/cms/store/group/phys_heavyions/hbossi/mc_productions/QCD-dijet_pThat15-event-weighted_TuneCP5_5p36TeV_pythia8/OO_MC_DijetEmbedded_pThat-15to1200_TuneCP5_5p36TeV_pythia8/260306_002843/0000/HiForestMiniAOD_110.root
Time elapsed: 286 seconds
File Contains: 167000 entries.
NMiss: 53519 | NFake: 74299 | NMatch: 1196463
Processing file 15 of 817: /eos/cms/store/group/phys_heavyions/hbossi/mc_productions/QCD-dijet_pThat15-event-weighted_TuneCP5_5p36TeV_pythia8/OO_MC_DijetEmbedded_pThat-15to1200_TuneCP5_5p36TeV_pythia8/260306_002843/0000/HiForestMiniAOD_111.root
Time elapsed: 308 seconds
File Contains: 125000 entries.
NMiss: 57194 | NFake: 79484 | NMatch: 1280453
Processing file 16 of 817: /eos/cms/store/group/phys_heavyions/hbossi/mc_productions/QCD-dijet_pThat15-event-weighted_TuneCP5_5p36TeV_pythia8/OO_MC_DijetEmbedded_pThat-15to1200_TuneCP5_5p36TeV_pythia8/260306_002843/0000/HiForestMiniAOD_112.root
Time elapsed: 338 seconds
File Contains: 135000 entries.
NMiss: 61206 | NFake: 85190 | NMatch: 1371499
Processing file 17 of 817: /eos/cms/store/group/phys_heavyions/hbossi/mc_productions/QCD-dijet_pThat15-event-weighted_TuneCP5_5p36TeV_pythia8/OO_MC_DijetEmbedded_pThat-15to1200_TuneCP5_5p36TeV_pythia8/260306_002843/0000/HiForestMiniAOD_113.root
Time elapsed: 364 seconds
File Contains: 96000 entries.
NMiss: 64102 | NFake: 89112 | NMatch: 1435407
Processing file 18 of 817: /eos/cms/store/group/phys_heavyions/hbossi/mc_productions/QCD-dijet_pThat15-event-weighted_TuneCP5_5p36TeV_pythia8/OO_MC_DijetEmbedded_pThat-15to1200_TuneCP5_5p36TeV_pythia8/260306_002843/0000/HiForestMiniAOD_114.root
Time elapsed: 380 seconds
File Contains: 140000 entries.
NMiss: 68357 | NFake: 95082 | NMatch: 1529631
Processing file 19 of 817: /eos/cms/store/group/phys_heavyions/hbossi/mc_productions/QCD-dijet_pThat15-event-weighted_TuneCP5_5p36TeV_pythia8/OO_MC_DijetEmbedded_pThat-15to1200_TuneCP5_5p36TeV_pythia8/260306_002843/0000/HiForestMiniAOD_115.root
Time elapsed: 398 seconds
File Contains: 152000 entries.
NMiss: 72936 | NFake: 101374 | NMatch: 1631167
Processing file 20 of 817: /eos/cms/store/group/phys_heavyions/hbossi/mc_productions/QCD-dijet_pThat15-event-weighted_TuneCP5_5p36TeV_pythia8/OO_MC_DijetEmbedded_pThat-15to1200_TuneCP5_5p36TeV_pythia8/260306_002843/0000/HiForestMiniAOD_116.root
Time elapsed: 422 seconds
File Contains: 123000 entries.
NMiss: 76643 | NFake: 106639 | NMatch: 1713495
Processing file 21 of 817: /eos/cms/store/group/phys_heavyions/hbossi/mc_productions/QCD-dijet_pThat15-event-weighted_TuneCP5_5p36TeV_pythia8/OO_MC_DijetEmbedded_pThat-15to1200_TuneCP5_5p36TeV_pythia8/260306_002843/0000/HiForestMiniAOD_117.root
Time elapsed: 439 seconds
File Contains: 167000 entries.
NMiss: 81603 | NFake: 113556 | NMatch: 1825968
Processing file 22 of 817: /eos/cms/store/group/phys_heavyions/hbossi/mc_productions/QCD-dijet_pThat15-event-weighted_TuneCP5_5p36TeV_pythia8/OO_MC_DijetEmbedded_pThat-15to1200_TuneCP5_5p36TeV_pythia8/260306_002843/0000/HiForestMiniAOD_118.root
Time elapsed: 463 seconds
File Contains: 110000 entries.
NMiss: 84853 | NFake: 118103 | NMatch: 1899758
Processing file 23 of 817: /eos/cms/store/group/phys_heavyions/hbossi/mc_productions/QCD-dijet_pThat15-event-weighted_TuneCP5_5p36TeV_pythia8/OO_MC_DijetEmbedded_pThat-15to1200_TuneCP5_5p36TeV_pythia8/260306_002843/0000/HiForestMiniAOD_119.root
Time elapsed: 488 seconds
File Contains: 131000 entries.
NMiss: 88778 | NFake: 123594 | NMatch: 1987118
Processing file 24 of 817: /eos/cms/store/group/phys_heavyions/hbossi/mc_productions/QCD-dijet_pThat15-event-weighted_TuneCP5_5p36TeV_pythia8/OO_MC_DijetEmbedded_pThat-15to1200_TuneCP5_5p36TeV_pythia8/260306_002843/0000/HiForestMiniAOD_12.root
Time elapsed: 514 seconds
File Contains: 131000 entries.
NMiss: 92674 | NFake: 129108 | NMatch: 2074549
Processing file 25 of 817: /eos/cms/store/group/phys_heavyions/hbossi/mc_productions/QCD-dijet_pThat15-event-weighted_TuneCP5_5p36TeV_pythia8/OO_MC_DijetEmbedded_pThat-15to1200_TuneCP5_5p36TeV_pythia8/260306_002843/0000/HiForestMiniAOD_120.root
Time elapsed: 538 seconds
File Contains: 133000 entries.
NMiss: 96632 | NFake: 134600 | NMatch: 2163949
Processing file 26 of 817: /eos/cms/store/group/phys_heavyions/hbossi/mc_productions/QCD-dijet_pThat15-event-weighted_TuneCP5_5p36TeV_pythia8/OO_MC_DijetEmbedded_pThat-15to1200_TuneCP5_5p36TeV_pythia8/260306_002843/0000/HiForestMiniAOD_121.root
Time elapsed: 567 seconds
File Contains: 146000 entries.
NMiss: 101053 | NFake: 140620 | NMatch: 2261482
Processing file 27 of 817: /eos/cms/store/group/phys_heavyions/hbossi/mc_productions/QCD-dijet_pThat15-event-weighted_TuneCP5_5p36TeV_pythia8/OO_MC_DijetEmbedded_pThat-15to1200_TuneCP5_5p36TeV_pythia8/260306_002843/0000/HiForestMiniAOD_122.root
Time elapsed: 594 seconds
File Contains: 113000 entries.
NMiss: 104431 | NFake: 145426 | NMatch: 2337486
Processing file 28 of 817: /eos/cms/store/group/phys_heavyions/hbossi/mc_productions/QCD-dijet_pThat15-event-weighted_TuneCP5_5p36TeV_pythia8/OO_MC_DijetEmbedded_pThat-15to1200_TuneCP5_5p36TeV_pythia8/260306_002843/0000/HiForestMiniAOD_123.root
Time elapsed: 613 seconds
File Contains: 110000 entries.
NMiss: 107591 | NFake: 149976 | NMatch: 2410838
Processing file 29 of 817: /eos/cms/store/group/phys_heavyions/hbossi/mc_productions/QCD-dijet_pThat15-event-weighted_TuneCP5_5p36TeV_pythia8/OO_MC_DijetEmbedded_pThat-15to1200_TuneCP5_5p36TeV_pythia8/260306_002843/0000/HiForestMiniAOD_124.root
Time elapsed: 640 seconds
File Contains: 137000 entries.
NMiss: 111652 | NFake: 155811 | NMatch: 2502815
Processing file 30 of 817: /eos/cms/store/group/phys_heavyions/hbossi/mc_productions/QCD-dijet_pThat15-event-weighted_TuneCP5_5p36TeV_pythia8/OO_MC_DijetEmbedded_pThat-15to1200_TuneCP5_5p36TeV_pythia8/260306_002843/0000/HiForestMiniAOD_125.root
Time elapsed: 667 seconds
File Contains: 98000 entries.
NMiss: 114424 | NFake: 159827 | NMatch: 2568510
Processing file 31 of 817: /eos/cms/store/group/phys_heavyions/hbossi/mc_productions/QCD-dijet_pThat15-event-weighted_TuneCP5_5p36TeV_pythia8/OO_MC_DijetEmbedded_pThat-15to1200_TuneCP5_5p36TeV_pythia8/260306_002843/0000/HiForestMiniAOD_126.root
Time elapsed: 682 seconds
File Contains: 113000 entries.
NMiss: 117771 | NFake: 164572 | NMatch: 2644113
Processing file 32 of 817: /eos/cms/store/group/phys_heavyions/hbossi/mc_productions/QCD-dijet_pThat15-event-weighted_TuneCP5_5p36TeV_pythia8/OO_MC_DijetEmbedded_pThat-15to1200_TuneCP5_5p36TeV_pythia8/260306_002843/0000/HiForestMiniAOD_127.root
Time elapsed: 707 seconds
File Contains: 107000 entries.
NMiss: 121013 | NFake: 169026 | NMatch: 2715766
Processing file 33 of 817: /eos/cms/store/group/phys_heavyions/hbossi/mc_productions/QCD-dijet_pThat15-event-weighted_TuneCP5_5p36TeV_pythia8/OO_MC_DijetEmbedded_pThat-15to1200_TuneCP5_5p36TeV_pythia8/260306_002843/0000/HiForestMiniAOD_128.root
Time elapsed: 724 seconds
File Contains: 148000 entries.
NMiss: 125518 | NFake: 175239 | NMatch: 2815517
Processing file 34 of 817: /eos/cms/store/group/phys_heavyions/hbossi/mc_productions/QCD-dijet_pThat15-event-weighted_TuneCP5_5p36TeV_pythia8/OO_MC_DijetEmbedded_pThat-15to1200_TuneCP5_5p36TeV_pythia8/260306_002843/0000/HiForestMiniAOD_129.root
Time elapsed: 750 seconds
File Contains: 117000 entries.
NMiss: 128997 | NFake: 180106 | NMatch: 2893545
Processing file 35 of 817: /eos/cms/store/group/phys_heavyions/hbossi/mc_productions/QCD-dijet_pThat15-event-weighted_TuneCP5_5p36TeV_pythia8/OO_MC_DijetEmbedded_pThat-15to1200_TuneCP5_5p36TeV_pythia8/260306_002843/0000/HiForestMiniAOD_130.root
Time elapsed: 771 seconds
File Contains: 139000 entries.
NMiss: 133217 | NFake: 185728 | NMatch: 2986996
Processing file 36 of 817: /eos/cms/store/group/phys_heavyions/hbossi/mc_productions/QCD-dijet_pThat15-event-weighted_TuneCP5_5p36TeV_pythia8/OO_MC_DijetEmbedded_pThat-15to1200_TuneCP5_5p36TeV_pythia8/260306_002843/0000/HiForestMiniAOD_131.root
Time elapsed: 816 seconds
File Contains: 105000 entries.
NMiss: 136390 | NFake: 190002 | NMatch: 3057114
Processing file 37 of 817: /eos/cms/store/group/phys_heavyions/hbossi/mc_productions/QCD-dijet_pThat15-event-weighted_TuneCP5_5p36TeV_pythia8/OO_MC_DijetEmbedded_pThat-15to1200_TuneCP5_5p36TeV_pythia8/260306_002843/0000/HiForestMiniAOD_132.root
Time elapsed: 836 seconds
File Contains: 93000 entries.
NMiss: 139153 | NFake: 193946 | NMatch: 3119682
Processing file 38 of 817: /eos/cms/store/group/phys_heavyions/hbossi/mc_productions/QCD-dijet_pThat15-event-weighted_TuneCP5_5p36TeV_pythia8/OO_MC_DijetEmbedded_pThat-15to1200_TuneCP5_5p36TeV_pythia8/260306_002843/0000/HiForestMiniAOD_133.root
Time elapsed: 854 seconds
File Contains: 109000 entries.
NMiss: 142444 | NFake: 198540 | NMatch: 3192788
Processing file 39 of 817: /eos/cms/store/group/phys_heavyions/hbossi/mc_productions/QCD-dijet_pThat15-event-weighted_TuneCP5_5p36TeV_pythia8/OO_MC_DijetEmbedded_pThat-15to1200_TuneCP5_5p36TeV_pythia8/260306_002843/0000/HiForestMiniAOD_134.root
Time elapsed: 876 seconds
File Contains: 100000 entries.
NMiss: 145482 | NFake: 202746 | NMatch: 3259593
Processing file 40 of 817: /eos/cms/store/group/phys_heavyions/hbossi/mc_productions/QCD-dijet_pThat15-event-weighted_TuneCP5_5p36TeV_pythia8/OO_MC_DijetEmbedded_pThat-15to1200_TuneCP5_5p36TeV_pythia8/260306_002843/0000/HiForestMiniAOD_135.root
Time elapsed: 896 seconds
File Contains: 122000 entries.
NMiss: 149154 | NFake: 207800 | NMatch: 3341453
Processing file 41 of 817: /eos/cms/store/group/phys_heavyions/hbossi/mc_productions/QCD-dijet_pThat15-event-weighted_TuneCP5_5p36TeV_pythia8/OO_MC_DijetEmbedded_pThat-15to1200_TuneCP5_5p36TeV_pythia8/260306_002843/0000/HiForestMiniAOD_136.root
Time elapsed: 919 seconds
File Contains: 166000 entries.
NMiss: 154037 | NFake: 214615 | NMatch: 3452180
Processing file 42 of 817: /eos/cms/store/group/phys_heavyions/hbossi/mc_productions/QCD-dijet_pThat15-event-weighted_TuneCP5_5p36TeV_pythia8/OO_MC_DijetEmbedded_pThat-15to1200_TuneCP5_5p36TeV_pythia8/260306_002843/0000/HiForestMiniAOD_137.root
Time elapsed: 949 seconds
File Contains: 112000 entries.
NMiss: 157382 | NFake: 219326 | NMatch: 3527121
Processing file 43 of 817: /eos/cms/store/group/phys_heavyions/hbossi/mc_productions/QCD-dijet_pThat15-event-weighted_TuneCP5_5p36TeV_pythia8/OO_MC_DijetEmbedded_pThat-15to1200_TuneCP5_5p36TeV_pythia8/260306_002843/0000/HiForestMiniAOD_138.root
Time elapsed: 970 seconds
File Contains: 100000 entries.
NMiss: 160345 | NFake: 223554 | NMatch: 3593769
Processing file 44 of 817: /eos/cms/store/group/phys_heavyions/hbossi/mc_productions/QCD-dijet_pThat15-event-weighted_TuneCP5_5p36TeV_pythia8/OO_MC_DijetEmbedded_pThat-15to1200_TuneCP5_5p36TeV_pythia8/260306_002843/0000/HiForestMiniAOD_139.root
Time elapsed: 992 seconds
File Contains: 137000 entries.
NMiss: 164522 | NFake: 229276 | NMatch: 3686043
Processing file 45 of 817: /eos/cms/store/group/phys_heavyions/hbossi/mc_productions/QCD-dijet_pThat15-event-weighted_TuneCP5_5p36TeV_pythia8/OO_MC_DijetEmbedded_pThat-15to1200_TuneCP5_5p36TeV_pythia8/260306_002843/0000/HiForestMiniAOD_14.root
Time elapsed: 1009 seconds
File Contains: 99000 entries.
NMiss: 167499 | NFake: 233445 | NMatch: 3752021
Processing file 46 of 817: /eos/cms/store/group/phys_heavyions/hbossi/mc_productions/QCD-dijet_pThat15-event-weighted_TuneCP5_5p36TeV_pythia8/OO_MC_DijetEmbedded_pThat-15to1200_TuneCP5_5p36TeV_pythia8/260306_002843/0000/HiForestMiniAOD_140.root
Time elapsed: 1027 seconds
File Contains: 143000 entries.
NMiss: 171774 | NFake: 239386 | NMatch: 3847712
Processing file 47 of 817: /eos/cms/store/group/phys_heavyions/hbossi/mc_productions/QCD-dijet_pThat15-event-weighted_TuneCP5_5p36TeV_pythia8/OO_MC_DijetEmbedded_pThat-15to1200_TuneCP5_5p36TeV_pythia8/260306_002843/0000/HiForestMiniAOD_141.root
Time elapsed: 1050 seconds
File Contains: 107000 entries.
NMiss: 174958 | NFake: 243789 | NMatch: 3919382
Processing file 48 of 817: /eos/cms/store/group/phys_heavyions/hbossi/mc_productions/QCD-dijet_pThat15-event-weighted_TuneCP5_5p36TeV_pythia8/OO_MC_DijetEmbedded_pThat-15to1200_TuneCP5_5p36TeV_pythia8/260306_002843/0000/HiForestMiniAOD_142.root
Time elapsed: 1074 seconds
File Contains: 151000 entries.
NMiss: 179383 | NFake: 249959 | NMatch: 4020705
Processing file 49 of 817: /eos/cms/store/group/phys_heavyions/hbossi/mc_productions/QCD-dijet_pThat15-event-weighted_TuneCP5_5p36TeV_pythia8/OO_MC_DijetEmbedded_pThat-15to1200_TuneCP5_5p36TeV_pythia8/260306_002843/0000/HiForestMiniAOD_143.root
Time elapsed: 1097 seconds
File Contains: 91000 entries.
NMiss: 182094 | NFake: 253820 | NMatch: 4081902
Processing file 50 of 817: /eos/cms/store/group/phys_heavyions/hbossi/mc_productions/QCD-dijet_pThat15-event-weighted_TuneCP5_5p36TeV_pythia8/OO_MC_DijetEmbedded_pThat-15to1200_TuneCP5_5p36TeV_pythia8/260306_002843/0000/HiForestMiniAOD_144.root
Time elapsed: 1116 seconds
File Contains: 98000 entries.
NMiss: 184977 | NFake: 257858 | NMatch: 4147417
Processing file 51 of 817: /eos/cms/store/group/phys_heavyions/hbossi/mc_productions/QCD-dijet_pThat15-event-weighted_TuneCP5_5p36TeV_pythia8/OO_MC_DijetEmbedded_pThat-15to1200_TuneCP5_5p36TeV_pythia8/260306_002843/0000/HiForestMiniAOD_145.root
Time elapsed: 1146 seconds
File Contains: 128000 entries.
NMiss: 188850 | NFake: 263243 | NMatch: 4232311
Processing file 52 of 817: /eos/cms/store/group/phys_heavyions/hbossi/mc_productions/QCD-dijet_pThat15-event-weighted_TuneCP5_5p36TeV_pythia8/OO_MC_DijetEmbedded_pThat-15to1200_TuneCP5_5p36TeV_pythia8/260306_002843/0000/HiForestMiniAOD_146.root
Time elapsed: 1165 seconds
File Contains: 126000 entries.
NMiss: 192596 | NFake: 268430 | NMatch: 4316326
Processing file 53 of 817: /eos/cms/store/group/phys_heavyions/hbossi/mc_productions/QCD-dijet_pThat15-event-weighted_TuneCP5_5p36TeV_pythia8/OO_MC_DijetEmbedded_pThat-15to1200_TuneCP5_5p36TeV_pythia8/260306_002843/0000/HiForestMiniAOD_147.root
Time elapsed: 1185 seconds
File Contains: 121000 entries.
NMiss: 196218 | NFake: 273430 | NMatch: 4397479
Processing file 54 of 817: /eos/cms/store/group/phys_heavyions/hbossi/mc_productions/QCD-dijet_pThat15-event-weighted_TuneCP5_5p36TeV_pythia8/OO_MC_DijetEmbedded_pThat-15to1200_TuneCP5_5p36TeV_pythia8/260306_002843/0000/HiForestMiniAOD_148.root
Time elapsed: 1206 seconds
File Contains: 150000 entries.
NMiss: 200706 | NFake: 279642 | NMatch: 4497821
Processing file 55 of 817: /eos/cms/store/group/phys_heavyions/hbossi/mc_productions/QCD-dijet_pThat15-event-weighted_TuneCP5_5p36TeV_pythia8/OO_MC_DijetEmbedded_pThat-15to1200_TuneCP5_5p36TeV_pythia8/260306_002843/0000/HiForestMiniAOD_149.root
Time elapsed: 1227 seconds
File Contains: 133000 entries.
NMiss: 204607 | NFake: 285084 | NMatch: 4586687
Processing file 56 of 817: /eos/cms/store/group/phys_heavyions/hbossi/mc_productions/QCD-dijet_pThat15-event-weighted_TuneCP5_5p36TeV_pythia8/OO_MC_DijetEmbedded_pThat-15to1200_TuneCP5_5p36TeV_pythia8/260306_002843/0000/HiForestMiniAOD_150.root
Time elapsed: 1251 seconds
File Contains: 111000 entries.
NMiss: 208031 | NFake: 289766 | NMatch: 4660835
Processing file 57 of 817: /eos/cms/store/group/phys_heavyions/hbossi/mc_productions/QCD-dijet_pThat15-event-weighted_TuneCP5_5p36TeV_pythia8/OO_MC_DijetEmbedded_pThat-15to1200_TuneCP5_5p36TeV_pythia8/260306_002843/0000/HiForestMiniAOD_151.root
Time elapsed: 1277 seconds
File Contains: 109000 entries.
NMiss: 211250 | NFake: 294289 | NMatch: 4733683
Processing file 58 of 817: /eos/cms/store/group/phys_heavyions/hbossi/mc_productions/QCD-dijet_pThat15-event-weighted_TuneCP5_5p36TeV_pythia8/OO_MC_DijetEmbedded_pThat-15to1200_TuneCP5_5p36TeV_pythia8/260306_002843/0000/HiForestMiniAOD_152.root
Time elapsed: 1298 seconds
File Contains: 95000 entries.
NMiss: 214062 | NFake: 298274 | NMatch: 4797153
Processing file 59 of 817: /eos/cms/store/group/phys_heavyions/hbossi/mc_productions/QCD-dijet_pThat15-event-weighted_TuneCP5_5p36TeV_pythia8/OO_MC_DijetEmbedded_pThat-15to1200_TuneCP5_5p36TeV_pythia8/260306_002843/0000/HiForestMiniAOD_153.root
Time elapsed: 1317 seconds
File Contains: 98000 entries.
NMiss: 216949 | NFake: 302299 | NMatch: 4862718
Processing file 60 of 817: /eos/cms/store/group/phys_heavyions/hbossi/mc_productions/QCD-dijet_pThat15-event-weighted_TuneCP5_5p36TeV_pythia8/OO_MC_DijetEmbedded_pThat-15to1200_TuneCP5_5p36TeV_pythia8/260306_002843/0000/HiForestMiniAOD_154.root
Time elapsed: 1335 seconds
File Contains: 107000 entries.
NMiss: 220058 | NFake: 306739 | NMatch: 4933974
Processing file 61 of 817: /eos/cms/store/group/phys_heavyions/hbossi/mc_productions/QCD-dijet_pThat15-event-weighted_TuneCP5_5p36TeV_pythia8/OO_MC_DijetEmbedded_pThat-15to1200_TuneCP5_5p36TeV_pythia8/260306_002843/0000/HiForestMiniAOD_155.root
Time elapsed: 1355 seconds
File Contains: 92000 entries.
NMiss: 222797 | NFake: 310674 | NMatch: 4995431
Processing file 62 of 817: /eos/cms/store/group/phys_heavyions/hbossi/mc_productions/QCD-dijet_pThat15-event-weighted_TuneCP5_5p36TeV_pythia8/OO_MC_DijetEmbedded_pThat-15to1200_TuneCP5_5p36TeV_pythia8/260306_002843/0000/HiForestMiniAOD_156.root
Time elapsed: 1370 seconds
File Contains: 160000 entries.
NMiss: 227621 | NFake: 317221 | NMatch: 5102785
Processing file 63 of 817: /eos/cms/store/group/phys_heavyions/hbossi/mc_productions/QCD-dijet_pThat15-event-weighted_TuneCP5_5p36TeV_pythia8/OO_MC_DijetEmbedded_pThat-15to1200_TuneCP5_5p36TeV_pythia8/260306_002843/0000/HiForestMiniAOD_157.root
Time elapsed: 1395 seconds
File Contains: 145000 entries.
NMiss: 231997 | NFake: 323193 | NMatch: 5200430
Processing file 64 of 817: /eos/cms/store/group/phys_heavyions/hbossi/mc_productions/QCD-dijet_pThat15-event-weighted_TuneCP5_5p36TeV_pythia8/OO_MC_DijetEmbedded_pThat-15to1200_TuneCP5_5p36TeV_pythia8/260306_002843/0000/HiForestMiniAOD_158.root
Time elapsed: 1419 seconds
File Contains: 129000 entries.
NMiss: 235887 | NFake: 328708 | NMatch: 5286664
Processing file 65 of 817: /eos/cms/store/group/phys_heavyions/hbossi/mc_productions/QCD-dijet_pThat15-event-weighted_TuneCP5_5p36TeV_pythia8/OO_MC_DijetEmbedded_pThat-15to1200_TuneCP5_5p36TeV_pythia8/260306_002843/0000/HiForestMiniAOD_159.root
Time elapsed: 1439 seconds
File Contains: 132000 entries.
NMiss: 239836 | NFake: 334236 | NMatch: 5374728
Processing file 66 of 817: /eos/cms/store/group/phys_heavyions/hbossi/mc_productions/QCD-dijet_pThat15-event-weighted_TuneCP5_5p36TeV_pythia8/OO_MC_DijetEmbedded_pThat-15to1200_TuneCP5_5p36TeV_pythia8/260306_002843/0000/HiForestMiniAOD_16.root
Time elapsed: 1459 seconds
File Contains: 133000 entries.
NMiss: 243834 | NFake: 339775 | NMatch: 5463625
Processing file 67 of 817: /eos/cms/store/group/phys_heavyions/hbossi/mc_productions/QCD-dijet_pThat15-event-weighted_TuneCP5_5p36TeV_pythia8/OO_MC_DijetEmbedded_pThat-15to1200_TuneCP5_5p36TeV_pythia8/260306_002843/0000/HiForestMiniAOD_160.root
Time elapsed: 1479 seconds
File Contains: 108000 entries.
NMiss: 247042 | NFake: 344338 | NMatch: 5534918
Processing file 68 of 817: /eos/cms/store/group/phys_heavyions/hbossi/mc_productions/QCD-dijet_pThat15-event-weighted_TuneCP5_5p36TeV_pythia8/OO_MC_DijetEmbedded_pThat-15to1200_TuneCP5_5p36TeV_pythia8/260306_002843/0000/HiForestMiniAOD_161.root
Time elapsed: 1494 seconds
File Contains: 136000 entries.
NMiss: 251005 | NFake: 349972 | NMatch: 5626512
Processing file 69 of 817: /eos/cms/store/group/phys_heavyions/hbossi/mc_productions/QCD-dijet_pThat15-event-weighted_TuneCP5_5p36TeV_pythia8/OO_MC_DijetEmbedded_pThat-15to1200_TuneCP5_5p36TeV_pythia8/260306_002843/0000/HiForestMiniAOD_162.root
Time elapsed: 1521 seconds
File Contains: 127000 entries.
NMiss: 254861 | NFake: 355355 | NMatch: 5711485
Processing file 70 of 817: /eos/cms/store/group/phys_heavyions/hbossi/mc_productions/QCD-dijet_pThat15-event-weighted_TuneCP5_5p36TeV_pythia8/OO_MC_DijetEmbedded_pThat-15to1200_TuneCP5_5p36TeV_pythia8/260306_002843/0000/HiForestMiniAOD_163.root
Time elapsed: 1548 seconds
File Contains: 152000 entries.
NMiss: 259396 | NFake: 361657 | NMatch: 5813221
Processing file 71 of 817: /eos/cms/store/group/phys_heavyions/hbossi/mc_productions/QCD-dijet_pThat15-event-weighted_TuneCP5_5p36TeV_pythia8/OO_MC_DijetEmbedded_pThat-15to1200_TuneCP5_5p36TeV_pythia8/260306_002843/0000/HiForestMiniAOD_164.root
Time elapsed: 1586 seconds
File Contains: 138000 entries.
NMiss: 263525 | NFake: 367500 | NMatch: 5905908
Processing file 72 of 817: /eos/cms/store/group/phys_heavyions/hbossi/mc_productions/QCD-dijet_pThat15-event-weighted_TuneCP5_5p36TeV_pythia8/OO_MC_DijetEmbedded_pThat-15to1200_TuneCP5_5p36TeV_pythia8/260306_002843/0000/HiForestMiniAOD_165.root
Time elapsed: 1606 seconds
File Contains: 136000 entries.
NMiss: 267594 | NFake: 373054 | NMatch: 5997025
Processing file 73 of 817: /eos/cms/store/group/phys_heavyions/hbossi/mc_productions/QCD-dijet_pThat15-event-weighted_TuneCP5_5p36TeV_pythia8/OO_MC_DijetEmbedded_pThat-15to1200_TuneCP5_5p36TeV_pythia8/260306_002843/0000/HiForestMiniAOD_166.root
Time elapsed: 1624 seconds
File Contains: 87000 entries.
NMiss: 270212 | NFake: 376733 | NMatch: 6054975
Processing file 74 of 817: /eos/cms/store/group/phys_heavyions/hbossi/mc_productions/QCD-dijet_pThat15-event-weighted_TuneCP5_5p36TeV_pythia8/OO_MC_DijetEmbedded_pThat-15to1200_TuneCP5_5p36TeV_pythia8/260306_002843/0000/HiForestMiniAOD_167.root
Time elapsed: 1642 seconds
File Contains: 109000 entries.
NMiss: 273538 | NFake: 381267 | NMatch: 6128491
Processing file 75 of 817: /eos/cms/store/group/phys_heavyions/hbossi/mc_productions/QCD-dijet_pThat15-event-weighted_TuneCP5_5p36TeV_pythia8/OO_MC_DijetEmbedded_pThat-15to1200_TuneCP5_5p36TeV_pythia8/260306_002843/0000/HiForestMiniAOD_168.root
Time elapsed: 1665 seconds
File Contains: 110000 entries.
NMiss: 276917 | NFake: 385866 | NMatch: 6202141
Processing file 76 of 817: /eos/cms/store/group/phys_heavyions/hbossi/mc_productions/QCD-dijet_pThat15-event-weighted_TuneCP5_5p36TeV_pythia8/OO_MC_DijetEmbedded_pThat-15to1200_TuneCP5_5p36TeV_pythia8/260306_002843/0000/HiForestMiniAOD_169.root
Time elapsed: 1689 seconds
File Contains: 108000 entries.
NMiss: 280254 | NFake: 390462 | NMatch: 6274064
Processing file 77 of 817: /eos/cms/store/group/phys_heavyions/hbossi/mc_productions/QCD-dijet_pThat15-event-weighted_TuneCP5_5p36TeV_pythia8/OO_MC_DijetEmbedded_pThat-15to1200_TuneCP5_5p36TeV_pythia8/260306_002843/0000/HiForestMiniAOD_17.root
Time elapsed: 1708 seconds
File Contains: 126000 entries.
NMiss: 284024 | NFake: 395662 | NMatch: 6358140
Processing file 78 of 817: /eos/cms/store/group/phys_heavyions/hbossi/mc_productions/QCD-dijet_pThat15-event-weighted_TuneCP5_5p36TeV_pythia8/OO_MC_DijetEmbedded_pThat-15to1200_TuneCP5_5p36TeV_pythia8/260306_002843/0000/HiForestMiniAOD_170.root
Time elapsed: 1729 seconds
File Contains: 109000 entries.
NMiss: 287352 | NFake: 400238 | NMatch: 6431020
Processing file 79 of 817: /eos/cms/store/group/phys_heavyions/hbossi/mc_productions/QCD-dijet_pThat15-event-weighted_TuneCP5_5p36TeV_pythia8/OO_MC_DijetEmbedded_pThat-15to1200_TuneCP5_5p36TeV_pythia8/260306_002843/0000/HiForestMiniAOD_171.root
Time elapsed: 1745 seconds
File Contains: 98000 entries.
NMiss: 290312 | NFake: 404359 | NMatch: 6496366
Processing file 80 of 817: /eos/cms/store/group/phys_heavyions/hbossi/mc_productions/QCD-dijet_pThat15-event-weighted_TuneCP5_5p36TeV_pythia8/OO_MC_DijetEmbedded_pThat-15to1200_TuneCP5_5p36TeV_pythia8/260306_002843/0000/HiForestMiniAOD_172.root
Time elapsed: 1762 seconds
File Contains: 130000 entries.
NMiss: 294248 | NFake: 409892 | NMatch: 6583042
Processing file 81 of 817: /eos/cms/store/group/phys_heavyions/hbossi/mc_productions/QCD-dijet_pThat15-event-weighted_TuneCP5_5p36TeV_pythia8/OO_MC_DijetEmbedded_pThat-15to1200_TuneCP5_5p36TeV_pythia8/260306_002843/0000/HiForestMiniAOD_173.root
Time elapsed: 1781 seconds
File Contains: 151000 entries.
NMiss: 298699 | NFake: 416266 | NMatch: 6684621
Processing file 82 of 817: /eos/cms/store/group/phys_heavyions/hbossi/mc_productions/QCD-dijet_pThat15-event-weighted_TuneCP5_5p36TeV_pythia8/OO_MC_DijetEmbedded_pThat-15to1200_TuneCP5_5p36TeV_pythia8/260306_002843/0000/HiForestMiniAOD_174.root
Time elapsed: 1804 seconds
File Contains: 119000 entries.
NMiss: 302256 | NFake: 421151 | NMatch: 6763993
Processing file 83 of 817: /eos/cms/store/group/phys_heavyions/hbossi/mc_productions/QCD-dijet_pThat15-event-weighted_TuneCP5_5p36TeV_pythia8/OO_MC_DijetEmbedded_pThat-15to1200_TuneCP5_5p36TeV_pythia8/260306_002843/0000/HiForestMiniAOD_175.root
Time elapsed: 1827 seconds
File Contains: 118000 entries.
NMiss: 305805 | NFake: 426133 | NMatch: 6842537
Processing file 84 of 817: /eos/cms/store/group/phys_heavyions/hbossi/mc_productions/QCD-dijet_pThat15-event-weighted_TuneCP5_5p36TeV_pythia8/OO_MC_DijetEmbedded_pThat-15to1200_TuneCP5_5p36TeV_pythia8/260306_002843/0000/HiForestMiniAOD_176.root
Time elapsed: 1846 seconds
File Contains: 164000 entries.
NMiss: 310749 | NFake: 432983 | NMatch: 6952462
Processing file 85 of 817: /eos/cms/store/group/phys_heavyions/hbossi/mc_productions/QCD-dijet_pThat15-event-weighted_TuneCP5_5p36TeV_pythia8/OO_MC_DijetEmbedded_pThat-15to1200_TuneCP5_5p36TeV_pythia8/260306_002843/0000/HiForestMiniAOD_177.root
Time elapsed: 1866 seconds
File Contains: 101000 entries.
NMiss: 313846 | NFake: 437188 | NMatch: 7019434
Processing file 86 of 817: /eos/cms/store/group/phys_heavyions/hbossi/mc_productions/QCD-dijet_pThat15-event-weighted_TuneCP5_5p36TeV_pythia8/OO_MC_DijetEmbedded_pThat-15to1200_TuneCP5_5p36TeV_pythia8/260306_002843/0000/HiForestMiniAOD_178.root
Time elapsed: 1889 seconds
File Contains: 109000 entries.
NMiss: 317026 | NFake: 441655 | NMatch: 7092451
Processing file 87 of 817: /eos/cms/store/group/phys_heavyions/hbossi/mc_productions/QCD-dijet_pThat15-event-weighted_TuneCP5_5p36TeV_pythia8/OO_MC_DijetEmbedded_pThat-15to1200_TuneCP5_5p36TeV_pythia8/260306_002843/0000/HiForestMiniAOD_179.root
Time elapsed: 1914 seconds
File Contains: 132000 entries.
NMiss: 320910 | NFake: 447243 | NMatch: 7180911
Processing file 88 of 817: /eos/cms/store/group/phys_heavyions/hbossi/mc_productions/QCD-dijet_pThat15-event-weighted_TuneCP5_5p36TeV_pythia8/OO_MC_DijetEmbedded_pThat-15to1200_TuneCP5_5p36TeV_pythia8/260306_002843/0000/HiForestMiniAOD_18.root
Time elapsed: 1937 seconds
File Contains: 140000 entries.
NMiss: 325180 | NFake: 453086 | NMatch: 7274139
Processing file 89 of 817: /eos/cms/store/group/phys_heavyions/hbossi/mc_productions/QCD-dijet_pThat15-event-weighted_TuneCP5_5p36TeV_pythia8/OO_MC_DijetEmbedded_pThat-15to1200_TuneCP5_5p36TeV_pythia8/260306_002843/0000/HiForestMiniAOD_180.root
Time elapsed: 1962 seconds
File Contains: 132000 entries.
NMiss: 329245 | NFake: 458722 | NMatch: 7362293
Processing file 90 of 817: /eos/cms/store/group/phys_heavyions/hbossi/mc_productions/QCD-dijet_pThat15-event-weighted_TuneCP5_5p36TeV_pythia8/OO_MC_DijetEmbedded_pThat-15to1200_TuneCP5_5p36TeV_pythia8/260306_002843/0000/HiForestMiniAOD_181.root
Time elapsed: 1983 seconds
File Contains: 167000 entries.
NMiss: 334252 | NFake: 465697 | NMatch: 7474579
Processing file 91 of 817: /eos/cms/store/group/phys_heavyions/hbossi/mc_productions/QCD-dijet_pThat15-event-weighted_TuneCP5_5p36TeV_pythia8/OO_MC_DijetEmbedded_pThat-15to1200_TuneCP5_5p36TeV_pythia8/260306_002843/0000/HiForestMiniAOD_182.root
Time elapsed: 2004 seconds
File Contains: 101000 entries.
NMiss: 337288 | NFake: 469971 | NMatch: 7541831
Processing file 92 of 817: /eos/cms/store/group/phys_heavyions/hbossi/mc_productions/QCD-dijet_pThat15-event-weighted_TuneCP5_5p36TeV_pythia8/OO_MC_DijetEmbedded_pThat-15to1200_TuneCP5_5p36TeV_pythia8/260306_002843/0000/HiForestMiniAOD_183.root
Time elapsed: 2020 seconds
File Contains: 129000 entries.
NMiss: 341029 | NFake: 475459 | NMatch: 7627926
Processing file 93 of 817: /eos/cms/store/group/phys_heavyions/hbossi/mc_productions/QCD-dijet_pThat15-event-weighted_TuneCP5_5p36TeV_pythia8/OO_MC_DijetEmbedded_pThat-15to1200_TuneCP5_5p36TeV_pythia8/260306_002843/0000/HiForestMiniAOD_184.root
Time elapsed: 2043 seconds
File Contains: 138000 entries.
NMiss: 345227 | NFake: 481070 | NMatch: 7720413
Processing file 94 of 817: /eos/cms/store/group/phys_heavyions/hbossi/mc_productions/QCD-dijet_pThat15-event-weighted_TuneCP5_5p36TeV_pythia8/OO_MC_DijetEmbedded_pThat-15to1200_TuneCP5_5p36TeV_pythia8/260306_002843/0000/HiForestMiniAOD_185.root
Time elapsed: 2064 seconds
File Contains: 84000 entries.
NMiss: 347808 | NFake: 484581 | NMatch: 7776684
Processing file 95 of 817: /eos/cms/store/group/phys_heavyions/hbossi/mc_productions/QCD-dijet_pThat15-event-weighted_TuneCP5_5p36TeV_pythia8/OO_MC_DijetEmbedded_pThat-15to1200_TuneCP5_5p36TeV_pythia8/260306_002843/0000/HiForestMiniAOD_186.root
Time elapsed: 2076 seconds
File Contains: 122000 entries.
NMiss: 351500 | NFake: 489616 | NMatch: 7858174
Processing file 96 of 817: /eos/cms/store/group/phys_heavyions/hbossi/mc_productions/QCD-dijet_pThat15-event-weighted_TuneCP5_5p36TeV_pythia8/OO_MC_DijetEmbedded_pThat-15to1200_TuneCP5_5p36TeV_pythia8/260306_002843/0000/HiForestMiniAOD_187.root
Time elapsed: 2108 seconds
File Contains: 142000 entries.
NMiss: 355857 | NFake: 495543 | NMatch: 7953103
Processing file 97 of 817: /eos/cms/store/group/phys_heavyions/hbossi/mc_productions/QCD-dijet_pThat15-event-weighted_TuneCP5_5p36TeV_pythia8/OO_MC_DijetEmbedded_pThat-15to1200_TuneCP5_5p36TeV_pythia8/260306_002843/0000/HiForestMiniAOD_188.root
Time elapsed: 2128 seconds
File Contains: 136000 entries.
NMiss: 359942 | NFake: 501283 | NMatch: 8044078
Processing file 98 of 817: /eos/cms/store/group/phys_heavyions/hbossi/mc_productions/QCD-dijet_pThat15-event-weighted_TuneCP5_5p36TeV_pythia8/OO_MC_DijetEmbedded_pThat-15to1200_TuneCP5_5p36TeV_pythia8/260306_002843/0000/HiForestMiniAOD_189.root
Time elapsed: 2152 seconds
File Contains: 94000 entries.
NMiss: 362673 | NFake: 505100 | NMatch: 8107021
Processing file 99 of 817: /eos/cms/store/group/phys_heavyions/hbossi/mc_productions/QCD-dijet_pThat15-event-weighted_TuneCP5_5p36TeV_pythia8/OO_MC_DijetEmbedded_pThat-15to1200_TuneCP5_5p36TeV_pythia8/260306_002843/0000/HiForestMiniAOD_19.root
Time elapsed: 2167 seconds
File Contains: 101000 entries.
NMiss: 365650 | NFake: 509396 | NMatch: 8174873
Processing file 100 of 817: /eos/cms/store/group/phys_heavyions/hbossi/mc_productions/QCD-dijet_pThat15-event-weighted_TuneCP5_5p36TeV_pythia8/OO_MC_DijetEmbedded_pThat-15to1200_TuneCP5_5p36TeV_pythia8/260306_002843/0000/HiForestMiniAOD_190.root
Time elapsed: 2185 seconds
File Contains: 149000 entries.
NMiss: 370126 | NFake: 515617 | NMatch: 8274263
Processing file 101 of 817: /eos/cms/store/group/phys_heavyions/hbossi/mc_productions/QCD-dijet_pThat15-event-weighted_TuneCP5_5p36TeV_pythia8/OO_MC_DijetEmbedded_pThat-15to1200_TuneCP5_5p36TeV_pythia8/260306_002843/0000/HiForestMiniAOD_191.root
Time elapsed: 2212 seconds
File Contains: 116000 entries.
NMiss: 373630 | NFake: 520489 | NMatch: 8351793
Processing file 102 of 817: /eos/cms/store/group/phys_heavyions/hbossi/mc_productions/QCD-dijet_pThat15-event-weighted_TuneCP5_5p36TeV_pythia8/OO_MC_DijetEmbedded_pThat-15to1200_TuneCP5_5p36TeV_pythia8/260306_002843/0000/HiForestMiniAOD_192.root
Time elapsed: 2228 seconds
File Contains: 118000 entries.
NMiss: 377210 | NFake: 525445 | NMatch: 8430706
Processing file 103 of 817: /eos/cms/store/group/phys_heavyions/hbossi/mc_productions/QCD-dijet_pThat15-event-weighted_TuneCP5_5p36TeV_pythia8/OO_MC_DijetEmbedded_pThat-15to1200_TuneCP5_5p36TeV_pythia8/260306_002843/0000/HiForestMiniAOD_193.root
Time elapsed: 2246 seconds
File Contains: 142000 entries.
NMiss: 381436 | NFake: 531394 | NMatch: 8525847
Processing file 104 of 817: /eos/cms/store/group/phys_heavyions/hbossi/mc_productions/QCD-dijet_pThat15-event-weighted_TuneCP5_5p36TeV_pythia8/OO_MC_DijetEmbedded_pThat-15to1200_TuneCP5_5p36TeV_pythia8/260306_002843/0000/HiForestMiniAOD_194.root
Time elapsed: 2270 seconds
File Contains: 144000 entries.
NMiss: 385603 | NFake: 537506 | NMatch: 8621907
Processing file 105 of 817: /eos/cms/store/group/phys_heavyions/hbossi/mc_productions/QCD-dijet_pThat15-event-weighted_TuneCP5_5p36TeV_pythia8/OO_MC_DijetEmbedded_pThat-15to1200_TuneCP5_5p36TeV_pythia8/260306_002843/0000/HiForestMiniAOD_195.root
Time elapsed: 2289 seconds
File Contains: 124000 entries.
NMiss: 389286 | NFake: 542684 | NMatch: 8704952
Processing file 106 of 817: /eos/cms/store/group/phys_heavyions/hbossi/mc_productions/QCD-dijet_pThat15-event-weighted_TuneCP5_5p36TeV_pythia8/OO_MC_DijetEmbedded_pThat-15to1200_TuneCP5_5p36TeV_pythia8/260306_002843/0000/HiForestMiniAOD_196.root
Time elapsed: 2313 seconds
File Contains: 153000 entries.
NMiss: 393940 | NFake: 549252 | NMatch: 8807329
Processing file 107 of 817: /eos/cms/store/group/phys_heavyions/hbossi/mc_productions/QCD-dijet_pThat15-event-weighted_TuneCP5_5p36TeV_pythia8/OO_MC_DijetEmbedded_pThat-15to1200_TuneCP5_5p36TeV_pythia8/260306_002843/0000/HiForestMiniAOD_197.root
Time elapsed: 2333 seconds
File Contains: 105000 entries.
NMiss: 397055 | NFake: 553612 | NMatch: 8877749
Processing file 108 of 817: /eos/cms/store/group/phys_heavyions/hbossi/mc_productions/QCD-dijet_pThat15-event-weighted_TuneCP5_5p36TeV_pythia8/OO_MC_DijetEmbedded_pThat-15to1200_TuneCP5_5p36TeV_pythia8/260306_002843/0000/HiForestMiniAOD_198.root
Time elapsed: 2351 seconds
File Contains: 117000 entries.
NMiss: 400510 | NFake: 558464 | NMatch: 8955904
Processing file 109 of 817: /eos/cms/store/group/phys_heavyions/hbossi/mc_productions/QCD-dijet_pThat15-event-weighted_TuneCP5_5p36TeV_pythia8/OO_MC_DijetEmbedded_pThat-15to1200_TuneCP5_5p36TeV_pythia8/260306_002843/0000/HiForestMiniAOD_199.root
Time elapsed: 2375 seconds
File Contains: 114000 entries.
NMiss: 403903 | NFake: 563314 | NMatch: 9031903
Processing file 110 of 817: /eos/cms/store/group/phys_heavyions/hbossi/mc_productions/QCD-dijet_pThat15-event-weighted_TuneCP5_5p36TeV_pythia8/OO_MC_DijetEmbedded_pThat-15to1200_TuneCP5_5p36TeV_pythia8/260306_002843/0000/HiForestMiniAOD_2.root
Time elapsed: 2395 seconds
File Contains: 110000 entries.
NMiss: 407260 | NFake: 567836 | NMatch: 9105894
Processing file 111 of 817: /eos/cms/store/group/phys_heavyions/hbossi/mc_productions/QCD-dijet_pThat15-event-weighted_TuneCP5_5p36TeV_pythia8/OO_MC_DijetEmbedded_pThat-15to1200_TuneCP5_5p36TeV_pythia8/260306_002843/0000/HiForestMiniAOD_20.root
Time elapsed: 2421 seconds
File Contains: 97000 entries.
NMiss: 410184 | NFake: 571904 | NMatch: 9170579
Processing file 112 of 817: /eos/cms/store/group/phys_heavyions/hbossi/mc_productions/QCD-dijet_pThat15-event-weighted_TuneCP5_5p36TeV_pythia8/OO_MC_DijetEmbedded_pThat-15to1200_TuneCP5_5p36TeV_pythia8/260306_002843/0000/HiForestMiniAOD_200.root
Time elapsed: 2444 seconds
File Contains: 125000 entries.
NMiss: 413978 | NFake: 577060 | NMatch: 9254470
Processing file 113 of 817: /eos/cms/store/group/phys_heavyions/hbossi/mc_productions/QCD-dijet_pThat15-event-weighted_TuneCP5_5p36TeV_pythia8/OO_MC_DijetEmbedded_pThat-15to1200_TuneCP5_5p36TeV_pythia8/260306_002843/0000/HiForestMiniAOD_201.root
Time elapsed: 2475 seconds
File Contains: 103000 entries.
NMiss: 417073 | NFake: 581315 | NMatch: 9323246
Processing file 114 of 817: /eos/cms/store/group/phys_heavyions/hbossi/mc_productions/QCD-dijet_pThat15-event-weighted_TuneCP5_5p36TeV_pythia8/OO_MC_DijetEmbedded_pThat-15to1200_TuneCP5_5p36TeV_pythia8/260306_002843/0000/HiForestMiniAOD_202.root
Time elapsed: 2494 seconds
File Contains: 132000 entries.
NMiss: 421057 | NFake: 586966 | NMatch: 9411424
Processing file 115 of 817: /eos/cms/store/group/phys_heavyions/hbossi/mc_productions/QCD-dijet_pThat15-event-weighted_TuneCP5_5p36TeV_pythia8/OO_MC_DijetEmbedded_pThat-15to1200_TuneCP5_5p36TeV_pythia8/260306_002843/0000/HiForestMiniAOD_203.root
Time elapsed: 2518 seconds
File Contains: 140000 entries.
NMiss: 425238 | NFake: 592866 | NMatch: 9504779
Processing file 116 of 817: /eos/cms/store/group/phys_heavyions/hbossi/mc_productions/QCD-dijet_pThat15-event-weighted_TuneCP5_5p36TeV_pythia8/OO_MC_DijetEmbedded_pThat-15to1200_TuneCP5_5p36TeV_pythia8/260306_002843/0000/HiForestMiniAOD_204.root
Time elapsed: 2541 seconds
File Contains: 135000 entries.
NMiss: 429323 | NFake: 598369 | NMatch: 9594204
Processing file 117 of 817: /eos/cms/store/group/phys_heavyions/hbossi/mc_productions/QCD-dijet_pThat15-event-weighted_TuneCP5_5p36TeV_pythia8/OO_MC_DijetEmbedded_pThat-15to1200_TuneCP5_5p36TeV_pythia8/260306_002843/0000/HiForestMiniAOD_205.root
Time elapsed: 2563 seconds
File Contains: 142000 entries.
NMiss: 433676 | NFake: 604156 | NMatch: 9689299
Processing file 118 of 817: /eos/cms/store/group/phys_heavyions/hbossi/mc_productions/QCD-dijet_pThat15-event-weighted_TuneCP5_5p36TeV_pythia8/OO_MC_DijetEmbedded_pThat-15to1200_TuneCP5_5p36TeV_pythia8/260306_002843/0000/HiForestMiniAOD_206.root
Time elapsed: 2588 seconds
File Contains: 129000 entries.
NMiss: 437603 | NFake: 609600 | NMatch: 9775605
Processing file 119 of 817: /eos/cms/store/group/phys_heavyions/hbossi/mc_productions/QCD-dijet_pThat15-event-weighted_TuneCP5_5p36TeV_pythia8/OO_MC_DijetEmbedded_pThat-15to1200_TuneCP5_5p36TeV_pythia8/260306_002843/0000/HiForestMiniAOD_207.root
Time elapsed: 2609 seconds
File Contains: 103000 entries.
NMiss: 440719 | NFake: 613866 | NMatch: 9844425
Processing file 120 of 817: /eos/cms/store/group/phys_heavyions/hbossi/mc_productions/QCD-dijet_pThat15-event-weighted_TuneCP5_5p36TeV_pythia8/OO_MC_DijetEmbedded_pThat-15to1200_TuneCP5_5p36TeV_pythia8/260306_002843/0000/HiForestMiniAOD_208.root
Time elapsed: 2625 seconds
File Contains: 123000 entries.
NMiss: 444497 | NFake: 618937 | NMatch: 9926852
Processing file 121 of 817: /eos/cms/store/group/phys_heavyions/hbossi/mc_productions/QCD-dijet_pThat15-event-weighted_TuneCP5_5p36TeV_pythia8/OO_MC_DijetEmbedded_pThat-15to1200_TuneCP5_5p36TeV_pythia8/260306_002843/0000/HiForestMiniAOD_209.root
Time elapsed: 2649 seconds
File Contains: 98000 entries.
NMiss: 447488 | NFake: 623102 | NMatch: 9991867
Processing file 122 of 817: /eos/cms/store/group/phys_heavyions/hbossi/mc_productions/QCD-dijet_pThat15-event-weighted_TuneCP5_5p36TeV_pythia8/OO_MC_DijetEmbedded_pThat-15to1200_TuneCP5_5p36TeV_pythia8/260306_002843/0000/HiForestMiniAOD_21.root
Time elapsed: 2669 seconds
File Contains: 93000 entries.
NMiss: 450370 | NFake: 627034 | NMatch: 10054403
Processing file 123 of 817: /eos/cms/store/group/phys_heavyions/hbossi/mc_productions/QCD-dijet_pThat15-event-weighted_TuneCP5_5p36TeV_pythia8/OO_MC_DijetEmbedded_pThat-15to1200_TuneCP5_5p36TeV_pythia8/260306_002843/0000/HiForestMiniAOD_210.root
Time elapsed: 2686 seconds
File Contains: 132000 entries.
NMiss: 454367 | NFake: 632469 | NMatch: 10142893
Processing file 124 of 817: /eos/cms/store/group/phys_heavyions/hbossi/mc_productions/QCD-dijet_pThat15-event-weighted_TuneCP5_5p36TeV_pythia8/OO_MC_DijetEmbedded_pThat-15to1200_TuneCP5_5p36TeV_pythia8/260306_002843/0000/HiForestMiniAOD_211.root
Time elapsed: 2705 seconds
File Contains: 109000 entries.
NMiss: 457666 | NFake: 637095 | NMatch: 10215168
Processing file 125 of 817: /eos/cms/store/group/phys_heavyions/hbossi/mc_productions/QCD-dijet_pThat15-event-weighted_TuneCP5_5p36TeV_pythia8/OO_MC_DijetEmbedded_pThat-15to1200_TuneCP5_5p36TeV_pythia8/260306_002843/0000/HiForestMiniAOD_212.root
Time elapsed: 2723 seconds
File Contains: 138000 entries.
NMiss: 461768 | NFake: 642817 | NMatch: 10307924
Processing file 126 of 817: /eos/cms/store/group/phys_heavyions/hbossi/mc_productions/QCD-dijet_pThat15-event-weighted_TuneCP5_5p36TeV_pythia8/OO_MC_DijetEmbedded_pThat-15to1200_TuneCP5_5p36TeV_pythia8/260306_002843/0000/HiForestMiniAOD_213.root
Time elapsed: 2747 seconds
File Contains: 139000 entries.
NMiss: 466040 | NFake: 648623 | NMatch: 10401068
Processing file 127 of 817: /eos/cms/store/group/phys_heavyions/hbossi/mc_productions/QCD-dijet_pThat15-event-weighted_TuneCP5_5p36TeV_pythia8/OO_MC_DijetEmbedded_pThat-15to1200_TuneCP5_5p36TeV_pythia8/260306_002843/0000/HiForestMiniAOD_214.root
Time elapsed: 2767 seconds
File Contains: 115000 entries.
NMiss: 469606 | NFake: 653500 | NMatch: 10478034
Processing file 128 of 817: /eos/cms/store/group/phys_heavyions/hbossi/mc_productions/QCD-dijet_pThat15-event-weighted_TuneCP5_5p36TeV_pythia8/OO_MC_DijetEmbedded_pThat-15to1200_TuneCP5_5p36TeV_pythia8/260306_002843/0000/HiForestMiniAOD_215.root
Time elapsed: 2788 seconds
File Contains: 114000 entries.
NMiss: 473036 | NFake: 658327 | NMatch: 10554242
Processing file 129 of 817: /eos/cms/store/group/phys_heavyions/hbossi/mc_productions/QCD-dijet_pThat15-event-weighted_TuneCP5_5p36TeV_pythia8/OO_MC_DijetEmbedded_pThat-15to1200_TuneCP5_5p36TeV_pythia8/260306_002843/0000/HiForestMiniAOD_216.root
Time elapsed: 2808 seconds
File Contains: 163000 entries.
NMiss: 477847 | NFake: 665161 | NMatch: 10663649
Processing file 130 of 817: /eos/cms/store/group/phys_heavyions/hbossi/mc_productions/QCD-dijet_pThat15-event-weighted_TuneCP5_5p36TeV_pythia8/OO_MC_DijetEmbedded_pThat-15to1200_TuneCP5_5p36TeV_pythia8/260306_002843/0000/HiForestMiniAOD_217.root
Time elapsed: 2833 seconds
File Contains: 99000 entries.
NMiss: 480794 | NFake: 669144 | NMatch: 10729751
Processing file 131 of 817: /eos/cms/store/group/phys_heavyions/hbossi/mc_productions/QCD-dijet_pThat15-event-weighted_TuneCP5_5p36TeV_pythia8/OO_MC_DijetEmbedded_pThat-15to1200_TuneCP5_5p36TeV_pythia8/260306_002843/0000/HiForestMiniAOD_218.root
Time elapsed: 2859 seconds
File Contains: 144000 entries.
NMiss: 485111 | NFake: 675087 | NMatch: 10826371
Processing file 132 of 817: /eos/cms/store/group/phys_heavyions/hbossi/mc_productions/QCD-dijet_pThat15-event-weighted_TuneCP5_5p36TeV_pythia8/OO_MC_DijetEmbedded_pThat-15to1200_TuneCP5_5p36TeV_pythia8/260306_002843/0000/HiForestMiniAOD_219.root
Time elapsed: 2880 seconds
File Contains: 141000 entries.
NMiss: 489325 | NFake: 681005 | NMatch: 10920869
Processing file 133 of 817: /eos/cms/store/group/phys_heavyions/hbossi/mc_productions/QCD-dijet_pThat15-event-weighted_TuneCP5_5p36TeV_pythia8/OO_MC_DijetEmbedded_pThat-15to1200_TuneCP5_5p36TeV_pythia8/260306_002843/0000/HiForestMiniAOD_22.root
Time elapsed: 2904 seconds
File Contains: 140000 entries.
NMiss: 493550 | NFake: 686719 | NMatch: 11014474
Processing file 134 of 817: /eos/cms/store/group/phys_heavyions/hbossi/mc_productions/QCD-dijet_pThat15-event-weighted_TuneCP5_5p36TeV_pythia8/OO_MC_DijetEmbedded_pThat-15to1200_TuneCP5_5p36TeV_pythia8/260306_002843/0000/HiForestMiniAOD_220.root
Time elapsed: 2929 seconds
File Contains: 135000 entries.
NMiss: 497603 | NFake: 692327 | NMatch: 11105365
Processing file 135 of 817: /eos/cms/store/group/phys_heavyions/hbossi/mc_productions/QCD-dijet_pThat15-event-weighted_TuneCP5_5p36TeV_pythia8/OO_MC_DijetEmbedded_pThat-15to1200_TuneCP5_5p36TeV_pythia8/260306_002843/0000/HiForestMiniAOD_221.root
Time elapsed: 2952 seconds
File Contains: 123000 entries.
NMiss: 501363 | NFake: 697530 | NMatch: 11187230
Processing file 136 of 817: /eos/cms/store/group/phys_heavyions/hbossi/mc_productions/QCD-dijet_pThat15-event-weighted_TuneCP5_5p36TeV_pythia8/OO_MC_DijetEmbedded_pThat-15to1200_TuneCP5_5p36TeV_pythia8/260306_002843/0000/HiForestMiniAOD_222.root
Time elapsed: 2975 seconds
File Contains: 127000 entries.
NMiss: 505093 | NFake: 703027 | NMatch: 11272274
Processing file 137 of 817: /eos/cms/store/group/phys_heavyions/hbossi/mc_productions/QCD-dijet_pThat15-event-weighted_TuneCP5_5p36TeV_pythia8/OO_MC_DijetEmbedded_pThat-15to1200_TuneCP5_5p36TeV_pythia8/260306_002843/0000/HiForestMiniAOD_223.root
Time elapsed: 2996 seconds
File Contains: 162000 entries.
NMiss: 509989 | NFake: 709785 | NMatch: 11380944
Processing file 138 of 817: /eos/cms/store/group/phys_heavyions/hbossi/mc_productions/QCD-dijet_pThat15-event-weighted_TuneCP5_5p36TeV_pythia8/OO_MC_DijetEmbedded_pThat-15to1200_TuneCP5_5p36TeV_pythia8/260306_002843/0000/HiForestMiniAOD_224.root
Time elapsed: 3022 seconds
File Contains: 142000 entries.
NMiss: 514284 | NFake: 715605 | NMatch: 11475776
Processing file 139 of 817: /eos/cms/store/group/phys_heavyions/hbossi/mc_productions/QCD-dijet_pThat15-event-weighted_TuneCP5_5p36TeV_pythia8/OO_MC_DijetEmbedded_pThat-15to1200_TuneCP5_5p36TeV_pythia8/260306_002843/0000/HiForestMiniAOD_225.root
Time elapsed: 3039 seconds
File Contains: 122000 entries.
NMiss: 517917 | NFake: 720764 | NMatch: 11557384
Processing file 140 of 817: /eos/cms/store/group/phys_heavyions/hbossi/mc_productions/QCD-dijet_pThat15-event-weighted_TuneCP5_5p36TeV_pythia8/OO_MC_DijetEmbedded_pThat-15to1200_TuneCP5_5p36TeV_pythia8/260306_002843/0000/HiForestMiniAOD_226.root
Time elapsed: 3062 seconds
File Contains: 150000 entries.
NMiss: 522344 | NFake: 727150 | NMatch: 11657018
Processing file 141 of 817: /eos/cms/store/group/phys_heavyions/hbossi/mc_productions/QCD-dijet_pThat15-event-weighted_TuneCP5_5p36TeV_pythia8/OO_MC_DijetEmbedded_pThat-15to1200_TuneCP5_5p36TeV_pythia8/260306_002843/0000/HiForestMiniAOD_227.root
Time elapsed: 3090 seconds
File Contains: 106000 entries.
NMiss: 525546 | NFake: 731476 | NMatch: 11727960
Processing file 142 of 817: /eos/cms/store/group/phys_heavyions/hbossi/mc_productions/QCD-dijet_pThat15-event-weighted_TuneCP5_5p36TeV_pythia8/OO_MC_DijetEmbedded_pThat-15to1200_TuneCP5_5p36TeV_pythia8/260306_002843/0000/HiForestMiniAOD_228.root
Time elapsed: 3112 seconds
File Contains: 112000 entries.
NMiss: 528842 | NFake: 736123 | NMatch: 11802836
Processing file 143 of 817: /eos/cms/store/group/phys_heavyions/hbossi/mc_productions/QCD-dijet_pThat15-event-weighted_TuneCP5_5p36TeV_pythia8/OO_MC_DijetEmbedded_pThat-15to1200_TuneCP5_5p36TeV_pythia8/260306_002843/0000/HiForestMiniAOD_229.root
Time elapsed: 3127 seconds
File Contains: 90000 entries.
NMiss: 531459 | NFake: 739840 | NMatch: 11863175
Processing file 144 of 817: /eos/cms/store/group/phys_heavyions/hbossi/mc_productions/QCD-dijet_pThat15-event-weighted_TuneCP5_5p36TeV_pythia8/OO_MC_DijetEmbedded_pThat-15to1200_TuneCP5_5p36TeV_pythia8/260306_002843/0000/HiForestMiniAOD_23.root
Time elapsed: 3144 seconds
File Contains: 101000 entries.
NMiss: 534368 | NFake: 743949 | NMatch: 11930744
Processing file 145 of 817: /eos/cms/store/group/phys_heavyions/hbossi/mc_productions/QCD-dijet_pThat15-event-weighted_TuneCP5_5p36TeV_pythia8/OO_MC_DijetEmbedded_pThat-15to1200_TuneCP5_5p36TeV_pythia8/260306_002843/0000/HiForestMiniAOD_230.root
Time elapsed: 3164 seconds
File Contains: 121000 entries.
NMiss: 537904 | NFake: 749097 | NMatch: 12011491
Processing file 146 of 817: /eos/cms/store/group/phys_heavyions/hbossi/mc_productions/QCD-dijet_pThat15-event-weighted_TuneCP5_5p36TeV_pythia8/OO_MC_DijetEmbedded_pThat-15to1200_TuneCP5_5p36TeV_pythia8/260306_002843/0000/HiForestMiniAOD_231.root
Time elapsed: 3182 seconds
File Contains: 106000 entries.
NMiss: 541096 | NFake: 753394 | NMatch: 12082227
Processing file 147 of 817: /eos/cms/store/group/phys_heavyions/hbossi/mc_productions/QCD-dijet_pThat15-event-weighted_TuneCP5_5p36TeV_pythia8/OO_MC_DijetEmbedded_pThat-15to1200_TuneCP5_5p36TeV_pythia8/260306_002843/0000/HiForestMiniAOD_232.root
Time elapsed: 3199 seconds
File Contains: 157000 entries.
NMiss: 545723 | NFake: 759964 | NMatch: 12187446
Processing file 148 of 817: /eos/cms/store/group/phys_heavyions/hbossi/mc_productions/QCD-dijet_pThat15-event-weighted_TuneCP5_5p36TeV_pythia8/OO_MC_DijetEmbedded_pThat-15to1200_TuneCP5_5p36TeV_pythia8/260306_002843/0000/HiForestMiniAOD_233.root
Time elapsed: 3223 seconds
File Contains: 131000 entries.
NMiss: 549555 | NFake: 765468 | NMatch: 12275244
Processing file 149 of 817: /eos/cms/store/group/phys_heavyions/hbossi/mc_productions/QCD-dijet_pThat15-event-weighted_TuneCP5_5p36TeV_pythia8/OO_MC_DijetEmbedded_pThat-15to1200_TuneCP5_5p36TeV_pythia8/260306_002843/0000/HiForestMiniAOD_234.root
Time elapsed: 3247 seconds
File Contains: 129000 entries.
NMiss: 553488 | NFake: 770732 | NMatch: 12361800
Processing file 150 of 817: /eos/cms/store/group/phys_heavyions/hbossi/mc_productions/QCD-dijet_pThat15-event-weighted_TuneCP5_5p36TeV_pythia8/OO_MC_DijetEmbedded_pThat-15to1200_TuneCP5_5p36TeV_pythia8/260306_002843/0000/HiForestMiniAOD_235.root
Time elapsed: 3272 seconds
File Contains: 104000 entries.
NMiss: 556706 | NFake: 774994 | NMatch: 12431280
Processing file 151 of 817: /eos/cms/store/group/phys_heavyions/hbossi/mc_productions/QCD-dijet_pThat15-event-weighted_TuneCP5_5p36TeV_pythia8/OO_MC_DijetEmbedded_pThat-15to1200_TuneCP5_5p36TeV_pythia8/260306_002843/0000/HiForestMiniAOD_236.root
Time elapsed: 3292 seconds
File Contains: 133000 entries.
NMiss: 560715 | NFake: 780506 | NMatch: 12519901
Processing file 152 of 817: /eos/cms/store/group/phys_heavyions/hbossi/mc_productions/QCD-dijet_pThat15-event-weighted_TuneCP5_5p36TeV_pythia8/OO_MC_DijetEmbedded_pThat-15to1200_TuneCP5_5p36TeV_pythia8/260306_002843/0000/HiForestMiniAOD_237.root
Time elapsed: 3315 seconds
File Contains: 116000 entries.
NMiss: 564172 | NFake: 785280 | NMatch: 12597314
Processing file 153 of 817: /eos/cms/store/group/phys_heavyions/hbossi/mc_productions/QCD-dijet_pThat15-event-weighted_TuneCP5_5p36TeV_pythia8/OO_MC_DijetEmbedded_pThat-15to1200_TuneCP5_5p36TeV_pythia8/260306_002843/0000/HiForestMiniAOD_238.root
Time elapsed: 3340 seconds
File Contains: 111000 entries.
NMiss: 567519 | NFake: 790058 | NMatch: 12671664
Processing file 154 of 817: /eos/cms/store/group/phys_heavyions/hbossi/mc_productions/QCD-dijet_pThat15-event-weighted_TuneCP5_5p36TeV_pythia8/OO_MC_DijetEmbedded_pThat-15to1200_TuneCP5_5p36TeV_pythia8/260306_002843/0000/HiForestMiniAOD_239.root
Time elapsed: 3358 seconds
File Contains: 154000 entries.
NMiss: 572167 | NFake: 796455 | NMatch: 12774920
Processing file 155 of 817: /eos/cms/store/group/phys_heavyions/hbossi/mc_productions/QCD-dijet_pThat15-event-weighted_TuneCP5_5p36TeV_pythia8/OO_MC_DijetEmbedded_pThat-15to1200_TuneCP5_5p36TeV_pythia8/260306_002843/0000/HiForestMiniAOD_24.root
Time elapsed: 3380 seconds
File Contains: 112000 entries.
NMiss: 575456 | NFake: 801183 | NMatch: 12850011
Processing file 156 of 817: /eos/cms/store/group/phys_heavyions/hbossi/mc_productions/QCD-dijet_pThat15-event-weighted_TuneCP5_5p36TeV_pythia8/OO_MC_DijetEmbedded_pThat-15to1200_TuneCP5_5p36TeV_pythia8/260306_002843/0000/HiForestMiniAOD_240.root
Time elapsed: 3400 seconds
File Contains: 119000 entries.
NMiss: 579085 | NFake: 806173 | NMatch: 12930012
Processing file 157 of 817: /eos/cms/store/group/phys_heavyions/hbossi/mc_productions/QCD-dijet_pThat15-event-weighted_TuneCP5_5p36TeV_pythia8/OO_MC_DijetEmbedded_pThat-15to1200_TuneCP5_5p36TeV_pythia8/260306_002843/0000/HiForestMiniAOD_241.root
Time elapsed: 3430 seconds
File Contains: 106000 entries.
NMiss: 582304 | NFake: 810481 | NMatch: 13000838
Processing file 158 of 817: /eos/cms/store/group/phys_heavyions/hbossi/mc_productions/QCD-dijet_pThat15-event-weighted_TuneCP5_5p36TeV_pythia8/OO_MC_DijetEmbedded_pThat-15to1200_TuneCP5_5p36TeV_pythia8/260306_002843/0000/HiForestMiniAOD_242.root
Time elapsed: 3448 seconds
File Contains: 108000 entries.
NMiss: 585497 | NFake: 815072 | NMatch: 13072545
Processing file 159 of 817: /eos/cms/store/group/phys_heavyions/hbossi/mc_productions/QCD-dijet_pThat15-event-weighted_TuneCP5_5p36TeV_pythia8/OO_MC_DijetEmbedded_pThat-15to1200_TuneCP5_5p36TeV_pythia8/260306_002843/0000/HiForestMiniAOD_243.root
Time elapsed: 3473 seconds
File Contains: 142000 entries.
NMiss: 589647 | NFake: 820928 | NMatch: 13167334
Processing file 160 of 817: /eos/cms/store/group/phys_heavyions/hbossi/mc_productions/QCD-dijet_pThat15-event-weighted_TuneCP5_5p36TeV_pythia8/OO_MC_DijetEmbedded_pThat-15to1200_TuneCP5_5p36TeV_pythia8/260306_002843/0000/HiForestMiniAOD_244.root
Time elapsed: 3489 seconds
File Contains: 166000 entries.
NMiss: 594762 | NFake: 827953 | NMatch: 13278437
Processing file 161 of 817: /eos/cms/store/group/phys_heavyions/hbossi/mc_productions/QCD-dijet_pThat15-event-weighted_TuneCP5_5p36TeV_pythia8/OO_MC_DijetEmbedded_pThat-15to1200_TuneCP5_5p36TeV_pythia8/260306_002843/0000/HiForestMiniAOD_245.root
Time elapsed: 3519 seconds
File Contains: 88000 entries.
NMiss: 597433 | NFake: 831778 | NMatch: 13337287
Processing file 162 of 817: /eos/cms/store/group/phys_heavyions/hbossi/mc_productions/QCD-dijet_pThat15-event-weighted_TuneCP5_5p36TeV_pythia8/OO_MC_DijetEmbedded_pThat-15to1200_TuneCP5_5p36TeV_pythia8/260306_002843/0000/HiForestMiniAOD_246.root
Time elapsed: 3533 seconds
File Contains: 121000 entries.
NMiss: 601123 | NFake: 836754 | NMatch: 13418371
Processing file 163 of 817: /eos/cms/store/group/phys_heavyions/hbossi/mc_productions/QCD-dijet_pThat15-event-weighted_TuneCP5_5p36TeV_pythia8/OO_MC_DijetEmbedded_pThat-15to1200_TuneCP5_5p36TeV_pythia8/260306_002843/0000/HiForestMiniAOD_247.root
Time elapsed: 3551 seconds
File Contains: 127000 entries.
NMiss: 605029 | NFake: 842097 | NMatch: 13503718
Processing file 164 of 817: /eos/cms/store/group/phys_heavyions/hbossi/mc_productions/QCD-dijet_pThat15-event-weighted_TuneCP5_5p36TeV_pythia8/OO_MC_DijetEmbedded_pThat-15to1200_TuneCP5_5p36TeV_pythia8/260306_002843/0000/HiForestMiniAOD_248.root
Time elapsed: 3577 seconds
File Contains: 119000 entries.
NMiss: 608683 | NFake: 847078 | NMatch: 13583230
Processing file 165 of 817: /eos/cms/store/group/phys_heavyions/hbossi/mc_productions/QCD-dijet_pThat15-event-weighted_TuneCP5_5p36TeV_pythia8/OO_MC_DijetEmbedded_pThat-15to1200_TuneCP5_5p36TeV_pythia8/260306_002843/0000/HiForestMiniAOD_249.root
Time elapsed: 3602 seconds
File Contains: 147000 entries.
NMiss: 613113 | NFake: 853251 | NMatch: 13681442
Processing file 166 of 817: /eos/cms/store/group/phys_heavyions/hbossi/mc_productions/QCD-dijet_pThat15-event-weighted_TuneCP5_5p36TeV_pythia8/OO_MC_DijetEmbedded_pThat-15to1200_TuneCP5_5p36TeV_pythia8/260306_002843/0000/HiForestMiniAOD_25.root
Time elapsed: 3627 seconds
File Contains: 101000 entries.
NMiss: 616133 | NFake: 857493 | NMatch: 13749678
Processing file 167 of 817: /eos/cms/store/group/phys_heavyions/hbossi/mc_productions/QCD-dijet_pThat15-event-weighted_TuneCP5_5p36TeV_pythia8/OO_MC_DijetEmbedded_pThat-15to1200_TuneCP5_5p36TeV_pythia8/260306_002843/0000/HiForestMiniAOD_250.root
Time elapsed: 3646 seconds
File Contains: 126000 entries.
NMiss: 619845 | NFake: 862808 | NMatch: 13834387
Processing file 168 of 817: /eos/cms/store/group/phys_heavyions/hbossi/mc_productions/QCD-dijet_pThat15-event-weighted_TuneCP5_5p36TeV_pythia8/OO_MC_DijetEmbedded_pThat-15to1200_TuneCP5_5p36TeV_pythia8/260306_002843/0000/HiForestMiniAOD_251.root
Time elapsed: 3673 seconds
File Contains: 107000 entries.
NMiss: 623023 | NFake: 867243 | NMatch: 13905857
Processing file 169 of 817: /eos/cms/store/group/phys_heavyions/hbossi/mc_productions/QCD-dijet_pThat15-event-weighted_TuneCP5_5p36TeV_pythia8/OO_MC_DijetEmbedded_pThat-15to1200_TuneCP5_5p36TeV_pythia8/260306_002843/0000/HiForestMiniAOD_252.root
Time elapsed: 3697 seconds
File Contains: 128000 entries.
NMiss: 626861 | NFake: 872431 | NMatch: 13991254
Processing file 170 of 817: /eos/cms/store/group/phys_heavyions/hbossi/mc_productions/QCD-dijet_pThat15-event-weighted_TuneCP5_5p36TeV_pythia8/OO_MC_DijetEmbedded_pThat-15to1200_TuneCP5_5p36TeV_pythia8/260306_002843/0000/HiForestMiniAOD_253.root
Time elapsed: 3731 seconds
File Contains: 143000 entries.
NMiss: 631085 | NFake: 878392 | NMatch: 14087347
Processing file 171 of 817: /eos/cms/store/group/phys_heavyions/hbossi/mc_productions/QCD-dijet_pThat15-event-weighted_TuneCP5_5p36TeV_pythia8/OO_MC_DijetEmbedded_pThat-15to1200_TuneCP5_5p36TeV_pythia8/260306_002843/0000/HiForestMiniAOD_254.root
Time elapsed: 3754 seconds
File Contains: 167000 entries.
NMiss: 636147 | NFake: 885364 | NMatch: 14199290
Processing file 172 of 817: /eos/cms/store/group/phys_heavyions/hbossi/mc_productions/QCD-dijet_pThat15-event-weighted_TuneCP5_5p36TeV_pythia8/OO_MC_DijetEmbedded_pThat-15to1200_TuneCP5_5p36TeV_pythia8/260306_002843/0000/HiForestMiniAOD_255.root
Time elapsed: 3778 seconds
File Contains: 119000 entries.
NMiss: 639736 | NFake: 890368 | NMatch: 14278597
Processing file 173 of 817: /eos/cms/store/group/phys_heavyions/hbossi/mc_productions/QCD-dijet_pThat15-event-weighted_TuneCP5_5p36TeV_pythia8/OO_MC_DijetEmbedded_pThat-15to1200_TuneCP5_5p36TeV_pythia8/260306_002843/0000/HiForestMiniAOD_256.root
Time elapsed: 3805 seconds
File Contains: 102000 entries.
NMiss: 642860 | NFake: 894557 | NMatch: 14346645
Processing file 174 of 817: /eos/cms/store/group/phys_heavyions/hbossi/mc_productions/QCD-dijet_pThat15-event-weighted_TuneCP5_5p36TeV_pythia8/OO_MC_DijetEmbedded_pThat-15to1200_TuneCP5_5p36TeV_pythia8/260306_002843/0000/HiForestMiniAOD_257.root
Time elapsed: 3821 seconds
File Contains: 134000 entries.
NMiss: 646870 | NFake: 900142 | NMatch: 14436736
Processing file 175 of 817: /eos/cms/store/group/phys_heavyions/hbossi/mc_productions/QCD-dijet_pThat15-event-weighted_TuneCP5_5p36TeV_pythia8/OO_MC_DijetEmbedded_pThat-15to1200_TuneCP5_5p36TeV_pythia8/260306_002843/0000/HiForestMiniAOD_258.root
Time elapsed: 3840 seconds
File Contains: 162000 entries.
NMiss: 651680 | NFake: 906906 | NMatch: 14546108
Processing file 176 of 817: /eos/cms/store/group/phys_heavyions/hbossi/mc_productions/QCD-dijet_pThat15-event-weighted_TuneCP5_5p36TeV_pythia8/OO_MC_DijetEmbedded_pThat-15to1200_TuneCP5_5p36TeV_pythia8/260306_002843/0000/HiForestMiniAOD_259.root
Time elapsed: 3884 seconds
File Contains: 123000 entries.
NMiss: 655370 | NFake: 911961 | NMatch: 14629227
Processing file 177 of 817: /eos/cms/store/group/phys_heavyions/hbossi/mc_productions/QCD-dijet_pThat15-event-weighted_TuneCP5_5p36TeV_pythia8/OO_MC_DijetEmbedded_pThat-15to1200_TuneCP5_5p36TeV_pythia8/260306_002843/0000/HiForestMiniAOD_26.root
Time elapsed: 3905 seconds
File Contains: 96000 entries.
NMiss: 658241 | NFake: 915951 | NMatch: 14693045
Processing file 178 of 817: /eos/cms/store/group/phys_heavyions/hbossi/mc_productions/QCD-dijet_pThat15-event-weighted_TuneCP5_5p36TeV_pythia8/OO_MC_DijetEmbedded_pThat-15to1200_TuneCP5_5p36TeV_pythia8/260306_002843/0000/HiForestMiniAOD_260.root
Time elapsed: 3923 seconds
File Contains: 141000 entries.
NMiss: 662362 | NFake: 921848 | NMatch: 14787665
Processing file 179 of 817: /eos/cms/store/group/phys_heavyions/hbossi/mc_productions/QCD-dijet_pThat15-event-weighted_TuneCP5_5p36TeV_pythia8/OO_MC_DijetEmbedded_pThat-15to1200_TuneCP5_5p36TeV_pythia8/260306_002843/0000/HiForestMiniAOD_261.root
Time elapsed: 3945 seconds
File Contains: 112000 entries.
NMiss: 665624 | NFake: 926447 | NMatch: 14862971
Processing file 180 of 817: /eos/cms/store/group/phys_heavyions/hbossi/mc_productions/QCD-dijet_pThat15-event-weighted_TuneCP5_5p36TeV_pythia8/OO_MC_DijetEmbedded_pThat-15to1200_TuneCP5_5p36TeV_pythia8/260306_002843/0000/HiForestMiniAOD_262.root
Time elapsed: 3963 seconds
File Contains: 114000 entries.
NMiss: 669032 | NFake: 931188 | NMatch: 14939318
Processing file 181 of 817: /eos/cms/store/group/phys_heavyions/hbossi/mc_productions/QCD-dijet_pThat15-event-weighted_TuneCP5_5p36TeV_pythia8/OO_MC_DijetEmbedded_pThat-15to1200_TuneCP5_5p36TeV_pythia8/260306_002843/0000/HiForestMiniAOD_263.root
Time elapsed: 4006 seconds
File Contains: 162000 entries.
NMiss: 673765 | NFake: 937969 | NMatch: 15047617
Processing file 182 of 817: /eos/cms/store/group/phys_heavyions/hbossi/mc_productions/QCD-dijet_pThat15-event-weighted_TuneCP5_5p36TeV_pythia8/OO_MC_DijetEmbedded_pThat-15to1200_TuneCP5_5p36TeV_pythia8/260306_002843/0000/HiForestMiniAOD_264.root
Time elapsed: 4061 seconds
File Contains: 127000 entries.
NMiss: 677653 | NFake: 943387 | NMatch: 15133026
Processing file 183 of 817: /eos/cms/store/group/phys_heavyions/hbossi/mc_productions/QCD-dijet_pThat15-event-weighted_TuneCP5_5p36TeV_pythia8/OO_MC_DijetEmbedded_pThat-15to1200_TuneCP5_5p36TeV_pythia8/260306_002843/0000/HiForestMiniAOD_265.root
Time elapsed: 4085 seconds
File Contains: 104000 entries.
NMiss: 680766 | NFake: 947680 | NMatch: 15202978
Processing file 184 of 817: /eos/cms/store/group/phys_heavyions/hbossi/mc_productions/QCD-dijet_pThat15-event-weighted_TuneCP5_5p36TeV_pythia8/OO_MC_DijetEmbedded_pThat-15to1200_TuneCP5_5p36TeV_pythia8/260306_002843/0000/HiForestMiniAOD_266.root
Time elapsed: 4102 seconds
File Contains: 106000 entries.
NMiss: 684090 | NFake: 952140 | NMatch: 15274083
Processing file 185 of 817: /eos/cms/store/group/phys_heavyions/hbossi/mc_productions/QCD-dijet_pThat15-event-weighted_TuneCP5_5p36TeV_pythia8/OO_MC_DijetEmbedded_pThat-15to1200_TuneCP5_5p36TeV_pythia8/260306_002843/0000/HiForestMiniAOD_267.root
Time elapsed: 4120 seconds
File Contains: 131000 entries.
NMiss: 687936 | NFake: 957613 | NMatch: 15361394
Processing file 186 of 817: /eos/cms/store/group/phys_heavyions/hbossi/mc_productions/QCD-dijet_pThat15-event-weighted_TuneCP5_5p36TeV_pythia8/OO_MC_DijetEmbedded_pThat-15to1200_TuneCP5_5p36TeV_pythia8/260306_002843/0000/HiForestMiniAOD_268.root
Time elapsed: 4147 seconds
File Contains: 125000 entries.
NMiss: 691491 | NFake: 962875 | NMatch: 15444624
Processing file 187 of 817: /eos/cms/store/group/phys_heavyions/hbossi/mc_productions/QCD-dijet_pThat15-event-weighted_TuneCP5_5p36TeV_pythia8/OO_MC_DijetEmbedded_pThat-15to1200_TuneCP5_5p36TeV_pythia8/260306_002843/0000/HiForestMiniAOD_269.root
Time elapsed: 4163 seconds
File Contains: 124000 entries.
NMiss: 695224 | NFake: 968127 | NMatch: 15527789
Processing file 188 of 817: /eos/cms/store/group/phys_heavyions/hbossi/mc_productions/QCD-dijet_pThat15-event-weighted_TuneCP5_5p36TeV_pythia8/OO_MC_DijetEmbedded_pThat-15to1200_TuneCP5_5p36TeV_pythia8/260306_002843/0000/HiForestMiniAOD_27.root
Time elapsed: 4181 seconds
File Contains: 101000 entries.
NMiss: 698135 | NFake: 972387 | NMatch: 15595289
Processing file 189 of 817: /eos/cms/store/group/phys_heavyions/hbossi/mc_productions/QCD-dijet_pThat15-event-weighted_TuneCP5_5p36TeV_pythia8/OO_MC_DijetEmbedded_pThat-15to1200_TuneCP5_5p36TeV_pythia8/260306_002843/0000/HiForestMiniAOD_270.root
Time elapsed: 4202 seconds
File Contains: 123000 entries.
NMiss: 701863 | NFake: 977397 | NMatch: 15678025
Processing file 190 of 817: /eos/cms/store/group/phys_heavyions/hbossi/mc_productions/QCD-dijet_pThat15-event-weighted_TuneCP5_5p36TeV_pythia8/OO_MC_DijetEmbedded_pThat-15to1200_TuneCP5_5p36TeV_pythia8/260306_002843/0000/HiForestMiniAOD_271.root
Time elapsed: 4226 seconds
File Contains: 163000 entries.
NMiss: 706841 | NFake: 984206 | NMatch: 15788044
Processing file 191 of 817: /eos/cms/store/group/phys_heavyions/hbossi/mc_productions/QCD-dijet_pThat15-event-weighted_TuneCP5_5p36TeV_pythia8/OO_MC_DijetEmbedded_pThat-15to1200_TuneCP5_5p36TeV_pythia8/260306_002843/0000/HiForestMiniAOD_272.root
Time elapsed: 4245 seconds
File Contains: 122000 entries.
NMiss: 710465 | NFake: 989259 | NMatch: 15869724
Processing file 192 of 817: /eos/cms/store/group/phys_heavyions/hbossi/mc_productions/QCD-dijet_pThat15-event-weighted_TuneCP5_5p36TeV_pythia8/OO_MC_DijetEmbedded_pThat-15to1200_TuneCP5_5p36TeV_pythia8/260306_002843/0000/HiForestMiniAOD_273.root
Time elapsed: 4273 seconds
File Contains: 111000 entries.
NMiss: 713766 | NFake: 993898 | NMatch: 15943747
Processing file 193 of 817: /eos/cms/store/group/phys_heavyions/hbossi/mc_productions/QCD-dijet_pThat15-event-weighted_TuneCP5_5p36TeV_pythia8/OO_MC_DijetEmbedded_pThat-15to1200_TuneCP5_5p36TeV_pythia8/260306_002843/0000/HiForestMiniAOD_274.root
Time elapsed: 4291 seconds
File Contains: 133000 entries.
NMiss: 717658 | NFake: 999332 | NMatch: 16033101
Processing file 194 of 817: /eos/cms/store/group/phys_heavyions/hbossi/mc_productions/QCD-dijet_pThat15-event-weighted_TuneCP5_5p36TeV_pythia8/OO_MC_DijetEmbedded_pThat-15to1200_TuneCP5_5p36TeV_pythia8/260306_002843/0000/HiForestMiniAOD_275.root
Time elapsed: 4322 seconds
File Contains: 118000 entries.
NMiss: 721198 | NFake: 1004234 | NMatch: 16112521
Processing file 195 of 817: /eos/cms/store/group/phys_heavyions/hbossi/mc_productions/QCD-dijet_pThat15-event-weighted_TuneCP5_5p36TeV_pythia8/OO_MC_DijetEmbedded_pThat-15to1200_TuneCP5_5p36TeV_pythia8/260306_002843/0000/HiForestMiniAOD_276.root
Time elapsed: 4348 seconds
File Contains: 165000 entries.
NMiss: 726187 | NFake: 1011050 | NMatch: 16223022
Processing file 196 of 817: /eos/cms/store/group/phys_heavyions/hbossi/mc_productions/QCD-dijet_pThat15-event-weighted_TuneCP5_5p36TeV_pythia8/OO_MC_DijetEmbedded_pThat-15to1200_TuneCP5_5p36TeV_pythia8/260306_002843/0000/HiForestMiniAOD_277.root
Time elapsed: 4372 seconds
File Contains: 126000 entries.
NMiss: 729871 | NFake: 1016321 | NMatch: 16307465
Processing file 197 of 817: /eos/cms/store/group/phys_heavyions/hbossi/mc_productions/QCD-dijet_pThat15-event-weighted_TuneCP5_5p36TeV_pythia8/OO_MC_DijetEmbedded_pThat-15to1200_TuneCP5_5p36TeV_pythia8/260306_002843/0000/HiForestMiniAOD_278.root
Time elapsed: 4403 seconds
File Contains: 97000 entries.
NMiss: 732752 | NFake: 1020455 | NMatch: 16372270
Processing file 198 of 817: /eos/cms/store/group/phys_heavyions/hbossi/mc_productions/QCD-dijet_pThat15-event-weighted_TuneCP5_5p36TeV_pythia8/OO_MC_DijetEmbedded_pThat-15to1200_TuneCP5_5p36TeV_pythia8/260306_002843/0000/HiForestMiniAOD_279.root
Time elapsed: 4431 seconds
File Contains: 85000 entries.
NMiss: 735293 | NFake: 1024100 | NMatch: 16428890
Processing file 199 of 817: /eos/cms/store/group/phys_heavyions/hbossi/mc_productions/QCD-dijet_pThat15-event-weighted_TuneCP5_5p36TeV_pythia8/OO_MC_DijetEmbedded_pThat-15to1200_TuneCP5_5p36TeV_pythia8/260306_002843/0000/HiForestMiniAOD_28.root
Time elapsed: 4448 seconds
File Contains: 110000 entries.
NMiss: 738726 | NFake: 1028595 | NMatch: 16502272
Processing file 200 of 817: /eos/cms/store/group/phys_heavyions/hbossi/mc_productions/QCD-dijet_pThat15-event-weighted_TuneCP5_5p36TeV_pythia8/OO_MC_DijetEmbedded_pThat-15to1200_TuneCP5_5p36TeV_pythia8/260306_002843/0000/HiForestMiniAOD_280.root
Time elapsed: 4476 seconds
File Contains: 98000 entries.
NMiss: 741680 | NFake: 1032812 | NMatch: 16568069
Processing file 201 of 817: /eos/cms/store/group/phys_heavyions/hbossi/mc_productions/QCD-dijet_pThat15-event-weighted_TuneCP5_5p36TeV_pythia8/OO_MC_DijetEmbedded_pThat-15to1200_TuneCP5_5p36TeV_pythia8/260306_002843/0000/HiForestMiniAOD_281.root
Time elapsed: 4499 seconds
File Contains: 115000 entries.
NMiss: 745083 | NFake: 1037677 | NMatch: 16644800
Processing file 202 of 817: /eos/cms/store/group/phys_heavyions/hbossi/mc_productions/QCD-dijet_pThat15-event-weighted_TuneCP5_5p36TeV_pythia8/OO_MC_DijetEmbedded_pThat-15to1200_TuneCP5_5p36TeV_pythia8/260306_002843/0000/HiForestMiniAOD_282.root
Time elapsed: 4529 seconds
File Contains: 99000 entries.
NMiss: 748005 | NFake: 1041767 | NMatch: 16711089
Processing file 203 of 817: /eos/cms/store/group/phys_heavyions/hbossi/mc_productions/QCD-dijet_pThat15-event-weighted_TuneCP5_5p36TeV_pythia8/OO_MC_DijetEmbedded_pThat-15to1200_TuneCP5_5p36TeV_pythia8/260306_002843/0000/HiForestMiniAOD_283.root
Time elapsed: 4543 seconds
File Contains: 155000 entries.
NMiss: 752699 | NFake: 1048045 | NMatch: 16815197
Processing file 204 of 817: /eos/cms/store/group/phys_heavyions/hbossi/mc_productions/QCD-dijet_pThat15-event-weighted_TuneCP5_5p36TeV_pythia8/OO_MC_DijetEmbedded_pThat-15to1200_TuneCP5_5p36TeV_pythia8/260306_002843/0000/HiForestMiniAOD_284.root
Time elapsed: 4567 seconds
File Contains: 94000 entries.
NMiss: 755486 | NFake: 1052046 | NMatch: 16877770
Processing file 205 of 817: /eos/cms/store/group/phys_heavyions/hbossi/mc_productions/QCD-dijet_pThat15-event-weighted_TuneCP5_5p36TeV_pythia8/OO_MC_DijetEmbedded_pThat-15to1200_TuneCP5_5p36TeV_pythia8/260306_002843/0000/HiForestMiniAOD_285.root
Time elapsed: 4585 seconds
File Contains: 91000 entries.
NMiss: 758185 | NFake: 1055877 | NMatch: 16938685
Processing file 206 of 817: /eos/cms/store/group/phys_heavyions/hbossi/mc_productions/QCD-dijet_pThat15-event-weighted_TuneCP5_5p36TeV_pythia8/OO_MC_DijetEmbedded_pThat-15to1200_TuneCP5_5p36TeV_pythia8/260306_002843/0000/HiForestMiniAOD_286.root
Time elapsed: 4603 seconds
File Contains: 130000 entries.
NMiss: 762067 | NFake: 1061407 | NMatch: 17025971
Processing file 207 of 817: /eos/cms/store/group/phys_heavyions/hbossi/mc_productions/QCD-dijet_pThat15-event-weighted_TuneCP5_5p36TeV_pythia8/OO_MC_DijetEmbedded_pThat-15to1200_TuneCP5_5p36TeV_pythia8/260306_002843/0000/HiForestMiniAOD_287.root
Time elapsed: 4625 seconds
File Contains: 111000 entries.
NMiss: 765363 | NFake: 1066122 | NMatch: 17100305
Processing file 208 of 817: /eos/cms/store/group/phys_heavyions/hbossi/mc_productions/QCD-dijet_pThat15-event-weighted_TuneCP5_5p36TeV_pythia8/OO_MC_DijetEmbedded_pThat-15to1200_TuneCP5_5p36TeV_pythia8/260306_002843/0000/HiForestMiniAOD_288.root
Time elapsed: 4642 seconds
File Contains: 126000 entries.
NMiss: 769133 | NFake: 1071337 | NMatch: 17184367
Processing file 209 of 817: /eos/cms/store/group/phys_heavyions/hbossi/mc_productions/QCD-dijet_pThat15-event-weighted_TuneCP5_5p36TeV_pythia8/OO_MC_DijetEmbedded_pThat-15to1200_TuneCP5_5p36TeV_pythia8/260306_002843/0000/HiForestMiniAOD_289.root
Time elapsed: 4668 seconds
File Contains: 115000 entries.
NMiss: 772487 | NFake: 1076170 | NMatch: 17261301
Processing file 210 of 817: /eos/cms/store/group/phys_heavyions/hbossi/mc_productions/QCD-dijet_pThat15-event-weighted_TuneCP5_5p36TeV_pythia8/OO_MC_DijetEmbedded_pThat-15to1200_TuneCP5_5p36TeV_pythia8/260306_002843/0000/HiForestMiniAOD_29.root
Time elapsed: 4685 seconds
File Contains: 100000 entries.
NMiss: 775403 | NFake: 1080324 | NMatch: 17328311
Processing file 211 of 817: /eos/cms/store/group/phys_heavyions/hbossi/mc_productions/QCD-dijet_pThat15-event-weighted_TuneCP5_5p36TeV_pythia8/OO_MC_DijetEmbedded_pThat-15to1200_TuneCP5_5p36TeV_pythia8/260306_002843/0000/HiForestMiniAOD_290.root
Time elapsed: 4702 seconds
File Contains: 107000 entries.
NMiss: 778665 | NFake: 1084845 | NMatch: 17399659
Processing file 212 of 817: /eos/cms/store/group/phys_heavyions/hbossi/mc_productions/QCD-dijet_pThat15-event-weighted_TuneCP5_5p36TeV_pythia8/OO_MC_DijetEmbedded_pThat-15to1200_TuneCP5_5p36TeV_pythia8/260306_002843/0000/HiForestMiniAOD_291.root
Time elapsed: 4727 seconds
File Contains: 107000 entries.
NMiss: 781916 | NFake: 1089282 | NMatch: 17471421
Processing file 213 of 817: /eos/cms/store/group/phys_heavyions/hbossi/mc_productions/QCD-dijet_pThat15-event-weighted_TuneCP5_5p36TeV_pythia8/OO_MC_DijetEmbedded_pThat-15to1200_TuneCP5_5p36TeV_pythia8/260306_002843/0000/HiForestMiniAOD_292.root
Time elapsed: 4746 seconds
File Contains: 151000 entries.
NMiss: 786409 | NFake: 1095506 | NMatch: 17572124
Processing file 214 of 817: /eos/cms/store/group/phys_heavyions/hbossi/mc_productions/QCD-dijet_pThat15-event-weighted_TuneCP5_5p36TeV_pythia8/OO_MC_DijetEmbedded_pThat-15to1200_TuneCP5_5p36TeV_pythia8/260306_002843/0000/HiForestMiniAOD_293.root
Time elapsed: 4793 seconds
File Contains: 134000 entries.
NMiss: 790356 | NFake: 1101136 | NMatch: 17660886
Processing file 215 of 817: /eos/cms/store/group/phys_heavyions/hbossi/mc_productions/QCD-dijet_pThat15-event-weighted_TuneCP5_5p36TeV_pythia8/OO_MC_DijetEmbedded_pThat-15to1200_TuneCP5_5p36TeV_pythia8/260306_002843/0000/HiForestMiniAOD_294.root
Time elapsed: 4819 seconds
File Contains: 126000 entries.
NMiss: 794206 | NFake: 1106374 | NMatch: 17744350
Processing file 216 of 817: /eos/cms/store/group/phys_heavyions/hbossi/mc_productions/QCD-dijet_pThat15-event-weighted_TuneCP5_5p36TeV_pythia8/OO_MC_DijetEmbedded_pThat-15to1200_TuneCP5_5p36TeV_pythia8/260306_002843/0000/HiForestMiniAOD_295.root
Time elapsed: 4840 seconds
File Contains: 107000 entries.
NMiss: 797447 | NFake: 1110866 | NMatch: 17815970
Processing file 217 of 817: /eos/cms/store/group/phys_heavyions/hbossi/mc_productions/QCD-dijet_pThat15-event-weighted_TuneCP5_5p36TeV_pythia8/OO_MC_DijetEmbedded_pThat-15to1200_TuneCP5_5p36TeV_pythia8/260306_002843/0000/HiForestMiniAOD_296.root
Time elapsed: 4858 seconds
File Contains: 166000 entries.
NMiss: 802404 | NFake: 1117862 | NMatch: 17927097
Processing file 218 of 817: /eos/cms/store/group/phys_heavyions/hbossi/mc_productions/QCD-dijet_pThat15-event-weighted_TuneCP5_5p36TeV_pythia8/OO_MC_DijetEmbedded_pThat-15to1200_TuneCP5_5p36TeV_pythia8/260306_002843/0000/HiForestMiniAOD_297.root
Time elapsed: 4881 seconds
File Contains: 139000 entries.
NMiss: 806488 | NFake: 1123727 | NMatch: 18019862
Processing file 219 of 817: /eos/cms/store/group/phys_heavyions/hbossi/mc_productions/QCD-dijet_pThat15-event-weighted_TuneCP5_5p36TeV_pythia8/OO_MC_DijetEmbedded_pThat-15to1200_TuneCP5_5p36TeV_pythia8/260306_002843/0000/HiForestMiniAOD_298.root
Time elapsed: 4907 seconds
File Contains: 161000 entries.
NMiss: 811389 | NFake: 1130321 | NMatch: 18128027
Processing file 220 of 817: /eos/cms/store/group/phys_heavyions/hbossi/mc_productions/QCD-dijet_pThat15-event-weighted_TuneCP5_5p36TeV_pythia8/OO_MC_DijetEmbedded_pThat-15to1200_TuneCP5_5p36TeV_pythia8/260306_002843/0000/HiForestMiniAOD_299.root
Time elapsed: 4930 seconds
File Contains: 144000 entries.
NMiss: 815770 | NFake: 1136423 | NMatch: 18224687
Processing file 221 of 817: /eos/cms/store/group/phys_heavyions/hbossi/mc_productions/QCD-dijet_pThat15-event-weighted_TuneCP5_5p36TeV_pythia8/OO_MC_DijetEmbedded_pThat-15to1200_TuneCP5_5p36TeV_pythia8/260306_002843/0000/HiForestMiniAOD_3.root
Time elapsed: 4953 seconds
File Contains: 122000 entries.
NMiss: 819483 | NFake: 1141450 | NMatch: 18306200
Processing file 222 of 817: /eos/cms/store/group/phys_heavyions/hbossi/mc_productions/QCD-dijet_pThat15-event-weighted_TuneCP5_5p36TeV_pythia8/OO_MC_DijetEmbedded_pThat-15to1200_TuneCP5_5p36TeV_pythia8/260306_002843/0000/HiForestMiniAOD_30.root
Time elapsed: 4972 seconds
File Contains: 118000 entries.
NMiss: 822977 | NFake: 1146311 | NMatch: 18384974
Processing file 223 of 817: /eos/cms/store/group/phys_heavyions/hbossi/mc_productions/QCD-dijet_pThat15-event-weighted_TuneCP5_5p36TeV_pythia8/OO_MC_DijetEmbedded_pThat-15to1200_TuneCP5_5p36TeV_pythia8/260306_002843/0000/HiForestMiniAOD_300.root
Time elapsed: 4988 seconds
File Contains: 118000 entries.
NMiss: 826449 | NFake: 1151283 | NMatch: 18463702
Processing file 224 of 817: /eos/cms/store/group/phys_heavyions/hbossi/mc_productions/QCD-dijet_pThat15-event-weighted_TuneCP5_5p36TeV_pythia8/OO_MC_DijetEmbedded_pThat-15to1200_TuneCP5_5p36TeV_pythia8/260306_002843/0000/HiForestMiniAOD_301.root
Time elapsed: 5016 seconds
File Contains: 139000 entries.
NMiss: 830569 | NFake: 1157145 | NMatch: 18557186
Processing file 225 of 817: /eos/cms/store/group/phys_heavyions/hbossi/mc_productions/QCD-dijet_pThat15-event-weighted_TuneCP5_5p36TeV_pythia8/OO_MC_DijetEmbedded_pThat-15to1200_TuneCP5_5p36TeV_pythia8/260306_002843/0000/HiForestMiniAOD_302.root
Time elapsed: 5040 seconds
File Contains: 155000 entries.
NMiss: 835273 | NFake: 1163471 | NMatch: 18660851
Processing file 226 of 817: /eos/cms/store/group/phys_heavyions/hbossi/mc_productions/QCD-dijet_pThat15-event-weighted_TuneCP5_5p36TeV_pythia8/OO_MC_DijetEmbedded_pThat-15to1200_TuneCP5_5p36TeV_pythia8/260306_002843/0000/HiForestMiniAOD_303.root
Time elapsed: 5064 seconds
File Contains: 164000 entries.
NMiss: 840248 | NFake: 1170139 | NMatch: 18770829
Processing file 227 of 817: /eos/cms/store/group/phys_heavyions/hbossi/mc_productions/QCD-dijet_pThat15-event-weighted_TuneCP5_5p36TeV_pythia8/OO_MC_DijetEmbedded_pThat-15to1200_TuneCP5_5p36TeV_pythia8/260306_002843/0000/HiForestMiniAOD_304.root
Time elapsed: 5111 seconds
File Contains: 127000 entries.
NMiss: 844081 | NFake: 1175401 | NMatch: 18855279
Processing file 228 of 817: /eos/cms/store/group/phys_heavyions/hbossi/mc_productions/QCD-dijet_pThat15-event-weighted_TuneCP5_5p36TeV_pythia8/OO_MC_DijetEmbedded_pThat-15to1200_TuneCP5_5p36TeV_pythia8/260306_002843/0000/HiForestMiniAOD_305.root
Time elapsed: 5134 seconds
File Contains: 59000 entries.
NMiss: 845824 | NFake: 1177846 | NMatch: 18894696
Processing file 229 of 817: /eos/cms/store/group/phys_heavyions/hbossi/mc_productions/QCD-dijet_pThat15-event-weighted_TuneCP5_5p36TeV_pythia8/OO_MC_DijetEmbedded_pThat-15to1200_TuneCP5_5p36TeV_pythia8/260306_002843/0000/HiForestMiniAOD_306.root
Time elapsed: 5148 seconds
File Contains: 148000 entries.
NMiss: 850342 | NFake: 1184116 | NMatch: 18993436
Processing file 230 of 817: /eos/cms/store/group/phys_heavyions/hbossi/mc_productions/QCD-dijet_pThat15-event-weighted_TuneCP5_5p36TeV_pythia8/OO_MC_DijetEmbedded_pThat-15to1200_TuneCP5_5p36TeV_pythia8/260306_002843/0000/HiForestMiniAOD_307.root
Time elapsed: 5169 seconds
File Contains: 147000 entries.
NMiss: 854764 | NFake: 1190252 | NMatch: 19091886
Processing file 231 of 817: /eos/cms/store/group/phys_heavyions/hbossi/mc_productions/QCD-dijet_pThat15-event-weighted_TuneCP5_5p36TeV_pythia8/OO_MC_DijetEmbedded_pThat-15to1200_TuneCP5_5p36TeV_pythia8/260306_002843/0000/HiForestMiniAOD_308.root
Time elapsed: 5189 seconds
File Contains: 97000 entries.
NMiss: 857734 | NFake: 1194288 | NMatch: 19157378
Processing file 232 of 817: /eos/cms/store/group/phys_heavyions/hbossi/mc_productions/QCD-dijet_pThat15-event-weighted_TuneCP5_5p36TeV_pythia8/OO_MC_DijetEmbedded_pThat-15to1200_TuneCP5_5p36TeV_pythia8/260306_002843/0000/HiForestMiniAOD_309.root
Time elapsed: 5204 seconds
File Contains: 153000 entries.
NMiss: 862348 | NFake: 1200603 | NMatch: 19259782
Processing file 233 of 817: /eos/cms/store/group/phys_heavyions/hbossi/mc_productions/QCD-dijet_pThat15-event-weighted_TuneCP5_5p36TeV_pythia8/OO_MC_DijetEmbedded_pThat-15to1200_TuneCP5_5p36TeV_pythia8/260306_002843/0000/HiForestMiniAOD_31.root
Time elapsed: 5231 seconds
File Contains: 115000 entries.
NMiss: 865780 | NFake: 1205520 | NMatch: 19336609
Processing file 234 of 817: /eos/cms/store/group/phys_heavyions/hbossi/mc_productions/QCD-dijet_pThat15-event-weighted_TuneCP5_5p36TeV_pythia8/OO_MC_DijetEmbedded_pThat-15to1200_TuneCP5_5p36TeV_pythia8/260306_002843/0000/HiForestMiniAOD_310.root
Time elapsed: 5255 seconds
File Contains: 135000 entries.
NMiss: 869815 | NFake: 1211279 | NMatch: 19427250
Processing file 235 of 817: /eos/cms/store/group/phys_heavyions/hbossi/mc_productions/QCD-dijet_pThat15-event-weighted_TuneCP5_5p36TeV_pythia8/OO_MC_DijetEmbedded_pThat-15to1200_TuneCP5_5p36TeV_pythia8/260306_002843/0000/HiForestMiniAOD_311.root
Time elapsed: 5284 seconds
File Contains: 145000 entries.
NMiss: 874216 | NFake: 1217246 | NMatch: 19524457
Processing file 236 of 817: /eos/cms/store/group/phys_heavyions/hbossi/mc_productions/QCD-dijet_pThat15-event-weighted_TuneCP5_5p36TeV_pythia8/OO_MC_DijetEmbedded_pThat-15to1200_TuneCP5_5p36TeV_pythia8/260306_002843/0000/HiForestMiniAOD_312.root
Time elapsed: 5303 seconds
File Contains: 119000 entries.
NMiss: 877894 | NFake: 1222147 | NMatch: 19604030
Processing file 237 of 817: /eos/cms/store/group/phys_heavyions/hbossi/mc_productions/QCD-dijet_pThat15-event-weighted_TuneCP5_5p36TeV_pythia8/OO_MC_DijetEmbedded_pThat-15to1200_TuneCP5_5p36TeV_pythia8/260306_002843/0000/HiForestMiniAOD_313.root
Time elapsed: 5323 seconds
File Contains: 118000 entries.
NMiss: 881436 | NFake: 1227084 | NMatch: 19683203
Processing file 238 of 817: /eos/cms/store/group/phys_heavyions/hbossi/mc_productions/QCD-dijet_pThat15-event-weighted_TuneCP5_5p36TeV_pythia8/OO_MC_DijetEmbedded_pThat-15to1200_TuneCP5_5p36TeV_pythia8/260306_002843/0000/HiForestMiniAOD_314.root
Time elapsed: 5345 seconds
File Contains: 148000 entries.
NMiss: 885837 | NFake: 1233230 | NMatch: 19782080
Processing file 239 of 817: /eos/cms/store/group/phys_heavyions/hbossi/mc_productions/QCD-dijet_pThat15-event-weighted_TuneCP5_5p36TeV_pythia8/OO_MC_DijetEmbedded_pThat-15to1200_TuneCP5_5p36TeV_pythia8/260306_002843/0000/HiForestMiniAOD_315.root
Time elapsed: 5374 seconds
File Contains: 149000 entries.
NMiss: 890228 | NFake: 1239419 | NMatch: 19881209
Processing file 240 of 817: /eos/cms/store/group/phys_heavyions/hbossi/mc_productions/QCD-dijet_pThat15-event-weighted_TuneCP5_5p36TeV_pythia8/OO_MC_DijetEmbedded_pThat-15to1200_TuneCP5_5p36TeV_pythia8/260306_002843/0000/HiForestMiniAOD_316.root
Time elapsed: 5410 seconds
File Contains: 131000 entries.
NMiss: 894199 | NFake: 1244803 | NMatch: 19968781
Processing file 241 of 817: /eos/cms/store/group/phys_heavyions/hbossi/mc_productions/QCD-dijet_pThat15-event-weighted_TuneCP5_5p36TeV_pythia8/OO_MC_DijetEmbedded_pThat-15to1200_TuneCP5_5p36TeV_pythia8/260306_002843/0000/HiForestMiniAOD_317.root
Time elapsed: 5427 seconds
File Contains: 98000 entries.
NMiss: 897197 | NFake: 1248969 | NMatch: 20034608
Processing file 242 of 817: /eos/cms/store/group/phys_heavyions/hbossi/mc_productions/QCD-dijet_pThat15-event-weighted_TuneCP5_5p36TeV_pythia8/OO_MC_DijetEmbedded_pThat-15to1200_TuneCP5_5p36TeV_pythia8/260306_002843/0000/HiForestMiniAOD_318.root
Time elapsed: 5451 seconds
File Contains: 162000 entries.
NMiss: 901969 | NFake: 1255710 | NMatch: 20142419
Processing file 243 of 817: /eos/cms/store/group/phys_heavyions/hbossi/mc_productions/QCD-dijet_pThat15-event-weighted_TuneCP5_5p36TeV_pythia8/OO_MC_DijetEmbedded_pThat-15to1200_TuneCP5_5p36TeV_pythia8/260306_002843/0000/HiForestMiniAOD_319.root
Time elapsed: 5490 seconds
File Contains: 151000 entries.
NMiss: 906533 | NFake: 1261894 | NMatch: 20243693
Processing file 244 of 817: /eos/cms/store/group/phys_heavyions/hbossi/mc_productions/QCD-dijet_pThat15-event-weighted_TuneCP5_5p36TeV_pythia8/OO_MC_DijetEmbedded_pThat-15to1200_TuneCP5_5p36TeV_pythia8/260306_002843/0000/HiForestMiniAOD_32.root
Time elapsed: 5523 seconds
File Contains: 137000 entries.
NMiss: 910698 | NFake: 1267625 | NMatch: 20335153
Processing file 245 of 817: /eos/cms/store/group/phys_heavyions/hbossi/mc_productions/QCD-dijet_pThat15-event-weighted_TuneCP5_5p36TeV_pythia8/OO_MC_DijetEmbedded_pThat-15to1200_TuneCP5_5p36TeV_pythia8/260306_002843/0000/HiForestMiniAOD_320.root
Time elapsed: 5547 seconds
File Contains: 132000 entries.
NMiss: 914812 | NFake: 1273188 | NMatch: 20422962
Processing file 246 of 817: /eos/cms/store/group/phys_heavyions/hbossi/mc_productions/QCD-dijet_pThat15-event-weighted_TuneCP5_5p36TeV_pythia8/OO_MC_DijetEmbedded_pThat-15to1200_TuneCP5_5p36TeV_pythia8/260306_002843/0000/HiForestMiniAOD_321.root
Time elapsed: 5569 seconds
File Contains: 151000 entries.
NMiss: 919384 | NFake: 1279547 | NMatch: 20523568
Processing file 247 of 817: /eos/cms/store/group/phys_heavyions/hbossi/mc_productions/QCD-dijet_pThat15-event-weighted_TuneCP5_5p36TeV_pythia8/OO_MC_DijetEmbedded_pThat-15to1200_TuneCP5_5p36TeV_pythia8/260306_002843/0000/HiForestMiniAOD_322.root
Time elapsed: 5602 seconds
File Contains: 136000 entries.
NMiss: 923487 | NFake: 1285193 | NMatch: 20614759
Processing file 248 of 817: /eos/cms/store/group/phys_heavyions/hbossi/mc_productions/QCD-dijet_pThat15-event-weighted_TuneCP5_5p36TeV_pythia8/OO_MC_DijetEmbedded_pThat-15to1200_TuneCP5_5p36TeV_pythia8/260306_002843/0000/HiForestMiniAOD_323.root
Time elapsed: 5622 seconds
File Contains: 133000 entries.
NMiss: 927417 | NFake: 1290712 | NMatch: 20703829
Processing file 249 of 817: /eos/cms/store/group/phys_heavyions/hbossi/mc_productions/QCD-dijet_pThat15-event-weighted_TuneCP5_5p36TeV_pythia8/OO_MC_DijetEmbedded_pThat-15to1200_TuneCP5_5p36TeV_pythia8/260306_002843/0000/HiForestMiniAOD_324.root
Time elapsed: 5643 seconds
File Contains: 121000 entries.
NMiss: 931022 | NFake: 1295759 | NMatch: 20785245
Processing file 250 of 817: /eos/cms/store/group/phys_heavyions/hbossi/mc_productions/QCD-dijet_pThat15-event-weighted_TuneCP5_5p36TeV_pythia8/OO_MC_DijetEmbedded_pThat-15to1200_TuneCP5_5p36TeV_pythia8/260306_002843/0000/HiForestMiniAOD_325.root
Time elapsed: 5679 seconds
File Contains: 131000 entries.
NMiss: 934954 | NFake: 1301185 | NMatch: 20872784
Processing file 251 of 817: /eos/cms/store/group/phys_heavyions/hbossi/mc_productions/QCD-dijet_pThat15-event-weighted_TuneCP5_5p36TeV_pythia8/OO_MC_DijetEmbedded_pThat-15to1200_TuneCP5_5p36TeV_pythia8/260306_002843/0000/HiForestMiniAOD_326.root
Time elapsed: 5701 seconds
File Contains: 144000 entries.
NMiss: 939174 | NFake: 1307234 | NMatch: 20969420
Processing file 252 of 817: /eos/cms/store/group/phys_heavyions/hbossi/mc_productions/QCD-dijet_pThat15-event-weighted_TuneCP5_5p36TeV_pythia8/OO_MC_DijetEmbedded_pThat-15to1200_TuneCP5_5p36TeV_pythia8/260306_002843/0000/HiForestMiniAOD_327.root
Time elapsed: 5729 seconds
File Contains: 126000 entries.
NMiss: 942934 | NFake: 1312499 | NMatch: 21053480
Processing file 253 of 817: /eos/cms/store/group/phys_heavyions/hbossi/mc_productions/QCD-dijet_pThat15-event-weighted_TuneCP5_5p36TeV_pythia8/OO_MC_DijetEmbedded_pThat-15to1200_TuneCP5_5p36TeV_pythia8/260306_002843/0000/HiForestMiniAOD_328.root
Time elapsed: 5755 seconds
File Contains: 109000 entries.
NMiss: 946185 | NFake: 1317084 | NMatch: 21126628
Processing file 254 of 817: /eos/cms/store/group/phys_heavyions/hbossi/mc_productions/QCD-dijet_pThat15-event-weighted_TuneCP5_5p36TeV_pythia8/OO_MC_DijetEmbedded_pThat-15to1200_TuneCP5_5p36TeV_pythia8/260306_002843/0000/HiForestMiniAOD_329.root
Time elapsed: 5776 seconds
File Contains: 88000 entries.
NMiss: 948874 | NFake: 1320855 | NMatch: 21184942
Processing file 255 of 817: /eos/cms/store/group/phys_heavyions/hbossi/mc_productions/QCD-dijet_pThat15-event-weighted_TuneCP5_5p36TeV_pythia8/OO_MC_DijetEmbedded_pThat-15to1200_TuneCP5_5p36TeV_pythia8/260306_002843/0000/HiForestMiniAOD_33.root
Time elapsed: 5798 seconds
File Contains: 127000 entries.
NMiss: 952618 | NFake: 1326160 | NMatch: 21270031
Processing file 256 of 817: /eos/cms/store/group/phys_heavyions/hbossi/mc_productions/QCD-dijet_pThat15-event-weighted_TuneCP5_5p36TeV_pythia8/OO_MC_DijetEmbedded_pThat-15to1200_TuneCP5_5p36TeV_pythia8/260306_002843/0000/HiForestMiniAOD_330.root
Time elapsed: 5819 seconds
File Contains: 135000 entries.
NMiss: 956645 | NFake: 1331908 | NMatch: 21360800
Processing file 257 of 817: /eos/cms/store/group/phys_heavyions/hbossi/mc_productions/QCD-dijet_pThat15-event-weighted_TuneCP5_5p36TeV_pythia8/OO_MC_DijetEmbedded_pThat-15to1200_TuneCP5_5p36TeV_pythia8/260306_002843/0000/HiForestMiniAOD_331.root
Time elapsed: 5849 seconds
File Contains: 127000 entries.
NMiss: 960427 | NFake: 1337277 | NMatch: 21445870
Processing file 258 of 817: /eos/cms/store/group/phys_heavyions/hbossi/mc_productions/QCD-dijet_pThat15-event-weighted_TuneCP5_5p36TeV_pythia8/OO_MC_DijetEmbedded_pThat-15to1200_TuneCP5_5p36TeV_pythia8/260306_002843/0000/HiForestMiniAOD_332.root
Time elapsed: 5895 seconds
File Contains: 113000 entries.
NMiss: 963801 | NFake: 1342048 | NMatch: 21520924
Processing file 259 of 817: /eos/cms/store/group/phys_heavyions/hbossi/mc_productions/QCD-dijet_pThat15-event-weighted_TuneCP5_5p36TeV_pythia8/OO_MC_DijetEmbedded_pThat-15to1200_TuneCP5_5p36TeV_pythia8/260306_002843/0000/HiForestMiniAOD_333.root
Time elapsed: 5914 seconds
File Contains: 146000 entries.
NMiss: 968141 | NFake: 1348205 | NMatch: 21618616
Processing file 260 of 817: /eos/cms/store/group/phys_heavyions/hbossi/mc_productions/QCD-dijet_pThat15-event-weighted_TuneCP5_5p36TeV_pythia8/OO_MC_DijetEmbedded_pThat-15to1200_TuneCP5_5p36TeV_pythia8/260306_002843/0000/HiForestMiniAOD_334.root
Time elapsed: 5940 seconds
File Contains: 131000 entries.
NMiss: 972077 | NFake: 1353669 | NMatch: 21706544
Processing file 261 of 817: /eos/cms/store/group/phys_heavyions/hbossi/mc_productions/QCD-dijet_pThat15-event-weighted_TuneCP5_5p36TeV_pythia8/OO_MC_DijetEmbedded_pThat-15to1200_TuneCP5_5p36TeV_pythia8/260306_002843/0000/HiForestMiniAOD_335.root
Time elapsed: 5975 seconds
File Contains: 134000 entries.
NMiss: 976159 | NFake: 1359151 | NMatch: 21796010
Processing file 262 of 817: /eos/cms/store/group/phys_heavyions/hbossi/mc_productions/QCD-dijet_pThat15-event-weighted_TuneCP5_5p36TeV_pythia8/OO_MC_DijetEmbedded_pThat-15to1200_TuneCP5_5p36TeV_pythia8/260306_002843/0000/HiForestMiniAOD_336.root
Time elapsed: 5997 seconds
File Contains: 111000 entries.
NMiss: 979416 | NFake: 1363714 | NMatch: 21870688
Processing file 263 of 817: /eos/cms/store/group/phys_heavyions/hbossi/mc_productions/QCD-dijet_pThat15-event-weighted_TuneCP5_5p36TeV_pythia8/OO_MC_DijetEmbedded_pThat-15to1200_TuneCP5_5p36TeV_pythia8/260306_002843/0000/HiForestMiniAOD_337.root
Time elapsed: 6037 seconds
File Contains: 108000 entries.
NMiss: 982608 | NFake: 1368202 | NMatch: 21943003
Processing file 264 of 817: /eos/cms/store/group/phys_heavyions/hbossi/mc_productions/QCD-dijet_pThat15-event-weighted_TuneCP5_5p36TeV_pythia8/OO_MC_DijetEmbedded_pThat-15to1200_TuneCP5_5p36TeV_pythia8/260306_002843/0000/HiForestMiniAOD_338.root
Time elapsed: 6062 seconds
File Contains: 115000 entries.
NMiss: 986116 | NFake: 1372871 | NMatch: 22019815
Processing file 265 of 817: /eos/cms/store/group/phys_heavyions/hbossi/mc_productions/QCD-dijet_pThat15-event-weighted_TuneCP5_5p36TeV_pythia8/OO_MC_DijetEmbedded_pThat-15to1200_TuneCP5_5p36TeV_pythia8/260306_002843/0000/HiForestMiniAOD_339.root
Time elapsed: 6094 seconds
File Contains: 147000 entries.
NMiss: 990394 | NFake: 1378982 | NMatch: 22118190
Processing file 266 of 817: /eos/cms/store/group/phys_heavyions/hbossi/mc_productions/QCD-dijet_pThat15-event-weighted_TuneCP5_5p36TeV_pythia8/OO_MC_DijetEmbedded_pThat-15to1200_TuneCP5_5p36TeV_pythia8/260306_002843/0000/HiForestMiniAOD_34.root
Time elapsed: 6138 seconds
File Contains: 85000 entries.
NMiss: 992934 | NFake: 1382511 | NMatch: 22175292
Processing file 267 of 817: /eos/cms/store/group/phys_heavyions/hbossi/mc_productions/QCD-dijet_pThat15-event-weighted_TuneCP5_5p36TeV_pythia8/OO_MC_DijetEmbedded_pThat-15to1200_TuneCP5_5p36TeV_pythia8/260306_002843/0000/HiForestMiniAOD_340.root
Time elapsed: 6152 seconds
File Contains: 127000 entries.
NMiss: 996726 | NFake: 1387717 | NMatch: 22260313
Processing file 268 of 817: /eos/cms/store/group/phys_heavyions/hbossi/mc_productions/QCD-dijet_pThat15-event-weighted_TuneCP5_5p36TeV_pythia8/OO_MC_DijetEmbedded_pThat-15to1200_TuneCP5_5p36TeV_pythia8/260306_002843/0000/HiForestMiniAOD_341.root
Time elapsed: 6178 seconds
File Contains: 99000 entries.
NMiss: 999743 | NFake: 1391750 | NMatch: 22326994
Processing file 269 of 817: /eos/cms/store/group/phys_heavyions/hbossi/mc_productions/QCD-dijet_pThat15-event-weighted_TuneCP5_5p36TeV_pythia8/OO_MC_DijetEmbedded_pThat-15to1200_TuneCP5_5p36TeV_pythia8/260306_002843/0000/HiForestMiniAOD_342.root
Time elapsed: 6195 seconds
File Contains: 134000 entries.
NMiss: 1003787 | NFake: 1397324 | NMatch: 22416005
Processing file 270 of 817: /eos/cms/store/group/phys_heavyions/hbossi/mc_productions/QCD-dijet_pThat15-event-weighted_TuneCP5_5p36TeV_pythia8/OO_MC_DijetEmbedded_pThat-15to1200_TuneCP5_5p36TeV_pythia8/260306_002843/0000/HiForestMiniAOD_343.root
Time elapsed: 6224 seconds
File Contains: 124000 entries.
NMiss: 1007545 | NFake: 1402559 | NMatch: 22498830
Processing file 271 of 817: /eos/cms/store/group/phys_heavyions/hbossi/mc_productions/QCD-dijet_pThat15-event-weighted_TuneCP5_5p36TeV_pythia8/OO_MC_DijetEmbedded_pThat-15to1200_TuneCP5_5p36TeV_pythia8/260306_002843/0000/HiForestMiniAOD_344.root
Time elapsed: 6290 seconds
File Contains: 113000 entries.
NMiss: 1010906 | NFake: 1407375 | NMatch: 22573980
Processing file 272 of 817: /eos/cms/store/group/phys_heavyions/hbossi/mc_productions/QCD-dijet_pThat15-event-weighted_TuneCP5_5p36TeV_pythia8/OO_MC_DijetEmbedded_pThat-15to1200_TuneCP5_5p36TeV_pythia8/260306_002843/0000/HiForestMiniAOD_345.root
Time elapsed: 6331 seconds
File Contains: 87000 entries.
NMiss: 1013512 | NFake: 1410978 | NMatch: 22632207
Processing file 273 of 817: /eos/cms/store/group/phys_heavyions/hbossi/mc_productions/QCD-dijet_pThat15-event-weighted_TuneCP5_5p36TeV_pythia8/OO_MC_DijetEmbedded_pThat-15to1200_TuneCP5_5p36TeV_pythia8/260306_002843/0000/HiForestMiniAOD_346.root
Time elapsed: 6348 seconds
File Contains: 121000 entries.
NMiss: 1017099 | NFake: 1415926 | NMatch: 22712983
Processing file 274 of 817: /eos/cms/store/group/phys_heavyions/hbossi/mc_productions/QCD-dijet_pThat15-event-weighted_TuneCP5_5p36TeV_pythia8/OO_MC_DijetEmbedded_pThat-15to1200_TuneCP5_5p36TeV_pythia8/260306_002843/0000/HiForestMiniAOD_347.root
Time elapsed: 6380 seconds
File Contains: 102000 entries.
NMiss: 1020166 | NFake: 1420129 | NMatch: 22781551
Processing file 275 of 817: /eos/cms/store/group/phys_heavyions/hbossi/mc_productions/QCD-dijet_pThat15-event-weighted_TuneCP5_5p36TeV_pythia8/OO_MC_DijetEmbedded_pThat-15to1200_TuneCP5_5p36TeV_pythia8/260306_002843/0000/HiForestMiniAOD_348.root
Time elapsed: 6397 seconds
File Contains: 159000 entries.
NMiss: 1024841 | NFake: 1426852 | NMatch: 22888495
Processing file 276 of 817: /eos/cms/store/group/phys_heavyions/hbossi/mc_productions/QCD-dijet_pThat15-event-weighted_TuneCP5_5p36TeV_pythia8/OO_MC_DijetEmbedded_pThat-15to1200_TuneCP5_5p36TeV_pythia8/260306_002843/0000/HiForestMiniAOD_349.root
Time elapsed: 6423 seconds
File Contains: 149000 entries.
NMiss: 1029260 | NFake: 1432979 | NMatch: 22987945
Processing file 277 of 817: /eos/cms/store/group/phys_heavyions/hbossi/mc_productions/QCD-dijet_pThat15-event-weighted_TuneCP5_5p36TeV_pythia8/OO_MC_DijetEmbedded_pThat-15to1200_TuneCP5_5p36TeV_pythia8/260306_002843/0000/HiForestMiniAOD_35.root
Time elapsed: 6463 seconds
File Contains: 110000 entries.
NMiss: 1032510 | NFake: 1437553 | NMatch: 23061474
Processing file 278 of 817: /eos/cms/store/group/phys_heavyions/hbossi/mc_productions/QCD-dijet_pThat15-event-weighted_TuneCP5_5p36TeV_pythia8/OO_MC_DijetEmbedded_pThat-15to1200_TuneCP5_5p36TeV_pythia8/260306_002843/0000/HiForestMiniAOD_350.root
Time elapsed: 6488 seconds
File Contains: 135000 entries.
NMiss: 1036541 | NFake: 1443110 | NMatch: 23151905
Processing file 279 of 817: /eos/cms/store/group/phys_heavyions/hbossi/mc_productions/QCD-dijet_pThat15-event-weighted_TuneCP5_5p36TeV_pythia8/OO_MC_DijetEmbedded_pThat-15to1200_TuneCP5_5p36TeV_pythia8/260306_002843/0000/HiForestMiniAOD_351.root
Time elapsed: 6521 seconds
File Contains: 111000 entries.
NMiss: 1039815 | NFake: 1447578 | NMatch: 23226104
Processing file 280 of 817: /eos/cms/store/group/phys_heavyions/hbossi/mc_productions/QCD-dijet_pThat15-event-weighted_TuneCP5_5p36TeV_pythia8/OO_MC_DijetEmbedded_pThat-15to1200_TuneCP5_5p36TeV_pythia8/260306_002843/0000/HiForestMiniAOD_352.root
Time elapsed: 6543 seconds
File Contains: 151000 entries.
NMiss: 1044338 | NFake: 1453859 | NMatch: 23327334
Processing file 281 of 817: /eos/cms/store/group/phys_heavyions/hbossi/mc_productions/QCD-dijet_pThat15-event-weighted_TuneCP5_5p36TeV_pythia8/OO_MC_DijetEmbedded_pThat-15to1200_TuneCP5_5p36TeV_pythia8/260306_002843/0000/HiForestMiniAOD_353.root
Time elapsed: 6566 seconds
File Contains: 144000 entries.
NMiss: 1048664 | NFake: 1459909 | NMatch: 23423675
Processing file 282 of 817: /eos/cms/store/group/phys_heavyions/hbossi/mc_productions/QCD-dijet_pThat15-event-weighted_TuneCP5_5p36TeV_pythia8/OO_MC_DijetEmbedded_pThat-15to1200_TuneCP5_5p36TeV_pythia8/260306_002843/0000/HiForestMiniAOD_354.root
Time elapsed: 6584 seconds
File Contains: 117000 entries.
NMiss: 1052127 | NFake: 1464749 | NMatch: 23502255
Processing file 283 of 817: /eos/cms/store/group/phys_heavyions/hbossi/mc_productions/QCD-dijet_pThat15-event-weighted_TuneCP5_5p36TeV_pythia8/OO_MC_DijetEmbedded_pThat-15to1200_TuneCP5_5p36TeV_pythia8/260306_002843/0000/HiForestMiniAOD_355.root
Time elapsed: 6606 seconds
File Contains: 166000 entries.
NMiss: 1057185 | NFake: 1471631 | NMatch: 23613690
Processing file 284 of 817: /eos/cms/store/group/phys_heavyions/hbossi/mc_productions/QCD-dijet_pThat15-event-weighted_TuneCP5_5p36TeV_pythia8/OO_MC_DijetEmbedded_pThat-15to1200_TuneCP5_5p36TeV_pythia8/260306_002843/0000/HiForestMiniAOD_356.root
Time elapsed: 6635 seconds
File Contains: 141000 entries.
NMiss: 1061531 | NFake: 1477328 | NMatch: 23708039
Processing file 285 of 817: /eos/cms/store/group/phys_heavyions/hbossi/mc_productions/QCD-dijet_pThat15-event-weighted_TuneCP5_5p36TeV_pythia8/OO_MC_DijetEmbedded_pThat-15to1200_TuneCP5_5p36TeV_pythia8/260306_002843/0000/HiForestMiniAOD_357.root
Time elapsed: 6655 seconds
File Contains: 129000 entries.
NMiss: 1065288 | NFake: 1482700 | NMatch: 23794076
Processing file 286 of 817: /eos/cms/store/group/phys_heavyions/hbossi/mc_productions/QCD-dijet_pThat15-event-weighted_TuneCP5_5p36TeV_pythia8/OO_MC_DijetEmbedded_pThat-15to1200_TuneCP5_5p36TeV_pythia8/260306_002843/0000/HiForestMiniAOD_358.root
Time elapsed: 6681 seconds
File Contains: 151000 entries.
NMiss: 1069712 | NFake: 1488934 | NMatch: 23895103
Processing file 287 of 817: /eos/cms/store/group/phys_heavyions/hbossi/mc_productions/QCD-dijet_pThat15-event-weighted_TuneCP5_5p36TeV_pythia8/OO_MC_DijetEmbedded_pThat-15to1200_TuneCP5_5p36TeV_pythia8/260306_002843/0000/HiForestMiniAOD_359.root
Time elapsed: 6706 seconds
File Contains: 147000 entries.
NMiss: 1074055 | NFake: 1495094 | NMatch: 23993026
Processing file 288 of 817: /eos/cms/store/group/phys_heavyions/hbossi/mc_productions/QCD-dijet_pThat15-event-weighted_TuneCP5_5p36TeV_pythia8/OO_MC_DijetEmbedded_pThat-15to1200_TuneCP5_5p36TeV_pythia8/260306_002843/0000/HiForestMiniAOD_36.root
Time elapsed: 6734 seconds
File Contains: 109000 entries.
NMiss: 1077370 | NFake: 1499640 | NMatch: 24066021
Processing file 289 of 817: /eos/cms/store/group/phys_heavyions/hbossi/mc_productions/QCD-dijet_pThat15-event-weighted_TuneCP5_5p36TeV_pythia8/OO_MC_DijetEmbedded_pThat-15to1200_TuneCP5_5p36TeV_pythia8/260306_002843/0000/HiForestMiniAOD_360.root
Time elapsed: 6754 seconds
File Contains: 136000 entries.
NMiss: 1081487 | NFake: 1505174 | NMatch: 24157002
Processing file 290 of 817: /eos/cms/store/group/phys_heavyions/hbossi/mc_productions/QCD-dijet_pThat15-event-weighted_TuneCP5_5p36TeV_pythia8/OO_MC_DijetEmbedded_pThat-15to1200_TuneCP5_5p36TeV_pythia8/260306_002843/0000/HiForestMiniAOD_361.root
Time elapsed: 6784 seconds
File Contains: 102000 entries.
NMiss: 1084561 | NFake: 1509377 | NMatch: 24225192
Processing file 291 of 817: /eos/cms/store/group/phys_heavyions/hbossi/mc_productions/QCD-dijet_pThat15-event-weighted_TuneCP5_5p36TeV_pythia8/OO_MC_DijetEmbedded_pThat-15to1200_TuneCP5_5p36TeV_pythia8/260306_002843/0000/HiForestMiniAOD_362.root
Time elapsed: 6808 seconds
File Contains: 127000 entries.
NMiss: 1088257 | NFake: 1514655 | NMatch: 24310338
Processing file 292 of 817: /eos/cms/store/group/phys_heavyions/hbossi/mc_productions/QCD-dijet_pThat15-event-weighted_TuneCP5_5p36TeV_pythia8/OO_MC_DijetEmbedded_pThat-15to1200_TuneCP5_5p36TeV_pythia8/260306_002843/0000/HiForestMiniAOD_363.root
Time elapsed: 6837 seconds
File Contains: 151000 entries.
NMiss: 1092893 | NFake: 1520998 | NMatch: 24410942
Processing file 293 of 817: /eos/cms/store/group/phys_heavyions/hbossi/mc_productions/QCD-dijet_pThat15-event-weighted_TuneCP5_5p36TeV_pythia8/OO_MC_DijetEmbedded_pThat-15to1200_TuneCP5_5p36TeV_pythia8/260306_002843/0000/HiForestMiniAOD_364.root
Time elapsed: 6866 seconds
File Contains: 96000 entries.
NMiss: 1095745 | NFake: 1524906 | NMatch: 24474913
Processing file 294 of 817: /eos/cms/store/group/phys_heavyions/hbossi/mc_productions/QCD-dijet_pThat15-event-weighted_TuneCP5_5p36TeV_pythia8/OO_MC_DijetEmbedded_pThat-15to1200_TuneCP5_5p36TeV_pythia8/260306_002843/0000/HiForestMiniAOD_365.root
Time elapsed: 6891 seconds
File Contains: 140000 entries.
NMiss: 1099945 | NFake: 1530650 | NMatch: 24568605
Processing file 295 of 817: /eos/cms/store/group/phys_heavyions/hbossi/mc_productions/QCD-dijet_pThat15-event-weighted_TuneCP5_5p36TeV_pythia8/OO_MC_DijetEmbedded_pThat-15to1200_TuneCP5_5p36TeV_pythia8/260306_002843/0000/HiForestMiniAOD_366.root
Time elapsed: 6913 seconds
File Contains: 137000 entries.
NMiss: 1104041 | NFake: 1536373 | NMatch: 24660027
Processing file 296 of 817: /eos/cms/store/group/phys_heavyions/hbossi/mc_productions/QCD-dijet_pThat15-event-weighted_TuneCP5_5p36TeV_pythia8/OO_MC_DijetEmbedded_pThat-15to1200_TuneCP5_5p36TeV_pythia8/260306_002843/0000/HiForestMiniAOD_367.root
Time elapsed: 6940 seconds
File Contains: 95000 entries.
NMiss: 1106893 | NFake: 1540429 | NMatch: 24723576
Processing file 297 of 817: /eos/cms/store/group/phys_heavyions/hbossi/mc_productions/QCD-dijet_pThat15-event-weighted_TuneCP5_5p36TeV_pythia8/OO_MC_DijetEmbedded_pThat-15to1200_TuneCP5_5p36TeV_pythia8/260306_002843/0000/HiForestMiniAOD_368.root
Time elapsed: 6957 seconds
File Contains: 139000 entries.
NMiss: 1111210 | NFake: 1546209 | NMatch: 24817109
Processing file 298 of 817: /eos/cms/store/group/phys_heavyions/hbossi/mc_productions/QCD-dijet_pThat15-event-weighted_TuneCP5_5p36TeV_pythia8/OO_MC_DijetEmbedded_pThat-15to1200_TuneCP5_5p36TeV_pythia8/260306_002843/0000/HiForestMiniAOD_369.root
Time elapsed: 6983 seconds
File Contains: 113000 entries.
NMiss: 1114493 | NFake: 1550962 | NMatch: 24893018
Processing file 299 of 817: /eos/cms/store/group/phys_heavyions/hbossi/mc_productions/QCD-dijet_pThat15-event-weighted_TuneCP5_5p36TeV_pythia8/OO_MC_DijetEmbedded_pThat-15to1200_TuneCP5_5p36TeV_pythia8/260306_002843/0000/HiForestMiniAOD_37.root
Time elapsed: 7005 seconds
File Contains: 127000 entries.
NMiss: 1118355 | NFake: 1556264 | NMatch: 24977878
Processing file 300 of 817: /eos/cms/store/group/phys_heavyions/hbossi/mc_productions/QCD-dijet_pThat15-event-weighted_TuneCP5_5p36TeV_pythia8/OO_MC_DijetEmbedded_pThat-15to1200_TuneCP5_5p36TeV_pythia8/260306_002843/0000/HiForestMiniAOD_370.root
Time elapsed: 7034 seconds
File Contains: 135000 entries.
NMiss: 1122394 | NFake: 1561956 | NMatch: 25067980
Processing file 301 of 817: /eos/cms/store/group/phys_heavyions/hbossi/mc_productions/QCD-dijet_pThat15-event-weighted_TuneCP5_5p36TeV_pythia8/OO_MC_DijetEmbedded_pThat-15to1200_TuneCP5_5p36TeV_pythia8/260306_002843/0000/HiForestMiniAOD_371.root
Time elapsed: 7067 seconds
File Contains: 138000 entries.
NMiss: 1126556 | NFake: 1567791 | NMatch: 25159747
Processing file 302 of 817: /eos/cms/store/group/phys_heavyions/hbossi/mc_productions/QCD-dijet_pThat15-event-weighted_TuneCP5_5p36TeV_pythia8/OO_MC_DijetEmbedded_pThat-15to1200_TuneCP5_5p36TeV_pythia8/260306_002843/0000/HiForestMiniAOD_372.root
Time elapsed: 7090 seconds
File Contains: 145000 entries.
NMiss: 1130973 | NFake: 1573795 | NMatch: 25256541
Processing file 303 of 817: /eos/cms/store/group/phys_heavyions/hbossi/mc_productions/QCD-dijet_pThat15-event-weighted_TuneCP5_5p36TeV_pythia8/OO_MC_DijetEmbedded_pThat-15to1200_TuneCP5_5p36TeV_pythia8/260306_002843/0000/HiForestMiniAOD_373.root
Time elapsed: 7112 seconds
File Contains: 95000 entries.
NMiss: 1133770 | NFake: 1577803 | NMatch: 25320644
Processing file 304 of 817: /eos/cms/store/group/phys_heavyions/hbossi/mc_productions/QCD-dijet_pThat15-event-weighted_TuneCP5_5p36TeV_pythia8/OO_MC_DijetEmbedded_pThat-15to1200_TuneCP5_5p36TeV_pythia8/260306_002843/0000/HiForestMiniAOD_374.root
Time elapsed: 7134 seconds
File Contains: 130000 entries.
NMiss: 1137566 | NFake: 1583193 | NMatch: 25407658
Processing file 305 of 817: /eos/cms/store/group/phys_heavyions/hbossi/mc_productions/QCD-dijet_pThat15-event-weighted_TuneCP5_5p36TeV_pythia8/OO_MC_DijetEmbedded_pThat-15to1200_TuneCP5_5p36TeV_pythia8/260306_002843/0000/HiForestMiniAOD_375.root
Time elapsed: 7155 seconds
File Contains: 99000 entries.
NMiss: 1140493 | NFake: 1587333 | NMatch: 25473886
Processing file 306 of 817: /eos/cms/store/group/phys_heavyions/hbossi/mc_productions/QCD-dijet_pThat15-event-weighted_TuneCP5_5p36TeV_pythia8/OO_MC_DijetEmbedded_pThat-15to1200_TuneCP5_5p36TeV_pythia8/260306_002843/0000/HiForestMiniAOD_376.root
Time elapsed: 7177 seconds
File Contains: 100000 entries.
NMiss: 1143453 | NFake: 1591568 | NMatch: 25540709
Processing file 307 of 817: /eos/cms/store/group/phys_heavyions/hbossi/mc_productions/QCD-dijet_pThat15-event-weighted_TuneCP5_5p36TeV_pythia8/OO_MC_DijetEmbedded_pThat-15to1200_TuneCP5_5p36TeV_pythia8/260306_002843/0000/HiForestMiniAOD_377.root
Time elapsed: 7197 seconds
File Contains: 106000 entries.
NMiss: 1146583 | NFake: 1595883 | NMatch: 25611939
Processing file 308 of 817: /eos/cms/store/group/phys_heavyions/hbossi/mc_productions/QCD-dijet_pThat15-event-weighted_TuneCP5_5p36TeV_pythia8/OO_MC_DijetEmbedded_pThat-15to1200_TuneCP5_5p36TeV_pythia8/260306_002843/0000/HiForestMiniAOD_378.root
Time elapsed: 7216 seconds
File Contains: 137000 entries.
NMiss: 1150614 | NFake: 1601555 | NMatch: 25703911
Processing file 309 of 817: /eos/cms/store/group/phys_heavyions/hbossi/mc_productions/QCD-dijet_pThat15-event-weighted_TuneCP5_5p36TeV_pythia8/OO_MC_DijetEmbedded_pThat-15to1200_TuneCP5_5p36TeV_pythia8/260306_002843/0000/HiForestMiniAOD_379.root
Time elapsed: 7257 seconds
File Contains: 102000 entries.
NMiss: 1153731 | NFake: 1605840 | NMatch: 25771790
Processing file 310 of 817: /eos/cms/store/group/phys_heavyions/hbossi/mc_productions/QCD-dijet_pThat15-event-weighted_TuneCP5_5p36TeV_pythia8/OO_MC_DijetEmbedded_pThat-15to1200_TuneCP5_5p36TeV_pythia8/260306_002843/0000/HiForestMiniAOD_38.root
Time elapsed: 7275 seconds
File Contains: 131000 entries.
NMiss: 1157562 | NFake: 1611309 | NMatch: 25859341
Processing file 311 of 817: /eos/cms/store/group/phys_heavyions/hbossi/mc_productions/QCD-dijet_pThat15-event-weighted_TuneCP5_5p36TeV_pythia8/OO_MC_DijetEmbedded_pThat-15to1200_TuneCP5_5p36TeV_pythia8/260306_002843/0000/HiForestMiniAOD_380.root
Time elapsed: 7301 seconds
File Contains: 98000 entries.
NMiss: 1160548 | NFake: 1615395 | NMatch: 25925473
Processing file 312 of 817: /eos/cms/store/group/phys_heavyions/hbossi/mc_productions/QCD-dijet_pThat15-event-weighted_TuneCP5_5p36TeV_pythia8/OO_MC_DijetEmbedded_pThat-15to1200_TuneCP5_5p36TeV_pythia8/260306_002843/0000/HiForestMiniAOD_381.root
Time elapsed: 7320 seconds
File Contains: 135000 entries.
NMiss: 1164643 | NFake: 1621074 | NMatch: 26015562
Processing file 313 of 817: /eos/cms/store/group/phys_heavyions/hbossi/mc_productions/QCD-dijet_pThat15-event-weighted_TuneCP5_5p36TeV_pythia8/OO_MC_DijetEmbedded_pThat-15to1200_TuneCP5_5p36TeV_pythia8/260306_002843/0000/HiForestMiniAOD_382.root
Time elapsed: 7340 seconds
File Contains: 123000 entries.
NMiss: 1168376 | NFake: 1626199 | NMatch: 26097914
Processing file 314 of 817: /eos/cms/store/group/phys_heavyions/hbossi/mc_productions/QCD-dijet_pThat15-event-weighted_TuneCP5_5p36TeV_pythia8/OO_MC_DijetEmbedded_pThat-15to1200_TuneCP5_5p36TeV_pythia8/260306_002843/0000/HiForestMiniAOD_383.root
Time elapsed: 7366 seconds
File Contains: 130000 entries.
NMiss: 1172302 | NFake: 1631643 | NMatch: 26184490
Processing file 315 of 817: /eos/cms/store/group/phys_heavyions/hbossi/mc_productions/QCD-dijet_pThat15-event-weighted_TuneCP5_5p36TeV_pythia8/OO_MC_DijetEmbedded_pThat-15to1200_TuneCP5_5p36TeV_pythia8/260306_002843/0000/HiForestMiniAOD_384.root
Time elapsed: 7405 seconds
File Contains: 126000 entries.
NMiss: 1176063 | NFake: 1636743 | NMatch: 26269269
Processing file 316 of 817: /eos/cms/store/group/phys_heavyions/hbossi/mc_productions/QCD-dijet_pThat15-event-weighted_TuneCP5_5p36TeV_pythia8/OO_MC_DijetEmbedded_pThat-15to1200_TuneCP5_5p36TeV_pythia8/260306_002843/0000/HiForestMiniAOD_385.root
Time elapsed: 7421 seconds
File Contains: 125000 entries.
NMiss: 1179832 | NFake: 1641864 | NMatch: 26352997
Processing file 317 of 817: /eos/cms/store/group/phys_heavyions/hbossi/mc_productions/QCD-dijet_pThat15-event-weighted_TuneCP5_5p36TeV_pythia8/OO_MC_DijetEmbedded_pThat-15to1200_TuneCP5_5p36TeV_pythia8/260306_002843/0000/HiForestMiniAOD_386.root
Time elapsed: 7477 seconds
File Contains: 150000 entries.
NMiss: 1184293 | NFake: 1648088 | NMatch: 26453375
Processing file 318 of 817: /eos/cms/store/group/phys_heavyions/hbossi/mc_productions/QCD-dijet_pThat15-event-weighted_TuneCP5_5p36TeV_pythia8/OO_MC_DijetEmbedded_pThat-15to1200_TuneCP5_5p36TeV_pythia8/260306_002843/0000/HiForestMiniAOD_387.root
Time elapsed: 7503 seconds
File Contains: 144000 entries.
NMiss: 1188492 | NFake: 1654063 | NMatch: 26549763
Processing file 319 of 817: /eos/cms/store/group/phys_heavyions/hbossi/mc_productions/QCD-dijet_pThat15-event-weighted_TuneCP5_5p36TeV_pythia8/OO_MC_DijetEmbedded_pThat-15to1200_TuneCP5_5p36TeV_pythia8/260306_002843/0000/HiForestMiniAOD_388.root
Time elapsed: 7525 seconds
File Contains: 102000 entries.
NMiss: 1191544 | NFake: 1658162 | NMatch: 26617765
Processing file 320 of 817: /eos/cms/store/group/phys_heavyions/hbossi/mc_productions/QCD-dijet_pThat15-event-weighted_TuneCP5_5p36TeV_pythia8/OO_MC_DijetEmbedded_pThat-15to1200_TuneCP5_5p36TeV_pythia8/260306_002843/0000/HiForestMiniAOD_389.root
Time elapsed: 7586 seconds
File Contains: 125000 entries.
NMiss: 1195289 | NFake: 1663394 | NMatch: 26701539
Processing file 321 of 817: /eos/cms/store/group/phys_heavyions/hbossi/mc_productions/QCD-dijet_pThat15-event-weighted_TuneCP5_5p36TeV_pythia8/OO_MC_DijetEmbedded_pThat-15to1200_TuneCP5_5p36TeV_pythia8/260306_002843/0000/HiForestMiniAOD_39.root
Time elapsed: 7603 seconds
File Contains: 117000 entries.
NMiss: 1198644 | NFake: 1668317 | NMatch: 26780575
Processing file 322 of 817: /eos/cms/store/group/phys_heavyions/hbossi/mc_productions/QCD-dijet_pThat15-event-weighted_TuneCP5_5p36TeV_pythia8/OO_MC_DijetEmbedded_pThat-15to1200_TuneCP5_5p36TeV_pythia8/260306_002843/0000/HiForestMiniAOD_390.root
Time elapsed: 7623 seconds
File Contains: 146000 entries.
NMiss: 1203104 | NFake: 1674435 | NMatch: 26877856
Processing file 323 of 817: /eos/cms/store/group/phys_heavyions/hbossi/mc_productions/QCD-dijet_pThat15-event-weighted_TuneCP5_5p36TeV_pythia8/OO_MC_DijetEmbedded_pThat-15to1200_TuneCP5_5p36TeV_pythia8/260306_002843/0000/HiForestMiniAOD_391.root
Time elapsed: 7646 seconds
File Contains: 122000 entries.
NMiss: 1206833 | NFake: 1679524 | NMatch: 26959345
Processing file 324 of 817: /eos/cms/store/group/phys_heavyions/hbossi/mc_productions/QCD-dijet_pThat15-event-weighted_TuneCP5_5p36TeV_pythia8/OO_MC_DijetEmbedded_pThat-15to1200_TuneCP5_5p36TeV_pythia8/260306_002843/0000/HiForestMiniAOD_392.root
Time elapsed: 7672 seconds
File Contains: 128000 entries.
NMiss: 1210652 | NFake: 1684842 | NMatch: 27045023
Processing file 325 of 817: /eos/cms/store/group/phys_heavyions/hbossi/mc_productions/QCD-dijet_pThat15-event-weighted_TuneCP5_5p36TeV_pythia8/OO_MC_DijetEmbedded_pThat-15to1200_TuneCP5_5p36TeV_pythia8/260306_002843/0000/HiForestMiniAOD_393.root
Time elapsed: 7698 seconds
File Contains: 127000 entries.
NMiss: 1214431 | NFake: 1690174 | NMatch: 27129816
Processing file 326 of 817: /eos/cms/store/group/phys_heavyions/hbossi/mc_productions/QCD-dijet_pThat15-event-weighted_TuneCP5_5p36TeV_pythia8/OO_MC_DijetEmbedded_pThat-15to1200_TuneCP5_5p36TeV_pythia8/260306_002843/0000/HiForestMiniAOD_394.root
Time elapsed: 7713 seconds
File Contains: 154000 entries.
NMiss: 1219135 | NFake: 1696536 | NMatch: 27232653
Processing file 327 of 817: /eos/cms/store/group/phys_heavyions/hbossi/mc_productions/QCD-dijet_pThat15-event-weighted_TuneCP5_5p36TeV_pythia8/OO_MC_DijetEmbedded_pThat-15to1200_TuneCP5_5p36TeV_pythia8/260306_002843/0000/HiForestMiniAOD_395.root
Time elapsed: 7738 seconds
File Contains: 132000 entries.
NMiss: 1223198 | NFake: 1702127 | NMatch: 27320921
Processing file 328 of 817: /eos/cms/store/group/phys_heavyions/hbossi/mc_productions/QCD-dijet_pThat15-event-weighted_TuneCP5_5p36TeV_pythia8/OO_MC_DijetEmbedded_pThat-15to1200_TuneCP5_5p36TeV_pythia8/260306_002843/0000/HiForestMiniAOD_396.root
Time elapsed: 7757 seconds
File Contains: 100000 entries.
NMiss: 1226213 | NFake: 1706369 | NMatch: 27387409
Processing file 329 of 817: /eos/cms/store/group/phys_heavyions/hbossi/mc_productions/QCD-dijet_pThat15-event-weighted_TuneCP5_5p36TeV_pythia8/OO_MC_DijetEmbedded_pThat-15to1200_TuneCP5_5p36TeV_pythia8/260306_002843/0000/HiForestMiniAOD_397.root
Time elapsed: 7786 seconds
File Contains: 119000 entries.
NMiss: 1229802 | NFake: 1711316 | NMatch: 27467310
Processing file 330 of 817: /eos/cms/store/group/phys_heavyions/hbossi/mc_productions/QCD-dijet_pThat15-event-weighted_TuneCP5_5p36TeV_pythia8/OO_MC_DijetEmbedded_pThat-15to1200_TuneCP5_5p36TeV_pythia8/260306_002843/0000/HiForestMiniAOD_398.root
Time elapsed: 7806 seconds
File Contains: 118000 entries.
NMiss: 1233303 | NFake: 1716323 | NMatch: 27546245
Processing file 331 of 817: /eos/cms/store/group/phys_heavyions/hbossi/mc_productions/QCD-dijet_pThat15-event-weighted_TuneCP5_5p36TeV_pythia8/OO_MC_DijetEmbedded_pThat-15to1200_TuneCP5_5p36TeV_pythia8/260306_002843/0000/HiForestMiniAOD_399.root
Time elapsed: 7825 seconds
File Contains: 149000 entries.
NMiss: 1237687 | NFake: 1722463 | NMatch: 27645738
Processing file 332 of 817: /eos/cms/store/group/phys_heavyions/hbossi/mc_productions/QCD-dijet_pThat15-event-weighted_TuneCP5_5p36TeV_pythia8/OO_MC_DijetEmbedded_pThat-15to1200_TuneCP5_5p36TeV_pythia8/260306_002843/0000/HiForestMiniAOD_4.root
Time elapsed: 7848 seconds
File Contains: 137000 entries.
NMiss: 1241832 | NFake: 1728252 | NMatch: 27737544
Processing file 333 of 817: /eos/cms/store/group/phys_heavyions/hbossi/mc_productions/QCD-dijet_pThat15-event-weighted_TuneCP5_5p36TeV_pythia8/OO_MC_DijetEmbedded_pThat-15to1200_TuneCP5_5p36TeV_pythia8/260306_002843/0000/HiForestMiniAOD_40.root
Time elapsed: 7896 seconds
File Contains: 149000 entries.
NMiss: 1246303 | NFake: 1734625 | NMatch: 27836672
Processing file 334 of 817: /eos/cms/store/group/phys_heavyions/hbossi/mc_productions/QCD-dijet_pThat15-event-weighted_TuneCP5_5p36TeV_pythia8/OO_MC_DijetEmbedded_pThat-15to1200_TuneCP5_5p36TeV_pythia8/260306_002843/0000/HiForestMiniAOD_400.root
Time elapsed: 7930 seconds
File Contains: 146000 entries.
NMiss: 1250532 | NFake: 1740697 | NMatch: 27934778
Processing file 335 of 817: /eos/cms/store/group/phys_heavyions/hbossi/mc_productions/QCD-dijet_pThat15-event-weighted_TuneCP5_5p36TeV_pythia8/OO_MC_DijetEmbedded_pThat-15to1200_TuneCP5_5p36TeV_pythia8/260306_002843/0000/HiForestMiniAOD_401.root
Time elapsed: 7958 seconds
File Contains: 92000 entries.
NMiss: 1253255 | NFake: 1744577 | NMatch: 27996519
Processing file 336 of 817: /eos/cms/store/group/phys_heavyions/hbossi/mc_productions/QCD-dijet_pThat15-event-weighted_TuneCP5_5p36TeV_pythia8/OO_MC_DijetEmbedded_pThat-15to1200_TuneCP5_5p36TeV_pythia8/260306_002843/0000/HiForestMiniAOD_402.root
Time elapsed: 7976 seconds
File Contains: 89000 entries.
NMiss: 1255924 | NFake: 1748246 | NMatch: 28056025
Processing file 337 of 817: /eos/cms/store/group/phys_heavyions/hbossi/mc_productions/QCD-dijet_pThat15-event-weighted_TuneCP5_5p36TeV_pythia8/OO_MC_DijetEmbedded_pThat-15to1200_TuneCP5_5p36TeV_pythia8/260306_002843/0000/HiForestMiniAOD_403.root
Time elapsed: 7988 seconds
File Contains: 162000 entries.
NMiss: 1260694 | NFake: 1754963 | NMatch: 28164785
Processing file 338 of 817: /eos/cms/store/group/phys_heavyions/hbossi/mc_productions/QCD-dijet_pThat15-event-weighted_TuneCP5_5p36TeV_pythia8/OO_MC_DijetEmbedded_pThat-15to1200_TuneCP5_5p36TeV_pythia8/260306_002843/0000/HiForestMiniAOD_404.root
Time elapsed: 8021 seconds
File Contains: 117000 entries.
NMiss: 1264159 | NFake: 1759959 | NMatch: 28243044
Processing file 339 of 817: /eos/cms/store/group/phys_heavyions/hbossi/mc_productions/QCD-dijet_pThat15-event-weighted_TuneCP5_5p36TeV_pythia8/OO_MC_DijetEmbedded_pThat-15to1200_TuneCP5_5p36TeV_pythia8/260306_002843/0000/HiForestMiniAOD_405.root
Time elapsed: 8066 seconds
File Contains: 128000 entries.
NMiss: 1267966 | NFake: 1765262 | NMatch: 28328765
Processing file 340 of 817: /eos/cms/store/group/phys_heavyions/hbossi/mc_productions/QCD-dijet_pThat15-event-weighted_TuneCP5_5p36TeV_pythia8/OO_MC_DijetEmbedded_pThat-15to1200_TuneCP5_5p36TeV_pythia8/260306_002843/0000/HiForestMiniAOD_406.root
Time elapsed: 8086 seconds
File Contains: 109000 entries.
NMiss: 1271241 | NFake: 1769741 | NMatch: 28401820
Processing file 341 of 817: /eos/cms/store/group/phys_heavyions/hbossi/mc_productions/QCD-dijet_pThat15-event-weighted_TuneCP5_5p36TeV_pythia8/OO_MC_DijetEmbedded_pThat-15to1200_TuneCP5_5p36TeV_pythia8/260306_002843/0000/HiForestMiniAOD_407.root
Time elapsed: 8106 seconds
File Contains: 138000 entries.
NMiss: 1275428 | NFake: 1775659 | NMatch: 28493836
Processing file 342 of 817: /eos/cms/store/group/phys_heavyions/hbossi/mc_productions/QCD-dijet_pThat15-event-weighted_TuneCP5_5p36TeV_pythia8/OO_MC_DijetEmbedded_pThat-15to1200_TuneCP5_5p36TeV_pythia8/260306_002843/0000/HiForestMiniAOD_408.root
Time elapsed: 8143 seconds
File Contains: 127000 entries.
NMiss: 1279196 | NFake: 1780967 | NMatch: 28578534
Processing file 343 of 817: /eos/cms/store/group/phys_heavyions/hbossi/mc_productions/QCD-dijet_pThat15-event-weighted_TuneCP5_5p36TeV_pythia8/OO_MC_DijetEmbedded_pThat-15to1200_TuneCP5_5p36TeV_pythia8/260306_002843/0000/HiForestMiniAOD_409.root
Time elapsed: 8159 seconds
File Contains: 153000 entries.
NMiss: 1283817 | NFake: 1787369 | NMatch: 28680789
Processing file 344 of 817: /eos/cms/store/group/phys_heavyions/hbossi/mc_productions/QCD-dijet_pThat15-event-weighted_TuneCP5_5p36TeV_pythia8/OO_MC_DijetEmbedded_pThat-15to1200_TuneCP5_5p36TeV_pythia8/260306_002843/0000/HiForestMiniAOD_41.root
Time elapsed: 8182 seconds
File Contains: 78000 entries.
NMiss: 1286152 | NFake: 1790674 | NMatch: 28732862
Processing file 345 of 817: /eos/cms/store/group/phys_heavyions/hbossi/mc_productions/QCD-dijet_pThat15-event-weighted_TuneCP5_5p36TeV_pythia8/OO_MC_DijetEmbedded_pThat-15to1200_TuneCP5_5p36TeV_pythia8/260306_002843/0000/HiForestMiniAOD_410.root
Time elapsed: 8198 seconds
File Contains: 166000 entries.
NMiss: 1291045 | NFake: 1797597 | NMatch: 28843992
Processing file 346 of 817: /eos/cms/store/group/phys_heavyions/hbossi/mc_productions/QCD-dijet_pThat15-event-weighted_TuneCP5_5p36TeV_pythia8/OO_MC_DijetEmbedded_pThat-15to1200_TuneCP5_5p36TeV_pythia8/260306_002843/0000/HiForestMiniAOD_411.root
Time elapsed: 8226 seconds
File Contains: 88000 entries.
NMiss: 1293730 | NFake: 1801295 | NMatch: 28902898
Processing file 347 of 817: /eos/cms/store/group/phys_heavyions/hbossi/mc_productions/QCD-dijet_pThat15-event-weighted_TuneCP5_5p36TeV_pythia8/OO_MC_DijetEmbedded_pThat-15to1200_TuneCP5_5p36TeV_pythia8/260306_002843/0000/HiForestMiniAOD_412.root
Time elapsed: 8239 seconds
File Contains: 158000 entries.
NMiss: 1298559 | NFake: 1807801 | NMatch: 29008951
Processing file 348 of 817: /eos/cms/store/group/phys_heavyions/hbossi/mc_productions/QCD-dijet_pThat15-event-weighted_TuneCP5_5p36TeV_pythia8/OO_MC_DijetEmbedded_pThat-15to1200_TuneCP5_5p36TeV_pythia8/260306_002843/0000/HiForestMiniAOD_413.root
Time elapsed: 8269 seconds
File Contains: 116000 entries.
NMiss: 1302129 | NFake: 1812727 | NMatch: 29086932
Processing file 349 of 817: /eos/cms/store/group/phys_heavyions/hbossi/mc_productions/QCD-dijet_pThat15-event-weighted_TuneCP5_5p36TeV_pythia8/OO_MC_DijetEmbedded_pThat-15to1200_TuneCP5_5p36TeV_pythia8/260306_002843/0000/HiForestMiniAOD_414.root
Time elapsed: 8297 seconds
File Contains: 95000 entries.
NMiss: 1304939 | NFake: 1816761 | NMatch: 29150712
Processing file 350 of 817: /eos/cms/store/group/phys_heavyions/hbossi/mc_productions/QCD-dijet_pThat15-event-weighted_TuneCP5_5p36TeV_pythia8/OO_MC_DijetEmbedded_pThat-15to1200_TuneCP5_5p36TeV_pythia8/260306_002843/0000/HiForestMiniAOD_415.root
Time elapsed: 8318 seconds
File Contains: 105000 entries.
NMiss: 1308002 | NFake: 1821154 | NMatch: 29220675
Processing file 351 of 817: /eos/cms/store/group/phys_heavyions/hbossi/mc_productions/QCD-dijet_pThat15-event-weighted_TuneCP5_5p36TeV_pythia8/OO_MC_DijetEmbedded_pThat-15to1200_TuneCP5_5p36TeV_pythia8/260306_002843/0000/HiForestMiniAOD_416.root
Time elapsed: 8343 seconds
File Contains: 110000 entries.
NMiss: 1311289 | NFake: 1825766 | NMatch: 29293962
Processing file 352 of 817: /eos/cms/store/group/phys_heavyions/hbossi/mc_productions/QCD-dijet_pThat15-event-weighted_TuneCP5_5p36TeV_pythia8/OO_MC_DijetEmbedded_pThat-15to1200_TuneCP5_5p36TeV_pythia8/260306_002843/0000/HiForestMiniAOD_417.root
Time elapsed: 8365 seconds
File Contains: 97000 entries.
NMiss: 1314166 | NFake: 1829779 | NMatch: 29358810
Processing file 353 of 817: /eos/cms/store/group/phys_heavyions/hbossi/mc_productions/QCD-dijet_pThat15-event-weighted_TuneCP5_5p36TeV_pythia8/OO_MC_DijetEmbedded_pThat-15to1200_TuneCP5_5p36TeV_pythia8/260306_002843/0000/HiForestMiniAOD_418.root
Time elapsed: 8384 seconds
File Contains: 130000 entries.
NMiss: 1317978 | NFake: 1835240 | NMatch: 29445788
Processing file 354 of 817: /eos/cms/store/group/phys_heavyions/hbossi/mc_productions/QCD-dijet_pThat15-event-weighted_TuneCP5_5p36TeV_pythia8/OO_MC_DijetEmbedded_pThat-15to1200_TuneCP5_5p36TeV_pythia8/260306_002843/0000/HiForestMiniAOD_419.root
Time elapsed: 8410 seconds
File Contains: 119000 entries.
NMiss: 1321536 | NFake: 1840277 | NMatch: 29525606
Processing file 355 of 817: /eos/cms/store/group/phys_heavyions/hbossi/mc_productions/QCD-dijet_pThat15-event-weighted_TuneCP5_5p36TeV_pythia8/OO_MC_DijetEmbedded_pThat-15to1200_TuneCP5_5p36TeV_pythia8/260306_002843/0000/HiForestMiniAOD_42.root
Time elapsed: 8429 seconds
File Contains: 93000 entries.
NMiss: 1324325 | NFake: 1844205 | NMatch: 29587508
Processing file 356 of 817: /eos/cms/store/group/phys_heavyions/hbossi/mc_productions/QCD-dijet_pThat15-event-weighted_TuneCP5_5p36TeV_pythia8/OO_MC_DijetEmbedded_pThat-15to1200_TuneCP5_5p36TeV_pythia8/260306_002843/0000/HiForestMiniAOD_420.root
Time elapsed: 8445 seconds
File Contains: 166000 entries.
NMiss: 1329323 | NFake: 1851114 | NMatch: 29698428
Processing file 357 of 817: /eos/cms/store/group/phys_heavyions/hbossi/mc_productions/QCD-dijet_pThat15-event-weighted_TuneCP5_5p36TeV_pythia8/OO_MC_DijetEmbedded_pThat-15to1200_TuneCP5_5p36TeV_pythia8/260306_002843/0000/HiForestMiniAOD_421.root
Time elapsed: 8466 seconds
File Contains: 108000 entries.
NMiss: 1332594 | NFake: 1855615 | NMatch: 29770537
Processing file 358 of 817: /eos/cms/store/group/phys_heavyions/hbossi/mc_productions/QCD-dijet_pThat15-event-weighted_TuneCP5_5p36TeV_pythia8/OO_MC_DijetEmbedded_pThat-15to1200_TuneCP5_5p36TeV_pythia8/260306_002843/0000/HiForestMiniAOD_422.root
Time elapsed: 8486 seconds
File Contains: 150000 entries.
NMiss: 1337192 | NFake: 1861834 | NMatch: 29871041
Processing file 359 of 817: /eos/cms/store/group/phys_heavyions/hbossi/mc_productions/QCD-dijet_pThat15-event-weighted_TuneCP5_5p36TeV_pythia8/OO_MC_DijetEmbedded_pThat-15to1200_TuneCP5_5p36TeV_pythia8/260306_002843/0000/HiForestMiniAOD_423.root
Time elapsed: 8536 seconds
File Contains: 140000 entries.
NMiss: 1341393 | NFake: 1867625 | NMatch: 29964675
Processing file 360 of 817: /eos/cms/store/group/phys_heavyions/hbossi/mc_productions/QCD-dijet_pThat15-event-weighted_TuneCP5_5p36TeV_pythia8/OO_MC_DijetEmbedded_pThat-15to1200_TuneCP5_5p36TeV_pythia8/260306_002843/0000/HiForestMiniAOD_424.root
Time elapsed: 8575 seconds
File Contains: 114000 entries.
NMiss: 1344798 | NFake: 1872481 | NMatch: 30041037
Processing file 361 of 817: /eos/cms/store/group/phys_heavyions/hbossi/mc_productions/QCD-dijet_pThat15-event-weighted_TuneCP5_5p36TeV_pythia8/OO_MC_DijetEmbedded_pThat-15to1200_TuneCP5_5p36TeV_pythia8/260306_002843/0000/HiForestMiniAOD_425.root
Time elapsed: 8592 seconds
File Contains: 106000 entries.
NMiss: 1347963 | NFake: 1876885 | NMatch: 30111913
Processing file 362 of 817: /eos/cms/store/group/phys_heavyions/hbossi/mc_productions/QCD-dijet_pThat15-event-weighted_TuneCP5_5p36TeV_pythia8/OO_MC_DijetEmbedded_pThat-15to1200_TuneCP5_5p36TeV_pythia8/260306_002843/0000/HiForestMiniAOD_426.root
Time elapsed: 8643 seconds
File Contains: 124000 entries.
NMiss: 1351701 | NFake: 1882015 | NMatch: 30194825
Processing file 363 of 817: /eos/cms/store/group/phys_heavyions/hbossi/mc_productions/QCD-dijet_pThat15-event-weighted_TuneCP5_5p36TeV_pythia8/OO_MC_DijetEmbedded_pThat-15to1200_TuneCP5_5p36TeV_pythia8/260306_002843/0000/HiForestMiniAOD_427.root
Time elapsed: 8661 seconds
File Contains: 108000 entries.
NMiss: 1354911 | NFake: 1886484 | NMatch: 30267140
Processing file 364 of 817: /eos/cms/store/group/phys_heavyions/hbossi/mc_productions/QCD-dijet_pThat15-event-weighted_TuneCP5_5p36TeV_pythia8/OO_MC_DijetEmbedded_pThat-15to1200_TuneCP5_5p36TeV_pythia8/260306_002843/0000/HiForestMiniAOD_428.root
Time elapsed: 8685 seconds
File Contains: 167000 entries.
NMiss: 1359942 | NFake: 1893474 | NMatch: 30378702
Processing file 365 of 817: /eos/cms/store/group/phys_heavyions/hbossi/mc_productions/QCD-dijet_pThat15-event-weighted_TuneCP5_5p36TeV_pythia8/OO_MC_DijetEmbedded_pThat-15to1200_TuneCP5_5p36TeV_pythia8/260306_002843/0000/HiForestMiniAOD_429.root
Time elapsed: 8719 seconds
File Contains: 123000 entries.
NMiss: 1363723 | NFake: 1898581 | NMatch: 30461233
Processing file 366 of 817: /eos/cms/store/group/phys_heavyions/hbossi/mc_productions/QCD-dijet_pThat15-event-weighted_TuneCP5_5p36TeV_pythia8/OO_MC_DijetEmbedded_pThat-15to1200_TuneCP5_5p36TeV_pythia8/260306_002843/0000/HiForestMiniAOD_43.root
Time elapsed: 8765 seconds
File Contains: 128000 entries.
NMiss: 1367491 | NFake: 1903924 | NMatch: 30546999
Processing file 367 of 817: /eos/cms/store/group/phys_heavyions/hbossi/mc_productions/QCD-dijet_pThat15-event-weighted_TuneCP5_5p36TeV_pythia8/OO_MC_DijetEmbedded_pThat-15to1200_TuneCP5_5p36TeV_pythia8/260306_002843/0000/HiForestMiniAOD_430.root
Time elapsed: 8793 seconds
File Contains: 146000 entries.
NMiss: 1371834 | NFake: 1910070 | NMatch: 30644683
Processing file 368 of 817: /eos/cms/store/group/phys_heavyions/hbossi/mc_productions/QCD-dijet_pThat15-event-weighted_TuneCP5_5p36TeV_pythia8/OO_MC_DijetEmbedded_pThat-15to1200_TuneCP5_5p36TeV_pythia8/260306_002843/0000/HiForestMiniAOD_431.root
Time elapsed: 8827 seconds
File Contains: 128000 entries.
NMiss: 1375540 | NFake: 1915455 | NMatch: 30730308
Processing file 369 of 817: /eos/cms/store/group/phys_heavyions/hbossi/mc_productions/QCD-dijet_pThat15-event-weighted_TuneCP5_5p36TeV_pythia8/OO_MC_DijetEmbedded_pThat-15to1200_TuneCP5_5p36TeV_pythia8/260306_002843/0000/HiForestMiniAOD_432.root
Time elapsed: 8860 seconds
File Contains: 167000 entries.
NMiss: 1380333 | NFake: 1922329 | NMatch: 30841848
Processing file 370 of 817: /eos/cms/store/group/phys_heavyions/hbossi/mc_productions/QCD-dijet_pThat15-event-weighted_TuneCP5_5p36TeV_pythia8/OO_MC_DijetEmbedded_pThat-15to1200_TuneCP5_5p36TeV_pythia8/260306_002843/0000/HiForestMiniAOD_433.root
Time elapsed: 8893 seconds
File Contains: 108000 entries.
NMiss: 1383619 | NFake: 1926714 | NMatch: 30914080
Processing file 371 of 817: /eos/cms/store/group/phys_heavyions/hbossi/mc_productions/QCD-dijet_pThat15-event-weighted_TuneCP5_5p36TeV_pythia8/OO_MC_DijetEmbedded_pThat-15to1200_TuneCP5_5p36TeV_pythia8/260306_002843/0000/HiForestMiniAOD_434.root
Time elapsed: 8913 seconds
File Contains: 129000 entries.
NMiss: 1387465 | NFake: 1932268 | NMatch: 31000314
Processing file 372 of 817: /eos/cms/store/group/phys_heavyions/hbossi/mc_productions/QCD-dijet_pThat15-event-weighted_TuneCP5_5p36TeV_pythia8/OO_MC_DijetEmbedded_pThat-15to1200_TuneCP5_5p36TeV_pythia8/260306_002843/0000/HiForestMiniAOD_435.root
Time elapsed: 8932 seconds
File Contains: 139000 entries.
NMiss: 1391656 | NFake: 1938241 | NMatch: 31092883
Processing file 373 of 817: /eos/cms/store/group/phys_heavyions/hbossi/mc_productions/QCD-dijet_pThat15-event-weighted_TuneCP5_5p36TeV_pythia8/OO_MC_DijetEmbedded_pThat-15to1200_TuneCP5_5p36TeV_pythia8/260306_002843/0000/HiForestMiniAOD_436.root
Time elapsed: 8953 seconds
File Contains: 125000 entries.
NMiss: 1395328 | NFake: 1943434 | NMatch: 31176818
Processing file 374 of 817: /eos/cms/store/group/phys_heavyions/hbossi/mc_productions/QCD-dijet_pThat15-event-weighted_TuneCP5_5p36TeV_pythia8/OO_MC_DijetEmbedded_pThat-15to1200_TuneCP5_5p36TeV_pythia8/260306_002843/0000/HiForestMiniAOD_437.root
Time elapsed: 8976 seconds
File Contains: 115000 entries.
NMiss: 1398833 | NFake: 1948048 | NMatch: 31253622
Processing file 375 of 817: /eos/cms/store/group/phys_heavyions/hbossi/mc_productions/QCD-dijet_pThat15-event-weighted_TuneCP5_5p36TeV_pythia8/OO_MC_DijetEmbedded_pThat-15to1200_TuneCP5_5p36TeV_pythia8/260306_002843/0000/HiForestMiniAOD_438.root
Time elapsed: 9004 seconds
File Contains: 132000 entries.
NMiss: 1402731 | NFake: 1953485 | NMatch: 31341824
Processing file 376 of 817: /eos/cms/store/group/phys_heavyions/hbossi/mc_productions/QCD-dijet_pThat15-event-weighted_TuneCP5_5p36TeV_pythia8/OO_MC_DijetEmbedded_pThat-15to1200_TuneCP5_5p36TeV_pythia8/260306_002843/0000/HiForestMiniAOD_439.root
Time elapsed: 9022 seconds
File Contains: 126000 entries.
NMiss: 1406451 | NFake: 1958721 | NMatch: 31426800
Processing file 377 of 817: /eos/cms/store/group/phys_heavyions/hbossi/mc_productions/QCD-dijet_pThat15-event-weighted_TuneCP5_5p36TeV_pythia8/OO_MC_DijetEmbedded_pThat-15to1200_TuneCP5_5p36TeV_pythia8/260306_002843/0000/HiForestMiniAOD_44.root
Time elapsed: 9043 seconds
File Contains: 99000 entries.
NMiss: 1409418 | NFake: 1962860 | NMatch: 31492723
Processing file 378 of 817: /eos/cms/store/group/phys_heavyions/hbossi/mc_productions/QCD-dijet_pThat15-event-weighted_TuneCP5_5p36TeV_pythia8/OO_MC_DijetEmbedded_pThat-15to1200_TuneCP5_5p36TeV_pythia8/260306_002843/0000/HiForestMiniAOD_440.root
Time elapsed: 9071 seconds
File Contains: 128000 entries.
NMiss: 1413430 | NFake: 1968293 | NMatch: 31578496
Processing file 379 of 817: /eos/cms/store/group/phys_heavyions/hbossi/mc_productions/QCD-dijet_pThat15-event-weighted_TuneCP5_5p36TeV_pythia8/OO_MC_DijetEmbedded_pThat-15to1200_TuneCP5_5p36TeV_pythia8/260306_002843/0000/HiForestMiniAOD_441.root
Time elapsed: 9098 seconds
File Contains: 107000 entries.
NMiss: 1416752 | NFake: 1972966 | NMatch: 31650338
Processing file 380 of 817: /eos/cms/store/group/phys_heavyions/hbossi/mc_productions/QCD-dijet_pThat15-event-weighted_TuneCP5_5p36TeV_pythia8/OO_MC_DijetEmbedded_pThat-15to1200_TuneCP5_5p36TeV_pythia8/260306_002843/0000/HiForestMiniAOD_442.root
Time elapsed: 9129 seconds
File Contains: 76000 entries.
NMiss: 1419033 | NFake: 1976073 | NMatch: 31701091
Processing file 381 of 817: /eos/cms/store/group/phys_heavyions/hbossi/mc_productions/QCD-dijet_pThat15-event-weighted_TuneCP5_5p36TeV_pythia8/OO_MC_DijetEmbedded_pThat-15to1200_TuneCP5_5p36TeV_pythia8/260306_002843/0000/HiForestMiniAOD_443.root
Time elapsed: 9147 seconds
File Contains: 105000 entries.
NMiss: 1422100 | NFake: 1980389 | NMatch: 31771127
Processing file 382 of 817: /eos/cms/store/group/phys_heavyions/hbossi/mc_productions/QCD-dijet_pThat15-event-weighted_TuneCP5_5p36TeV_pythia8/OO_MC_DijetEmbedded_pThat-15to1200_TuneCP5_5p36TeV_pythia8/260306_002843/0000/HiForestMiniAOD_444.root
Time elapsed: 9174 seconds
File Contains: 122000 entries.
NMiss: 1425775 | NFake: 1985485 | NMatch: 31852735
Processing file 383 of 817: /eos/cms/store/group/phys_heavyions/hbossi/mc_productions/QCD-dijet_pThat15-event-weighted_TuneCP5_5p36TeV_pythia8/OO_MC_DijetEmbedded_pThat-15to1200_TuneCP5_5p36TeV_pythia8/260306_002843/0000/HiForestMiniAOD_445.root
Time elapsed: 9196 seconds
File Contains: 130000 entries.
NMiss: 1429628 | NFake: 1990842 | NMatch: 31940228
Processing file 384 of 817: /eos/cms/store/group/phys_heavyions/hbossi/mc_productions/QCD-dijet_pThat15-event-weighted_TuneCP5_5p36TeV_pythia8/OO_MC_DijetEmbedded_pThat-15to1200_TuneCP5_5p36TeV_pythia8/260306_002843/0000/HiForestMiniAOD_446.root
Time elapsed: 9213 seconds
File Contains: 106000 entries.
NMiss: 1432726 | NFake: 1995315 | NMatch: 32010860
Processing file 385 of 817: /eos/cms/store/group/phys_heavyions/hbossi/mc_productions/QCD-dijet_pThat15-event-weighted_TuneCP5_5p36TeV_pythia8/OO_MC_DijetEmbedded_pThat-15to1200_TuneCP5_5p36TeV_pythia8/260306_002843/0000/HiForestMiniAOD_447.root
Time elapsed: 9236 seconds
File Contains: 109000 entries.
NMiss: 1436025 | NFake: 1999847 | NMatch: 32083592
Processing file 386 of 817: /eos/cms/store/group/phys_heavyions/hbossi/mc_productions/QCD-dijet_pThat15-event-weighted_TuneCP5_5p36TeV_pythia8/OO_MC_DijetEmbedded_pThat-15to1200_TuneCP5_5p36TeV_pythia8/260306_002843/0000/HiForestMiniAOD_448.root
Time elapsed: 9264 seconds
File Contains: 126000 entries.
NMiss: 1439716 | NFake: 2005087 | NMatch: 32167315
Processing file 387 of 817: /eos/cms/store/group/phys_heavyions/hbossi/mc_productions/QCD-dijet_pThat15-event-weighted_TuneCP5_5p36TeV_pythia8/OO_MC_DijetEmbedded_pThat-15to1200_TuneCP5_5p36TeV_pythia8/260306_002843/0000/HiForestMiniAOD_449.root
Time elapsed: 9285 seconds
File Contains: 127000 entries.
NMiss: 1443472 | NFake: 2010440 | NMatch: 32252833
Processing file 388 of 817: /eos/cms/store/group/phys_heavyions/hbossi/mc_productions/QCD-dijet_pThat15-event-weighted_TuneCP5_5p36TeV_pythia8/OO_MC_DijetEmbedded_pThat-15to1200_TuneCP5_5p36TeV_pythia8/260306_002843/0000/HiForestMiniAOD_45.root
Time elapsed: 9305 seconds
File Contains: 111000 entries.
NMiss: 1446852 | NFake: 2015150 | NMatch: 32327314
Processing file 389 of 817: /eos/cms/store/group/phys_heavyions/hbossi/mc_productions/QCD-dijet_pThat15-event-weighted_TuneCP5_5p36TeV_pythia8/OO_MC_DijetEmbedded_pThat-15to1200_TuneCP5_5p36TeV_pythia8/260306_002843/0000/HiForestMiniAOD_450.root
Time elapsed: 9332 seconds
File Contains: 149000 entries.
NMiss: 1451437 | NFake: 2021084 | NMatch: 32426808
Processing file 390 of 817: /eos/cms/store/group/phys_heavyions/hbossi/mc_productions/QCD-dijet_pThat15-event-weighted_TuneCP5_5p36TeV_pythia8/OO_MC_DijetEmbedded_pThat-15to1200_TuneCP5_5p36TeV_pythia8/260306_002843/0000/HiForestMiniAOD_451.root
Time elapsed: 9354 seconds
File Contains: 110000 entries.
NMiss: 1454660 | NFake: 2025798 | NMatch: 32500210
Processing file 391 of 817: /eos/cms/store/group/phys_heavyions/hbossi/mc_productions/QCD-dijet_pThat15-event-weighted_TuneCP5_5p36TeV_pythia8/OO_MC_DijetEmbedded_pThat-15to1200_TuneCP5_5p36TeV_pythia8/260306_002843/0000/HiForestMiniAOD_452.root
Time elapsed: 9376 seconds
File Contains: 117000 entries.
NMiss: 1458151 | NFake: 2030717 | NMatch: 32578912
Processing file 392 of 817: /eos/cms/store/group/phys_heavyions/hbossi/mc_productions/QCD-dijet_pThat15-event-weighted_TuneCP5_5p36TeV_pythia8/OO_MC_DijetEmbedded_pThat-15to1200_TuneCP5_5p36TeV_pythia8/260306_002843/0000/HiForestMiniAOD_453.root
Time elapsed: 9396 seconds
File Contains: 139000 entries.
NMiss: 1462343 | NFake: 2036483 | NMatch: 32671784
Processing file 393 of 817: /eos/cms/store/group/phys_heavyions/hbossi/mc_productions/QCD-dijet_pThat15-event-weighted_TuneCP5_5p36TeV_pythia8/OO_MC_DijetEmbedded_pThat-15to1200_TuneCP5_5p36TeV_pythia8/260306_002843/0000/HiForestMiniAOD_454.root
Time elapsed: 9443 seconds
File Contains: 102000 entries.
NMiss: 1465411 | NFake: 2040728 | NMatch: 32739369
Processing file 394 of 817: /eos/cms/store/group/phys_heavyions/hbossi/mc_productions/QCD-dijet_pThat15-event-weighted_TuneCP5_5p36TeV_pythia8/OO_MC_DijetEmbedded_pThat-15to1200_TuneCP5_5p36TeV_pythia8/260306_002843/0000/HiForestMiniAOD_455.root
Time elapsed: 9464 seconds
File Contains: 141000 entries.
NMiss: 1469633 | NFake: 2046597 | NMatch: 32833924
Processing file 395 of 817: /eos/cms/store/group/phys_heavyions/hbossi/mc_productions/QCD-dijet_pThat15-event-weighted_TuneCP5_5p36TeV_pythia8/OO_MC_DijetEmbedded_pThat-15to1200_TuneCP5_5p36TeV_pythia8/260306_002843/0000/HiForestMiniAOD_456.root
Time elapsed: 9498 seconds
File Contains: 123000 entries.
NMiss: 1473378 | NFake: 2051701 | NMatch: 32915858
Processing file 396 of 817: /eos/cms/store/group/phys_heavyions/hbossi/mc_productions/QCD-dijet_pThat15-event-weighted_TuneCP5_5p36TeV_pythia8/OO_MC_DijetEmbedded_pThat-15to1200_TuneCP5_5p36TeV_pythia8/260306_002843/0000/HiForestMiniAOD_457.root
Time elapsed: 9536 seconds
File Contains: 121000 entries.
NMiss: 1476976 | NFake: 2056725 | NMatch: 32997228
Processing file 397 of 817: /eos/cms/store/group/phys_heavyions/hbossi/mc_productions/QCD-dijet_pThat15-event-weighted_TuneCP5_5p36TeV_pythia8/OO_MC_DijetEmbedded_pThat-15to1200_TuneCP5_5p36TeV_pythia8/260306_002843/0000/HiForestMiniAOD_458.root
Time elapsed: 9579 seconds
File Contains: 116000 entries.
NMiss: 1480401 | NFake: 2061602 | NMatch: 33074461
Processing file 398 of 817: /eos/cms/store/group/phys_heavyions/hbossi/mc_productions/QCD-dijet_pThat15-event-weighted_TuneCP5_5p36TeV_pythia8/OO_MC_DijetEmbedded_pThat-15to1200_TuneCP5_5p36TeV_pythia8/260306_002843/0000/HiForestMiniAOD_459.root
Time elapsed: 9609 seconds
File Contains: 99000 entries.
NMiss: 1483453 | NFake: 2065722 | NMatch: 33140652
Processing file 399 of 817: /eos/cms/store/group/phys_heavyions/hbossi/mc_productions/QCD-dijet_pThat15-event-weighted_TuneCP5_5p36TeV_pythia8/OO_MC_DijetEmbedded_pThat-15to1200_TuneCP5_5p36TeV_pythia8/260306_002843/0000/HiForestMiniAOD_46.root
Time elapsed: 9651 seconds
File Contains: 129000 entries.
NMiss: 1487318 | NFake: 2071289 | NMatch: 33227480
Processing file 400 of 817: /eos/cms/store/group/phys_heavyions/hbossi/mc_productions/QCD-dijet_pThat15-event-weighted_TuneCP5_5p36TeV_pythia8/OO_MC_DijetEmbedded_pThat-15to1200_TuneCP5_5p36TeV_pythia8/260306_002843/0000/HiForestMiniAOD_460.root
Time elapsed: 9672 seconds
File Contains: 94000 entries.
NMiss: 1490244 | NFake: 2075113 | NMatch: 33290772
Processing file 401 of 817: /eos/cms/store/group/phys_heavyions/hbossi/mc_productions/QCD-dijet_pThat15-event-weighted_TuneCP5_5p36TeV_pythia8/OO_MC_DijetEmbedded_pThat-15to1200_TuneCP5_5p36TeV_pythia8/260306_002843/0000/HiForestMiniAOD_461.root
Time elapsed: 9688 seconds
File Contains: 113000 entries.
NMiss: 1493651 | NFake: 2079777 | NMatch: 33366003
Processing file 402 of 817: /eos/cms/store/group/phys_heavyions/hbossi/mc_productions/QCD-dijet_pThat15-event-weighted_TuneCP5_5p36TeV_pythia8/OO_MC_DijetEmbedded_pThat-15to1200_TuneCP5_5p36TeV_pythia8/260306_002843/0000/HiForestMiniAOD_462.root
Time elapsed: 9715 seconds
File Contains: 137000 entries.
NMiss: 1497732 | NFake: 2085574 | NMatch: 33457955
Processing file 403 of 817: /eos/cms/store/group/phys_heavyions/hbossi/mc_productions/QCD-dijet_pThat15-event-weighted_TuneCP5_5p36TeV_pythia8/OO_MC_DijetEmbedded_pThat-15to1200_TuneCP5_5p36TeV_pythia8/260306_002843/0000/HiForestMiniAOD_463.root
Time elapsed: 9772 seconds
File Contains: 88000 entries.
NMiss: 1500381 | NFake: 2089192 | NMatch: 33517349
Processing file 404 of 817: /eos/cms/store/group/phys_heavyions/hbossi/mc_productions/QCD-dijet_pThat15-event-weighted_TuneCP5_5p36TeV_pythia8/OO_MC_DijetEmbedded_pThat-15to1200_TuneCP5_5p36TeV_pythia8/260306_002843/0000/HiForestMiniAOD_464.root
Time elapsed: 9787 seconds
File Contains: 117000 entries.
NMiss: 1503923 | NFake: 2094208 | NMatch: 33595760
Processing file 405 of 817: /eos/cms/store/group/phys_heavyions/hbossi/mc_productions/QCD-dijet_pThat15-event-weighted_TuneCP5_5p36TeV_pythia8/OO_MC_DijetEmbedded_pThat-15to1200_TuneCP5_5p36TeV_pythia8/260306_002843/0000/HiForestMiniAOD_465.root
Time elapsed: 9829 seconds
File Contains: 166000 entries.
NMiss: 1508856 | NFake: 2101022 | NMatch: 33706593
Processing file 406 of 817: /eos/cms/store/group/phys_heavyions/hbossi/mc_productions/QCD-dijet_pThat15-event-weighted_TuneCP5_5p36TeV_pythia8/OO_MC_DijetEmbedded_pThat-15to1200_TuneCP5_5p36TeV_pythia8/260306_002843/0000/HiForestMiniAOD_466.root
Time elapsed: 9855 seconds
File Contains: 135000 entries.
NMiss: 1512869 | NFake: 2106522 | NMatch: 33796890
Processing file 407 of 817: /eos/cms/store/group/phys_heavyions/hbossi/mc_productions/QCD-dijet_pThat15-event-weighted_TuneCP5_5p36TeV_pythia8/OO_MC_DijetEmbedded_pThat-15to1200_TuneCP5_5p36TeV_pythia8/260306_002843/0000/HiForestMiniAOD_467.root
Time elapsed: 9876 seconds
File Contains: 156000 entries.
NMiss: 1517370 | NFake: 2113064 | NMatch: 33901111
Processing file 408 of 817: /eos/cms/store/group/phys_heavyions/hbossi/mc_productions/QCD-dijet_pThat15-event-weighted_TuneCP5_5p36TeV_pythia8/OO_MC_DijetEmbedded_pThat-15to1200_TuneCP5_5p36TeV_pythia8/260306_002843/0000/HiForestMiniAOD_468.root
Time elapsed: 9898 seconds
File Contains: 134000 entries.
NMiss: 1521352 | NFake: 2118734 | NMatch: 33991279
Processing file 409 of 817: /eos/cms/store/group/phys_heavyions/hbossi/mc_productions/QCD-dijet_pThat15-event-weighted_TuneCP5_5p36TeV_pythia8/OO_MC_DijetEmbedded_pThat-15to1200_TuneCP5_5p36TeV_pythia8/260306_002843/0000/HiForestMiniAOD_469.root
Time elapsed: 9944 seconds
File Contains: 126000 entries.
NMiss: 1525223 | NFake: 2124005 | NMatch: 34076039
Processing file 410 of 817: /eos/cms/store/group/phys_heavyions/hbossi/mc_productions/QCD-dijet_pThat15-event-weighted_TuneCP5_5p36TeV_pythia8/OO_MC_DijetEmbedded_pThat-15to1200_TuneCP5_5p36TeV_pythia8/260306_002843/0000/HiForestMiniAOD_47.root
Time elapsed: 9973 seconds
File Contains: 104000 entries.
NMiss: 1528319 | NFake: 2128408 | NMatch: 34145834
Processing file 411 of 817: /eos/cms/store/group/phys_heavyions/hbossi/mc_productions/QCD-dijet_pThat15-event-weighted_TuneCP5_5p36TeV_pythia8/OO_MC_DijetEmbedded_pThat-15to1200_TuneCP5_5p36TeV_pythia8/260306_002843/0000/HiForestMiniAOD_470.root
Time elapsed: 9994 seconds
File Contains: 124000 entries.
NMiss: 1532038 | NFake: 2133526 | NMatch: 34229113
Processing file 412 of 817: /eos/cms/store/group/phys_heavyions/hbossi/mc_productions/QCD-dijet_pThat15-event-weighted_TuneCP5_5p36TeV_pythia8/OO_MC_DijetEmbedded_pThat-15to1200_TuneCP5_5p36TeV_pythia8/260306_002843/0000/HiForestMiniAOD_471.root
Time elapsed: 10015 seconds
File Contains: 127000 entries.
NMiss: 1535778 | NFake: 2138924 | NMatch: 34313947
Processing file 413 of 817: /eos/cms/store/group/phys_heavyions/hbossi/mc_productions/QCD-dijet_pThat15-event-weighted_TuneCP5_5p36TeV_pythia8/OO_MC_DijetEmbedded_pThat-15to1200_TuneCP5_5p36TeV_pythia8/260306_002843/0000/HiForestMiniAOD_472.root
Time elapsed: 10040 seconds
File Contains: 109000 entries.
NMiss: 1539063 | NFake: 2143460 | NMatch: 34387381
Processing file 414 of 817: /eos/cms/store/group/phys_heavyions/hbossi/mc_productions/QCD-dijet_pThat15-event-weighted_TuneCP5_5p36TeV_pythia8/OO_MC_DijetEmbedded_pThat-15to1200_TuneCP5_5p36TeV_pythia8/260306_002843/0000/HiForestMiniAOD_473.root
Time elapsed: 10100 seconds
File Contains: 133000 entries.
NMiss: 1542987 | NFake: 2148910 | NMatch: 34476240
Processing file 415 of 817: /eos/cms/store/group/phys_heavyions/hbossi/mc_productions/QCD-dijet_pThat15-event-weighted_TuneCP5_5p36TeV_pythia8/OO_MC_DijetEmbedded_pThat-15to1200_TuneCP5_5p36TeV_pythia8/260306_002843/0000/HiForestMiniAOD_474.root
Time elapsed: 10131 seconds
File Contains: 111000 entries.
NMiss: 1546378 | NFake: 2153628 | NMatch: 34550873
Processing file 416 of 817: /eos/cms/store/group/phys_heavyions/hbossi/mc_productions/QCD-dijet_pThat15-event-weighted_TuneCP5_5p36TeV_pythia8/OO_MC_DijetEmbedded_pThat-15to1200_TuneCP5_5p36TeV_pythia8/260306_002843/0000/HiForestMiniAOD_475.root
Time elapsed: 10184 seconds
File Contains: 114000 entries.
NMiss: 1549762 | NFake: 2158305 | NMatch: 34627114
Processing file 417 of 817: /eos/cms/store/group/phys_heavyions/hbossi/mc_productions/QCD-dijet_pThat15-event-weighted_TuneCP5_5p36TeV_pythia8/OO_MC_DijetEmbedded_pThat-15to1200_TuneCP5_5p36TeV_pythia8/260306_002843/0000/HiForestMiniAOD_476.root
Time elapsed: 10206 seconds
File Contains: 145000 entries.
NMiss: 1554040 | NFake: 2164329 | NMatch: 34723983
Processing file 418 of 817: /eos/cms/store/group/phys_heavyions/hbossi/mc_productions/QCD-dijet_pThat15-event-weighted_TuneCP5_5p36TeV_pythia8/OO_MC_DijetEmbedded_pThat-15to1200_TuneCP5_5p36TeV_pythia8/260306_002843/0000/HiForestMiniAOD_477.root
Time elapsed: 10230 seconds
File Contains: 120000 entries.
NMiss: 1557637 | NFake: 2169330 | NMatch: 34804609
Processing file 419 of 817: /eos/cms/store/group/phys_heavyions/hbossi/mc_productions/QCD-dijet_pThat15-event-weighted_TuneCP5_5p36TeV_pythia8/OO_MC_DijetEmbedded_pThat-15to1200_TuneCP5_5p36TeV_pythia8/260306_002843/0000/HiForestMiniAOD_478.root
Time elapsed: 10248 seconds
File Contains: 124000 entries.
NMiss: 1561441 | NFake: 2174585 | NMatch: 34888031
Processing file 420 of 817: /eos/cms/store/group/phys_heavyions/hbossi/mc_productions/QCD-dijet_pThat15-event-weighted_TuneCP5_5p36TeV_pythia8/OO_MC_DijetEmbedded_pThat-15to1200_TuneCP5_5p36TeV_pythia8/260306_002843/0000/HiForestMiniAOD_479.root
Time elapsed: 10271 seconds
File Contains: 149000 entries.
NMiss: 1565905 | NFake: 2180724 | NMatch: 34988152
Processing file 421 of 817: /eos/cms/store/group/phys_heavyions/hbossi/mc_productions/QCD-dijet_pThat15-event-weighted_TuneCP5_5p36TeV_pythia8/OO_MC_DijetEmbedded_pThat-15to1200_TuneCP5_5p36TeV_pythia8/260306_002843/0000/HiForestMiniAOD_48.root
Time elapsed: 10292 seconds
File Contains: 102000 entries.
NMiss: 1568927 | NFake: 2185088 | NMatch: 35056505
Processing file 422 of 817: /eos/cms/store/group/phys_heavyions/hbossi/mc_productions/QCD-dijet_pThat15-event-weighted_TuneCP5_5p36TeV_pythia8/OO_MC_DijetEmbedded_pThat-15to1200_TuneCP5_5p36TeV_pythia8/260306_002843/0000/HiForestMiniAOD_480.root
Time elapsed: 10308 seconds
File Contains: 89000 entries.
NMiss: 1571655 | NFake: 2188848 | NMatch: 35115970
Processing file 423 of 817: /eos/cms/store/group/phys_heavyions/hbossi/mc_productions/QCD-dijet_pThat15-event-weighted_TuneCP5_5p36TeV_pythia8/OO_MC_DijetEmbedded_pThat-15to1200_TuneCP5_5p36TeV_pythia8/260306_002843/0000/HiForestMiniAOD_481.root
Time elapsed: 10343 seconds
File Contains: 150000 entries.
NMiss: 1576156 | NFake: 2195138 | NMatch: 35216332
Processing file 424 of 817: /eos/cms/store/group/phys_heavyions/hbossi/mc_productions/QCD-dijet_pThat15-event-weighted_TuneCP5_5p36TeV_pythia8/OO_MC_DijetEmbedded_pThat-15to1200_TuneCP5_5p36TeV_pythia8/260306_002843/0000/HiForestMiniAOD_482.root
Time elapsed: 10363 seconds
File Contains: 151000 entries.
NMiss: 1580827 | NFake: 2201395 | NMatch: 35317869
Processing file 425 of 817: /eos/cms/store/group/phys_heavyions/hbossi/mc_productions/QCD-dijet_pThat15-event-weighted_TuneCP5_5p36TeV_pythia8/OO_MC_DijetEmbedded_pThat-15to1200_TuneCP5_5p36TeV_pythia8/260306_002843/0000/HiForestMiniAOD_483.root
Time elapsed: 10387 seconds
File Contains: 134000 entries.
NMiss: 1584768 | NFake: 2206925 | NMatch: 35406962
Processing file 426 of 817: /eos/cms/store/group/phys_heavyions/hbossi/mc_productions/QCD-dijet_pThat15-event-weighted_TuneCP5_5p36TeV_pythia8/OO_MC_DijetEmbedded_pThat-15to1200_TuneCP5_5p36TeV_pythia8/260306_002843/0000/HiForestMiniAOD_484.root
Time elapsed: 10405 seconds
File Contains: 110000 entries.
NMiss: 1588046 | NFake: 2211526 | NMatch: 35479884
Processing file 427 of 817: /eos/cms/store/group/phys_heavyions/hbossi/mc_productions/QCD-dijet_pThat15-event-weighted_TuneCP5_5p36TeV_pythia8/OO_MC_DijetEmbedded_pThat-15to1200_TuneCP5_5p36TeV_pythia8/260306_002843/0000/HiForestMiniAOD_485.root
Time elapsed: 10425 seconds
File Contains: 110000 entries.
NMiss: 1591338 | NFake: 2215967 | NMatch: 35554010
Processing file 428 of 817: /eos/cms/store/group/phys_heavyions/hbossi/mc_productions/QCD-dijet_pThat15-event-weighted_TuneCP5_5p36TeV_pythia8/OO_MC_DijetEmbedded_pThat-15to1200_TuneCP5_5p36TeV_pythia8/260306_002843/0000/HiForestMiniAOD_486.root
Time elapsed: 10490 seconds
File Contains: 93000 entries.
NMiss: 1594085 | NFake: 2219913 | NMatch: 35616238
Processing file 429 of 817: /eos/cms/store/group/phys_heavyions/hbossi/mc_productions/QCD-dijet_pThat15-event-weighted_TuneCP5_5p36TeV_pythia8/OO_MC_DijetEmbedded_pThat-15to1200_TuneCP5_5p36TeV_pythia8/260306_002843/0000/HiForestMiniAOD_487.root
Time elapsed: 10504 seconds
File Contains: 134000 entries.
NMiss: 1598073 | NFake: 2225438 | NMatch: 35705548
Processing file 430 of 817: /eos/cms/store/group/phys_heavyions/hbossi/mc_productions/QCD-dijet_pThat15-event-weighted_TuneCP5_5p36TeV_pythia8/OO_MC_DijetEmbedded_pThat-15to1200_TuneCP5_5p36TeV_pythia8/260306_002843/0000/HiForestMiniAOD_488.root
Time elapsed: 10527 seconds
File Contains: 151000 entries.
NMiss: 1602653 | NFake: 2231718 | NMatch: 35806149
Processing file 431 of 817: /eos/cms/store/group/phys_heavyions/hbossi/mc_productions/QCD-dijet_pThat15-event-weighted_TuneCP5_5p36TeV_pythia8/OO_MC_DijetEmbedded_pThat-15to1200_TuneCP5_5p36TeV_pythia8/260306_002843/0000/HiForestMiniAOD_489.root
Time elapsed: 10552 seconds
File Contains: 128000 entries.
NMiss: 1606539 | NFake: 2237092 | NMatch: 35891179
Processing file 432 of 817: /eos/cms/store/group/phys_heavyions/hbossi/mc_productions/QCD-dijet_pThat15-event-weighted_TuneCP5_5p36TeV_pythia8/OO_MC_DijetEmbedded_pThat-15to1200_TuneCP5_5p36TeV_pythia8/260306_002843/0000/HiForestMiniAOD_49.root
Time elapsed: 10570 seconds
File Contains: 133000 entries.
NMiss: 1610548 | NFake: 2242612 | NMatch: 35980007
Processing file 433 of 817: /eos/cms/store/group/phys_heavyions/hbossi/mc_productions/QCD-dijet_pThat15-event-weighted_TuneCP5_5p36TeV_pythia8/OO_MC_DijetEmbedded_pThat-15to1200_TuneCP5_5p36TeV_pythia8/260306_002843/0000/HiForestMiniAOD_490.root
Time elapsed: 10615 seconds
File Contains: 95000 entries.
NMiss: 1613496 | NFake: 2246596 | NMatch: 36043534
Processing file 434 of 817: /eos/cms/store/group/phys_heavyions/hbossi/mc_productions/QCD-dijet_pThat15-event-weighted_TuneCP5_5p36TeV_pythia8/OO_MC_DijetEmbedded_pThat-15to1200_TuneCP5_5p36TeV_pythia8/260306_002843/0000/HiForestMiniAOD_491.root
Time elapsed: 10634 seconds
File Contains: 136000 entries.
NMiss: 1617438 | NFake: 2252323 | NMatch: 36134990
Processing file 435 of 817: /eos/cms/store/group/phys_heavyions/hbossi/mc_productions/QCD-dijet_pThat15-event-weighted_TuneCP5_5p36TeV_pythia8/OO_MC_DijetEmbedded_pThat-15to1200_TuneCP5_5p36TeV_pythia8/260306_002843/0000/HiForestMiniAOD_492.root
Time elapsed: 10674 seconds
File Contains: 125000 entries.
NMiss: 1621095 | NFake: 2257551 | NMatch: 36219085
Processing file 436 of 817: /eos/cms/store/group/phys_heavyions/hbossi/mc_productions/QCD-dijet_pThat15-event-weighted_TuneCP5_5p36TeV_pythia8/OO_MC_DijetEmbedded_pThat-15to1200_TuneCP5_5p36TeV_pythia8/260306_002843/0000/HiForestMiniAOD_493.root
Time elapsed: 10698 seconds
File Contains: 121000 entries.
NMiss: 1624802 | NFake: 2262493 | NMatch: 36300109
Processing file 437 of 817: /eos/cms/store/group/phys_heavyions/hbossi/mc_productions/QCD-dijet_pThat15-event-weighted_TuneCP5_5p36TeV_pythia8/OO_MC_DijetEmbedded_pThat-15to1200_TuneCP5_5p36TeV_pythia8/260306_002843/0000/HiForestMiniAOD_494.root
Time elapsed: 10720 seconds
File Contains: 127000 entries.
NMiss: 1628597 | NFake: 2267737 | NMatch: 36384487
Processing file 438 of 817: /eos/cms/store/group/phys_heavyions/hbossi/mc_productions/QCD-dijet_pThat15-event-weighted_TuneCP5_5p36TeV_pythia8/OO_MC_DijetEmbedded_pThat-15to1200_TuneCP5_5p36TeV_pythia8/260306_002843/0000/HiForestMiniAOD_495.root
Time elapsed: 10745 seconds
File Contains: 132000 entries.
NMiss: 1632455 | NFake: 2273207 | NMatch: 36472931
Processing file 439 of 817: /eos/cms/store/group/phys_heavyions/hbossi/mc_productions/QCD-dijet_pThat15-event-weighted_TuneCP5_5p36TeV_pythia8/OO_MC_DijetEmbedded_pThat-15to1200_TuneCP5_5p36TeV_pythia8/260306_002843/0000/HiForestMiniAOD_496.root
Time elapsed: 10763 seconds
File Contains: 114000 entries.
NMiss: 1635809 | NFake: 2277903 | NMatch: 36549429
Processing file 440 of 817: /eos/cms/store/group/phys_heavyions/hbossi/mc_productions/QCD-dijet_pThat15-event-weighted_TuneCP5_5p36TeV_pythia8/OO_MC_DijetEmbedded_pThat-15to1200_TuneCP5_5p36TeV_pythia8/260306_002843/0000/HiForestMiniAOD_497.root
Time elapsed: 10781 seconds
File Contains: 121000 entries.
NMiss: 1639484 | NFake: 2282941 | NMatch: 36630221
Processing file 441 of 817: /eos/cms/store/group/phys_heavyions/hbossi/mc_productions/QCD-dijet_pThat15-event-weighted_TuneCP5_5p36TeV_pythia8/OO_MC_DijetEmbedded_pThat-15to1200_TuneCP5_5p36TeV_pythia8/260306_002843/0000/HiForestMiniAOD_498.root
Time elapsed: 10803 seconds
File Contains: 125000 entries.
NMiss: 1643215 | NFake: 2288076 | NMatch: 36713786
Processing file 442 of 817: /eos/cms/store/group/phys_heavyions/hbossi/mc_productions/QCD-dijet_pThat15-event-weighted_TuneCP5_5p36TeV_pythia8/OO_MC_DijetEmbedded_pThat-15to1200_TuneCP5_5p36TeV_pythia8/260306_002843/0000/HiForestMiniAOD_499.root
Time elapsed: 10827 seconds
File Contains: 119000 entries.
NMiss: 1646799 | NFake: 2293008 | NMatch: 36793477
Processing file 443 of 817: /eos/cms/store/group/phys_heavyions/hbossi/mc_productions/QCD-dijet_pThat15-event-weighted_TuneCP5_5p36TeV_pythia8/OO_MC_DijetEmbedded_pThat-15to1200_TuneCP5_5p36TeV_pythia8/260306_002843/0000/HiForestMiniAOD_5.root
Time elapsed: 10846 seconds
File Contains: 105000 entries.
NMiss: 1649953 | NFake: 2297447 | NMatch: 36863929
Processing file 444 of 817: /eos/cms/store/group/phys_heavyions/hbossi/mc_productions/QCD-dijet_pThat15-event-weighted_TuneCP5_5p36TeV_pythia8/OO_MC_DijetEmbedded_pThat-15to1200_TuneCP5_5p36TeV_pythia8/260306_002843/0000/HiForestMiniAOD_50.root
Time elapsed: 10866 seconds
File Contains: 165000 entries.
NMiss: 1654991 | NFake: 2304422 | NMatch: 36973552
Processing file 445 of 817: /eos/cms/store/group/phys_heavyions/hbossi/mc_productions/QCD-dijet_pThat15-event-weighted_TuneCP5_5p36TeV_pythia8/OO_MC_DijetEmbedded_pThat-15to1200_TuneCP5_5p36TeV_pythia8/260306_002843/0000/HiForestMiniAOD_500.root
Time elapsed: 10896 seconds
File Contains: 148000 entries.
NMiss: 1659408 | NFake: 2310726 | NMatch: 37072921
Processing file 446 of 817: /eos/cms/store/group/phys_heavyions/hbossi/mc_productions/QCD-dijet_pThat15-event-weighted_TuneCP5_5p36TeV_pythia8/OO_MC_DijetEmbedded_pThat-15to1200_TuneCP5_5p36TeV_pythia8/260306_002843/0000/HiForestMiniAOD_501.root
Time elapsed: 10919 seconds
File Contains: 123000 entries.
NMiss: 1663102 | NFake: 2315867 | NMatch: 37155103
Processing file 447 of 817: /eos/cms/store/group/phys_heavyions/hbossi/mc_productions/QCD-dijet_pThat15-event-weighted_TuneCP5_5p36TeV_pythia8/OO_MC_DijetEmbedded_pThat-15to1200_TuneCP5_5p36TeV_pythia8/260306_002843/0000/HiForestMiniAOD_502.root
Time elapsed: 10952 seconds
File Contains: 168000 entries.
NMiss: 1668099 | NFake: 2322751 | NMatch: 37267340
Processing file 448 of 817: /eos/cms/store/group/phys_heavyions/hbossi/mc_productions/QCD-dijet_pThat15-event-weighted_TuneCP5_5p36TeV_pythia8/OO_MC_DijetEmbedded_pThat-15to1200_TuneCP5_5p36TeV_pythia8/260306_002843/0000/HiForestMiniAOD_503.root
Time elapsed: 10977 seconds
File Contains: 98000 entries.
NMiss: 1670990 | NFake: 2326830 | NMatch: 37332960
Processing file 449 of 817: /eos/cms/store/group/phys_heavyions/hbossi/mc_productions/QCD-dijet_pThat15-event-weighted_TuneCP5_5p36TeV_pythia8/OO_MC_DijetEmbedded_pThat-15to1200_TuneCP5_5p36TeV_pythia8/260306_002843/0000/HiForestMiniAOD_504.root
Time elapsed: 11050 seconds
File Contains: 126000 entries.
NMiss: 1674710 | NFake: 2332077 | NMatch: 37417041
Processing file 450 of 817: /eos/cms/store/group/phys_heavyions/hbossi/mc_productions/QCD-dijet_pThat15-event-weighted_TuneCP5_5p36TeV_pythia8/OO_MC_DijetEmbedded_pThat-15to1200_TuneCP5_5p36TeV_pythia8/260306_002843/0000/HiForestMiniAOD_505.root
Time elapsed: 11068 seconds
File Contains: 105000 entries.
NMiss: 1677920 | NFake: 2336374 | NMatch: 37487320
Processing file 451 of 817: /eos/cms/store/group/phys_heavyions/hbossi/mc_productions/QCD-dijet_pThat15-event-weighted_TuneCP5_5p36TeV_pythia8/OO_MC_DijetEmbedded_pThat-15to1200_TuneCP5_5p36TeV_pythia8/260306_002843/0000/HiForestMiniAOD_506.root
Time elapsed: 11085 seconds
File Contains: 147000 entries.
NMiss: 1682320 | NFake: 2342395 | NMatch: 37585476
Processing file 452 of 817: /eos/cms/store/group/phys_heavyions/hbossi/mc_productions/QCD-dijet_pThat15-event-weighted_TuneCP5_5p36TeV_pythia8/OO_MC_DijetEmbedded_pThat-15to1200_TuneCP5_5p36TeV_pythia8/260306_002843/0000/HiForestMiniAOD_507.root
Time elapsed: 11109 seconds
File Contains: 129000 entries.
NMiss: 1686291 | NFake: 2347605 | NMatch: 37671796
Processing file 453 of 817: /eos/cms/store/group/phys_heavyions/hbossi/mc_productions/QCD-dijet_pThat15-event-weighted_TuneCP5_5p36TeV_pythia8/OO_MC_DijetEmbedded_pThat-15to1200_TuneCP5_5p36TeV_pythia8/260306_002843/0000/HiForestMiniAOD_508.root
Time elapsed: 11131 seconds
File Contains: 107000 entries.
NMiss: 1689477 | NFake: 2352141 | NMatch: 37743469
Processing file 454 of 817: /eos/cms/store/group/phys_heavyions/hbossi/mc_productions/QCD-dijet_pThat15-event-weighted_TuneCP5_5p36TeV_pythia8/OO_MC_DijetEmbedded_pThat-15to1200_TuneCP5_5p36TeV_pythia8/260306_002843/0000/HiForestMiniAOD_509.root
Time elapsed: 11167 seconds
File Contains: 120000 entries.
NMiss: 1693053 | NFake: 2357158 | NMatch: 37823864
Processing file 455 of 817: /eos/cms/store/group/phys_heavyions/hbossi/mc_productions/QCD-dijet_pThat15-event-weighted_TuneCP5_5p36TeV_pythia8/OO_MC_DijetEmbedded_pThat-15to1200_TuneCP5_5p36TeV_pythia8/260306_002843/0000/HiForestMiniAOD_51.root
Time elapsed: 11189 seconds
File Contains: 106000 entries.
NMiss: 1696204 | NFake: 2361544 | NMatch: 37895289
Processing file 456 of 817: /eos/cms/store/group/phys_heavyions/hbossi/mc_productions/QCD-dijet_pThat15-event-weighted_TuneCP5_5p36TeV_pythia8/OO_MC_DijetEmbedded_pThat-15to1200_TuneCP5_5p36TeV_pythia8/260306_002843/0000/HiForestMiniAOD_510.root
Time elapsed: 11209 seconds
File Contains: 134000 entries.
NMiss: 1700147 | NFake: 2367111 | NMatch: 37985391
Processing file 457 of 817: /eos/cms/store/group/phys_heavyions/hbossi/mc_productions/QCD-dijet_pThat15-event-weighted_TuneCP5_5p36TeV_pythia8/OO_MC_DijetEmbedded_pThat-15to1200_TuneCP5_5p36TeV_pythia8/260306_002843/0000/HiForestMiniAOD_511.root
Time elapsed: 11236 seconds
File Contains: 98000 entries.
NMiss: 1703062 | NFake: 2371152 | NMatch: 38050693
Processing file 458 of 817: /eos/cms/store/group/phys_heavyions/hbossi/mc_productions/QCD-dijet_pThat15-event-weighted_TuneCP5_5p36TeV_pythia8/OO_MC_DijetEmbedded_pThat-15to1200_TuneCP5_5p36TeV_pythia8/260306_002843/0000/HiForestMiniAOD_512.root
Time elapsed: 11258 seconds
File Contains: 114000 entries.
NMiss: 1706461 | NFake: 2375962 | NMatch: 38126685
Processing file 459 of 817: /eos/cms/store/group/phys_heavyions/hbossi/mc_productions/QCD-dijet_pThat15-event-weighted_TuneCP5_5p36TeV_pythia8/OO_MC_DijetEmbedded_pThat-15to1200_TuneCP5_5p36TeV_pythia8/260306_002843/0000/HiForestMiniAOD_513.root
Time elapsed: 11302 seconds
File Contains: 127000 entries.
NMiss: 1710257 | NFake: 2381204 | NMatch: 38212142
Processing file 460 of 817: /eos/cms/store/group/phys_heavyions/hbossi/mc_productions/QCD-dijet_pThat15-event-weighted_TuneCP5_5p36TeV_pythia8/OO_MC_DijetEmbedded_pThat-15to1200_TuneCP5_5p36TeV_pythia8/260306_002843/0000/HiForestMiniAOD_514.root
Time elapsed: 11335 seconds
File Contains: 137000 entries.
NMiss: 1714294 | NFake: 2386953 | NMatch: 38303782
Processing file 461 of 817: /eos/cms/store/group/phys_heavyions/hbossi/mc_productions/QCD-dijet_pThat15-event-weighted_TuneCP5_5p36TeV_pythia8/OO_MC_DijetEmbedded_pThat-15to1200_TuneCP5_5p36TeV_pythia8/260306_002843/0000/HiForestMiniAOD_515.root
Time elapsed: 11392 seconds
File Contains: 115000 entries.
NMiss: 1717678 | NFake: 2391792 | NMatch: 38380854
Processing file 462 of 817: /eos/cms/store/group/phys_heavyions/hbossi/mc_productions/QCD-dijet_pThat15-event-weighted_TuneCP5_5p36TeV_pythia8/OO_MC_DijetEmbedded_pThat-15to1200_TuneCP5_5p36TeV_pythia8/260306_002843/0000/HiForestMiniAOD_516.root
Time elapsed: 11419 seconds
File Contains: 115000 entries.
NMiss: 1721179 | NFake: 2396588 | NMatch: 38457856
Processing file 463 of 817: /eos/cms/store/group/phys_heavyions/hbossi/mc_productions/QCD-dijet_pThat15-event-weighted_TuneCP5_5p36TeV_pythia8/OO_MC_DijetEmbedded_pThat-15to1200_TuneCP5_5p36TeV_pythia8/260306_002843/0000/HiForestMiniAOD_517.root
Time elapsed: 11443 seconds
File Contains: 148000 entries.
NMiss: 1725700 | NFake: 2402789 | NMatch: 38556154
Processing file 464 of 817: /eos/cms/store/group/phys_heavyions/hbossi/mc_productions/QCD-dijet_pThat15-event-weighted_TuneCP5_5p36TeV_pythia8/OO_MC_DijetEmbedded_pThat-15to1200_TuneCP5_5p36TeV_pythia8/260306_002843/0000/HiForestMiniAOD_518.root
Time elapsed: 11466 seconds
File Contains: 151000 entries.
NMiss: 1730232 | NFake: 2409063 | NMatch: 38658006
Processing file 465 of 817: /eos/cms/store/group/phys_heavyions/hbossi/mc_productions/QCD-dijet_pThat15-event-weighted_TuneCP5_5p36TeV_pythia8/OO_MC_DijetEmbedded_pThat-15to1200_TuneCP5_5p36TeV_pythia8/260306_002843/0000/HiForestMiniAOD_519.root
Time elapsed: 11491 seconds
File Contains: 99000 entries.
NMiss: 1733233 | NFake: 2413197 | NMatch: 38724424
Processing file 466 of 817: /eos/cms/store/group/phys_heavyions/hbossi/mc_productions/QCD-dijet_pThat15-event-weighted_TuneCP5_5p36TeV_pythia8/OO_MC_DijetEmbedded_pThat-15to1200_TuneCP5_5p36TeV_pythia8/260306_002843/0000/HiForestMiniAOD_52.root
Time elapsed: 11526 seconds
File Contains: 93000 entries.
NMiss: 1735976 | NFake: 2417072 | NMatch: 38786615
Processing file 467 of 817: /eos/cms/store/group/phys_heavyions/hbossi/mc_productions/QCD-dijet_pThat15-event-weighted_TuneCP5_5p36TeV_pythia8/OO_MC_DijetEmbedded_pThat-15to1200_TuneCP5_5p36TeV_pythia8/260306_002843/0000/HiForestMiniAOD_520.root
Time elapsed: 11545 seconds
File Contains: 144000 entries.
NMiss: 1740329 | NFake: 2422994 | NMatch: 38882869
Processing file 468 of 817: /eos/cms/store/group/phys_heavyions/hbossi/mc_productions/QCD-dijet_pThat15-event-weighted_TuneCP5_5p36TeV_pythia8/OO_MC_DijetEmbedded_pThat-15to1200_TuneCP5_5p36TeV_pythia8/260306_002843/0000/HiForestMiniAOD_521.root
Time elapsed: 11567 seconds
File Contains: 127000 entries.
NMiss: 1744137 | NFake: 2428308 | NMatch: 38967953
Processing file 469 of 817: /eos/cms/store/group/phys_heavyions/hbossi/mc_productions/QCD-dijet_pThat15-event-weighted_TuneCP5_5p36TeV_pythia8/OO_MC_DijetEmbedded_pThat-15to1200_TuneCP5_5p36TeV_pythia8/260306_002843/0000/HiForestMiniAOD_522.root
Time elapsed: 11593 seconds
File Contains: 96000 entries.
NMiss: 1747117 | NFake: 2432293 | NMatch: 39032403
Processing file 470 of 817: /eos/cms/store/group/phys_heavyions/hbossi/mc_productions/QCD-dijet_pThat15-event-weighted_TuneCP5_5p36TeV_pythia8/OO_MC_DijetEmbedded_pThat-15to1200_TuneCP5_5p36TeV_pythia8/260306_002843/0000/HiForestMiniAOD_523.root
Time elapsed: 11615 seconds
File Contains: 93000 entries.
NMiss: 1749953 | NFake: 2436161 | NMatch: 39094289
Processing file 471 of 817: /eos/cms/store/group/phys_heavyions/hbossi/mc_productions/QCD-dijet_pThat15-event-weighted_TuneCP5_5p36TeV_pythia8/OO_MC_DijetEmbedded_pThat-15to1200_TuneCP5_5p36TeV_pythia8/260306_002843/0000/HiForestMiniAOD_524.root
Time elapsed: 11633 seconds
File Contains: 91000 entries.
NMiss: 1752644 | NFake: 2439999 | NMatch: 39155779
Processing file 472 of 817: /eos/cms/store/group/phys_heavyions/hbossi/mc_productions/QCD-dijet_pThat15-event-weighted_TuneCP5_5p36TeV_pythia8/OO_MC_DijetEmbedded_pThat-15to1200_TuneCP5_5p36TeV_pythia8/260306_002843/0000/HiForestMiniAOD_525.root
Time elapsed: 11653 seconds
File Contains: 90000 entries.
NMiss: 1755348 | NFake: 2443654 | NMatch: 39216166
Processing file 473 of 817: /eos/cms/store/group/phys_heavyions/hbossi/mc_productions/QCD-dijet_pThat15-event-weighted_TuneCP5_5p36TeV_pythia8/OO_MC_DijetEmbedded_pThat-15to1200_TuneCP5_5p36TeV_pythia8/260306_002843/0000/HiForestMiniAOD_526.root
Time elapsed: 11666 seconds
File Contains: 115000 entries.
NMiss: 1758757 | NFake: 2448548 | NMatch: 39293156
Processing file 474 of 817: /eos/cms/store/group/phys_heavyions/hbossi/mc_productions/QCD-dijet_pThat15-event-weighted_TuneCP5_5p36TeV_pythia8/OO_MC_DijetEmbedded_pThat-15to1200_TuneCP5_5p36TeV_pythia8/260306_002843/0000/HiForestMiniAOD_527.root
Time elapsed: 11688 seconds
File Contains: 90000 entries.
NMiss: 1761458 | NFake: 2452308 | NMatch: 39353302
Processing file 475 of 817: /eos/cms/store/group/phys_heavyions/hbossi/mc_productions/QCD-dijet_pThat15-event-weighted_TuneCP5_5p36TeV_pythia8/OO_MC_DijetEmbedded_pThat-15to1200_TuneCP5_5p36TeV_pythia8/260306_002843/0000/HiForestMiniAOD_528.root
Time elapsed: 11716 seconds
File Contains: 111000 entries.
NMiss: 1764830 | NFake: 2457052 | NMatch: 39427704
Processing file 476 of 817: /eos/cms/store/group/phys_heavyions/hbossi/mc_productions/QCD-dijet_pThat15-event-weighted_TuneCP5_5p36TeV_pythia8/OO_MC_DijetEmbedded_pThat-15to1200_TuneCP5_5p36TeV_pythia8/260306_002843/0000/HiForestMiniAOD_529.root
Time elapsed: 11739 seconds
File Contains: 130000 entries.
NMiss: 1768714 | NFake: 2462549 | NMatch: 39513975
Processing file 477 of 817: /eos/cms/store/group/phys_heavyions/hbossi/mc_productions/QCD-dijet_pThat15-event-weighted_TuneCP5_5p36TeV_pythia8/OO_MC_DijetEmbedded_pThat-15to1200_TuneCP5_5p36TeV_pythia8/260306_002843/0000/HiForestMiniAOD_53.root
Time elapsed: 11758 seconds
File Contains: 113000 entries.
NMiss: 1772071 | NFake: 2467236 | NMatch: 39589450
Processing file 478 of 817: /eos/cms/store/group/phys_heavyions/hbossi/mc_productions/QCD-dijet_pThat15-event-weighted_TuneCP5_5p36TeV_pythia8/OO_MC_DijetEmbedded_pThat-15to1200_TuneCP5_5p36TeV_pythia8/260306_002843/0000/HiForestMiniAOD_530.root
Time elapsed: 11786 seconds
File Contains: 131000 entries.
NMiss: 1776064 | NFake: 2472681 | NMatch: 39677627
Processing file 479 of 817: /eos/cms/store/group/phys_heavyions/hbossi/mc_productions/QCD-dijet_pThat15-event-weighted_TuneCP5_5p36TeV_pythia8/OO_MC_DijetEmbedded_pThat-15to1200_TuneCP5_5p36TeV_pythia8/260306_002843/0000/HiForestMiniAOD_531.root
Time elapsed: 11804 seconds
File Contains: 126000 entries.
NMiss: 1779835 | NFake: 2477923 | NMatch: 39762350
Processing file 480 of 817: /eos/cms/store/group/phys_heavyions/hbossi/mc_productions/QCD-dijet_pThat15-event-weighted_TuneCP5_5p36TeV_pythia8/OO_MC_DijetEmbedded_pThat-15to1200_TuneCP5_5p36TeV_pythia8/260306_002843/0000/HiForestMiniAOD_532.root
Time elapsed: 11828 seconds
File Contains: 148000 entries.
NMiss: 1784315 | NFake: 2483981 | NMatch: 39861540
Processing file 481 of 817: /eos/cms/store/group/phys_heavyions/hbossi/mc_productions/QCD-dijet_pThat15-event-weighted_TuneCP5_5p36TeV_pythia8/OO_MC_DijetEmbedded_pThat-15to1200_TuneCP5_5p36TeV_pythia8/260306_002843/0000/HiForestMiniAOD_533.root
Time elapsed: 11862 seconds
File Contains: 141000 entries.
NMiss: 1788388 | NFake: 2489748 | NMatch: 39955300
Processing file 482 of 817: /eos/cms/store/group/phys_heavyions/hbossi/mc_productions/QCD-dijet_pThat15-event-weighted_TuneCP5_5p36TeV_pythia8/OO_MC_DijetEmbedded_pThat-15to1200_TuneCP5_5p36TeV_pythia8/260306_002843/0000/HiForestMiniAOD_534.root
Time elapsed: 11886 seconds
File Contains: 70000 entries.
NMiss: 1790471 | NFake: 2492742 | NMatch: 40002430
Processing file 483 of 817: /eos/cms/store/group/phys_heavyions/hbossi/mc_productions/QCD-dijet_pThat15-event-weighted_TuneCP5_5p36TeV_pythia8/OO_MC_DijetEmbedded_pThat-15to1200_TuneCP5_5p36TeV_pythia8/260306_002843/0000/HiForestMiniAOD_535.root
Time elapsed: 11904 seconds
File Contains: 121000 entries.
NMiss: 1794004 | NFake: 2497790 | NMatch: 40083461
Processing file 484 of 817: /eos/cms/store/group/phys_heavyions/hbossi/mc_productions/QCD-dijet_pThat15-event-weighted_TuneCP5_5p36TeV_pythia8/OO_MC_DijetEmbedded_pThat-15to1200_TuneCP5_5p36TeV_pythia8/260306_002843/0000/HiForestMiniAOD_536.root
Time elapsed: 11927 seconds
File Contains: 134000 entries.
NMiss: 1797921 | NFake: 2503508 | NMatch: 40173109
Processing file 485 of 817: /eos/cms/store/group/phys_heavyions/hbossi/mc_productions/QCD-dijet_pThat15-event-weighted_TuneCP5_5p36TeV_pythia8/OO_MC_DijetEmbedded_pThat-15to1200_TuneCP5_5p36TeV_pythia8/260306_002843/0000/HiForestMiniAOD_537.root
Time elapsed: 11986 seconds
File Contains: 167000 entries.
NMiss: 1802990 | NFake: 2510420 | NMatch: 40284568
Processing file 486 of 817: /eos/cms/store/group/phys_heavyions/hbossi/mc_productions/QCD-dijet_pThat15-event-weighted_TuneCP5_5p36TeV_pythia8/OO_MC_DijetEmbedded_pThat-15to1200_TuneCP5_5p36TeV_pythia8/260306_002843/0000/HiForestMiniAOD_538.root
Time elapsed: 12017 seconds
File Contains: 131000 entries.
NMiss: 1806997 | NFake: 2515863 | NMatch: 40372521
Processing file 487 of 817: /eos/cms/store/group/phys_heavyions/hbossi/mc_productions/QCD-dijet_pThat15-event-weighted_TuneCP5_5p36TeV_pythia8/OO_MC_DijetEmbedded_pThat-15to1200_TuneCP5_5p36TeV_pythia8/260306_002843/0000/HiForestMiniAOD_539.root
Time elapsed: 12044 seconds
File Contains: 153000 entries.
NMiss: 1811501 | NFake: 2522144 | NMatch: 40475553
Processing file 488 of 817: /eos/cms/store/group/phys_heavyions/hbossi/mc_productions/QCD-dijet_pThat15-event-weighted_TuneCP5_5p36TeV_pythia8/OO_MC_DijetEmbedded_pThat-15to1200_TuneCP5_5p36TeV_pythia8/260306_002843/0000/HiForestMiniAOD_54.root
Time elapsed: 12069 seconds
File Contains: 163000 entries.
NMiss: 1816265 | NFake: 2528894 | NMatch: 40584524
Processing file 489 of 817: /eos/cms/store/group/phys_heavyions/hbossi/mc_productions/QCD-dijet_pThat15-event-weighted_TuneCP5_5p36TeV_pythia8/OO_MC_DijetEmbedded_pThat-15to1200_TuneCP5_5p36TeV_pythia8/260306_002843/0000/HiForestMiniAOD_540.root
Time elapsed: 12098 seconds
File Contains: 108000 entries.
NMiss: 1819456 | NFake: 2533479 | NMatch: 40656787
Processing file 490 of 817: /eos/cms/store/group/phys_heavyions/hbossi/mc_productions/QCD-dijet_pThat15-event-weighted_TuneCP5_5p36TeV_pythia8/OO_MC_DijetEmbedded_pThat-15to1200_TuneCP5_5p36TeV_pythia8/260306_002843/0000/HiForestMiniAOD_541.root
Time elapsed: 12118 seconds
File Contains: 154000 entries.
NMiss: 1824017 | NFake: 2539810 | NMatch: 40759903
Processing file 491 of 817: /eos/cms/store/group/phys_heavyions/hbossi/mc_productions/QCD-dijet_pThat15-event-weighted_TuneCP5_5p36TeV_pythia8/OO_MC_DijetEmbedded_pThat-15to1200_TuneCP5_5p36TeV_pythia8/260306_002843/0000/HiForestMiniAOD_542.root
Time elapsed: 12150 seconds
File Contains: 146000 entries.
NMiss: 1828346 | NFake: 2545853 | NMatch: 40857572
Processing file 492 of 817: /eos/cms/store/group/phys_heavyions/hbossi/mc_productions/QCD-dijet_pThat15-event-weighted_TuneCP5_5p36TeV_pythia8/OO_MC_DijetEmbedded_pThat-15to1200_TuneCP5_5p36TeV_pythia8/260306_002843/0000/HiForestMiniAOD_543.root
Time elapsed: 12170 seconds
File Contains: 101000 entries.
NMiss: 1831389 | NFake: 2550042 | NMatch: 40925150
Processing file 493 of 817: /eos/cms/store/group/phys_heavyions/hbossi/mc_productions/QCD-dijet_pThat15-event-weighted_TuneCP5_5p36TeV_pythia8/OO_MC_DijetEmbedded_pThat-15to1200_TuneCP5_5p36TeV_pythia8/260306_002843/0000/HiForestMiniAOD_544.root
Time elapsed: 12187 seconds
File Contains: 133000 entries.
NMiss: 1835375 | NFake: 2555654 | NMatch: 41014054
Processing file 494 of 817: /eos/cms/store/group/phys_heavyions/hbossi/mc_productions/QCD-dijet_pThat15-event-weighted_TuneCP5_5p36TeV_pythia8/OO_MC_DijetEmbedded_pThat-15to1200_TuneCP5_5p36TeV_pythia8/260306_002843/0000/HiForestMiniAOD_545.root
Time elapsed: 12205 seconds
File Contains: 106000 entries.
NMiss: 1838476 | NFake: 2560125 | NMatch: 41085291
Processing file 495 of 817: /eos/cms/store/group/phys_heavyions/hbossi/mc_productions/QCD-dijet_pThat15-event-weighted_TuneCP5_5p36TeV_pythia8/OO_MC_DijetEmbedded_pThat-15to1200_TuneCP5_5p36TeV_pythia8/260306_002843/0000/HiForestMiniAOD_546.root
Time elapsed: 12226 seconds
File Contains: 108000 entries.
NMiss: 1841655 | NFake: 2564610 | NMatch: 41158055
Processing file 496 of 817: /eos/cms/store/group/phys_heavyions/hbossi/mc_productions/QCD-dijet_pThat15-event-weighted_TuneCP5_5p36TeV_pythia8/OO_MC_DijetEmbedded_pThat-15to1200_TuneCP5_5p36TeV_pythia8/260306_002843/0000/HiForestMiniAOD_547.root
Time elapsed: 12249 seconds
File Contains: 147000 entries.
NMiss: 1846087 | NFake: 2570713 | NMatch: 41256394
Processing file 497 of 817: /eos/cms/store/group/phys_heavyions/hbossi/mc_productions/QCD-dijet_pThat15-event-weighted_TuneCP5_5p36TeV_pythia8/OO_MC_DijetEmbedded_pThat-15to1200_TuneCP5_5p36TeV_pythia8/260306_002843/0000/HiForestMiniAOD_548.root
Time elapsed: 12276 seconds
File Contains: 125000 entries.
NMiss: 1849913 | NFake: 2575747 | NMatch: 41339608
Processing file 498 of 817: /eos/cms/store/group/phys_heavyions/hbossi/mc_productions/QCD-dijet_pThat15-event-weighted_TuneCP5_5p36TeV_pythia8/OO_MC_DijetEmbedded_pThat-15to1200_TuneCP5_5p36TeV_pythia8/260306_002843/0000/HiForestMiniAOD_549.root
Time elapsed: 12299 seconds
File Contains: 100000 entries.
NMiss: 1852941 | NFake: 2579898 | NMatch: 41407025
Processing file 499 of 817: /eos/cms/store/group/phys_heavyions/hbossi/mc_productions/QCD-dijet_pThat15-event-weighted_TuneCP5_5p36TeV_pythia8/OO_MC_DijetEmbedded_pThat-15to1200_TuneCP5_5p36TeV_pythia8/260306_002843/0000/HiForestMiniAOD_55.root
Time elapsed: 12318 seconds
File Contains: 90000 entries.
NMiss: 1855670 | NFake: 2583751 | NMatch: 41467451
Processing file 500 of 817: /eos/cms/store/group/phys_heavyions/hbossi/mc_productions/QCD-dijet_pThat15-event-weighted_TuneCP5_5p36TeV_pythia8/OO_MC_DijetEmbedded_pThat-15to1200_TuneCP5_5p36TeV_pythia8/260306_002843/0000/HiForestMiniAOD_550.root
Time elapsed: 12337 seconds
File Contains: 114000 entries.
NMiss: 1859127 | NFake: 2588476 | NMatch: 41543225
Processing file 501 of 817: /eos/cms/store/group/phys_heavyions/hbossi/mc_productions/QCD-dijet_pThat15-event-weighted_TuneCP5_5p36TeV_pythia8/OO_MC_DijetEmbedded_pThat-15to1200_TuneCP5_5p36TeV_pythia8/260306_002843/0000/HiForestMiniAOD_551.root
Time elapsed: 12353 seconds
File Contains: 108000 entries.
NMiss: 1862341 | NFake: 2592977 | NMatch: 41615550
Processing file 502 of 817: /eos/cms/store/group/phys_heavyions/hbossi/mc_productions/QCD-dijet_pThat15-event-weighted_TuneCP5_5p36TeV_pythia8/OO_MC_DijetEmbedded_pThat-15to1200_TuneCP5_5p36TeV_pythia8/260306_002843/0000/HiForestMiniAOD_552.root
Time elapsed: 12379 seconds
File Contains: 108000 entries.
NMiss: 1865491 | NFake: 2597569 | NMatch: 41687574
Processing file 503 of 817: /eos/cms/store/group/phys_heavyions/hbossi/mc_productions/QCD-dijet_pThat15-event-weighted_TuneCP5_5p36TeV_pythia8/OO_MC_DijetEmbedded_pThat-15to1200_TuneCP5_5p36TeV_pythia8/260306_002843/0000/HiForestMiniAOD_553.root
Time elapsed: 12407 seconds
File Contains: 116000 entries.
NMiss: 1869023 | NFake: 2602452 | NMatch: 41765182
Processing file 504 of 817: /eos/cms/store/group/phys_heavyions/hbossi/mc_productions/QCD-dijet_pThat15-event-weighted_TuneCP5_5p36TeV_pythia8/OO_MC_DijetEmbedded_pThat-15to1200_TuneCP5_5p36TeV_pythia8/260306_002843/0000/HiForestMiniAOD_554.root
Time elapsed: 12427 seconds
File Contains: 167000 entries.
NMiss: 1874017 | NFake: 2609392 | NMatch: 41877366
Processing file 505 of 817: /eos/cms/store/group/phys_heavyions/hbossi/mc_productions/QCD-dijet_pThat15-event-weighted_TuneCP5_5p36TeV_pythia8/OO_MC_DijetEmbedded_pThat-15to1200_TuneCP5_5p36TeV_pythia8/260306_002843/0000/HiForestMiniAOD_555.root
Time elapsed: 12449 seconds
File Contains: 140000 entries.
NMiss: 1878203 | NFake: 2615110 | NMatch: 41970957
Processing file 506 of 817: /eos/cms/store/group/phys_heavyions/hbossi/mc_productions/QCD-dijet_pThat15-event-weighted_TuneCP5_5p36TeV_pythia8/OO_MC_DijetEmbedded_pThat-15to1200_TuneCP5_5p36TeV_pythia8/260306_002843/0000/HiForestMiniAOD_556.root
Time elapsed: 12474 seconds
File Contains: 90000 entries.
NMiss: 1880842 | NFake: 2618836 | NMatch: 42031450
Processing file 507 of 817: /eos/cms/store/group/phys_heavyions/hbossi/mc_productions/QCD-dijet_pThat15-event-weighted_TuneCP5_5p36TeV_pythia8/OO_MC_DijetEmbedded_pThat-15to1200_TuneCP5_5p36TeV_pythia8/260306_002843/0000/HiForestMiniAOD_557.root
Time elapsed: 12505 seconds
File Contains: 110000 entries.
NMiss: 1884141 | NFake: 2623504 | NMatch: 42105277
Processing file 508 of 817: /eos/cms/store/group/phys_heavyions/hbossi/mc_productions/QCD-dijet_pThat15-event-weighted_TuneCP5_5p36TeV_pythia8/OO_MC_DijetEmbedded_pThat-15to1200_TuneCP5_5p36TeV_pythia8/260306_002843/0000/HiForestMiniAOD_558.root
Time elapsed: 12524 seconds
File Contains: 165000 entries.
NMiss: 1889101 | NFake: 2630463 | NMatch: 42215129
Processing file 509 of 817: /eos/cms/store/group/phys_heavyions/hbossi/mc_productions/QCD-dijet_pThat15-event-weighted_TuneCP5_5p36TeV_pythia8/OO_MC_DijetEmbedded_pThat-15to1200_TuneCP5_5p36TeV_pythia8/260306_002843/0000/HiForestMiniAOD_559.root
Time elapsed: 12559 seconds
File Contains: 136000 entries.
NMiss: 1893110 | NFake: 2636042 | NMatch: 42306280
Processing file 510 of 817: /eos/cms/store/group/phys_heavyions/hbossi/mc_productions/QCD-dijet_pThat15-event-weighted_TuneCP5_5p36TeV_pythia8/OO_MC_DijetEmbedded_pThat-15to1200_TuneCP5_5p36TeV_pythia8/260306_002843/0000/HiForestMiniAOD_56.root
Time elapsed: 12581 seconds
File Contains: 103000 entries.
NMiss: 1896142 | NFake: 2640374 | NMatch: 42375317
Processing file 511 of 817: /eos/cms/store/group/phys_heavyions/hbossi/mc_productions/QCD-dijet_pThat15-event-weighted_TuneCP5_5p36TeV_pythia8/OO_MC_DijetEmbedded_pThat-15to1200_TuneCP5_5p36TeV_pythia8/260306_002843/0000/HiForestMiniAOD_560.root
Time elapsed: 12610 seconds
File Contains: 112000 entries.
NMiss: 1899421 | NFake: 2645017 | NMatch: 42450357
Processing file 512 of 817: /eos/cms/store/group/phys_heavyions/hbossi/mc_productions/QCD-dijet_pThat15-event-weighted_TuneCP5_5p36TeV_pythia8/OO_MC_DijetEmbedded_pThat-15to1200_TuneCP5_5p36TeV_pythia8/260306_002843/0000/HiForestMiniAOD_561.root
Time elapsed: 12629 seconds
File Contains: 128000 entries.
NMiss: 1903241 | NFake: 2650331 | NMatch: 42536550
Processing file 513 of 817: /eos/cms/store/group/phys_heavyions/hbossi/mc_productions/QCD-dijet_pThat15-event-weighted_TuneCP5_5p36TeV_pythia8/OO_MC_DijetEmbedded_pThat-15to1200_TuneCP5_5p36TeV_pythia8/260306_002843/0000/HiForestMiniAOD_562.root
Time elapsed: 12653 seconds
File Contains: 165000 entries.
NMiss: 1908201 | NFake: 2657168 | NMatch: 42646490
Processing file 514 of 817: /eos/cms/store/group/phys_heavyions/hbossi/mc_productions/QCD-dijet_pThat15-event-weighted_TuneCP5_5p36TeV_pythia8/OO_MC_DijetEmbedded_pThat-15to1200_TuneCP5_5p36TeV_pythia8/260306_002843/0000/HiForestMiniAOD_563.root
Time elapsed: 12678 seconds
File Contains: 149000 entries.
NMiss: 1912667 | NFake: 2663418 | NMatch: 42746157
Processing file 515 of 817: /eos/cms/store/group/phys_heavyions/hbossi/mc_productions/QCD-dijet_pThat15-event-weighted_TuneCP5_5p36TeV_pythia8/OO_MC_DijetEmbedded_pThat-15to1200_TuneCP5_5p36TeV_pythia8/260306_002843/0000/HiForestMiniAOD_564.root
Time elapsed: 12700 seconds
File Contains: 93000 entries.
NMiss: 1915392 | NFake: 2667301 | NMatch: 42808252
Processing file 516 of 817: /eos/cms/store/group/phys_heavyions/hbossi/mc_productions/QCD-dijet_pThat15-event-weighted_TuneCP5_5p36TeV_pythia8/OO_MC_DijetEmbedded_pThat-15to1200_TuneCP5_5p36TeV_pythia8/260306_002843/0000/HiForestMiniAOD_565.root
Time elapsed: 12716 seconds
File Contains: 95000 entries.
NMiss: 1918235 | NFake: 2671285 | NMatch: 42871653
Processing file 517 of 817: /eos/cms/store/group/phys_heavyions/hbossi/mc_productions/QCD-dijet_pThat15-event-weighted_TuneCP5_5p36TeV_pythia8/OO_MC_DijetEmbedded_pThat-15to1200_TuneCP5_5p36TeV_pythia8/260306_002843/0000/HiForestMiniAOD_566.root
Time elapsed: 12744 seconds
File Contains: 159000 entries.
NMiss: 1923024 | NFake: 2677830 | NMatch: 42978121
Processing file 518 of 817: /eos/cms/store/group/phys_heavyions/hbossi/mc_productions/QCD-dijet_pThat15-event-weighted_TuneCP5_5p36TeV_pythia8/OO_MC_DijetEmbedded_pThat-15to1200_TuneCP5_5p36TeV_pythia8/260306_002843/0000/HiForestMiniAOD_567.root
Time elapsed: 12780 seconds
File Contains: 155000 entries.
NMiss: 1927578 | NFake: 2684265 | NMatch: 43081489
Processing file 519 of 817: /eos/cms/store/group/phys_heavyions/hbossi/mc_productions/QCD-dijet_pThat15-event-weighted_TuneCP5_5p36TeV_pythia8/OO_MC_DijetEmbedded_pThat-15to1200_TuneCP5_5p36TeV_pythia8/260306_002843/0000/HiForestMiniAOD_568.root
Time elapsed: 12803 seconds
File Contains: 165000 entries.
NMiss: 1932542 | NFake: 2691250 | NMatch: 43191754
Processing file 520 of 817: /eos/cms/store/group/phys_heavyions/hbossi/mc_productions/QCD-dijet_pThat15-event-weighted_TuneCP5_5p36TeV_pythia8/OO_MC_DijetEmbedded_pThat-15to1200_TuneCP5_5p36TeV_pythia8/260306_002843/0000/HiForestMiniAOD_569.root
Time elapsed: 12835 seconds
File Contains: 129000 entries.
NMiss: 1936380 | NFake: 2696551 | NMatch: 43277992
Processing file 521 of 817: /eos/cms/store/group/phys_heavyions/hbossi/mc_productions/QCD-dijet_pThat15-event-weighted_TuneCP5_5p36TeV_pythia8/OO_MC_DijetEmbedded_pThat-15to1200_TuneCP5_5p36TeV_pythia8/260306_002843/0000/HiForestMiniAOD_57.root
Time elapsed: 12858 seconds
File Contains: 122000 entries.
NMiss: 1940116 | NFake: 2701649 | NMatch: 43359941
Processing file 522 of 817: /eos/cms/store/group/phys_heavyions/hbossi/mc_productions/QCD-dijet_pThat15-event-weighted_TuneCP5_5p36TeV_pythia8/OO_MC_DijetEmbedded_pThat-15to1200_TuneCP5_5p36TeV_pythia8/260306_002843/0000/HiForestMiniAOD_570.root
Time elapsed: 12877 seconds
File Contains: 129000 entries.
NMiss: 1944039 | NFake: 2706904 | NMatch: 43446332
Processing file 523 of 817: /eos/cms/store/group/phys_heavyions/hbossi/mc_productions/QCD-dijet_pThat15-event-weighted_TuneCP5_5p36TeV_pythia8/OO_MC_DijetEmbedded_pThat-15to1200_TuneCP5_5p36TeV_pythia8/260306_002843/0000/HiForestMiniAOD_571.root
Time elapsed: 12896 seconds
File Contains: 120000 entries.
NMiss: 1947677 | NFake: 2711939 | NMatch: 43526459
Processing file 524 of 817: /eos/cms/store/group/phys_heavyions/hbossi/mc_productions/QCD-dijet_pThat15-event-weighted_TuneCP5_5p36TeV_pythia8/OO_MC_DijetEmbedded_pThat-15to1200_TuneCP5_5p36TeV_pythia8/260306_002843/0000/HiForestMiniAOD_572.root
Time elapsed: 12923 seconds
File Contains: 143000 entries.
NMiss: 1951969 | NFake: 2717907 | NMatch: 43622622
Processing file 525 of 817: /eos/cms/store/group/phys_heavyions/hbossi/mc_productions/QCD-dijet_pThat15-event-weighted_TuneCP5_5p36TeV_pythia8/OO_MC_DijetEmbedded_pThat-15to1200_TuneCP5_5p36TeV_pythia8/260306_002843/0000/HiForestMiniAOD_573.root
Time elapsed: 12969 seconds
File Contains: 113000 entries.
NMiss: 1955291 | NFake: 2722608 | NMatch: 43697960
Processing file 526 of 817: /eos/cms/store/group/phys_heavyions/hbossi/mc_productions/QCD-dijet_pThat15-event-weighted_TuneCP5_5p36TeV_pythia8/OO_MC_DijetEmbedded_pThat-15to1200_TuneCP5_5p36TeV_pythia8/260306_002843/0000/HiForestMiniAOD_574.root
Time elapsed: 12988 seconds
File Contains: 115000 entries.
NMiss: 1958866 | NFake: 2727383 | NMatch: 43774483
Processing file 527 of 817: /eos/cms/store/group/phys_heavyions/hbossi/mc_productions/QCD-dijet_pThat15-event-weighted_TuneCP5_5p36TeV_pythia8/OO_MC_DijetEmbedded_pThat-15to1200_TuneCP5_5p36TeV_pythia8/260306_002843/0000/HiForestMiniAOD_575.root
Time elapsed: 13029 seconds
File Contains: 102000 entries.
NMiss: 1961812 | NFake: 2731557 | NMatch: 43842783
Processing file 528 of 817: /eos/cms/store/group/phys_heavyions/hbossi/mc_productions/QCD-dijet_pThat15-event-weighted_TuneCP5_5p36TeV_pythia8/OO_MC_DijetEmbedded_pThat-15to1200_TuneCP5_5p36TeV_pythia8/260306_002843/0000/HiForestMiniAOD_576.root
Time elapsed: 13051 seconds
File Contains: 143000 entries.
NMiss: 1966058 | NFake: 2737481 | NMatch: 43938334
Processing file 529 of 817: /eos/cms/store/group/phys_heavyions/hbossi/mc_productions/QCD-dijet_pThat15-event-weighted_TuneCP5_5p36TeV_pythia8/OO_MC_DijetEmbedded_pThat-15to1200_TuneCP5_5p36TeV_pythia8/260306_002843/0000/HiForestMiniAOD_577.root
Time elapsed: 13073 seconds
File Contains: 114000 entries.
NMiss: 1969456 | NFake: 2742205 | NMatch: 44014821
Processing file 530 of 817: /eos/cms/store/group/phys_heavyions/hbossi/mc_productions/QCD-dijet_pThat15-event-weighted_TuneCP5_5p36TeV_pythia8/OO_MC_DijetEmbedded_pThat-15to1200_TuneCP5_5p36TeV_pythia8/260306_002843/0000/HiForestMiniAOD_578.root
Time elapsed: 13095 seconds
File Contains: 114000 entries.
NMiss: 1972890 | NFake: 2746955 | NMatch: 44090755
Processing file 531 of 817: /eos/cms/store/group/phys_heavyions/hbossi/mc_productions/QCD-dijet_pThat15-event-weighted_TuneCP5_5p36TeV_pythia8/OO_MC_DijetEmbedded_pThat-15to1200_TuneCP5_5p36TeV_pythia8/260306_002843/0000/HiForestMiniAOD_579.root
Time elapsed: 13114 seconds
File Contains: 145000 entries.
NMiss: 1977210 | NFake: 2753067 | NMatch: 44187539
Processing file 532 of 817: /eos/cms/store/group/phys_heavyions/hbossi/mc_productions/QCD-dijet_pThat15-event-weighted_TuneCP5_5p36TeV_pythia8/OO_MC_DijetEmbedded_pThat-15to1200_TuneCP5_5p36TeV_pythia8/260306_002843/0000/HiForestMiniAOD_58.root
Time elapsed: 13143 seconds
File Contains: 97000 entries.
NMiss: 1980156 | NFake: 2757127 | NMatch: 44253159
Processing file 533 of 817: /eos/cms/store/group/phys_heavyions/hbossi/mc_productions/QCD-dijet_pThat15-event-weighted_TuneCP5_5p36TeV_pythia8/OO_MC_DijetEmbedded_pThat-15to1200_TuneCP5_5p36TeV_pythia8/260306_002843/0000/HiForestMiniAOD_580.root
Time elapsed: 13171 seconds
File Contains: 94000 entries.
NMiss: 1982933 | NFake: 2760995 | NMatch: 44315844
Processing file 534 of 817: /eos/cms/store/group/phys_heavyions/hbossi/mc_productions/QCD-dijet_pThat15-event-weighted_TuneCP5_5p36TeV_pythia8/OO_MC_DijetEmbedded_pThat-15to1200_TuneCP5_5p36TeV_pythia8/260306_002843/0000/HiForestMiniAOD_581.root
Time elapsed: 13190 seconds
File Contains: 116000 entries.
NMiss: 1986329 | NFake: 2765891 | NMatch: 44393081
Processing file 535 of 817: /eos/cms/store/group/phys_heavyions/hbossi/mc_productions/QCD-dijet_pThat15-event-weighted_TuneCP5_5p36TeV_pythia8/OO_MC_DijetEmbedded_pThat-15to1200_TuneCP5_5p36TeV_pythia8/260306_002843/0000/HiForestMiniAOD_582.root
Time elapsed: 13218 seconds
File Contains: 142000 entries.
NMiss: 1990622 | NFake: 2771668 | NMatch: 44487801
Processing file 536 of 817: /eos/cms/store/group/phys_heavyions/hbossi/mc_productions/QCD-dijet_pThat15-event-weighted_TuneCP5_5p36TeV_pythia8/OO_MC_DijetEmbedded_pThat-15to1200_TuneCP5_5p36TeV_pythia8/260306_002843/0000/HiForestMiniAOD_583.root
Time elapsed: 13256 seconds
File Contains: 118000 entries.
NMiss: 1994169 | NFake: 2776624 | NMatch: 44566580
Processing file 537 of 817: /eos/cms/store/group/phys_heavyions/hbossi/mc_productions/QCD-dijet_pThat15-event-weighted_TuneCP5_5p36TeV_pythia8/OO_MC_DijetEmbedded_pThat-15to1200_TuneCP5_5p36TeV_pythia8/260306_002843/0000/HiForestMiniAOD_584.root
Time elapsed: 13277 seconds
File Contains: 105000 entries.
NMiss: 1997243 | NFake: 2781033 | NMatch: 44637298
Processing file 538 of 817: /eos/cms/store/group/phys_heavyions/hbossi/mc_productions/QCD-dijet_pThat15-event-weighted_TuneCP5_5p36TeV_pythia8/OO_MC_DijetEmbedded_pThat-15to1200_TuneCP5_5p36TeV_pythia8/260306_002843/0000/HiForestMiniAOD_585.root
Time elapsed: 13294 seconds
File Contains: 97000 entries.
NMiss: 2000213 | NFake: 2785037 | NMatch: 44702094
Processing file 539 of 817: /eos/cms/store/group/phys_heavyions/hbossi/mc_productions/QCD-dijet_pThat15-event-weighted_TuneCP5_5p36TeV_pythia8/OO_MC_DijetEmbedded_pThat-15to1200_TuneCP5_5p36TeV_pythia8/260306_002843/0000/HiForestMiniAOD_586.root
Time elapsed: 13314 seconds
File Contains: 167000 entries.
NMiss: 2005243 | NFake: 2792148 | NMatch: 44814125
Processing file 540 of 817: /eos/cms/store/group/phys_heavyions/hbossi/mc_productions/QCD-dijet_pThat15-event-weighted_TuneCP5_5p36TeV_pythia8/OO_MC_DijetEmbedded_pThat-15to1200_TuneCP5_5p36TeV_pythia8/260306_002843/0000/HiForestMiniAOD_587.root
Time elapsed: 13337 seconds
File Contains: 103000 entries.
NMiss: 2008277 | NFake: 2796385 | NMatch: 44882726
Processing file 541 of 817: /eos/cms/store/group/phys_heavyions/hbossi/mc_productions/QCD-dijet_pThat15-event-weighted_TuneCP5_5p36TeV_pythia8/OO_MC_DijetEmbedded_pThat-15to1200_TuneCP5_5p36TeV_pythia8/260306_002843/0000/HiForestMiniAOD_588.root
Time elapsed: 13353 seconds
File Contains: 106000 entries.
NMiss: 2011492 | NFake: 2800919 | NMatch: 44953972
Processing file 542 of 817: /eos/cms/store/group/phys_heavyions/hbossi/mc_productions/QCD-dijet_pThat15-event-weighted_TuneCP5_5p36TeV_pythia8/OO_MC_DijetEmbedded_pThat-15to1200_TuneCP5_5p36TeV_pythia8/260306_002843/0000/HiForestMiniAOD_589.root
Time elapsed: 13370 seconds
File Contains: 115000 entries.
NMiss: 2014957 | NFake: 2805713 | NMatch: 45030157
Processing file 543 of 817: /eos/cms/store/group/phys_heavyions/hbossi/mc_productions/QCD-dijet_pThat15-event-weighted_TuneCP5_5p36TeV_pythia8/OO_MC_DijetEmbedded_pThat-15to1200_TuneCP5_5p36TeV_pythia8/260306_002843/0000/HiForestMiniAOD_59.root
Time elapsed: 13395 seconds
File Contains: 106000 entries.
NMiss: 2018140 | NFake: 2810210 | NMatch: 45101454
Processing file 544 of 817: /eos/cms/store/group/phys_heavyions/hbossi/mc_productions/QCD-dijet_pThat15-event-weighted_TuneCP5_5p36TeV_pythia8/OO_MC_DijetEmbedded_pThat-15to1200_TuneCP5_5p36TeV_pythia8/260306_002843/0000/HiForestMiniAOD_590.root
Time elapsed: 13413 seconds
File Contains: 128000 entries.
NMiss: 2021969 | NFake: 2815591 | NMatch: 45186946
Processing file 545 of 817: /eos/cms/store/group/phys_heavyions/hbossi/mc_productions/QCD-dijet_pThat15-event-weighted_TuneCP5_5p36TeV_pythia8/OO_MC_DijetEmbedded_pThat-15to1200_TuneCP5_5p36TeV_pythia8/260306_002843/0000/HiForestMiniAOD_591.root
Time elapsed: 13440 seconds
File Contains: 123000 entries.
NMiss: 2025722 | NFake: 2820785 | NMatch: 45269297
Processing file 546 of 817: /eos/cms/store/group/phys_heavyions/hbossi/mc_productions/QCD-dijet_pThat15-event-weighted_TuneCP5_5p36TeV_pythia8/OO_MC_DijetEmbedded_pThat-15to1200_TuneCP5_5p36TeV_pythia8/260306_002843/0000/HiForestMiniAOD_592.root
Time elapsed: 13460 seconds
File Contains: 108000 entries.
NMiss: 2028922 | NFake: 2825281 | NMatch: 45341924
Processing file 547 of 817: /eos/cms/store/group/phys_heavyions/hbossi/mc_productions/QCD-dijet_pThat15-event-weighted_TuneCP5_5p36TeV_pythia8/OO_MC_DijetEmbedded_pThat-15to1200_TuneCP5_5p36TeV_pythia8/260306_002843/0000/HiForestMiniAOD_593.root
Time elapsed: 13478 seconds
File Contains: 139000 entries.
NMiss: 2032996 | NFake: 2831072 | NMatch: 45435171
Processing file 548 of 817: /eos/cms/store/group/phys_heavyions/hbossi/mc_productions/QCD-dijet_pThat15-event-weighted_TuneCP5_5p36TeV_pythia8/OO_MC_DijetEmbedded_pThat-15to1200_TuneCP5_5p36TeV_pythia8/260306_002843/0000/HiForestMiniAOD_594.root
Time elapsed: 13499 seconds
File Contains: 119000 entries.
NMiss: 2036610 | NFake: 2836072 | NMatch: 45515027
Processing file 549 of 817: /eos/cms/store/group/phys_heavyions/hbossi/mc_productions/QCD-dijet_pThat15-event-weighted_TuneCP5_5p36TeV_pythia8/OO_MC_DijetEmbedded_pThat-15to1200_TuneCP5_5p36TeV_pythia8/260306_002843/0000/HiForestMiniAOD_595.root
Time elapsed: 13525 seconds
File Contains: 108000 entries.
NMiss: 2039846 | NFake: 2840478 | NMatch: 45587830
Processing file 550 of 817: /eos/cms/store/group/phys_heavyions/hbossi/mc_productions/QCD-dijet_pThat15-event-weighted_TuneCP5_5p36TeV_pythia8/OO_MC_DijetEmbedded_pThat-15to1200_TuneCP5_5p36TeV_pythia8/260306_002843/0000/HiForestMiniAOD_596.root
Time elapsed: 13545 seconds
File Contains: 112000 entries.
NMiss: 2043071 | NFake: 2845150 | NMatch: 45662554
Processing file 551 of 817: /eos/cms/store/group/phys_heavyions/hbossi/mc_productions/QCD-dijet_pThat15-event-weighted_TuneCP5_5p36TeV_pythia8/OO_MC_DijetEmbedded_pThat-15to1200_TuneCP5_5p36TeV_pythia8/260306_002843/0000/HiForestMiniAOD_597.root
Time elapsed: 13579 seconds
File Contains: 128000 entries.
NMiss: 2046988 | NFake: 2850450 | NMatch: 45748559
Processing file 552 of 817: /eos/cms/store/group/phys_heavyions/hbossi/mc_productions/QCD-dijet_pThat15-event-weighted_TuneCP5_5p36TeV_pythia8/OO_MC_DijetEmbedded_pThat-15to1200_TuneCP5_5p36TeV_pythia8/260306_002843/0000/HiForestMiniAOD_598.root
Time elapsed: 13599 seconds
File Contains: 142000 entries.
NMiss: 2051220 | NFake: 2856305 | NMatch: 45843559
Processing file 553 of 817: /eos/cms/store/group/phys_heavyions/hbossi/mc_productions/QCD-dijet_pThat15-event-weighted_TuneCP5_5p36TeV_pythia8/OO_MC_DijetEmbedded_pThat-15to1200_TuneCP5_5p36TeV_pythia8/260306_002843/0000/HiForestMiniAOD_599.root
Time elapsed: 13626 seconds
File Contains: 138000 entries.
NMiss: 2055342 | NFake: 2862138 | NMatch: 45936063
Processing file 554 of 817: /eos/cms/store/group/phys_heavyions/hbossi/mc_productions/QCD-dijet_pThat15-event-weighted_TuneCP5_5p36TeV_pythia8/OO_MC_DijetEmbedded_pThat-15to1200_TuneCP5_5p36TeV_pythia8/260306_002843/0000/HiForestMiniAOD_6.root
Time elapsed: 13658 seconds
File Contains: 163000 entries.
NMiss: 2060249 | NFake: 2868754 | NMatch: 46044795
Processing file 555 of 817: /eos/cms/store/group/phys_heavyions/hbossi/mc_productions/QCD-dijet_pThat15-event-weighted_TuneCP5_5p36TeV_pythia8/OO_MC_DijetEmbedded_pThat-15to1200_TuneCP5_5p36TeV_pythia8/260306_002843/0000/HiForestMiniAOD_60.root
Time elapsed: 13684 seconds
File Contains: 133000 entries.
NMiss: 2064315 | NFake: 2874248 | NMatch: 46133640
Processing file 556 of 817: /eos/cms/store/group/phys_heavyions/hbossi/mc_productions/QCD-dijet_pThat15-event-weighted_TuneCP5_5p36TeV_pythia8/OO_MC_DijetEmbedded_pThat-15to1200_TuneCP5_5p36TeV_pythia8/260306_002843/0000/HiForestMiniAOD_600.root
Time elapsed: 13710 seconds
File Contains: 91000 entries.
NMiss: 2067129 | NFake: 2878016 | NMatch: 46194605
Processing file 557 of 817: /eos/cms/store/group/phys_heavyions/hbossi/mc_productions/QCD-dijet_pThat15-event-weighted_TuneCP5_5p36TeV_pythia8/OO_MC_DijetEmbedded_pThat-15to1200_TuneCP5_5p36TeV_pythia8/260306_002843/0000/HiForestMiniAOD_601.root
Time elapsed: 13737 seconds
File Contains: 137000 entries.
NMiss: 2071211 | NFake: 2883828 | NMatch: 46285980
Processing file 558 of 817: /eos/cms/store/group/phys_heavyions/hbossi/mc_productions/QCD-dijet_pThat15-event-weighted_TuneCP5_5p36TeV_pythia8/OO_MC_DijetEmbedded_pThat-15to1200_TuneCP5_5p36TeV_pythia8/260306_002843/0000/HiForestMiniAOD_602.root
Time elapsed: 13757 seconds
File Contains: 92000 entries.
NMiss: 2073988 | NFake: 2887580 | NMatch: 46347125
Processing file 559 of 817: /eos/cms/store/group/phys_heavyions/hbossi/mc_productions/QCD-dijet_pThat15-event-weighted_TuneCP5_5p36TeV_pythia8/OO_MC_DijetEmbedded_pThat-15to1200_TuneCP5_5p36TeV_pythia8/260306_002843/0000/HiForestMiniAOD_603.root
Time elapsed: 13778 seconds
File Contains: 140000 entries.
NMiss: 2078224 | NFake: 2893374 | NMatch: 46440606
Processing file 560 of 817: /eos/cms/store/group/phys_heavyions/hbossi/mc_productions/QCD-dijet_pThat15-event-weighted_TuneCP5_5p36TeV_pythia8/OO_MC_DijetEmbedded_pThat-15to1200_TuneCP5_5p36TeV_pythia8/260306_002843/0000/HiForestMiniAOD_604.root
Time elapsed: 13796 seconds
File Contains: 137000 entries.
NMiss: 2082230 | NFake: 2899228 | NMatch: 46532316
Processing file 561 of 817: /eos/cms/store/group/phys_heavyions/hbossi/mc_productions/QCD-dijet_pThat15-event-weighted_TuneCP5_5p36TeV_pythia8/OO_MC_DijetEmbedded_pThat-15to1200_TuneCP5_5p36TeV_pythia8/260306_002843/0000/HiForestMiniAOD_605.root
Time elapsed: 13825 seconds
File Contains: 111000 entries.
NMiss: 2085593 | NFake: 2903925 | NMatch: 46606686
Processing file 562 of 817: /eos/cms/store/group/phys_heavyions/hbossi/mc_productions/QCD-dijet_pThat15-event-weighted_TuneCP5_5p36TeV_pythia8/OO_MC_DijetEmbedded_pThat-15to1200_TuneCP5_5p36TeV_pythia8/260306_002843/0000/HiForestMiniAOD_606.root
Time elapsed: 13844 seconds
File Contains: 134000 entries.
NMiss: 2089752 | NFake: 2909609 | NMatch: 46695908
Processing file 563 of 817: /eos/cms/store/group/phys_heavyions/hbossi/mc_productions/QCD-dijet_pThat15-event-weighted_TuneCP5_5p36TeV_pythia8/OO_MC_DijetEmbedded_pThat-15to1200_TuneCP5_5p36TeV_pythia8/260306_002843/0000/HiForestMiniAOD_607.root
Time elapsed: 13866 seconds
File Contains: 112000 entries.
NMiss: 2093155 | NFake: 2914278 | NMatch: 46770847
Processing file 564 of 817: /eos/cms/store/group/phys_heavyions/hbossi/mc_productions/QCD-dijet_pThat15-event-weighted_TuneCP5_5p36TeV_pythia8/OO_MC_DijetEmbedded_pThat-15to1200_TuneCP5_5p36TeV_pythia8/260306_002843/0000/HiForestMiniAOD_608.root
Time elapsed: 13888 seconds
File Contains: 139000 entries.
NMiss: 2097254 | NFake: 2920028 | NMatch: 46864303
Processing file 565 of 817: /eos/cms/store/group/phys_heavyions/hbossi/mc_productions/QCD-dijet_pThat15-event-weighted_TuneCP5_5p36TeV_pythia8/OO_MC_DijetEmbedded_pThat-15to1200_TuneCP5_5p36TeV_pythia8/260306_002843/0000/HiForestMiniAOD_609.root
Time elapsed: 13914 seconds
File Contains: 94000 entries.
NMiss: 2100081 | NFake: 2923951 | NMatch: 46927349
Processing file 566 of 817: /eos/cms/store/group/phys_heavyions/hbossi/mc_productions/QCD-dijet_pThat15-event-weighted_TuneCP5_5p36TeV_pythia8/OO_MC_DijetEmbedded_pThat-15to1200_TuneCP5_5p36TeV_pythia8/260306_002843/0000/HiForestMiniAOD_61.root
Time elapsed: 13931 seconds
File Contains: 130000 entries.
NMiss: 2103851 | NFake: 2929136 | NMatch: 47014606
Processing file 567 of 817: /eos/cms/store/group/phys_heavyions/hbossi/mc_productions/QCD-dijet_pThat15-event-weighted_TuneCP5_5p36TeV_pythia8/OO_MC_DijetEmbedded_pThat-15to1200_TuneCP5_5p36TeV_pythia8/260306_002843/0000/HiForestMiniAOD_610.root
Time elapsed: 13951 seconds
File Contains: 126000 entries.
NMiss: 2107580 | NFake: 2934417 | NMatch: 47099195
Processing file 568 of 817: /eos/cms/store/group/phys_heavyions/hbossi/mc_productions/QCD-dijet_pThat15-event-weighted_TuneCP5_5p36TeV_pythia8/OO_MC_DijetEmbedded_pThat-15to1200_TuneCP5_5p36TeV_pythia8/260306_002843/0000/HiForestMiniAOD_611.root
Time elapsed: 13973 seconds
File Contains: 130000 entries.
NMiss: 2111503 | NFake: 2939930 | NMatch: 47186235
Processing file 569 of 817: /eos/cms/store/group/phys_heavyions/hbossi/mc_productions/QCD-dijet_pThat15-event-weighted_TuneCP5_5p36TeV_pythia8/OO_MC_DijetEmbedded_pThat-15to1200_TuneCP5_5p36TeV_pythia8/260306_002843/0000/HiForestMiniAOD_612.root
Time elapsed: 13993 seconds
File Contains: 97000 entries.
NMiss: 2114440 | NFake: 2943897 | NMatch: 47251195
Processing file 570 of 817: /eos/cms/store/group/phys_heavyions/hbossi/mc_productions/QCD-dijet_pThat15-event-weighted_TuneCP5_5p36TeV_pythia8/OO_MC_DijetEmbedded_pThat-15to1200_TuneCP5_5p36TeV_pythia8/260306_002843/0000/HiForestMiniAOD_613.root
Time elapsed: 14010 seconds
File Contains: 148000 entries.
NMiss: 2118941 | NFake: 2949957 | NMatch: 47350495
Processing file 571 of 817: /eos/cms/store/group/phys_heavyions/hbossi/mc_productions/QCD-dijet_pThat15-event-weighted_TuneCP5_5p36TeV_pythia8/OO_MC_DijetEmbedded_pThat-15to1200_TuneCP5_5p36TeV_pythia8/260306_002843/0000/HiForestMiniAOD_614.root
Time elapsed: 14034 seconds
File Contains: 110000 entries.
NMiss: 2122253 | NFake: 2954578 | NMatch: 47423780
Processing file 572 of 817: /eos/cms/store/group/phys_heavyions/hbossi/mc_productions/QCD-dijet_pThat15-event-weighted_TuneCP5_5p36TeV_pythia8/OO_MC_DijetEmbedded_pThat-15to1200_TuneCP5_5p36TeV_pythia8/260306_002843/0000/HiForestMiniAOD_615.root
Time elapsed: 14060 seconds
File Contains: 159000 entries.
NMiss: 2126870 | NFake: 2961071 | NMatch: 47529938
Processing file 573 of 817: /eos/cms/store/group/phys_heavyions/hbossi/mc_productions/QCD-dijet_pThat15-event-weighted_TuneCP5_5p36TeV_pythia8/OO_MC_DijetEmbedded_pThat-15to1200_TuneCP5_5p36TeV_pythia8/260306_002843/0000/HiForestMiniAOD_616.root
Time elapsed: 14085 seconds
File Contains: 101000 entries.
NMiss: 2129892 | NFake: 2965364 | NMatch: 47597539
Processing file 574 of 817: /eos/cms/store/group/phys_heavyions/hbossi/mc_productions/QCD-dijet_pThat15-event-weighted_TuneCP5_5p36TeV_pythia8/OO_MC_DijetEmbedded_pThat-15to1200_TuneCP5_5p36TeV_pythia8/260306_002843/0000/HiForestMiniAOD_617.root
Time elapsed: 14103 seconds
File Contains: 114000 entries.
NMiss: 2133271 | NFake: 2970117 | NMatch: 47674316
Processing file 575 of 817: /eos/cms/store/group/phys_heavyions/hbossi/mc_productions/QCD-dijet_pThat15-event-weighted_TuneCP5_5p36TeV_pythia8/OO_MC_DijetEmbedded_pThat-15to1200_TuneCP5_5p36TeV_pythia8/260306_002843/0000/HiForestMiniAOD_618.root
Time elapsed: 14124 seconds
File Contains: 129000 entries.
NMiss: 2137142 | NFake: 2975421 | NMatch: 47760413
Processing file 576 of 817: /eos/cms/store/group/phys_heavyions/hbossi/mc_productions/QCD-dijet_pThat15-event-weighted_TuneCP5_5p36TeV_pythia8/OO_MC_DijetEmbedded_pThat-15to1200_TuneCP5_5p36TeV_pythia8/260306_002843/0000/HiForestMiniAOD_619.root
Time elapsed: 14145 seconds
File Contains: 135000 entries.
NMiss: 2141123 | NFake: 2980992 | NMatch: 47850823
Processing file 577 of 817: /eos/cms/store/group/phys_heavyions/hbossi/mc_productions/QCD-dijet_pThat15-event-weighted_TuneCP5_5p36TeV_pythia8/OO_MC_DijetEmbedded_pThat-15to1200_TuneCP5_5p36TeV_pythia8/260306_002843/0000/HiForestMiniAOD_62.root
Time elapsed: 14166 seconds
File Contains: 127000 entries.
NMiss: 2144974 | NFake: 2986264 | NMatch: 47935712
Processing file 578 of 817: /eos/cms/store/group/phys_heavyions/hbossi/mc_productions/QCD-dijet_pThat15-event-weighted_TuneCP5_5p36TeV_pythia8/OO_MC_DijetEmbedded_pThat-15to1200_TuneCP5_5p36TeV_pythia8/260306_002843/0000/HiForestMiniAOD_620.root
Time elapsed: 14202 seconds
File Contains: 137000 entries.
NMiss: 2148987 | NFake: 2991879 | NMatch: 48027399
Processing file 579 of 817: /eos/cms/store/group/phys_heavyions/hbossi/mc_productions/QCD-dijet_pThat15-event-weighted_TuneCP5_5p36TeV_pythia8/OO_MC_DijetEmbedded_pThat-15to1200_TuneCP5_5p36TeV_pythia8/260306_002843/0000/HiForestMiniAOD_621.root
Time elapsed: 14233 seconds
File Contains: 113000 entries.
NMiss: 2152393 | NFake: 2996534 | NMatch: 48102918
Processing file 580 of 817: /eos/cms/store/group/phys_heavyions/hbossi/mc_productions/QCD-dijet_pThat15-event-weighted_TuneCP5_5p36TeV_pythia8/OO_MC_DijetEmbedded_pThat-15to1200_TuneCP5_5p36TeV_pythia8/260306_002843/0000/HiForestMiniAOD_622.root
Time elapsed: 14256 seconds
File Contains: 165000 entries.
NMiss: 2157426 | NFake: 3003370 | NMatch: 48213084
Processing file 581 of 817: /eos/cms/store/group/phys_heavyions/hbossi/mc_productions/QCD-dijet_pThat15-event-weighted_TuneCP5_5p36TeV_pythia8/OO_MC_DijetEmbedded_pThat-15to1200_TuneCP5_5p36TeV_pythia8/260306_002843/0000/HiForestMiniAOD_623.root
Time elapsed: 14279 seconds
File Contains: 119000 entries.
NMiss: 2160970 | NFake: 3008303 | NMatch: 48292777
Processing file 582 of 817: /eos/cms/store/group/phys_heavyions/hbossi/mc_productions/QCD-dijet_pThat15-event-weighted_TuneCP5_5p36TeV_pythia8/OO_MC_DijetEmbedded_pThat-15to1200_TuneCP5_5p36TeV_pythia8/260306_002843/0000/HiForestMiniAOD_624.root
Time elapsed: 14300 seconds
File Contains: 137000 entries.
NMiss: 2165102 | NFake: 3013912 | NMatch: 48384714
Processing file 583 of 817: /eos/cms/store/group/phys_heavyions/hbossi/mc_productions/QCD-dijet_pThat15-event-weighted_TuneCP5_5p36TeV_pythia8/OO_MC_DijetEmbedded_pThat-15to1200_TuneCP5_5p36TeV_pythia8/260306_002843/0000/HiForestMiniAOD_625.root
Time elapsed: 14322 seconds
File Contains: 101000 entries.
NMiss: 2168205 | NFake: 3018031 | NMatch: 48452828
Processing file 584 of 817: /eos/cms/store/group/phys_heavyions/hbossi/mc_productions/QCD-dijet_pThat15-event-weighted_TuneCP5_5p36TeV_pythia8/OO_MC_DijetEmbedded_pThat-15to1200_TuneCP5_5p36TeV_pythia8/260306_002843/0000/HiForestMiniAOD_626.root
Time elapsed: 14348 seconds
File Contains: 123000 entries.
NMiss: 2171908 | NFake: 3022950 | NMatch: 48534889
Processing file 585 of 817: /eos/cms/store/group/phys_heavyions/hbossi/mc_productions/QCD-dijet_pThat15-event-weighted_TuneCP5_5p36TeV_pythia8/OO_MC_DijetEmbedded_pThat-15to1200_TuneCP5_5p36TeV_pythia8/260306_002843/0000/HiForestMiniAOD_627.root
Time elapsed: 14371 seconds
File Contains: 113000 entries.
NMiss: 2175270 | NFake: 3027636 | NMatch: 48610560
Processing file 586 of 817: /eos/cms/store/group/phys_heavyions/hbossi/mc_productions/QCD-dijet_pThat15-event-weighted_TuneCP5_5p36TeV_pythia8/OO_MC_DijetEmbedded_pThat-15to1200_TuneCP5_5p36TeV_pythia8/260306_002843/0000/HiForestMiniAOD_628.root
Time elapsed: 14403 seconds
File Contains: 115000 entries.
NMiss: 2178775 | NFake: 3032540 | NMatch: 48687258
Processing file 587 of 817: /eos/cms/store/group/phys_heavyions/hbossi/mc_productions/QCD-dijet_pThat15-event-weighted_TuneCP5_5p36TeV_pythia8/OO_MC_DijetEmbedded_pThat-15to1200_TuneCP5_5p36TeV_pythia8/260306_002843/0000/HiForestMiniAOD_629.root
Time elapsed: 14422 seconds
File Contains: 128000 entries.
NMiss: 2182573 | NFake: 3037811 | NMatch: 48772805
Processing file 588 of 817: /eos/cms/store/group/phys_heavyions/hbossi/mc_productions/QCD-dijet_pThat15-event-weighted_TuneCP5_5p36TeV_pythia8/OO_MC_DijetEmbedded_pThat-15to1200_TuneCP5_5p36TeV_pythia8/260306_002843/0000/HiForestMiniAOD_63.root
Time elapsed: 14444 seconds
File Contains: 124000 entries.
NMiss: 2186282 | NFake: 3043026 | NMatch: 48855578
Processing file 589 of 817: /eos/cms/store/group/phys_heavyions/hbossi/mc_productions/QCD-dijet_pThat15-event-weighted_TuneCP5_5p36TeV_pythia8/OO_MC_DijetEmbedded_pThat-15to1200_TuneCP5_5p36TeV_pythia8/260306_002843/0000/HiForestMiniAOD_630.root
Time elapsed: 14465 seconds
File Contains: 164000 entries.
NMiss: 2191156 | NFake: 3049891 | NMatch: 48965244
Processing file 590 of 817: /eos/cms/store/group/phys_heavyions/hbossi/mc_productions/QCD-dijet_pThat15-event-weighted_TuneCP5_5p36TeV_pythia8/OO_MC_DijetEmbedded_pThat-15to1200_TuneCP5_5p36TeV_pythia8/260306_002843/0000/HiForestMiniAOD_631.root
Time elapsed: 14488 seconds
File Contains: 142000 entries.
NMiss: 2195451 | NFake: 3055771 | NMatch: 49060624
Processing file 591 of 817: /eos/cms/store/group/phys_heavyions/hbossi/mc_productions/QCD-dijet_pThat15-event-weighted_TuneCP5_5p36TeV_pythia8/OO_MC_DijetEmbedded_pThat-15to1200_TuneCP5_5p36TeV_pythia8/260306_002843/0000/HiForestMiniAOD_632.root
Time elapsed: 14510 seconds
File Contains: 107000 entries.
NMiss: 2198688 | NFake: 3060215 | NMatch: 49132303
Processing file 592 of 817: /eos/cms/store/group/phys_heavyions/hbossi/mc_productions/QCD-dijet_pThat15-event-weighted_TuneCP5_5p36TeV_pythia8/OO_MC_DijetEmbedded_pThat-15to1200_TuneCP5_5p36TeV_pythia8/260306_002843/0000/HiForestMiniAOD_633.root
Time elapsed: 14526 seconds
File Contains: 88000 entries.
NMiss: 2201185 | NFake: 3063862 | NMatch: 49191078
Processing file 593 of 817: /eos/cms/store/group/phys_heavyions/hbossi/mc_productions/QCD-dijet_pThat15-event-weighted_TuneCP5_5p36TeV_pythia8/OO_MC_DijetEmbedded_pThat-15to1200_TuneCP5_5p36TeV_pythia8/260306_002843/0000/HiForestMiniAOD_634.root
Time elapsed: 14543 seconds
File Contains: 106000 entries.
NMiss: 2204458 | NFake: 3068346 | NMatch: 49262295
Processing file 594 of 817: /eos/cms/store/group/phys_heavyions/hbossi/mc_productions/QCD-dijet_pThat15-event-weighted_TuneCP5_5p36TeV_pythia8/OO_MC_DijetEmbedded_pThat-15to1200_TuneCP5_5p36TeV_pythia8/260306_002843/0000/HiForestMiniAOD_635.root
Time elapsed: 14566 seconds
File Contains: 138000 entries.
NMiss: 2208711 | NFake: 3074123 | NMatch: 49354407
Processing file 595 of 817: /eos/cms/store/group/phys_heavyions/hbossi/mc_productions/QCD-dijet_pThat15-event-weighted_TuneCP5_5p36TeV_pythia8/OO_MC_DijetEmbedded_pThat-15to1200_TuneCP5_5p36TeV_pythia8/260306_002843/0000/HiForestMiniAOD_636.root
Time elapsed: 14599 seconds
File Contains: 128000 entries.
NMiss: 2212512 | NFake: 3079461 | NMatch: 49440395
Processing file 596 of 817: /eos/cms/store/group/phys_heavyions/hbossi/mc_productions/QCD-dijet_pThat15-event-weighted_TuneCP5_5p36TeV_pythia8/OO_MC_DijetEmbedded_pThat-15to1200_TuneCP5_5p36TeV_pythia8/260306_002843/0000/HiForestMiniAOD_637.root
Time elapsed: 14625 seconds
File Contains: 108000 entries.
NMiss: 2215688 | NFake: 3084003 | NMatch: 49512487
Processing file 597 of 817: /eos/cms/store/group/phys_heavyions/hbossi/mc_productions/QCD-dijet_pThat15-event-weighted_TuneCP5_5p36TeV_pythia8/OO_MC_DijetEmbedded_pThat-15to1200_TuneCP5_5p36TeV_pythia8/260306_002843/0000/HiForestMiniAOD_638.root
Time elapsed: 14642 seconds
File Contains: 129000 entries.
NMiss: 2219531 | NFake: 3089392 | NMatch: 49599024
Processing file 598 of 817: /eos/cms/store/group/phys_heavyions/hbossi/mc_productions/QCD-dijet_pThat15-event-weighted_TuneCP5_5p36TeV_pythia8/OO_MC_DijetEmbedded_pThat-15to1200_TuneCP5_5p36TeV_pythia8/260306_002843/0000/HiForestMiniAOD_639.root
Time elapsed: 14679 seconds
File Contains: 116000 entries.
NMiss: 2222910 | NFake: 3094204 | NMatch: 49676713
Processing file 599 of 817: /eos/cms/store/group/phys_heavyions/hbossi/mc_productions/QCD-dijet_pThat15-event-weighted_TuneCP5_5p36TeV_pythia8/OO_MC_DijetEmbedded_pThat-15to1200_TuneCP5_5p36TeV_pythia8/260306_002843/0000/HiForestMiniAOD_64.root
Time elapsed: 14710 seconds
File Contains: 138000 entries.
NMiss: 2227076 | NFake: 3100097 | NMatch: 49769202
Processing file 600 of 817: /eos/cms/store/group/phys_heavyions/hbossi/mc_productions/QCD-dijet_pThat15-event-weighted_TuneCP5_5p36TeV_pythia8/OO_MC_DijetEmbedded_pThat-15to1200_TuneCP5_5p36TeV_pythia8/260306_002843/0000/HiForestMiniAOD_640.root
Time elapsed: 14735 seconds
File Contains: 113000 entries.
NMiss: 2230460 | NFake: 3104793 | NMatch: 49844921
Processing file 601 of 817: /eos/cms/store/group/phys_heavyions/hbossi/mc_productions/QCD-dijet_pThat15-event-weighted_TuneCP5_5p36TeV_pythia8/OO_MC_DijetEmbedded_pThat-15to1200_TuneCP5_5p36TeV_pythia8/260306_002843/0000/HiForestMiniAOD_641.root
Time elapsed: 14759 seconds
File Contains: 117000 entries.
NMiss: 2234021 | NFake: 3109653 | NMatch: 49923354
Processing file 602 of 817: /eos/cms/store/group/phys_heavyions/hbossi/mc_productions/QCD-dijet_pThat15-event-weighted_TuneCP5_5p36TeV_pythia8/OO_MC_DijetEmbedded_pThat-15to1200_TuneCP5_5p36TeV_pythia8/260306_002843/0000/HiForestMiniAOD_642.root
Time elapsed: 14781 seconds
File Contains: 97000 entries.
NMiss: 2236989 | NFake: 3113720 | NMatch: 49987694
Processing file 603 of 817: /eos/cms/store/group/phys_heavyions/hbossi/mc_productions/QCD-dijet_pThat15-event-weighted_TuneCP5_5p36TeV_pythia8/OO_MC_DijetEmbedded_pThat-15to1200_TuneCP5_5p36TeV_pythia8/260306_002843/0000/HiForestMiniAOD_643.root
Time elapsed: 14800 seconds
File Contains: 126000 entries.
NMiss: 2240733 | NFake: 3118992 | NMatch: 50071892
Processing file 604 of 817: /eos/cms/store/group/phys_heavyions/hbossi/mc_productions/QCD-dijet_pThat15-event-weighted_TuneCP5_5p36TeV_pythia8/OO_MC_DijetEmbedded_pThat-15to1200_TuneCP5_5p36TeV_pythia8/260306_002843/0000/HiForestMiniAOD_644.root
Time elapsed: 14818 seconds
File Contains: 154000 entries.
NMiss: 2245381 | NFake: 3125435 | NMatch: 50174793
Processing file 605 of 817: /eos/cms/store/group/phys_heavyions/hbossi/mc_productions/QCD-dijet_pThat15-event-weighted_TuneCP5_5p36TeV_pythia8/OO_MC_DijetEmbedded_pThat-15to1200_TuneCP5_5p36TeV_pythia8/260306_002843/0000/HiForestMiniAOD_645.root
Time elapsed: 14838 seconds
File Contains: 120000 entries.
NMiss: 2248877 | NFake: 3130327 | NMatch: 50254902
Processing file 606 of 817: /eos/cms/store/group/phys_heavyions/hbossi/mc_productions/QCD-dijet_pThat15-event-weighted_TuneCP5_5p36TeV_pythia8/OO_MC_DijetEmbedded_pThat-15to1200_TuneCP5_5p36TeV_pythia8/260306_002843/0000/HiForestMiniAOD_646.root
Time elapsed: 14863 seconds
File Contains: 101000 entries.
NMiss: 2251871 | NFake: 3134452 | NMatch: 50322435
Processing file 607 of 817: /eos/cms/store/group/phys_heavyions/hbossi/mc_productions/QCD-dijet_pThat15-event-weighted_TuneCP5_5p36TeV_pythia8/OO_MC_DijetEmbedded_pThat-15to1200_TuneCP5_5p36TeV_pythia8/260306_002843/0000/HiForestMiniAOD_647.root
Time elapsed: 14881 seconds
File Contains: 135000 entries.
NMiss: 2255864 | NFake: 3140050 | NMatch: 50412647
Processing file 608 of 817: /eos/cms/store/group/phys_heavyions/hbossi/mc_productions/QCD-dijet_pThat15-event-weighted_TuneCP5_5p36TeV_pythia8/OO_MC_DijetEmbedded_pThat-15to1200_TuneCP5_5p36TeV_pythia8/260306_002843/0000/HiForestMiniAOD_648.root
Time elapsed: 14911 seconds
File Contains: 143000 entries.
NMiss: 2260108 | NFake: 3146064 | NMatch: 50508573
Processing file 609 of 817: /eos/cms/store/group/phys_heavyions/hbossi/mc_productions/QCD-dijet_pThat15-event-weighted_TuneCP5_5p36TeV_pythia8/OO_MC_DijetEmbedded_pThat-15to1200_TuneCP5_5p36TeV_pythia8/260306_002843/0000/HiForestMiniAOD_649.root
Time elapsed: 14931 seconds
File Contains: 106000 entries.
NMiss: 2263268 | NFake: 3150447 | NMatch: 50579713
Processing file 610 of 817: /eos/cms/store/group/phys_heavyions/hbossi/mc_productions/QCD-dijet_pThat15-event-weighted_TuneCP5_5p36TeV_pythia8/OO_MC_DijetEmbedded_pThat-15to1200_TuneCP5_5p36TeV_pythia8/260306_002843/0000/HiForestMiniAOD_65.root
Time elapsed: 14954 seconds
File Contains: 88000 entries.
NMiss: 2265824 | NFake: 3154062 | NMatch: 50638334
Processing file 611 of 817: /eos/cms/store/group/phys_heavyions/hbossi/mc_productions/QCD-dijet_pThat15-event-weighted_TuneCP5_5p36TeV_pythia8/OO_MC_DijetEmbedded_pThat-15to1200_TuneCP5_5p36TeV_pythia8/260306_002843/0000/HiForestMiniAOD_650.root
Time elapsed: 14973 seconds
File Contains: 138000 entries.
NMiss: 2269890 | NFake: 3159826 | NMatch: 50730734
Processing file 612 of 817: /eos/cms/store/group/phys_heavyions/hbossi/mc_productions/QCD-dijet_pThat15-event-weighted_TuneCP5_5p36TeV_pythia8/OO_MC_DijetEmbedded_pThat-15to1200_TuneCP5_5p36TeV_pythia8/260306_002843/0000/HiForestMiniAOD_651.root
Time elapsed: 15005 seconds
File Contains: 122000 entries.
NMiss: 2273454 | NFake: 3164934 | NMatch: 50812954
Processing file 613 of 817: /eos/cms/store/group/phys_heavyions/hbossi/mc_productions/QCD-dijet_pThat15-event-weighted_TuneCP5_5p36TeV_pythia8/OO_MC_DijetEmbedded_pThat-15to1200_TuneCP5_5p36TeV_pythia8/260306_002843/0000/HiForestMiniAOD_652.root
Time elapsed: 15024 seconds
File Contains: 111000 entries.
NMiss: 2276810 | NFake: 3169547 | NMatch: 50887166
Processing file 614 of 817: /eos/cms/store/group/phys_heavyions/hbossi/mc_productions/QCD-dijet_pThat15-event-weighted_TuneCP5_5p36TeV_pythia8/OO_MC_DijetEmbedded_pThat-15to1200_TuneCP5_5p36TeV_pythia8/260306_002843/0000/HiForestMiniAOD_653.root
Time elapsed: 15045 seconds
File Contains: 87000 entries.
NMiss: 2279435 | NFake: 3173201 | NMatch: 50945604
Processing file 615 of 817: /eos/cms/store/group/phys_heavyions/hbossi/mc_productions/QCD-dijet_pThat15-event-weighted_TuneCP5_5p36TeV_pythia8/OO_MC_DijetEmbedded_pThat-15to1200_TuneCP5_5p36TeV_pythia8/260306_002843/0000/HiForestMiniAOD_654.root
Time elapsed: 15058 seconds
File Contains: 110000 entries.
NMiss: 2282683 | NFake: 3177770 | NMatch: 51019342
Processing file 616 of 817: /eos/cms/store/group/phys_heavyions/hbossi/mc_productions/QCD-dijet_pThat15-event-weighted_TuneCP5_5p36TeV_pythia8/OO_MC_DijetEmbedded_pThat-15to1200_TuneCP5_5p36TeV_pythia8/260306_002843/0000/HiForestMiniAOD_655.root
Time elapsed: 15074 seconds
File Contains: 114000 entries.
NMiss: 2286152 | NFake: 3182548 | NMatch: 51095833
Processing file 617 of 817: /eos/cms/store/group/phys_heavyions/hbossi/mc_productions/QCD-dijet_pThat15-event-weighted_TuneCP5_5p36TeV_pythia8/OO_MC_DijetEmbedded_pThat-15to1200_TuneCP5_5p36TeV_pythia8/260306_002843/0000/HiForestMiniAOD_656.root
Time elapsed: 15100 seconds
File Contains: 105000 entries.
NMiss: 2289307 | NFake: 3186860 | NMatch: 51165742
Processing file 618 of 817: /eos/cms/store/group/phys_heavyions/hbossi/mc_productions/QCD-dijet_pThat15-event-weighted_TuneCP5_5p36TeV_pythia8/OO_MC_DijetEmbedded_pThat-15to1200_TuneCP5_5p36TeV_pythia8/260306_002843/0000/HiForestMiniAOD_657.root
Time elapsed: 15116 seconds
File Contains: 132000 entries.
NMiss: 2293253 | NFake: 3192479 | NMatch: 51253851
Processing file 619 of 817: /eos/cms/store/group/phys_heavyions/hbossi/mc_productions/QCD-dijet_pThat15-event-weighted_TuneCP5_5p36TeV_pythia8/OO_MC_DijetEmbedded_pThat-15to1200_TuneCP5_5p36TeV_pythia8/260306_002843/0000/HiForestMiniAOD_658.root
Time elapsed: 15135 seconds
File Contains: 115000 entries.
NMiss: 2296648 | NFake: 3197284 | NMatch: 51330732
Processing file 620 of 817: /eos/cms/store/group/phys_heavyions/hbossi/mc_productions/QCD-dijet_pThat15-event-weighted_TuneCP5_5p36TeV_pythia8/OO_MC_DijetEmbedded_pThat-15to1200_TuneCP5_5p36TeV_pythia8/260306_002843/0000/HiForestMiniAOD_659.root
Time elapsed: 15160 seconds
File Contains: 114000 entries.
NMiss: 2299957 | NFake: 3201865 | NMatch: 51406884
Processing file 621 of 817: /eos/cms/store/group/phys_heavyions/hbossi/mc_productions/QCD-dijet_pThat15-event-weighted_TuneCP5_5p36TeV_pythia8/OO_MC_DijetEmbedded_pThat-15to1200_TuneCP5_5p36TeV_pythia8/260306_002843/0000/HiForestMiniAOD_66.root
Time elapsed: 15182 seconds
File Contains: 101000 entries.
NMiss: 2303035 | NFake: 3206099 | NMatch: 51474195
Processing file 622 of 817: /eos/cms/store/group/phys_heavyions/hbossi/mc_productions/QCD-dijet_pThat15-event-weighted_TuneCP5_5p36TeV_pythia8/OO_MC_DijetEmbedded_pThat-15to1200_TuneCP5_5p36TeV_pythia8/260306_002843/0000/HiForestMiniAOD_660.root
Time elapsed: 15209 seconds
File Contains: 87000 entries.
NMiss: 2305705 | NFake: 3209749 | NMatch: 51532256
Processing file 623 of 817: /eos/cms/store/group/phys_heavyions/hbossi/mc_productions/QCD-dijet_pThat15-event-weighted_TuneCP5_5p36TeV_pythia8/OO_MC_DijetEmbedded_pThat-15to1200_TuneCP5_5p36TeV_pythia8/260306_002843/0000/HiForestMiniAOD_661.root
Time elapsed: 15225 seconds
File Contains: 160000 entries.
NMiss: 2310484 | NFake: 3216451 | NMatch: 51639674
Processing file 624 of 817: /eos/cms/store/group/phys_heavyions/hbossi/mc_productions/QCD-dijet_pThat15-event-weighted_TuneCP5_5p36TeV_pythia8/OO_MC_DijetEmbedded_pThat-15to1200_TuneCP5_5p36TeV_pythia8/260306_002843/0000/HiForestMiniAOD_662.root
Time elapsed: 15250 seconds
File Contains: 109000 entries.
NMiss: 2313752 | NFake: 3220980 | NMatch: 51712854
Processing file 625 of 817: /eos/cms/store/group/phys_heavyions/hbossi/mc_productions/QCD-dijet_pThat15-event-weighted_TuneCP5_5p36TeV_pythia8/OO_MC_DijetEmbedded_pThat-15to1200_TuneCP5_5p36TeV_pythia8/260306_002843/0000/HiForestMiniAOD_663.root
Time elapsed: 15268 seconds
File Contains: 105000 entries.
NMiss: 2316917 | NFake: 3225376 | NMatch: 51783118
Processing file 626 of 817: /eos/cms/store/group/phys_heavyions/hbossi/mc_productions/QCD-dijet_pThat15-event-weighted_TuneCP5_5p36TeV_pythia8/OO_MC_DijetEmbedded_pThat-15to1200_TuneCP5_5p36TeV_pythia8/260306_002843/0000/HiForestMiniAOD_664.root
Time elapsed: 15286 seconds
File Contains: 142000 entries.
NMiss: 2321119 | NFake: 3231236 | NMatch: 51877537
Processing file 627 of 817: /eos/cms/store/group/phys_heavyions/hbossi/mc_productions/QCD-dijet_pThat15-event-weighted_TuneCP5_5p36TeV_pythia8/OO_MC_DijetEmbedded_pThat-15to1200_TuneCP5_5p36TeV_pythia8/260306_002843/0000/HiForestMiniAOD_665.root
Time elapsed: 15313 seconds
File Contains: 109000 entries.
NMiss: 2324480 | NFake: 3235763 | NMatch: 51949943
Processing file 628 of 817: /eos/cms/store/group/phys_heavyions/hbossi/mc_productions/QCD-dijet_pThat15-event-weighted_TuneCP5_5p36TeV_pythia8/OO_MC_DijetEmbedded_pThat-15to1200_TuneCP5_5p36TeV_pythia8/260306_002843/0000/HiForestMiniAOD_666.root
Time elapsed: 15333 seconds
File Contains: 97000 entries.
NMiss: 2327385 | NFake: 3239761 | NMatch: 52015567
Processing file 629 of 817: /eos/cms/store/group/phys_heavyions/hbossi/mc_productions/QCD-dijet_pThat15-event-weighted_TuneCP5_5p36TeV_pythia8/OO_MC_DijetEmbedded_pThat-15to1200_TuneCP5_5p36TeV_pythia8/260306_002843/0000/HiForestMiniAOD_667.root
Time elapsed: 15350 seconds
File Contains: 133000 entries.
NMiss: 2331380 | NFake: 3245209 | NMatch: 52105081
Processing file 630 of 817: /eos/cms/store/group/phys_heavyions/hbossi/mc_productions/QCD-dijet_pThat15-event-weighted_TuneCP5_5p36TeV_pythia8/OO_MC_DijetEmbedded_pThat-15to1200_TuneCP5_5p36TeV_pythia8/260306_002843/0000/HiForestMiniAOD_668.root
Time elapsed: 15374 seconds
File Contains: 94000 entries.
NMiss: 2334241 | NFake: 3249079 | NMatch: 52168334
Processing file 631 of 817: /eos/cms/store/group/phys_heavyions/hbossi/mc_productions/QCD-dijet_pThat15-event-weighted_TuneCP5_5p36TeV_pythia8/OO_MC_DijetEmbedded_pThat-15to1200_TuneCP5_5p36TeV_pythia8/260306_002843/0000/HiForestMiniAOD_669.root
Time elapsed: 15397 seconds
File Contains: 96000 entries.
NMiss: 2337145 | NFake: 3253086 | NMatch: 52232460
Processing file 632 of 817: /eos/cms/store/group/phys_heavyions/hbossi/mc_productions/QCD-dijet_pThat15-event-weighted_TuneCP5_5p36TeV_pythia8/OO_MC_DijetEmbedded_pThat-15to1200_TuneCP5_5p36TeV_pythia8/260306_002843/0000/HiForestMiniAOD_67.root
Time elapsed: 15420 seconds
File Contains: 167000 entries.
NMiss: 2342084 | NFake: 3259991 | NMatch: 52343916
Processing file 633 of 817: /eos/cms/store/group/phys_heavyions/hbossi/mc_productions/QCD-dijet_pThat15-event-weighted_TuneCP5_5p36TeV_pythia8/OO_MC_DijetEmbedded_pThat-15to1200_TuneCP5_5p36TeV_pythia8/260306_002843/0000/HiForestMiniAOD_670.root
Time elapsed: 15446 seconds
File Contains: 120000 entries.
NMiss: 2345704 | NFake: 3265022 | NMatch: 52424327
Processing file 634 of 817: /eos/cms/store/group/phys_heavyions/hbossi/mc_productions/QCD-dijet_pThat15-event-weighted_TuneCP5_5p36TeV_pythia8/OO_MC_DijetEmbedded_pThat-15to1200_TuneCP5_5p36TeV_pythia8/260306_002843/0000/HiForestMiniAOD_671.root
Time elapsed: 15463 seconds
File Contains: 103000 entries.
NMiss: 2348743 | NFake: 3269429 | NMatch: 52493605
Processing file 635 of 817: /eos/cms/store/group/phys_heavyions/hbossi/mc_productions/QCD-dijet_pThat15-event-weighted_TuneCP5_5p36TeV_pythia8/OO_MC_DijetEmbedded_pThat-15to1200_TuneCP5_5p36TeV_pythia8/260306_002843/0000/HiForestMiniAOD_672.root
Time elapsed: 15481 seconds
File Contains: 114000 entries.
NMiss: 2352215 | NFake: 3274121 | NMatch: 52570240
Processing file 636 of 817: /eos/cms/store/group/phys_heavyions/hbossi/mc_productions/QCD-dijet_pThat15-event-weighted_TuneCP5_5p36TeV_pythia8/OO_MC_DijetEmbedded_pThat-15to1200_TuneCP5_5p36TeV_pythia8/260306_002843/0000/HiForestMiniAOD_673.root
Time elapsed: 15501 seconds
File Contains: 105000 entries.
NMiss: 2355320 | NFake: 3278528 | NMatch: 52640196
Processing file 637 of 817: /eos/cms/store/group/phys_heavyions/hbossi/mc_productions/QCD-dijet_pThat15-event-weighted_TuneCP5_5p36TeV_pythia8/OO_MC_DijetEmbedded_pThat-15to1200_TuneCP5_5p36TeV_pythia8/260306_002843/0000/HiForestMiniAOD_674.root
Time elapsed: 15517 seconds
File Contains: 115000 entries.
NMiss: 2358763 | NFake: 3283465 | NMatch: 52716984
Processing file 638 of 817: /eos/cms/store/group/phys_heavyions/hbossi/mc_productions/QCD-dijet_pThat15-event-weighted_TuneCP5_5p36TeV_pythia8/OO_MC_DijetEmbedded_pThat-15to1200_TuneCP5_5p36TeV_pythia8/260306_002843/0000/HiForestMiniAOD_675.root
Time elapsed: 15535 seconds
File Contains: 122000 entries.
NMiss: 2362398 | NFake: 3288513 | NMatch: 52799216
Processing file 639 of 817: /eos/cms/store/group/phys_heavyions/hbossi/mc_productions/QCD-dijet_pThat15-event-weighted_TuneCP5_5p36TeV_pythia8/OO_MC_DijetEmbedded_pThat-15to1200_TuneCP5_5p36TeV_pythia8/260306_002843/0000/HiForestMiniAOD_676.root
Time elapsed: 15560 seconds
File Contains: 141000 entries.
NMiss: 2366639 | NFake: 3294424 | NMatch: 52892796
Processing file 640 of 817: /eos/cms/store/group/phys_heavyions/hbossi/mc_productions/QCD-dijet_pThat15-event-weighted_TuneCP5_5p36TeV_pythia8/OO_MC_DijetEmbedded_pThat-15to1200_TuneCP5_5p36TeV_pythia8/260306_002843/0000/HiForestMiniAOD_677.root
Time elapsed: 15583 seconds
File Contains: 105000 entries.
NMiss: 2369755 | NFake: 3298845 | NMatch: 52963017
Processing file 641 of 817: /eos/cms/store/group/phys_heavyions/hbossi/mc_productions/QCD-dijet_pThat15-event-weighted_TuneCP5_5p36TeV_pythia8/OO_MC_DijetEmbedded_pThat-15to1200_TuneCP5_5p36TeV_pythia8/260306_002843/0000/HiForestMiniAOD_678.root
Time elapsed: 15609 seconds
File Contains: 111000 entries.
NMiss: 2373059 | NFake: 3303567 | NMatch: 53037530
Processing file 642 of 817: /eos/cms/store/group/phys_heavyions/hbossi/mc_productions/QCD-dijet_pThat15-event-weighted_TuneCP5_5p36TeV_pythia8/OO_MC_DijetEmbedded_pThat-15to1200_TuneCP5_5p36TeV_pythia8/260306_002843/0000/HiForestMiniAOD_679.root
Time elapsed: 15627 seconds
File Contains: 128000 entries.
NMiss: 2376784 | NFake: 3308894 | NMatch: 53123374
Processing file 643 of 817: /eos/cms/store/group/phys_heavyions/hbossi/mc_productions/QCD-dijet_pThat15-event-weighted_TuneCP5_5p36TeV_pythia8/OO_MC_DijetEmbedded_pThat-15to1200_TuneCP5_5p36TeV_pythia8/260306_002843/0000/HiForestMiniAOD_68.root
Time elapsed: 15649 seconds
File Contains: 99000 entries.
NMiss: 2379724 | NFake: 3313135 | NMatch: 53189809
Processing file 644 of 817: /eos/cms/store/group/phys_heavyions/hbossi/mc_productions/QCD-dijet_pThat15-event-weighted_TuneCP5_5p36TeV_pythia8/OO_MC_DijetEmbedded_pThat-15to1200_TuneCP5_5p36TeV_pythia8/260306_002843/0000/HiForestMiniAOD_680.root
Time elapsed: 15671 seconds
File Contains: 122000 entries.
NMiss: 2383417 | NFake: 3318403 | NMatch: 53271171
Processing file 645 of 817: /eos/cms/store/group/phys_heavyions/hbossi/mc_productions/QCD-dijet_pThat15-event-weighted_TuneCP5_5p36TeV_pythia8/OO_MC_DijetEmbedded_pThat-15to1200_TuneCP5_5p36TeV_pythia8/260306_002843/0000/HiForestMiniAOD_681.root
Time elapsed: 15708 seconds
File Contains: 97000 entries.
NMiss: 2386341 | NFake: 3322293 | NMatch: 53336575
Processing file 646 of 817: /eos/cms/store/group/phys_heavyions/hbossi/mc_productions/QCD-dijet_pThat15-event-weighted_TuneCP5_5p36TeV_pythia8/OO_MC_DijetEmbedded_pThat-15to1200_TuneCP5_5p36TeV_pythia8/260306_002843/0000/HiForestMiniAOD_682.root
Time elapsed: 15739 seconds
File Contains: 140000 entries.
NMiss: 2390498 | NFake: 3328311 | NMatch: 53429854
Processing file 647 of 817: /eos/cms/store/group/phys_heavyions/hbossi/mc_productions/QCD-dijet_pThat15-event-weighted_TuneCP5_5p36TeV_pythia8/OO_MC_DijetEmbedded_pThat-15to1200_TuneCP5_5p36TeV_pythia8/260306_002843/0000/HiForestMiniAOD_683.root
Time elapsed: 15762 seconds
File Contains: 118000 entries.
NMiss: 2394052 | NFake: 3333395 | NMatch: 53508417
Processing file 648 of 817: /eos/cms/store/group/phys_heavyions/hbossi/mc_productions/QCD-dijet_pThat15-event-weighted_TuneCP5_5p36TeV_pythia8/OO_MC_DijetEmbedded_pThat-15to1200_TuneCP5_5p36TeV_pythia8/260306_002843/0000/HiForestMiniAOD_684.root
Time elapsed: 15783 seconds
File Contains: 167000 entries.
NMiss: 2399095 | NFake: 3340402 | NMatch: 53620817
Processing file 649 of 817: /eos/cms/store/group/phys_heavyions/hbossi/mc_productions/QCD-dijet_pThat15-event-weighted_TuneCP5_5p36TeV_pythia8/OO_MC_DijetEmbedded_pThat-15to1200_TuneCP5_5p36TeV_pythia8/260306_002843/0000/HiForestMiniAOD_685.root
Time elapsed: 15815 seconds
File Contains: 134000 entries.
NMiss: 2403138 | NFake: 3346073 | NMatch: 53710584
Processing file 650 of 817: /eos/cms/store/group/phys_heavyions/hbossi/mc_productions/QCD-dijet_pThat15-event-weighted_TuneCP5_5p36TeV_pythia8/OO_MC_DijetEmbedded_pThat-15to1200_TuneCP5_5p36TeV_pythia8/260306_002843/0000/HiForestMiniAOD_686.root
Time elapsed: 15841 seconds
File Contains: 144000 entries.
NMiss: 2407504 | NFake: 3352003 | NMatch: 53806365
Processing file 651 of 817: /eos/cms/store/group/phys_heavyions/hbossi/mc_productions/QCD-dijet_pThat15-event-weighted_TuneCP5_5p36TeV_pythia8/OO_MC_DijetEmbedded_pThat-15to1200_TuneCP5_5p36TeV_pythia8/260306_002843/0000/HiForestMiniAOD_687.root
Time elapsed: 15862 seconds
File Contains: 147000 entries.
NMiss: 2411960 | NFake: 3358264 | NMatch: 53904373
Processing file 652 of 817: /eos/cms/store/group/phys_heavyions/hbossi/mc_productions/QCD-dijet_pThat15-event-weighted_TuneCP5_5p36TeV_pythia8/OO_MC_DijetEmbedded_pThat-15to1200_TuneCP5_5p36TeV_pythia8/260306_002843/0000/HiForestMiniAOD_688.root
Time elapsed: 15885 seconds
File Contains: 92000 entries.
NMiss: 2414705 | NFake: 3362186 | NMatch: 53965871
Processing file 653 of 817: /eos/cms/store/group/phys_heavyions/hbossi/mc_productions/QCD-dijet_pThat15-event-weighted_TuneCP5_5p36TeV_pythia8/OO_MC_DijetEmbedded_pThat-15to1200_TuneCP5_5p36TeV_pythia8/260306_002843/0000/HiForestMiniAOD_689.root
Time elapsed: 15912 seconds
File Contains: 122000 entries.
NMiss: 2418428 | NFake: 3367332 | NMatch: 54047027
Processing file 654 of 817: /eos/cms/store/group/phys_heavyions/hbossi/mc_productions/QCD-dijet_pThat15-event-weighted_TuneCP5_5p36TeV_pythia8/OO_MC_DijetEmbedded_pThat-15to1200_TuneCP5_5p36TeV_pythia8/260306_002843/0000/HiForestMiniAOD_69.root
Time elapsed: 15931 seconds
File Contains: 92000 entries.
NMiss: 2421257 | NFake: 3371114 | NMatch: 54108737
Processing file 655 of 817: /eos/cms/store/group/phys_heavyions/hbossi/mc_productions/QCD-dijet_pThat15-event-weighted_TuneCP5_5p36TeV_pythia8/OO_MC_DijetEmbedded_pThat-15to1200_TuneCP5_5p36TeV_pythia8/260306_002843/0000/HiForestMiniAOD_690.root
Time elapsed: 15954 seconds
File Contains: 124000 entries.
NMiss: 2425062 | NFake: 3376235 | NMatch: 54191905
Processing file 656 of 817: /eos/cms/store/group/phys_heavyions/hbossi/mc_productions/QCD-dijet_pThat15-event-weighted_TuneCP5_5p36TeV_pythia8/OO_MC_DijetEmbedded_pThat-15to1200_TuneCP5_5p36TeV_pythia8/260306_002843/0000/HiForestMiniAOD_691.root
Time elapsed: 15974 seconds
File Contains: 141000 entries.
NMiss: 2429151 | NFake: 3382193 | NMatch: 54286459
Processing file 657 of 817: /eos/cms/store/group/phys_heavyions/hbossi/mc_productions/QCD-dijet_pThat15-event-weighted_TuneCP5_5p36TeV_pythia8/OO_MC_DijetEmbedded_pThat-15to1200_TuneCP5_5p36TeV_pythia8/260306_002843/0000/HiForestMiniAOD_692.root
Time elapsed: 16006 seconds
File Contains: 113000 entries.
NMiss: 2432503 | NFake: 3387013 | NMatch: 54362048
Processing file 658 of 817: /eos/cms/store/group/phys_heavyions/hbossi/mc_productions/QCD-dijet_pThat15-event-weighted_TuneCP5_5p36TeV_pythia8/OO_MC_DijetEmbedded_pThat-15to1200_TuneCP5_5p36TeV_pythia8/260306_002843/0000/HiForestMiniAOD_693.root
Time elapsed: 16024 seconds
File Contains: 133000 entries.
NMiss: 2436545 | NFake: 3392552 | NMatch: 54450210
Processing file 659 of 817: /eos/cms/store/group/phys_heavyions/hbossi/mc_productions/QCD-dijet_pThat15-event-weighted_TuneCP5_5p36TeV_pythia8/OO_MC_DijetEmbedded_pThat-15to1200_TuneCP5_5p36TeV_pythia8/260306_002843/0000/HiForestMiniAOD_694.root
Time elapsed: 16049 seconds
File Contains: 138000 entries.
NMiss: 2440706 | NFake: 3398319 | NMatch: 54542969
Processing file 660 of 817: /eos/cms/store/group/phys_heavyions/hbossi/mc_productions/QCD-dijet_pThat15-event-weighted_TuneCP5_5p36TeV_pythia8/OO_MC_DijetEmbedded_pThat-15to1200_TuneCP5_5p36TeV_pythia8/260306_002843/0000/HiForestMiniAOD_695.root
Time elapsed: 16078 seconds
File Contains: 165000 entries.
NMiss: 2445624 | NFake: 3405152 | NMatch: 54654153
Processing file 661 of 817: /eos/cms/store/group/phys_heavyions/hbossi/mc_productions/QCD-dijet_pThat15-event-weighted_TuneCP5_5p36TeV_pythia8/OO_MC_DijetEmbedded_pThat-15to1200_TuneCP5_5p36TeV_pythia8/260306_002843/0000/HiForestMiniAOD_696.root
Time elapsed: 16103 seconds
File Contains: 146000 entries.
NMiss: 2450036 | NFake: 3411098 | NMatch: 54751721
Processing file 662 of 817: /eos/cms/store/group/phys_heavyions/hbossi/mc_productions/QCD-dijet_pThat15-event-weighted_TuneCP5_5p36TeV_pythia8/OO_MC_DijetEmbedded_pThat-15to1200_TuneCP5_5p36TeV_pythia8/260306_002843/0000/HiForestMiniAOD_697.root
Time elapsed: 16127 seconds
File Contains: 124000 entries.
NMiss: 2453799 | NFake: 3416232 | NMatch: 54834914
Processing file 663 of 817: /eos/cms/store/group/phys_heavyions/hbossi/mc_productions/QCD-dijet_pThat15-event-weighted_TuneCP5_5p36TeV_pythia8/OO_MC_DijetEmbedded_pThat-15to1200_TuneCP5_5p36TeV_pythia8/260306_002843/0000/HiForestMiniAOD_698.root
Time elapsed: 16143 seconds
File Contains: 121000 entries.
NMiss: 2457369 | NFake: 3421302 | NMatch: 54916289
Processing file 664 of 817: /eos/cms/store/group/phys_heavyions/hbossi/mc_productions/QCD-dijet_pThat15-event-weighted_TuneCP5_5p36TeV_pythia8/OO_MC_DijetEmbedded_pThat-15to1200_TuneCP5_5p36TeV_pythia8/260306_002843/0000/HiForestMiniAOD_699.root
Time elapsed: 16168 seconds
File Contains: 138000 entries.
NMiss: 2461659 | NFake: 3427121 | NMatch: 55008412
Processing file 665 of 817: /eos/cms/store/group/phys_heavyions/hbossi/mc_productions/QCD-dijet_pThat15-event-weighted_TuneCP5_5p36TeV_pythia8/OO_MC_DijetEmbedded_pThat-15to1200_TuneCP5_5p36TeV_pythia8/260306_002843/0000/HiForestMiniAOD_7.root
Time elapsed: 16190 seconds
File Contains: 126000 entries.
NMiss: 2465452 | NFake: 3432331 | NMatch: 55092412
Processing file 666 of 817: /eos/cms/store/group/phys_heavyions/hbossi/mc_productions/QCD-dijet_pThat15-event-weighted_TuneCP5_5p36TeV_pythia8/OO_MC_DijetEmbedded_pThat-15to1200_TuneCP5_5p36TeV_pythia8/260306_002843/0000/HiForestMiniAOD_70.root
Time elapsed: 16211 seconds
File Contains: 97000 entries.
NMiss: 2468323 | NFake: 3436466 | NMatch: 55157173
Processing file 667 of 817: /eos/cms/store/group/phys_heavyions/hbossi/mc_productions/QCD-dijet_pThat15-event-weighted_TuneCP5_5p36TeV_pythia8/OO_MC_DijetEmbedded_pThat-15to1200_TuneCP5_5p36TeV_pythia8/260306_002843/0000/HiForestMiniAOD_700.root
Time elapsed: 16231 seconds
File Contains: 103000 entries.
NMiss: 2471416 | NFake: 3440733 | NMatch: 55225956
Processing file 668 of 817: /eos/cms/store/group/phys_heavyions/hbossi/mc_productions/QCD-dijet_pThat15-event-weighted_TuneCP5_5p36TeV_pythia8/OO_MC_DijetEmbedded_pThat-15to1200_TuneCP5_5p36TeV_pythia8/260306_002843/0000/HiForestMiniAOD_701.root
Time elapsed: 16255 seconds
File Contains: 100000 entries.
NMiss: 2474426 | NFake: 3444940 | NMatch: 55293006
Processing file 669 of 817: /eos/cms/store/group/phys_heavyions/hbossi/mc_productions/QCD-dijet_pThat15-event-weighted_TuneCP5_5p36TeV_pythia8/OO_MC_DijetEmbedded_pThat-15to1200_TuneCP5_5p36TeV_pythia8/260306_002843/0000/HiForestMiniAOD_702.root
Time elapsed: 16271 seconds
File Contains: 112000 entries.
NMiss: 2477777 | NFake: 3449673 | NMatch: 55368022
Processing file 670 of 817: /eos/cms/store/group/phys_heavyions/hbossi/mc_productions/QCD-dijet_pThat15-event-weighted_TuneCP5_5p36TeV_pythia8/OO_MC_DijetEmbedded_pThat-15to1200_TuneCP5_5p36TeV_pythia8/260306_002843/0000/HiForestMiniAOD_703.root
Time elapsed: 16292 seconds
File Contains: 95000 entries.
NMiss: 2480706 | NFake: 3453486 | NMatch: 55431602
Processing file 671 of 817: /eos/cms/store/group/phys_heavyions/hbossi/mc_productions/QCD-dijet_pThat15-event-weighted_TuneCP5_5p36TeV_pythia8/OO_MC_DijetEmbedded_pThat-15to1200_TuneCP5_5p36TeV_pythia8/260306_002843/0000/HiForestMiniAOD_704.root
Time elapsed: 16311 seconds
File Contains: 139000 entries.
NMiss: 2484889 | NFake: 3459236 | NMatch: 55525013
Processing file 672 of 817: /eos/cms/store/group/phys_heavyions/hbossi/mc_productions/QCD-dijet_pThat15-event-weighted_TuneCP5_5p36TeV_pythia8/OO_MC_DijetEmbedded_pThat-15to1200_TuneCP5_5p36TeV_pythia8/260306_002843/0000/HiForestMiniAOD_705.root
Time elapsed: 16332 seconds
File Contains: 114000 entries.
NMiss: 2488343 | NFake: 3464065 | NMatch: 55601523
Processing file 673 of 817: /eos/cms/store/group/phys_heavyions/hbossi/mc_productions/QCD-dijet_pThat15-event-weighted_TuneCP5_5p36TeV_pythia8/OO_MC_DijetEmbedded_pThat-15to1200_TuneCP5_5p36TeV_pythia8/260306_002843/0000/HiForestMiniAOD_706.root
Time elapsed: 16350 seconds
File Contains: 133000 entries.
NMiss: 2492334 | NFake: 3469658 | NMatch: 55690491
Processing file 674 of 817: /eos/cms/store/group/phys_heavyions/hbossi/mc_productions/QCD-dijet_pThat15-event-weighted_TuneCP5_5p36TeV_pythia8/OO_MC_DijetEmbedded_pThat-15to1200_TuneCP5_5p36TeV_pythia8/260306_002843/0000/HiForestMiniAOD_707.root
Time elapsed: 16378 seconds
File Contains: 111000 entries.
NMiss: 2495707 | NFake: 3474226 | NMatch: 55764849
Processing file 675 of 817: /eos/cms/store/group/phys_heavyions/hbossi/mc_productions/QCD-dijet_pThat15-event-weighted_TuneCP5_5p36TeV_pythia8/OO_MC_DijetEmbedded_pThat-15to1200_TuneCP5_5p36TeV_pythia8/260306_002843/0000/HiForestMiniAOD_708.root
Time elapsed: 16410 seconds
File Contains: 98000 entries.
NMiss: 2498524 | NFake: 3478334 | NMatch: 55830143
Processing file 676 of 817: /eos/cms/store/group/phys_heavyions/hbossi/mc_productions/QCD-dijet_pThat15-event-weighted_TuneCP5_5p36TeV_pythia8/OO_MC_DijetEmbedded_pThat-15to1200_TuneCP5_5p36TeV_pythia8/260306_002843/0000/HiForestMiniAOD_709.root
Time elapsed: 16430 seconds
File Contains: 128000 entries.
NMiss: 2502318 | NFake: 3483543 | NMatch: 55916291
Processing file 677 of 817: /eos/cms/store/group/phys_heavyions/hbossi/mc_productions/QCD-dijet_pThat15-event-weighted_TuneCP5_5p36TeV_pythia8/OO_MC_DijetEmbedded_pThat-15to1200_TuneCP5_5p36TeV_pythia8/260306_002843/0000/HiForestMiniAOD_71.root
Time elapsed: 16453 seconds
File Contains: 104000 entries.
NMiss: 2505512 | NFake: 3487806 | NMatch: 55985740
Processing file 678 of 817: /eos/cms/store/group/phys_heavyions/hbossi/mc_productions/QCD-dijet_pThat15-event-weighted_TuneCP5_5p36TeV_pythia8/OO_MC_DijetEmbedded_pThat-15to1200_TuneCP5_5p36TeV_pythia8/260306_002843/0000/HiForestMiniAOD_710.root
Time elapsed: 16468 seconds
File Contains: 117000 entries.
NMiss: 2509056 | NFake: 3492616 | NMatch: 56064540
Processing file 679 of 817: /eos/cms/store/group/phys_heavyions/hbossi/mc_productions/QCD-dijet_pThat15-event-weighted_TuneCP5_5p36TeV_pythia8/OO_MC_DijetEmbedded_pThat-15to1200_TuneCP5_5p36TeV_pythia8/260306_002843/0000/HiForestMiniAOD_711.root
Time elapsed: 16486 seconds
File Contains: 110000 entries.
NMiss: 2512440 | NFake: 3497191 | NMatch: 56138619
Processing file 680 of 817: /eos/cms/store/group/phys_heavyions/hbossi/mc_productions/QCD-dijet_pThat15-event-weighted_TuneCP5_5p36TeV_pythia8/OO_MC_DijetEmbedded_pThat-15to1200_TuneCP5_5p36TeV_pythia8/260306_002843/0000/HiForestMiniAOD_712.root
Time elapsed: 16508 seconds
File Contains: 90000 entries.
NMiss: 2515176 | NFake: 3501001 | NMatch: 56199038
Processing file 681 of 817: /eos/cms/store/group/phys_heavyions/hbossi/mc_productions/QCD-dijet_pThat15-event-weighted_TuneCP5_5p36TeV_pythia8/OO_MC_DijetEmbedded_pThat-15to1200_TuneCP5_5p36TeV_pythia8/260306_002843/0000/HiForestMiniAOD_713.root
Time elapsed: 16525 seconds
File Contains: 123000 entries.
NMiss: 2518829 | NFake: 3506094 | NMatch: 56281484
Processing file 682 of 817: /eos/cms/store/group/phys_heavyions/hbossi/mc_productions/QCD-dijet_pThat15-event-weighted_TuneCP5_5p36TeV_pythia8/OO_MC_DijetEmbedded_pThat-15to1200_TuneCP5_5p36TeV_pythia8/260306_002843/0000/HiForestMiniAOD_714.root
Time elapsed: 16549 seconds
File Contains: 101000 entries.
NMiss: 2521848 | NFake: 3510307 | NMatch: 56348877
Processing file 683 of 817: /eos/cms/store/group/phys_heavyions/hbossi/mc_productions/QCD-dijet_pThat15-event-weighted_TuneCP5_5p36TeV_pythia8/OO_MC_DijetEmbedded_pThat-15to1200_TuneCP5_5p36TeV_pythia8/260306_002843/0000/HiForestMiniAOD_715.root
Time elapsed: 16590 seconds
File Contains: 129000 entries.
NMiss: 2525797 | NFake: 3515743 | NMatch: 56435442
Processing file 684 of 817: /eos/cms/store/group/phys_heavyions/hbossi/mc_productions/QCD-dijet_pThat15-event-weighted_TuneCP5_5p36TeV_pythia8/OO_MC_DijetEmbedded_pThat-15to1200_TuneCP5_5p36TeV_pythia8/260306_002843/0000/HiForestMiniAOD_716.root
Time elapsed: 16613 seconds
File Contains: 119000 entries.
NMiss: 2529324 | NFake: 3520668 | NMatch: 56515405
Processing file 685 of 817: /eos/cms/store/group/phys_heavyions/hbossi/mc_productions/QCD-dijet_pThat15-event-weighted_TuneCP5_5p36TeV_pythia8/OO_MC_DijetEmbedded_pThat-15to1200_TuneCP5_5p36TeV_pythia8/260306_002843/0000/HiForestMiniAOD_717.root
Time elapsed: 16634 seconds
File Contains: 111000 entries.
NMiss: 2532642 | NFake: 3525314 | NMatch: 56589668
Processing file 686 of 817: /eos/cms/store/group/phys_heavyions/hbossi/mc_productions/QCD-dijet_pThat15-event-weighted_TuneCP5_5p36TeV_pythia8/OO_MC_DijetEmbedded_pThat-15to1200_TuneCP5_5p36TeV_pythia8/260306_002843/0000/HiForestMiniAOD_718.root
Time elapsed: 16651 seconds
File Contains: 105000 entries.
NMiss: 2535839 | NFake: 3529707 | NMatch: 56660024
Processing file 687 of 817: /eos/cms/store/group/phys_heavyions/hbossi/mc_productions/QCD-dijet_pThat15-event-weighted_TuneCP5_5p36TeV_pythia8/OO_MC_DijetEmbedded_pThat-15to1200_TuneCP5_5p36TeV_pythia8/260306_002843/0000/HiForestMiniAOD_719.root
Time elapsed: 16673 seconds
File Contains: 113000 entries.
NMiss: 2539198 | NFake: 3534392 | NMatch: 56735542
Processing file 688 of 817: /eos/cms/store/group/phys_heavyions/hbossi/mc_productions/QCD-dijet_pThat15-event-weighted_TuneCP5_5p36TeV_pythia8/OO_MC_DijetEmbedded_pThat-15to1200_TuneCP5_5p36TeV_pythia8/260306_002843/0000/HiForestMiniAOD_72.root
Time elapsed: 16702 seconds
File Contains: 112000 entries.
NMiss: 2542527 | NFake: 3538994 | NMatch: 56810656
Processing file 689 of 817: /eos/cms/store/group/phys_heavyions/hbossi/mc_productions/QCD-dijet_pThat15-event-weighted_TuneCP5_5p36TeV_pythia8/OO_MC_DijetEmbedded_pThat-15to1200_TuneCP5_5p36TeV_pythia8/260306_002843/0000/HiForestMiniAOD_720.root
Time elapsed: 16715 seconds
File Contains: 102000 entries.
NMiss: 2545630 | NFake: 3543255 | NMatch: 56879004
Processing file 690 of 817: /eos/cms/store/group/phys_heavyions/hbossi/mc_productions/QCD-dijet_pThat15-event-weighted_TuneCP5_5p36TeV_pythia8/OO_MC_DijetEmbedded_pThat-15to1200_TuneCP5_5p36TeV_pythia8/260306_002843/0000/HiForestMiniAOD_721.root
Time elapsed: 16736 seconds
File Contains: 130000 entries.
NMiss: 2549465 | NFake: 3548632 | NMatch: 56965969
Processing file 691 of 817: /eos/cms/store/group/phys_heavyions/hbossi/mc_productions/QCD-dijet_pThat15-event-weighted_TuneCP5_5p36TeV_pythia8/OO_MC_DijetEmbedded_pThat-15to1200_TuneCP5_5p36TeV_pythia8/260306_002843/0000/HiForestMiniAOD_722.root
Time elapsed: 16756 seconds
File Contains: 122000 entries.
NMiss: 2553102 | NFake: 3553659 | NMatch: 57047400
Processing file 692 of 817: /eos/cms/store/group/phys_heavyions/hbossi/mc_productions/QCD-dijet_pThat15-event-weighted_TuneCP5_5p36TeV_pythia8/OO_MC_DijetEmbedded_pThat-15to1200_TuneCP5_5p36TeV_pythia8/260306_002843/0000/HiForestMiniAOD_723.root
Time elapsed: 16782 seconds
File Contains: 164000 entries.
NMiss: 2558115 | NFake: 3560540 | NMatch: 57157247
Processing file 693 of 817: /eos/cms/store/group/phys_heavyions/hbossi/mc_productions/QCD-dijet_pThat15-event-weighted_TuneCP5_5p36TeV_pythia8/OO_MC_DijetEmbedded_pThat-15to1200_TuneCP5_5p36TeV_pythia8/260306_002843/0000/HiForestMiniAOD_724.root
Time elapsed: 16808 seconds
File Contains: 128000 entries.
NMiss: 2561904 | NFake: 3565843 | NMatch: 57242741
Processing file 694 of 817: /eos/cms/store/group/phys_heavyions/hbossi/mc_productions/QCD-dijet_pThat15-event-weighted_TuneCP5_5p36TeV_pythia8/OO_MC_DijetEmbedded_pThat-15to1200_TuneCP5_5p36TeV_pythia8/260306_002843/0000/HiForestMiniAOD_725.root
Time elapsed: 16832 seconds
File Contains: 135000 entries.
NMiss: 2565949 | NFake: 3571462 | NMatch: 57333177
Processing file 695 of 817: /eos/cms/store/group/phys_heavyions/hbossi/mc_productions/QCD-dijet_pThat15-event-weighted_TuneCP5_5p36TeV_pythia8/OO_MC_DijetEmbedded_pThat-15to1200_TuneCP5_5p36TeV_pythia8/260306_002843/0000/HiForestMiniAOD_726.root
Time elapsed: 16885 seconds
File Contains: 134000 entries.
NMiss: 2569917 | NFake: 3576991 | NMatch: 57422832
Processing file 696 of 817: /eos/cms/store/group/phys_heavyions/hbossi/mc_productions/QCD-dijet_pThat15-event-weighted_TuneCP5_5p36TeV_pythia8/OO_MC_DijetEmbedded_pThat-15to1200_TuneCP5_5p36TeV_pythia8/260306_002843/0000/HiForestMiniAOD_727.root
Time elapsed: 16902 seconds
File Contains: 123000 entries.
NMiss: 2573591 | NFake: 3582229 | NMatch: 57505306
Processing file 697 of 817: /eos/cms/store/group/phys_heavyions/hbossi/mc_productions/QCD-dijet_pThat15-event-weighted_TuneCP5_5p36TeV_pythia8/OO_MC_DijetEmbedded_pThat-15to1200_TuneCP5_5p36TeV_pythia8/260306_002843/0000/HiForestMiniAOD_728.root
Time elapsed: 16921 seconds
File Contains: 129000 entries.
NMiss: 2577477 | NFake: 3587535 | NMatch: 57591663
Processing file 698 of 817: /eos/cms/store/group/phys_heavyions/hbossi/mc_productions/QCD-dijet_pThat15-event-weighted_TuneCP5_5p36TeV_pythia8/OO_MC_DijetEmbedded_pThat-15to1200_TuneCP5_5p36TeV_pythia8/260306_002843/0000/HiForestMiniAOD_729.root
Time elapsed: 16951 seconds
File Contains: 165000 entries.
NMiss: 2582502 | NFake: 3594301 | NMatch: 57701949
Processing file 699 of 817: /eos/cms/store/group/phys_heavyions/hbossi/mc_productions/QCD-dijet_pThat15-event-weighted_TuneCP5_5p36TeV_pythia8/OO_MC_DijetEmbedded_pThat-15to1200_TuneCP5_5p36TeV_pythia8/260306_002843/0000/HiForestMiniAOD_73.root
Time elapsed: 16984 seconds
File Contains: 99000 entries.
NMiss: 2585479 | NFake: 3598413 | NMatch: 57768057
Processing file 700 of 817: /eos/cms/store/group/phys_heavyions/hbossi/mc_productions/QCD-dijet_pThat15-event-weighted_TuneCP5_5p36TeV_pythia8/OO_MC_DijetEmbedded_pThat-15to1200_TuneCP5_5p36TeV_pythia8/260306_002843/0000/HiForestMiniAOD_730.root
Time elapsed: 17000 seconds
File Contains: 131000 entries.
NMiss: 2589429 | NFake: 3603761 | NMatch: 57855675
Processing file 701 of 817: /eos/cms/store/group/phys_heavyions/hbossi/mc_productions/QCD-dijet_pThat15-event-weighted_TuneCP5_5p36TeV_pythia8/OO_MC_DijetEmbedded_pThat-15to1200_TuneCP5_5p36TeV_pythia8/260306_002843/0000/HiForestMiniAOD_731.root
Time elapsed: 17027 seconds
File Contains: 69000 entries.
NMiss: 2591500 | NFake: 3606660 | NMatch: 57901777
Processing file 702 of 817: /eos/cms/store/group/phys_heavyions/hbossi/mc_productions/QCD-dijet_pThat15-event-weighted_TuneCP5_5p36TeV_pythia8/OO_MC_DijetEmbedded_pThat-15to1200_TuneCP5_5p36TeV_pythia8/260306_002843/0000/HiForestMiniAOD_732.root
Time elapsed: 17046 seconds
File Contains: 129000 entries.
NMiss: 2595295 | NFake: 3612093 | NMatch: 57987779
Processing file 703 of 817: /eos/cms/store/group/phys_heavyions/hbossi/mc_productions/QCD-dijet_pThat15-event-weighted_TuneCP5_5p36TeV_pythia8/OO_MC_DijetEmbedded_pThat-15to1200_TuneCP5_5p36TeV_pythia8/260306_002843/0000/HiForestMiniAOD_733.root
Time elapsed: 17067 seconds
File Contains: 114000 entries.
NMiss: 2598678 | NFake: 3616846 | NMatch: 58064147
Processing file 704 of 817: /eos/cms/store/group/phys_heavyions/hbossi/mc_productions/QCD-dijet_pThat15-event-weighted_TuneCP5_5p36TeV_pythia8/OO_MC_DijetEmbedded_pThat-15to1200_TuneCP5_5p36TeV_pythia8/260306_002843/0000/HiForestMiniAOD_734.root
Time elapsed: 17087 seconds
File Contains: 87000 entries.
NMiss: 2601293 | NFake: 3620481 | NMatch: 58122627
Processing file 705 of 817: /eos/cms/store/group/phys_heavyions/hbossi/mc_productions/QCD-dijet_pThat15-event-weighted_TuneCP5_5p36TeV_pythia8/OO_MC_DijetEmbedded_pThat-15to1200_TuneCP5_5p36TeV_pythia8/260306_002843/0000/HiForestMiniAOD_735.root
Time elapsed: 17108 seconds
File Contains: 117000 entries.
NMiss: 2604870 | NFake: 3625446 | NMatch: 58200784
Processing file 706 of 817: /eos/cms/store/group/phys_heavyions/hbossi/mc_productions/QCD-dijet_pThat15-event-weighted_TuneCP5_5p36TeV_pythia8/OO_MC_DijetEmbedded_pThat-15to1200_TuneCP5_5p36TeV_pythia8/260306_002843/0000/HiForestMiniAOD_736.root
Time elapsed: 17140 seconds
File Contains: 136000 entries.
NMiss: 2608906 | NFake: 3631135 | NMatch: 58291780
Processing file 707 of 817: /eos/cms/store/group/phys_heavyions/hbossi/mc_productions/QCD-dijet_pThat15-event-weighted_TuneCP5_5p36TeV_pythia8/OO_MC_DijetEmbedded_pThat-15to1200_TuneCP5_5p36TeV_pythia8/260306_002843/0000/HiForestMiniAOD_737.root
Time elapsed: 17164 seconds
File Contains: 100000 entries.
NMiss: 2611883 | NFake: 3635268 | NMatch: 58358789
Processing file 708 of 817: /eos/cms/store/group/phys_heavyions/hbossi/mc_productions/QCD-dijet_pThat15-event-weighted_TuneCP5_5p36TeV_pythia8/OO_MC_DijetEmbedded_pThat-15to1200_TuneCP5_5p36TeV_pythia8/260306_002843/0000/HiForestMiniAOD_738.root
Time elapsed: 17186 seconds
File Contains: 114000 entries.
NMiss: 2615173 | NFake: 3640092 | NMatch: 58435018
Processing file 709 of 817: /eos/cms/store/group/phys_heavyions/hbossi/mc_productions/QCD-dijet_pThat15-event-weighted_TuneCP5_5p36TeV_pythia8/OO_MC_DijetEmbedded_pThat-15to1200_TuneCP5_5p36TeV_pythia8/260306_002843/0000/HiForestMiniAOD_739.root
Time elapsed: 17208 seconds
File Contains: 100000 entries.
NMiss: 2618163 | NFake: 3644170 | NMatch: 58502172
Processing file 710 of 817: /eos/cms/store/group/phys_heavyions/hbossi/mc_productions/QCD-dijet_pThat15-event-weighted_TuneCP5_5p36TeV_pythia8/OO_MC_DijetEmbedded_pThat-15to1200_TuneCP5_5p36TeV_pythia8/260306_002843/0000/HiForestMiniAOD_74.root
Time elapsed: 17226 seconds
File Contains: 116000 entries.
NMiss: 2621581 | NFake: 3649083 | NMatch: 58580189
Processing file 711 of 817: /eos/cms/store/group/phys_heavyions/hbossi/mc_productions/QCD-dijet_pThat15-event-weighted_TuneCP5_5p36TeV_pythia8/OO_MC_DijetEmbedded_pThat-15to1200_TuneCP5_5p36TeV_pythia8/260306_002843/0000/HiForestMiniAOD_740.root
Time elapsed: 17245 seconds
File Contains: 110000 entries.
NMiss: 2624864 | NFake: 3653769 | NMatch: 58653886
Processing file 712 of 817: /eos/cms/store/group/phys_heavyions/hbossi/mc_productions/QCD-dijet_pThat15-event-weighted_TuneCP5_5p36TeV_pythia8/OO_MC_DijetEmbedded_pThat-15to1200_TuneCP5_5p36TeV_pythia8/260306_002843/0000/HiForestMiniAOD_741.root
Time elapsed: 17262 seconds
File Contains: 109000 entries.
NMiss: 2628146 | NFake: 3658280 | NMatch: 58727007
Processing file 713 of 817: /eos/cms/store/group/phys_heavyions/hbossi/mc_productions/QCD-dijet_pThat15-event-weighted_TuneCP5_5p36TeV_pythia8/OO_MC_DijetEmbedded_pThat-15to1200_TuneCP5_5p36TeV_pythia8/260306_002843/0000/HiForestMiniAOD_742.root
Time elapsed: 17281 seconds
File Contains: 133000 entries.
NMiss: 2632028 | NFake: 3663880 | NMatch: 58815642
Processing file 714 of 817: /eos/cms/store/group/phys_heavyions/hbossi/mc_productions/QCD-dijet_pThat15-event-weighted_TuneCP5_5p36TeV_pythia8/OO_MC_DijetEmbedded_pThat-15to1200_TuneCP5_5p36TeV_pythia8/260306_002843/0000/HiForestMiniAOD_743.root
Time elapsed: 17304 seconds
File Contains: 118000 entries.
NMiss: 2635511 | NFake: 3668901 | NMatch: 58894906
Processing file 715 of 817: /eos/cms/store/group/phys_heavyions/hbossi/mc_productions/QCD-dijet_pThat15-event-weighted_TuneCP5_5p36TeV_pythia8/OO_MC_DijetEmbedded_pThat-15to1200_TuneCP5_5p36TeV_pythia8/260306_002843/0000/HiForestMiniAOD_744.root
Time elapsed: 17321 seconds
File Contains: 114000 entries.
NMiss: 2638925 | NFake: 3673576 | NMatch: 58971058
Processing file 716 of 817: /eos/cms/store/group/phys_heavyions/hbossi/mc_productions/QCD-dijet_pThat15-event-weighted_TuneCP5_5p36TeV_pythia8/OO_MC_DijetEmbedded_pThat-15to1200_TuneCP5_5p36TeV_pythia8/260306_002843/0000/HiForestMiniAOD_745.root
Time elapsed: 17341 seconds
File Contains: 123000 entries.
NMiss: 2642682 | NFake: 3678503 | NMatch: 59053651
Processing file 717 of 817: /eos/cms/store/group/phys_heavyions/hbossi/mc_productions/QCD-dijet_pThat15-event-weighted_TuneCP5_5p36TeV_pythia8/OO_MC_DijetEmbedded_pThat-15to1200_TuneCP5_5p36TeV_pythia8/260306_002843/0000/HiForestMiniAOD_746.root
Time elapsed: 17383 seconds
File Contains: 119000 entries.
NMiss: 2646288 | NFake: 3683466 | NMatch: 59133580
Processing file 718 of 817: /eos/cms/store/group/phys_heavyions/hbossi/mc_productions/QCD-dijet_pThat15-event-weighted_TuneCP5_5p36TeV_pythia8/OO_MC_DijetEmbedded_pThat-15to1200_TuneCP5_5p36TeV_pythia8/260306_002843/0000/HiForestMiniAOD_747.root
Time elapsed: 17407 seconds
File Contains: 101000 entries.
NMiss: 2649318 | NFake: 3687584 | NMatch: 59201863
Processing file 719 of 817: /eos/cms/store/group/phys_heavyions/hbossi/mc_productions/QCD-dijet_pThat15-event-weighted_TuneCP5_5p36TeV_pythia8/OO_MC_DijetEmbedded_pThat-15to1200_TuneCP5_5p36TeV_pythia8/260306_002843/0000/HiForestMiniAOD_748.root
Time elapsed: 17425 seconds
File Contains: 112000 entries.
NMiss: 2652675 | NFake: 3692144 | NMatch: 59277076
Processing file 720 of 817: /eos/cms/store/group/phys_heavyions/hbossi/mc_productions/QCD-dijet_pThat15-event-weighted_TuneCP5_5p36TeV_pythia8/OO_MC_DijetEmbedded_pThat-15to1200_TuneCP5_5p36TeV_pythia8/260306_002843/0000/HiForestMiniAOD_749.root
Time elapsed: 17440 seconds
File Contains: 100000 entries.
NMiss: 2655574 | NFake: 3696305 | NMatch: 59344241
Processing file 721 of 817: /eos/cms/store/group/phys_heavyions/hbossi/mc_productions/QCD-dijet_pThat15-event-weighted_TuneCP5_5p36TeV_pythia8/OO_MC_DijetEmbedded_pThat-15to1200_TuneCP5_5p36TeV_pythia8/260306_002843/0000/HiForestMiniAOD_75.root
Time elapsed: 17468 seconds
File Contains: 131000 entries.
NMiss: 2659671 | NFake: 3701787 | NMatch: 59431637
Processing file 722 of 817: /eos/cms/store/group/phys_heavyions/hbossi/mc_productions/QCD-dijet_pThat15-event-weighted_TuneCP5_5p36TeV_pythia8/OO_MC_DijetEmbedded_pThat-15to1200_TuneCP5_5p36TeV_pythia8/260306_002843/0000/HiForestMiniAOD_750.root
Time elapsed: 17490 seconds
File Contains: 90000 entries.
NMiss: 2662432 | NFake: 3705568 | NMatch: 59491406
Processing file 723 of 817: /eos/cms/store/group/phys_heavyions/hbossi/mc_productions/QCD-dijet_pThat15-event-weighted_TuneCP5_5p36TeV_pythia8/OO_MC_DijetEmbedded_pThat-15to1200_TuneCP5_5p36TeV_pythia8/260306_002843/0000/HiForestMiniAOD_751.root
Time elapsed: 17513 seconds
File Contains: 119000 entries.
NMiss: 2665949 | NFake: 3710558 | NMatch: 59571126
Processing file 724 of 817: /eos/cms/store/group/phys_heavyions/hbossi/mc_productions/QCD-dijet_pThat15-event-weighted_TuneCP5_5p36TeV_pythia8/OO_MC_DijetEmbedded_pThat-15to1200_TuneCP5_5p36TeV_pythia8/260306_002843/0000/HiForestMiniAOD_752.root
Time elapsed: 17538 seconds
File Contains: 130000 entries.
NMiss: 2669907 | NFake: 3715967 | NMatch: 59658188
Processing file 725 of 817: /eos/cms/store/group/phys_heavyions/hbossi/mc_productions/QCD-dijet_pThat15-event-weighted_TuneCP5_5p36TeV_pythia8/OO_MC_DijetEmbedded_pThat-15to1200_TuneCP5_5p36TeV_pythia8/260306_002843/0000/HiForestMiniAOD_753.root
Time elapsed: 17557 seconds
File Contains: 131000 entries.
NMiss: 2673812 | NFake: 3721381 | NMatch: 59745408
Processing file 726 of 817: /eos/cms/store/group/phys_heavyions/hbossi/mc_productions/QCD-dijet_pThat15-event-weighted_TuneCP5_5p36TeV_pythia8/OO_MC_DijetEmbedded_pThat-15to1200_TuneCP5_5p36TeV_pythia8/260306_002843/0000/HiForestMiniAOD_754.root
Time elapsed: 17586 seconds
File Contains: 101000 entries.
NMiss: 2676925 | NFake: 3725584 | NMatch: 59812714
Processing file 727 of 817: /eos/cms/store/group/phys_heavyions/hbossi/mc_productions/QCD-dijet_pThat15-event-weighted_TuneCP5_5p36TeV_pythia8/OO_MC_DijetEmbedded_pThat-15to1200_TuneCP5_5p36TeV_pythia8/260306_002843/0000/HiForestMiniAOD_755.root
Time elapsed: 17602 seconds
File Contains: 122000 entries.
NMiss: 2680631 | NFake: 3730729 | NMatch: 59894045
Processing file 728 of 817: /eos/cms/store/group/phys_heavyions/hbossi/mc_productions/QCD-dijet_pThat15-event-weighted_TuneCP5_5p36TeV_pythia8/OO_MC_DijetEmbedded_pThat-15to1200_TuneCP5_5p36TeV_pythia8/260306_002843/0000/HiForestMiniAOD_756.root
Time elapsed: 17632 seconds
File Contains: 144000 entries.
NMiss: 2685010 | NFake: 3736733 | NMatch: 59990373
Processing file 729 of 817: /eos/cms/store/group/phys_heavyions/hbossi/mc_productions/QCD-dijet_pThat15-event-weighted_TuneCP5_5p36TeV_pythia8/OO_MC_DijetEmbedded_pThat-15to1200_TuneCP5_5p36TeV_pythia8/260306_002843/0000/HiForestMiniAOD_757.root
Time elapsed: 17652 seconds
File Contains: 107000 entries.
NMiss: 2688207 | NFake: 3741188 | NMatch: 60061987
Processing file 730 of 817: /eos/cms/store/group/phys_heavyions/hbossi/mc_productions/QCD-dijet_pThat15-event-weighted_TuneCP5_5p36TeV_pythia8/OO_MC_DijetEmbedded_pThat-15to1200_TuneCP5_5p36TeV_pythia8/260306_002843/0000/HiForestMiniAOD_758.root
Time elapsed: 17675 seconds
File Contains: 115000 entries.
NMiss: 2691741 | NFake: 3745878 | NMatch: 60138785
Processing file 731 of 817: /eos/cms/store/group/phys_heavyions/hbossi/mc_productions/QCD-dijet_pThat15-event-weighted_TuneCP5_5p36TeV_pythia8/OO_MC_DijetEmbedded_pThat-15to1200_TuneCP5_5p36TeV_pythia8/260306_002843/0000/HiForestMiniAOD_759.root
Time elapsed: 17690 seconds
File Contains: 96000 entries.
NMiss: 2694627 | NFake: 3749880 | NMatch: 60202710
Processing file 732 of 817: /eos/cms/store/group/phys_heavyions/hbossi/mc_productions/QCD-dijet_pThat15-event-weighted_TuneCP5_5p36TeV_pythia8/OO_MC_DijetEmbedded_pThat-15to1200_TuneCP5_5p36TeV_pythia8/260306_002843/0000/HiForestMiniAOD_76.root
Time elapsed: 17703 seconds
File Contains: 125000 entries.
NMiss: 2698391 | NFake: 3755050 | NMatch: 60286206
Processing file 733 of 817: /eos/cms/store/group/phys_heavyions/hbossi/mc_productions/QCD-dijet_pThat15-event-weighted_TuneCP5_5p36TeV_pythia8/OO_MC_DijetEmbedded_pThat-15to1200_TuneCP5_5p36TeV_pythia8/260306_002843/0000/HiForestMiniAOD_760.root
Time elapsed: 17726 seconds
File Contains: 116000 entries.
NMiss: 2702027 | NFake: 3759933 | NMatch: 60363481
Processing file 734 of 817: /eos/cms/store/group/phys_heavyions/hbossi/mc_productions/QCD-dijet_pThat15-event-weighted_TuneCP5_5p36TeV_pythia8/OO_MC_DijetEmbedded_pThat-15to1200_TuneCP5_5p36TeV_pythia8/260306_002843/0000/HiForestMiniAOD_761.root
Time elapsed: 17743 seconds
File Contains: 99000 entries.
NMiss: 2704963 | NFake: 3763958 | NMatch: 60429899
Processing file 735 of 817: /eos/cms/store/group/phys_heavyions/hbossi/mc_productions/QCD-dijet_pThat15-event-weighted_TuneCP5_5p36TeV_pythia8/OO_MC_DijetEmbedded_pThat-15to1200_TuneCP5_5p36TeV_pythia8/260306_002843/0000/HiForestMiniAOD_762.root
Time elapsed: 17766 seconds
File Contains: 110000 entries.
NMiss: 2708204 | NFake: 3768609 | NMatch: 60503655
Processing file 736 of 817: /eos/cms/store/group/phys_heavyions/hbossi/mc_productions/QCD-dijet_pThat15-event-weighted_TuneCP5_5p36TeV_pythia8/OO_MC_DijetEmbedded_pThat-15to1200_TuneCP5_5p36TeV_pythia8/260306_002843/0000/HiForestMiniAOD_763.root
Time elapsed: 17788 seconds
File Contains: 108000 entries.
NMiss: 2711456 | NFake: 3773058 | NMatch: 60576404
Processing file 737 of 817: /eos/cms/store/group/phys_heavyions/hbossi/mc_productions/QCD-dijet_pThat15-event-weighted_TuneCP5_5p36TeV_pythia8/OO_MC_DijetEmbedded_pThat-15to1200_TuneCP5_5p36TeV_pythia8/260306_002843/0000/HiForestMiniAOD_764.root
Time elapsed: 17805 seconds
File Contains: 109000 entries.
NMiss: 2714578 | NFake: 3777596 | NMatch: 60649174
Processing file 738 of 817: /eos/cms/store/group/phys_heavyions/hbossi/mc_productions/QCD-dijet_pThat15-event-weighted_TuneCP5_5p36TeV_pythia8/OO_MC_DijetEmbedded_pThat-15to1200_TuneCP5_5p36TeV_pythia8/260306_002843/0000/HiForestMiniAOD_765.root
Time elapsed: 17827 seconds
File Contains: 114000 entries.
NMiss: 2718106 | NFake: 3782269 | NMatch: 60725281
Processing file 739 of 817: /eos/cms/store/group/phys_heavyions/hbossi/mc_productions/QCD-dijet_pThat15-event-weighted_TuneCP5_5p36TeV_pythia8/OO_MC_DijetEmbedded_pThat-15to1200_TuneCP5_5p36TeV_pythia8/260306_002843/0000/HiForestMiniAOD_766.root
Time elapsed: 17852 seconds
File Contains: 104000 entries.
NMiss: 2721215 | NFake: 3786692 | NMatch: 60794829
Processing file 740 of 817: /eos/cms/store/group/phys_heavyions/hbossi/mc_productions/QCD-dijet_pThat15-event-weighted_TuneCP5_5p36TeV_pythia8/OO_MC_DijetEmbedded_pThat-15to1200_TuneCP5_5p36TeV_pythia8/260306_002843/0000/HiForestMiniAOD_767.root
Time elapsed: 17871 seconds
File Contains: 130000 entries.
NMiss: 2725057 | NFake: 3792072 | NMatch: 60881750
Processing file 741 of 817: /eos/cms/store/group/phys_heavyions/hbossi/mc_productions/QCD-dijet_pThat15-event-weighted_TuneCP5_5p36TeV_pythia8/OO_MC_DijetEmbedded_pThat-15to1200_TuneCP5_5p36TeV_pythia8/260306_002843/0000/HiForestMiniAOD_768.root
Time elapsed: 17897 seconds
File Contains: 84000 entries.
NMiss: 2727549 | NFake: 3795564 | NMatch: 60937808
Processing file 742 of 817: /eos/cms/store/group/phys_heavyions/hbossi/mc_productions/QCD-dijet_pThat15-event-weighted_TuneCP5_5p36TeV_pythia8/OO_MC_DijetEmbedded_pThat-15to1200_TuneCP5_5p36TeV_pythia8/260306_002843/0000/HiForestMiniAOD_769.root
Time elapsed: 17914 seconds
File Contains: 121000 entries.
NMiss: 2731116 | NFake: 3800533 | NMatch: 61018854
Processing file 743 of 817: /eos/cms/store/group/phys_heavyions/hbossi/mc_productions/QCD-dijet_pThat15-event-weighted_TuneCP5_5p36TeV_pythia8/OO_MC_DijetEmbedded_pThat-15to1200_TuneCP5_5p36TeV_pythia8/260306_002843/0000/HiForestMiniAOD_77.root
Time elapsed: 17938 seconds
File Contains: 105000 entries.
NMiss: 2734311 | NFake: 3804853 | NMatch: 61089451
Processing file 744 of 817: /eos/cms/store/group/phys_heavyions/hbossi/mc_productions/QCD-dijet_pThat15-event-weighted_TuneCP5_5p36TeV_pythia8/OO_MC_DijetEmbedded_pThat-15to1200_TuneCP5_5p36TeV_pythia8/260306_002843/0000/HiForestMiniAOD_770.root
Time elapsed: 17962 seconds
File Contains: 103000 entries.
NMiss: 2737426 | NFake: 3809114 | NMatch: 61158877
Processing file 745 of 817: /eos/cms/store/group/phys_heavyions/hbossi/mc_productions/QCD-dijet_pThat15-event-weighted_TuneCP5_5p36TeV_pythia8/OO_MC_DijetEmbedded_pThat-15to1200_TuneCP5_5p36TeV_pythia8/260306_002843/0000/HiForestMiniAOD_771.root
Time elapsed: 17979 seconds
File Contains: 119000 entries.
NMiss: 2740952 | NFake: 3814126 | NMatch: 61238656
Processing file 746 of 817: /eos/cms/store/group/phys_heavyions/hbossi/mc_productions/QCD-dijet_pThat15-event-weighted_TuneCP5_5p36TeV_pythia8/OO_MC_DijetEmbedded_pThat-15to1200_TuneCP5_5p36TeV_pythia8/260306_002843/0000/HiForestMiniAOD_772.root
Time elapsed: 18004 seconds
File Contains: 94000 entries.
NMiss: 2743811 | NFake: 3818076 | NMatch: 61301169
Processing file 747 of 817: /eos/cms/store/group/phys_heavyions/hbossi/mc_productions/QCD-dijet_pThat15-event-weighted_TuneCP5_5p36TeV_pythia8/OO_MC_DijetEmbedded_pThat-15to1200_TuneCP5_5p36TeV_pythia8/260306_002843/0000/HiForestMiniAOD_773.root
Time elapsed: 18022 seconds
File Contains: 108000 entries.
NMiss: 2747022 | NFake: 3822602 | NMatch: 61373501
Processing file 748 of 817: /eos/cms/store/group/phys_heavyions/hbossi/mc_productions/QCD-dijet_pThat15-event-weighted_TuneCP5_5p36TeV_pythia8/OO_MC_DijetEmbedded_pThat-15to1200_TuneCP5_5p36TeV_pythia8/260306_002843/0000/HiForestMiniAOD_774.root
Time elapsed: 18045 seconds
File Contains: 109000 entries.
NMiss: 2750271 | NFake: 3827197 | NMatch: 61447152
Processing file 749 of 817: /eos/cms/store/group/phys_heavyions/hbossi/mc_productions/QCD-dijet_pThat15-event-weighted_TuneCP5_5p36TeV_pythia8/OO_MC_DijetEmbedded_pThat-15to1200_TuneCP5_5p36TeV_pythia8/260306_002843/0000/HiForestMiniAOD_775.root
Time elapsed: 18068 seconds
File Contains: 91000 entries.
NMiss: 2753007 | NFake: 3830896 | NMatch: 61508077
Processing file 750 of 817: /eos/cms/store/group/phys_heavyions/hbossi/mc_productions/QCD-dijet_pThat15-event-weighted_TuneCP5_5p36TeV_pythia8/OO_MC_DijetEmbedded_pThat-15to1200_TuneCP5_5p36TeV_pythia8/260306_002843/0000/HiForestMiniAOD_776.root
Time elapsed: 18084 seconds
File Contains: 138000 entries.
NMiss: 2757029 | NFake: 3836616 | NMatch: 61600011
Processing file 751 of 817: /eos/cms/store/group/phys_heavyions/hbossi/mc_productions/QCD-dijet_pThat15-event-weighted_TuneCP5_5p36TeV_pythia8/OO_MC_DijetEmbedded_pThat-15to1200_TuneCP5_5p36TeV_pythia8/260306_002843/0000/HiForestMiniAOD_777.root
Time elapsed: 18115 seconds
File Contains: 117000 entries.
NMiss: 2760627 | NFake: 3841461 | NMatch: 61678296
Processing file 752 of 817: /eos/cms/store/group/phys_heavyions/hbossi/mc_productions/QCD-dijet_pThat15-event-weighted_TuneCP5_5p36TeV_pythia8/OO_MC_DijetEmbedded_pThat-15to1200_TuneCP5_5p36TeV_pythia8/260306_002843/0000/HiForestMiniAOD_778.root
Time elapsed: 18139 seconds
File Contains: 82000 entries.
NMiss: 2763156 | NFake: 3844948 | NMatch: 61733369
Processing file 753 of 817: /eos/cms/store/group/phys_heavyions/hbossi/mc_productions/QCD-dijet_pThat15-event-weighted_TuneCP5_5p36TeV_pythia8/OO_MC_DijetEmbedded_pThat-15to1200_TuneCP5_5p36TeV_pythia8/260306_002843/0000/HiForestMiniAOD_779.root
Time elapsed: 18160 seconds
File Contains: 125000 entries.
NMiss: 2767015 | NFake: 3850076 | NMatch: 61816966
Processing file 754 of 817: /eos/cms/store/group/phys_heavyions/hbossi/mc_productions/QCD-dijet_pThat15-event-weighted_TuneCP5_5p36TeV_pythia8/OO_MC_DijetEmbedded_pThat-15to1200_TuneCP5_5p36TeV_pythia8/260306_002843/0000/HiForestMiniAOD_78.root
Time elapsed: 18179 seconds
File Contains: 142000 entries.
NMiss: 2771314 | NFake: 3855954 | NMatch: 61912847
Processing file 755 of 817: /eos/cms/store/group/phys_heavyions/hbossi/mc_productions/QCD-dijet_pThat15-event-weighted_TuneCP5_5p36TeV_pythia8/OO_MC_DijetEmbedded_pThat-15to1200_TuneCP5_5p36TeV_pythia8/260306_002843/0000/HiForestMiniAOD_780.root
Time elapsed: 18199 seconds
File Contains: 114000 entries.
NMiss: 2774825 | NFake: 3860823 | NMatch: 61988631
Processing file 756 of 817: /eos/cms/store/group/phys_heavyions/hbossi/mc_productions/QCD-dijet_pThat15-event-weighted_TuneCP5_5p36TeV_pythia8/OO_MC_DijetEmbedded_pThat-15to1200_TuneCP5_5p36TeV_pythia8/260306_002843/0000/HiForestMiniAOD_781.root
Time elapsed: 18250 seconds
File Contains: 150000 entries.
NMiss: 2779207 | NFake: 3866965 | NMatch: 62089734
Processing file 757 of 817: /eos/cms/store/group/phys_heavyions/hbossi/mc_productions/QCD-dijet_pThat15-event-weighted_TuneCP5_5p36TeV_pythia8/OO_MC_DijetEmbedded_pThat-15to1200_TuneCP5_5p36TeV_pythia8/260306_002843/0000/HiForestMiniAOD_782.root
Time elapsed: 18276 seconds
File Contains: 134000 entries.
NMiss: 2783281 | NFake: 3872583 | NMatch: 62179330
Processing file 758 of 817: /eos/cms/store/group/phys_heavyions/hbossi/mc_productions/QCD-dijet_pThat15-event-weighted_TuneCP5_5p36TeV_pythia8/OO_MC_DijetEmbedded_pThat-15to1200_TuneCP5_5p36TeV_pythia8/260306_002843/0000/HiForestMiniAOD_783.root
Time elapsed: 18292 seconds
File Contains: 111000 entries.
NMiss: 2786633 | NFake: 3877172 | NMatch: 62253629
Processing file 759 of 817: /eos/cms/store/group/phys_heavyions/hbossi/mc_productions/QCD-dijet_pThat15-event-weighted_TuneCP5_5p36TeV_pythia8/OO_MC_DijetEmbedded_pThat-15to1200_TuneCP5_5p36TeV_pythia8/260306_002843/0000/HiForestMiniAOD_784.root
Time elapsed: 18334 seconds
File Contains: 96000 entries.
NMiss: 2789508 | NFake: 3881216 | NMatch: 62317834
Processing file 760 of 817: /eos/cms/store/group/phys_heavyions/hbossi/mc_productions/QCD-dijet_pThat15-event-weighted_TuneCP5_5p36TeV_pythia8/OO_MC_DijetEmbedded_pThat-15to1200_TuneCP5_5p36TeV_pythia8/260306_002843/0000/HiForestMiniAOD_785.root
Time elapsed: 18354 seconds
File Contains: 129000 entries.
NMiss: 2793339 | NFake: 3886609 | NMatch: 62404056
Processing file 761 of 817: /eos/cms/store/group/phys_heavyions/hbossi/mc_productions/QCD-dijet_pThat15-event-weighted_TuneCP5_5p36TeV_pythia8/OO_MC_DijetEmbedded_pThat-15to1200_TuneCP5_5p36TeV_pythia8/260306_002843/0000/HiForestMiniAOD_786.root
Time elapsed: 18376 seconds
File Contains: 88000 entries.
NMiss: 2796040 | NFake: 3890233 | NMatch: 62463272
Processing file 762 of 817: /eos/cms/store/group/phys_heavyions/hbossi/mc_productions/QCD-dijet_pThat15-event-weighted_TuneCP5_5p36TeV_pythia8/OO_MC_DijetEmbedded_pThat-15to1200_TuneCP5_5p36TeV_pythia8/260306_002843/0000/HiForestMiniAOD_787.root
Time elapsed: 18390 seconds
File Contains: 114000 entries.
NMiss: 2799512 | NFake: 3894969 | NMatch: 62539651
Processing file 763 of 817: /eos/cms/store/group/phys_heavyions/hbossi/mc_productions/QCD-dijet_pThat15-event-weighted_TuneCP5_5p36TeV_pythia8/OO_MC_DijetEmbedded_pThat-15to1200_TuneCP5_5p36TeV_pythia8/260306_002843/0000/HiForestMiniAOD_788.root
Time elapsed: 18409 seconds
File Contains: 136000 entries.
NMiss: 2803693 | NFake: 3900631 | NMatch: 62630615
Processing file 764 of 817: /eos/cms/store/group/phys_heavyions/hbossi/mc_productions/QCD-dijet_pThat15-event-weighted_TuneCP5_5p36TeV_pythia8/OO_MC_DijetEmbedded_pThat-15to1200_TuneCP5_5p36TeV_pythia8/260306_002843/0000/HiForestMiniAOD_789.root
Time elapsed: 18435 seconds
File Contains: 96000 entries.
NMiss: 2806639 | NFake: 3904549 | NMatch: 62694899
Processing file 765 of 817: /eos/cms/store/group/phys_heavyions/hbossi/mc_productions/QCD-dijet_pThat15-event-weighted_TuneCP5_5p36TeV_pythia8/OO_MC_DijetEmbedded_pThat-15to1200_TuneCP5_5p36TeV_pythia8/260306_002843/0000/HiForestMiniAOD_79.root
Time elapsed: 18450 seconds
File Contains: 130000 entries.
NMiss: 2810525 | NFake: 3909931 | NMatch: 62782338
Processing file 766 of 817: /eos/cms/store/group/phys_heavyions/hbossi/mc_productions/QCD-dijet_pThat15-event-weighted_TuneCP5_5p36TeV_pythia8/OO_MC_DijetEmbedded_pThat-15to1200_TuneCP5_5p36TeV_pythia8/260306_002843/0000/HiForestMiniAOD_790.root
Time elapsed: 18468 seconds
File Contains: 96000 entries.
NMiss: 2813416 | NFake: 3913982 | NMatch: 62846844
Processing file 767 of 817: /eos/cms/store/group/phys_heavyions/hbossi/mc_productions/QCD-dijet_pThat15-event-weighted_TuneCP5_5p36TeV_pythia8/OO_MC_DijetEmbedded_pThat-15to1200_TuneCP5_5p36TeV_pythia8/260306_002843/0000/HiForestMiniAOD_791.root
Time elapsed: 18489 seconds
File Contains: 126000 entries.
NMiss: 2817144 | NFake: 3919411 | NMatch: 62930968
Processing file 768 of 817: /eos/cms/store/group/phys_heavyions/hbossi/mc_productions/QCD-dijet_pThat15-event-weighted_TuneCP5_5p36TeV_pythia8/OO_MC_DijetEmbedded_pThat-15to1200_TuneCP5_5p36TeV_pythia8/260306_002843/0000/HiForestMiniAOD_792.root
Time elapsed: 18514 seconds
File Contains: 128000 entries.
NMiss: 2821025 | NFake: 3924651 | NMatch: 63016608
Processing file 769 of 817: /eos/cms/store/group/phys_heavyions/hbossi/mc_productions/QCD-dijet_pThat15-event-weighted_TuneCP5_5p36TeV_pythia8/OO_MC_DijetEmbedded_pThat-15to1200_TuneCP5_5p36TeV_pythia8/260306_002843/0000/HiForestMiniAOD_793.root
Time elapsed: 18538 seconds
File Contains: 104000 entries.
NMiss: 2824116 | NFake: 3928979 | NMatch: 63086957
Processing file 770 of 817: /eos/cms/store/group/phys_heavyions/hbossi/mc_productions/QCD-dijet_pThat15-event-weighted_TuneCP5_5p36TeV_pythia8/OO_MC_DijetEmbedded_pThat-15to1200_TuneCP5_5p36TeV_pythia8/260306_002843/0000/HiForestMiniAOD_794.root
Time elapsed: 18564 seconds
File Contains: 108000 entries.
NMiss: 2827312 | NFake: 3933570 | NMatch: 63159645
Processing file 771 of 817: /eos/cms/store/group/phys_heavyions/hbossi/mc_productions/QCD-dijet_pThat15-event-weighted_TuneCP5_5p36TeV_pythia8/OO_MC_DijetEmbedded_pThat-15to1200_TuneCP5_5p36TeV_pythia8/260306_002843/0000/HiForestMiniAOD_795.root
Time elapsed: 18580 seconds
File Contains: 122000 entries.
NMiss: 2831006 | NFake: 3938604 | NMatch: 63241367
Processing file 772 of 817: /eos/cms/store/group/phys_heavyions/hbossi/mc_productions/QCD-dijet_pThat15-event-weighted_TuneCP5_5p36TeV_pythia8/OO_MC_DijetEmbedded_pThat-15to1200_TuneCP5_5p36TeV_pythia8/260306_002843/0000/HiForestMiniAOD_796.root
Time elapsed: 18600 seconds
File Contains: 120000 entries.
NMiss: 2834638 | NFake: 3943612 | NMatch: 63321333
Processing file 773 of 817: /eos/cms/store/group/phys_heavyions/hbossi/mc_productions/QCD-dijet_pThat15-event-weighted_TuneCP5_5p36TeV_pythia8/OO_MC_DijetEmbedded_pThat-15to1200_TuneCP5_5p36TeV_pythia8/260306_002843/0000/HiForestMiniAOD_797.root
Time elapsed: 18646 seconds
File Contains: 133000 entries.
NMiss: 2838622 | NFake: 3949171 | NMatch: 63410284
Processing file 774 of 817: /eos/cms/store/group/phys_heavyions/hbossi/mc_productions/QCD-dijet_pThat15-event-weighted_TuneCP5_5p36TeV_pythia8/OO_MC_DijetEmbedded_pThat-15to1200_TuneCP5_5p36TeV_pythia8/260306_002843/0000/HiForestMiniAOD_798.root
Time elapsed: 18679 seconds
File Contains: 127000 entries.
NMiss: 2842296 | NFake: 3954481 | NMatch: 63494969
Processing file 775 of 817: /eos/cms/store/group/phys_heavyions/hbossi/mc_productions/QCD-dijet_pThat15-event-weighted_TuneCP5_5p36TeV_pythia8/OO_MC_DijetEmbedded_pThat-15to1200_TuneCP5_5p36TeV_pythia8/260306_002843/0000/HiForestMiniAOD_799.root
Time elapsed: 18700 seconds
File Contains: 114000 entries.
NMiss: 2845724 | NFake: 3959232 | NMatch: 63571749
Processing file 776 of 817: /eos/cms/store/group/phys_heavyions/hbossi/mc_productions/QCD-dijet_pThat15-event-weighted_TuneCP5_5p36TeV_pythia8/OO_MC_DijetEmbedded_pThat-15to1200_TuneCP5_5p36TeV_pythia8/260306_002843/0000/HiForestMiniAOD_8.root
Time elapsed: 18730 seconds
File Contains: 117000 entries.
NMiss: 2849243 | NFake: 3964042 | NMatch: 63649565
Processing file 777 of 817: /eos/cms/store/group/phys_heavyions/hbossi/mc_productions/QCD-dijet_pThat15-event-weighted_TuneCP5_5p36TeV_pythia8/OO_MC_DijetEmbedded_pThat-15to1200_TuneCP5_5p36TeV_pythia8/260306_002843/0000/HiForestMiniAOD_80.root
Time elapsed: 18755 seconds
File Contains: 119000 entries.
NMiss: 2852768 | NFake: 3968954 | NMatch: 63728726
Processing file 778 of 817: /eos/cms/store/group/phys_heavyions/hbossi/mc_productions/QCD-dijet_pThat15-event-weighted_TuneCP5_5p36TeV_pythia8/OO_MC_DijetEmbedded_pThat-15to1200_TuneCP5_5p36TeV_pythia8/260306_002843/0000/HiForestMiniAOD_800.root
Time elapsed: 18773 seconds
File Contains: 128000 entries.
NMiss: 2856425 | NFake: 3974272 | NMatch: 63814134
Processing file 779 of 817: /eos/cms/store/group/phys_heavyions/hbossi/mc_productions/QCD-dijet_pThat15-event-weighted_TuneCP5_5p36TeV_pythia8/OO_MC_DijetEmbedded_pThat-15to1200_TuneCP5_5p36TeV_pythia8/260306_002843/0000/HiForestMiniAOD_801.root
Time elapsed: 18796 seconds
File Contains: 129000 entries.
NMiss: 2860226 | NFake: 3979813 | NMatch: 63900634
Processing file 780 of 817: /eos/cms/store/group/phys_heavyions/hbossi/mc_productions/QCD-dijet_pThat15-event-weighted_TuneCP5_5p36TeV_pythia8/OO_MC_DijetEmbedded_pThat-15to1200_TuneCP5_5p36TeV_pythia8/260306_002843/0000/HiForestMiniAOD_802.root
Time elapsed: 18819 seconds
File Contains: 86000 entries.
NMiss: 2862842 | NFake: 3983465 | NMatch: 63957768
Processing file 781 of 817: /eos/cms/store/group/phys_heavyions/hbossi/mc_productions/QCD-dijet_pThat15-event-weighted_TuneCP5_5p36TeV_pythia8/OO_MC_DijetEmbedded_pThat-15to1200_TuneCP5_5p36TeV_pythia8/260306_002843/0000/HiForestMiniAOD_803.root
Time elapsed: 18837 seconds
File Contains: 125000 entries.
NMiss: 2866661 | NFake: 3988722 | NMatch: 64041507
Processing file 782 of 817: /eos/cms/store/group/phys_heavyions/hbossi/mc_productions/QCD-dijet_pThat15-event-weighted_TuneCP5_5p36TeV_pythia8/OO_MC_DijetEmbedded_pThat-15to1200_TuneCP5_5p36TeV_pythia8/260306_002843/0000/HiForestMiniAOD_804.root
Time elapsed: 18864 seconds
File Contains: 107000 entries.
NMiss: 2869852 | NFake: 3993202 | NMatch: 64113291
Processing file 783 of 817: /eos/cms/store/group/phys_heavyions/hbossi/mc_productions/QCD-dijet_pThat15-event-weighted_TuneCP5_5p36TeV_pythia8/OO_MC_DijetEmbedded_pThat-15to1200_TuneCP5_5p36TeV_pythia8/260306_002843/0000/HiForestMiniAOD_805.root
Time elapsed: 18885 seconds
File Contains: 146000 entries.
NMiss: 2874253 | NFake: 3999434 | NMatch: 64211074
Processing file 784 of 817: /eos/cms/store/group/phys_heavyions/hbossi/mc_productions/QCD-dijet_pThat15-event-weighted_TuneCP5_5p36TeV_pythia8/OO_MC_DijetEmbedded_pThat-15to1200_TuneCP5_5p36TeV_pythia8/260306_002843/0000/HiForestMiniAOD_806.root
Time elapsed: 18910 seconds
File Contains: 116000 entries.
NMiss: 2877649 | NFake: 4004404 | NMatch: 64288589
Processing file 785 of 817: /eos/cms/store/group/phys_heavyions/hbossi/mc_productions/QCD-dijet_pThat15-event-weighted_TuneCP5_5p36TeV_pythia8/OO_MC_DijetEmbedded_pThat-15to1200_TuneCP5_5p36TeV_pythia8/260306_002843/0000/HiForestMiniAOD_807.root
Time elapsed: 18934 seconds
File Contains: 119000 entries.
NMiss: 2881202 | NFake: 4009335 | NMatch: 64367719
Processing file 786 of 817: /eos/cms/store/group/phys_heavyions/hbossi/mc_productions/QCD-dijet_pThat15-event-weighted_TuneCP5_5p36TeV_pythia8/OO_MC_DijetEmbedded_pThat-15to1200_TuneCP5_5p36TeV_pythia8/260306_002843/0000/HiForestMiniAOD_808.root
Time elapsed: 18955 seconds
File Contains: 131000 entries.
NMiss: 2885070 | NFake: 4014748 | NMatch: 64455809
Processing file 787 of 817: /eos/cms/store/group/phys_heavyions/hbossi/mc_productions/QCD-dijet_pThat15-event-weighted_TuneCP5_5p36TeV_pythia8/OO_MC_DijetEmbedded_pThat-15to1200_TuneCP5_5p36TeV_pythia8/260306_002843/0000/HiForestMiniAOD_809.root
Time elapsed: 18991 seconds
File Contains: 104000 entries.
NMiss: 2888174 | NFake: 4019012 | NMatch: 64525144
Processing file 788 of 817: /eos/cms/store/group/phys_heavyions/hbossi/mc_productions/QCD-dijet_pThat15-event-weighted_TuneCP5_5p36TeV_pythia8/OO_MC_DijetEmbedded_pThat-15to1200_TuneCP5_5p36TeV_pythia8/260306_002843/0000/HiForestMiniAOD_81.root
Time elapsed: 19025 seconds
File Contains: 109000 entries.
NMiss: 2891395 | NFake: 4023576 | NMatch: 64598078
Processing file 789 of 817: /eos/cms/store/group/phys_heavyions/hbossi/mc_productions/QCD-dijet_pThat15-event-weighted_TuneCP5_5p36TeV_pythia8/OO_MC_DijetEmbedded_pThat-15to1200_TuneCP5_5p36TeV_pythia8/260306_002843/0000/HiForestMiniAOD_810.root
Time elapsed: 19049 seconds
File Contains: 118000 entries.
NMiss: 2894907 | NFake: 4028476 | NMatch: 64677071
Processing file 790 of 817: /eos/cms/store/group/phys_heavyions/hbossi/mc_productions/QCD-dijet_pThat15-event-weighted_TuneCP5_5p36TeV_pythia8/OO_MC_DijetEmbedded_pThat-15to1200_TuneCP5_5p36TeV_pythia8/260306_002843/0000/HiForestMiniAOD_811.root
Time elapsed: 19079 seconds
File Contains: 122000 entries.
NMiss: 2898590 | NFake: 4033530 | NMatch: 64758617
Processing file 791 of 817: /eos/cms/store/group/phys_heavyions/hbossi/mc_productions/QCD-dijet_pThat15-event-weighted_TuneCP5_5p36TeV_pythia8/OO_MC_DijetEmbedded_pThat-15to1200_TuneCP5_5p36TeV_pythia8/260306_002843/0000/HiForestMiniAOD_812.root
Time elapsed: 19116 seconds
File Contains: 104000 entries.
NMiss: 2901677 | NFake: 4037877 | NMatch: 64828408
Processing file 792 of 817: /eos/cms/store/group/phys_heavyions/hbossi/mc_productions/QCD-dijet_pThat15-event-weighted_TuneCP5_5p36TeV_pythia8/OO_MC_DijetEmbedded_pThat-15to1200_TuneCP5_5p36TeV_pythia8/260306_002843/0000/HiForestMiniAOD_813.root
Time elapsed: 19136 seconds
File Contains: 114000 entries.
NMiss: 2905036 | NFake: 4042671 | NMatch: 64904323
Processing file 793 of 817: /eos/cms/store/group/phys_heavyions/hbossi/mc_productions/QCD-dijet_pThat15-event-weighted_TuneCP5_5p36TeV_pythia8/OO_MC_DijetEmbedded_pThat-15to1200_TuneCP5_5p36TeV_pythia8/260306_002843/0000/HiForestMiniAOD_814.root
Time elapsed: 19170 seconds
File Contains: 104000 entries.
NMiss: 2908105 | NFake: 4047034 | NMatch: 64974318
Processing file 794 of 817: /eos/cms/store/group/phys_heavyions/hbossi/mc_productions/QCD-dijet_pThat15-event-weighted_TuneCP5_5p36TeV_pythia8/OO_MC_DijetEmbedded_pThat-15to1200_TuneCP5_5p36TeV_pythia8/260306_002843/0000/HiForestMiniAOD_815.root
Time elapsed: 19195 seconds
File Contains: 119000 entries.
NMiss: 2911617 | NFake: 4051951 | NMatch: 65054158
Processing file 795 of 817: /eos/cms/store/group/phys_heavyions/hbossi/mc_productions/QCD-dijet_pThat15-event-weighted_TuneCP5_5p36TeV_pythia8/OO_MC_DijetEmbedded_pThat-15to1200_TuneCP5_5p36TeV_pythia8/260306_002843/0000/HiForestMiniAOD_816.root
Time elapsed: 19212 seconds
File Contains: 109000 entries.
NMiss: 2914819 | NFake: 4056561 | NMatch: 65127589
Processing file 796 of 817: /eos/cms/store/group/phys_heavyions/hbossi/mc_productions/QCD-dijet_pThat15-event-weighted_TuneCP5_5p36TeV_pythia8/OO_MC_DijetEmbedded_pThat-15to1200_TuneCP5_5p36TeV_pythia8/260306_002843/0000/HiForestMiniAOD_817.root
Time elapsed: 19237 seconds
File Contains: 121000 entries.
NMiss: 2918508 | NFake: 4061529 | NMatch: 65208951
Processing file 797 of 817: /eos/cms/store/group/phys_heavyions/hbossi/mc_productions/QCD-dijet_pThat15-event-weighted_TuneCP5_5p36TeV_pythia8/OO_MC_DijetEmbedded_pThat-15to1200_TuneCP5_5p36TeV_pythia8/260306_002843/0000/HiForestMiniAOD_818.root
Time elapsed: 19253 seconds
File Contains: 128000 entries.
NMiss: 2922416 | NFake: 4066965 | NMatch: 65295645
Processing file 798 of 817: /eos/cms/store/group/phys_heavyions/hbossi/mc_productions/QCD-dijet_pThat15-event-weighted_TuneCP5_5p36TeV_pythia8/OO_MC_DijetEmbedded_pThat-15to1200_TuneCP5_5p36TeV_pythia8/260306_002843/0000/HiForestMiniAOD_819.root
Time elapsed: 19278 seconds
File Contains: 47000 entries.
NMiss: 2923800 | NFake: 4068926 | NMatch: 65326921
Processing file 799 of 817: /eos/cms/store/group/phys_heavyions/hbossi/mc_productions/QCD-dijet_pThat15-event-weighted_TuneCP5_5p36TeV_pythia8/OO_MC_DijetEmbedded_pThat-15to1200_TuneCP5_5p36TeV_pythia8/260306_002843/0000/HiForestMiniAOD_82.root
Time elapsed: 19292 seconds
File Contains: 98000 entries.
NMiss: 2926802 | NFake: 4072998 | NMatch: 65392514
Processing file 800 of 817: /eos/cms/store/group/phys_heavyions/hbossi/mc_productions/QCD-dijet_pThat15-event-weighted_TuneCP5_5p36TeV_pythia8/OO_MC_DijetEmbedded_pThat-15to1200_TuneCP5_5p36TeV_pythia8/260306_002843/0000/HiForestMiniAOD_83.root
Time elapsed: 19308 seconds
File Contains: 146000 entries.
NMiss: 2931049 | NFake: 4079031 | NMatch: 65490412
Processing file 801 of 817: /eos/cms/store/group/phys_heavyions/hbossi/mc_productions/QCD-dijet_pThat15-event-weighted_TuneCP5_5p36TeV_pythia8/OO_MC_DijetEmbedded_pThat-15to1200_TuneCP5_5p36TeV_pythia8/260306_002843/0000/HiForestMiniAOD_84.root
Time elapsed: 19339 seconds
File Contains: 109000 entries.
NMiss: 2934240 | NFake: 4083532 | NMatch: 65563629
Processing file 802 of 817: /eos/cms/store/group/phys_heavyions/hbossi/mc_productions/QCD-dijet_pThat15-event-weighted_TuneCP5_5p36TeV_pythia8/OO_MC_DijetEmbedded_pThat-15to1200_TuneCP5_5p36TeV_pythia8/260306_002843/0000/HiForestMiniAOD_85.root
Time elapsed: 19358 seconds
File Contains: 94000 entries.
NMiss: 2937072 | NFake: 4087459 | NMatch: 65626671
Processing file 803 of 817: /eos/cms/store/group/phys_heavyions/hbossi/mc_productions/QCD-dijet_pThat15-event-weighted_TuneCP5_5p36TeV_pythia8/OO_MC_DijetEmbedded_pThat-15to1200_TuneCP5_5p36TeV_pythia8/260306_002843/0000/HiForestMiniAOD_86.root
Time elapsed: 19376 seconds
File Contains: 125000 entries.
NMiss: 2940836 | NFake: 4092541 | NMatch: 65710054
Processing file 804 of 817: /eos/cms/store/group/phys_heavyions/hbossi/mc_productions/QCD-dijet_pThat15-event-weighted_TuneCP5_5p36TeV_pythia8/OO_MC_DijetEmbedded_pThat-15to1200_TuneCP5_5p36TeV_pythia8/260306_002843/0000/HiForestMiniAOD_87.root
Time elapsed: 19399 seconds
File Contains: 157000 entries.
NMiss: 2945505 | NFake: 4099000 | NMatch: 65814975
Processing file 805 of 817: /eos/cms/store/group/phys_heavyions/hbossi/mc_productions/QCD-dijet_pThat15-event-weighted_TuneCP5_5p36TeV_pythia8/OO_MC_DijetEmbedded_pThat-15to1200_TuneCP5_5p36TeV_pythia8/260306_002843/0000/HiForestMiniAOD_88.root
Time elapsed: 19455 seconds
File Contains: 126000 entries.
NMiss: 2949246 | NFake: 4104298 | NMatch: 65899336
Processing file 806 of 817: /eos/cms/store/group/phys_heavyions/hbossi/mc_productions/QCD-dijet_pThat15-event-weighted_TuneCP5_5p36TeV_pythia8/OO_MC_DijetEmbedded_pThat-15to1200_TuneCP5_5p36TeV_pythia8/260306_002843/0000/HiForestMiniAOD_89.root
Time elapsed: 19479 seconds
File Contains: 89000 entries.
NMiss: 2951996 | NFake: 4107892 | NMatch: 65959171
Processing file 807 of 817: /eos/cms/store/group/phys_heavyions/hbossi/mc_productions/QCD-dijet_pThat15-event-weighted_TuneCP5_5p36TeV_pythia8/OO_MC_DijetEmbedded_pThat-15to1200_TuneCP5_5p36TeV_pythia8/260306_002843/0000/HiForestMiniAOD_9.root
Time elapsed: 19496 seconds
File Contains: 91000 entries.
NMiss: 2954633 | NFake: 4111770 | NMatch: 66020082
Processing file 808 of 817: /eos/cms/store/group/phys_heavyions/hbossi/mc_productions/QCD-dijet_pThat15-event-weighted_TuneCP5_5p36TeV_pythia8/OO_MC_DijetEmbedded_pThat-15to1200_TuneCP5_5p36TeV_pythia8/260306_002843/0000/HiForestMiniAOD_90.root
Time elapsed: 19516 seconds
File Contains: 94000 entries.
NMiss: 2957397 | NFake: 4115713 | NMatch: 66083368
Processing file 809 of 817: /eos/cms/store/group/phys_heavyions/hbossi/mc_productions/QCD-dijet_pThat15-event-weighted_TuneCP5_5p36TeV_pythia8/OO_MC_DijetEmbedded_pThat-15to1200_TuneCP5_5p36TeV_pythia8/260306_002843/0000/HiForestMiniAOD_91.root
Time elapsed: 19543 seconds
File Contains: 115000 entries.
NMiss: 2960867 | NFake: 4120636 | NMatch: 66160411
Processing file 810 of 817: /eos/cms/store/group/phys_heavyions/hbossi/mc_productions/QCD-dijet_pThat15-event-weighted_TuneCP5_5p36TeV_pythia8/OO_MC_DijetEmbedded_pThat-15to1200_TuneCP5_5p36TeV_pythia8/260306_002843/0000/HiForestMiniAOD_92.root
Time elapsed: 19562 seconds
File Contains: 92000 entries.
NMiss: 2963553 | NFake: 4124581 | NMatch: 66221943
Processing file 811 of 817: /eos/cms/store/group/phys_heavyions/hbossi/mc_productions/QCD-dijet_pThat15-event-weighted_TuneCP5_5p36TeV_pythia8/OO_MC_DijetEmbedded_pThat-15to1200_TuneCP5_5p36TeV_pythia8/260306_002843/0000/HiForestMiniAOD_93.root
Time elapsed: 19580 seconds
File Contains: 119000 entries.
NMiss: 2967074 | NFake: 4129632 | NMatch: 66301451
Processing file 812 of 817: /eos/cms/store/group/phys_heavyions/hbossi/mc_productions/QCD-dijet_pThat15-event-weighted_TuneCP5_5p36TeV_pythia8/OO_MC_DijetEmbedded_pThat-15to1200_TuneCP5_5p36TeV_pythia8/260306_002843/0000/HiForestMiniAOD_94.root
Time elapsed: 19603 seconds
File Contains: 97000 entries.
NMiss: 2969963 | NFake: 4133726 | NMatch: 66366718
Processing file 813 of 817: /eos/cms/store/group/phys_heavyions/hbossi/mc_productions/QCD-dijet_pThat15-event-weighted_TuneCP5_5p36TeV_pythia8/OO_MC_DijetEmbedded_pThat-15to1200_TuneCP5_5p36TeV_pythia8/260306_002843/0000/HiForestMiniAOD_95.root
Time elapsed: 19614 seconds
File Contains: 103000 entries.
NMiss: 2972960 | NFake: 4138038 | NMatch: 66435945
Processing file 814 of 817: /eos/cms/store/group/phys_heavyions/hbossi/mc_productions/QCD-dijet_pThat15-event-weighted_TuneCP5_5p36TeV_pythia8/OO_MC_DijetEmbedded_pThat-15to1200_TuneCP5_5p36TeV_pythia8/260306_002843/0000/HiForestMiniAOD_96.root
Time elapsed: 19637 seconds
File Contains: 110000 entries.
NMiss: 2976254 | NFake: 4142576 | NMatch: 66509483
Processing file 815 of 817: /eos/cms/store/group/phys_heavyions/hbossi/mc_productions/QCD-dijet_pThat15-event-weighted_TuneCP5_5p36TeV_pythia8/OO_MC_DijetEmbedded_pThat-15to1200_TuneCP5_5p36TeV_pythia8/260306_002843/0000/HiForestMiniAOD_97.root
Time elapsed: 19655 seconds
File Contains: 133000 entries.
NMiss: 2980275 | NFake: 4148231 | NMatch: 66597978
Processing file 816 of 817: /eos/cms/store/group/phys_heavyions/hbossi/mc_productions/QCD-dijet_pThat15-event-weighted_TuneCP5_5p36TeV_pythia8/OO_MC_DijetEmbedded_pThat-15to1200_TuneCP5_5p36TeV_pythia8/260306_002843/0000/HiForestMiniAOD_98.root
Time elapsed: 19675 seconds
File Contains: 93000 entries.
NMiss: 2983098 | NFake: 4151999 | NMatch: 66660651
Processing file 817 of 817: /eos/cms/store/group/phys_heavyions/hbossi/mc_productions/QCD-dijet_pThat15-event-weighted_TuneCP5_5p36TeV_pythia8/OO_MC_DijetEmbedded_pThat-15to1200_TuneCP5_5p36TeV_pythia8/260306_002843/0000/HiForestMiniAOD_99.root
Time elapsed: 19693 seconds
File Contains: 138000 entries.
NMiss: 2987242 | NFake: 4157759 | NMatch: 66753059
Now unfolding...
Iteration : 0
Chi^2 of change 5.71633e-27
Calculating covariances due to number of measured events
Trivial Unfolding ratio (UnfoldedGen / ResponseGen) values:
Bin 1:  Ratio = 1.0000000000000000
Bin 2:  Ratio = 1.0000000000000000
Bin 3:  Ratio = 1.0000000000000000
Bin 4:  Ratio = 1.0000000000000000
Bin 5:  Ratio = 1.0000000000000000
Bin 6:  Ratio = 1.0000000000000000
Bin 7:  Ratio = 1.0000000000000000
Bin 8:  Ratio = 1.0000000000000000
Bin 9:  Ratio = 1.0000000000000000

=== PROCESSING SUMMARY ===
NMatches: 66753059
NMisses: 2987242
NFakes: 4157759
Train Counter: 44830898
Test Counter: 44823312
=======================

=== TIMING SUMMARY ===
Total processing time: 5h 28m 36.37s
Events processed per second: 5058.49 Hz
Average time per event: 0.197688 ms
=======================

=== MEMORY SUMMARY ===
Peak memory usage: 532.133 MB
Memory cleanup completed.
=======================
Cuts applied: L1 MinBias Trigger;Cluster Compatibility Filter;Primary Vertex Filter;HF E_{Max}+ AND HF E_{Max}- > 14;Jet PF CEF < 0.8;Jet PF NEF < 0.8;Jet PF MUF < 0.9;Jet PF CHM > 0;Match iff Reco&Gen 80.0 < pt < 450.0 GeV/c;Jet |eta| < 1.6;
General info: NEntries: 99.7M;Sample: MC;Tag: MC_FullPD;EventsBeforeCuts: 99735000;EventsAfterCuts: 89654210;EventCutEfficiency: 89.89%;TotalJetsProcessed: 382395953;TotalProcessingTime: 5h 28m 36.37s;NMiss: 2987242;NFake: 4157759;NMatch: 66753059;MC: Yes;
Output written to: /home/xirong/JetStudiesOO/LynnsCode/RootFiles/0428RooUnfoldVer2//Response_MC_99.7MEvts_MC_FullPD_20260429.root
