The system clock is currently at Thu Apr 30 17:29:39 2026
Scanning directory: /eos/cms/store/group/phys_heavyions/hbossi/mc_productions/QCD-dijet_pThat15-event-weighted_TuneCP5_5p36TeV_pythia8/OO_MC_DijetEmbedded_pThat-15to1200_TuneCP5_5p36TeV_pythia8/260306_002843/0000 for files matching pattern: *
Found 817 ROOT files matching pattern: /eos/cms/store/group/phys_heavyions/hbossi/mc_productions/QCD-dijet_pThat15-event-weighted_TuneCP5_5p36TeV_pythia8/OO_MC_DijetEmbedded_pThat-15to1200_TuneCP5_5p36TeV_pythia8/260306_002843/0000/*
Number of ROOT files to process: 817
Processing file 1 of 817: /eos/cms/store/group/phys_heavyions/hbossi/mc_productions/QCD-dijet_pThat15-event-weighted_TuneCP5_5p36TeV_pythia8/OO_MC_DijetEmbedded_pThat-15to1200_TuneCP5_5p36TeV_pythia8/260306_002843/0000/HiForestMiniAOD_1.root
Time elapsed: 0 seconds
File Contains: 145000 entries.
NMiss: 4177 | NFake: 5944 | NMatch: 99619
Processing file 2 of 817: /eos/cms/store/group/phys_heavyions/hbossi/mc_productions/QCD-dijet_pThat15-event-weighted_TuneCP5_5p36TeV_pythia8/OO_MC_DijetEmbedded_pThat-15to1200_TuneCP5_5p36TeV_pythia8/260306_002843/0000/HiForestMiniAOD_10.root
Time elapsed: 25 seconds
File Contains: 129000 entries.
NMiss: 7915 | NFake: 11204 | NMatch: 188500
Processing file 3 of 817: /eos/cms/store/group/phys_heavyions/hbossi/mc_productions/QCD-dijet_pThat15-event-weighted_TuneCP5_5p36TeV_pythia8/OO_MC_DijetEmbedded_pThat-15to1200_TuneCP5_5p36TeV_pythia8/260306_002843/0000/HiForestMiniAOD_100.root
Time elapsed: 40 seconds
File Contains: 106000 entries.
NMiss: 10990 | NFake: 15539 | NMatch: 261474
Processing file 4 of 817: /eos/cms/store/group/phys_heavyions/hbossi/mc_productions/QCD-dijet_pThat15-event-weighted_TuneCP5_5p36TeV_pythia8/OO_MC_DijetEmbedded_pThat-15to1200_TuneCP5_5p36TeV_pythia8/260306_002843/0000/HiForestMiniAOD_101.root
Time elapsed: 56 seconds
File Contains: 113000 entries.
NMiss: 14311 | NFake: 20088 | NMatch: 338975
Processing file 5 of 817: /eos/cms/store/group/phys_heavyions/hbossi/mc_productions/QCD-dijet_pThat15-event-weighted_TuneCP5_5p36TeV_pythia8/OO_MC_DijetEmbedded_pThat-15to1200_TuneCP5_5p36TeV_pythia8/260306_002843/0000/HiForestMiniAOD_102.root
Time elapsed: 78 seconds
File Contains: 112000 entries.
NMiss: 17540 | NFake: 24662 | NMatch: 416006
Processing file 6 of 817: /eos/cms/store/group/phys_heavyions/hbossi/mc_productions/QCD-dijet_pThat15-event-weighted_TuneCP5_5p36TeV_pythia8/OO_MC_DijetEmbedded_pThat-15to1200_TuneCP5_5p36TeV_pythia8/260306_002843/0000/HiForestMiniAOD_103.root
Time elapsed: 111 seconds
File Contains: 154000 entries.
NMiss: 21957 | NFake: 31010 | NMatch: 521289
Processing file 7 of 817: /eos/cms/store/group/phys_heavyions/hbossi/mc_productions/QCD-dijet_pThat15-event-weighted_TuneCP5_5p36TeV_pythia8/OO_MC_DijetEmbedded_pThat-15to1200_TuneCP5_5p36TeV_pythia8/260306_002843/0000/HiForestMiniAOD_104.root
Time elapsed: 137 seconds
File Contains: 92000 entries.
NMiss: 24633 | NFake: 34748 | NMatch: 584359
Processing file 8 of 817: /eos/cms/store/group/phys_heavyions/hbossi/mc_productions/QCD-dijet_pThat15-event-weighted_TuneCP5_5p36TeV_pythia8/OO_MC_DijetEmbedded_pThat-15to1200_TuneCP5_5p36TeV_pythia8/260306_002843/0000/HiForestMiniAOD_105.root
Time elapsed: 152 seconds
File Contains: 136000 entries.
NMiss: 28546 | NFake: 40238 | NMatch: 677624
Processing file 9 of 817: /eos/cms/store/group/phys_heavyions/hbossi/mc_productions/QCD-dijet_pThat15-event-weighted_TuneCP5_5p36TeV_pythia8/OO_MC_DijetEmbedded_pThat-15to1200_TuneCP5_5p36TeV_pythia8/260306_002843/0000/HiForestMiniAOD_106.root
Time elapsed: 168 seconds
File Contains: 127000 entries.
NMiss: 32186 | NFake: 45347 | NMatch: 764380
Processing file 10 of 817: /eos/cms/store/group/phys_heavyions/hbossi/mc_productions/QCD-dijet_pThat15-event-weighted_TuneCP5_5p36TeV_pythia8/OO_MC_DijetEmbedded_pThat-15to1200_TuneCP5_5p36TeV_pythia8/260306_002843/0000/HiForestMiniAOD_107.root
Time elapsed: 182 seconds
File Contains: 120000 entries.
NMiss: 35724 | NFake: 50242 | NMatch: 847237
Processing file 11 of 817: /eos/cms/store/group/phys_heavyions/hbossi/mc_productions/QCD-dijet_pThat15-event-weighted_TuneCP5_5p36TeV_pythia8/OO_MC_DijetEmbedded_pThat-15to1200_TuneCP5_5p36TeV_pythia8/260306_002843/0000/HiForestMiniAOD_108.root
Time elapsed: 204 seconds
File Contains: 119000 entries.
NMiss: 39184 | NFake: 55090 | NMatch: 928726
Processing file 12 of 817: /eos/cms/store/group/phys_heavyions/hbossi/mc_productions/QCD-dijet_pThat15-event-weighted_TuneCP5_5p36TeV_pythia8/OO_MC_DijetEmbedded_pThat-15to1200_TuneCP5_5p36TeV_pythia8/260306_002843/0000/HiForestMiniAOD_109.root
Time elapsed: 223 seconds
File Contains: 127000 entries.
NMiss: 42923 | NFake: 60296 | NMatch: 1016061
Processing file 13 of 817: /eos/cms/store/group/phys_heavyions/hbossi/mc_productions/QCD-dijet_pThat15-event-weighted_TuneCP5_5p36TeV_pythia8/OO_MC_DijetEmbedded_pThat-15to1200_TuneCP5_5p36TeV_pythia8/260306_002843/0000/HiForestMiniAOD_11.root
Time elapsed: 251 seconds
File Contains: 138000 entries.
NMiss: 46915 | NFake: 66033 | NMatch: 1111058
Processing file 14 of 817: /eos/cms/store/group/phys_heavyions/hbossi/mc_productions/QCD-dijet_pThat15-event-weighted_TuneCP5_5p36TeV_pythia8/OO_MC_DijetEmbedded_pThat-15to1200_TuneCP5_5p36TeV_pythia8/260306_002843/0000/HiForestMiniAOD_110.root
Time elapsed: 276 seconds
File Contains: 167000 entries.
NMiss: 51751 | NFake: 72779 | NMatch: 1225183
Processing file 15 of 817: /eos/cms/store/group/phys_heavyions/hbossi/mc_productions/QCD-dijet_pThat15-event-weighted_TuneCP5_5p36TeV_pythia8/OO_MC_DijetEmbedded_pThat-15to1200_TuneCP5_5p36TeV_pythia8/260306_002843/0000/HiForestMiniAOD_111.root
Time elapsed: 294 seconds
File Contains: 125000 entries.
NMiss: 55310 | NFake: 77865 | NMatch: 1311223
Processing file 16 of 817: /eos/cms/store/group/phys_heavyions/hbossi/mc_productions/QCD-dijet_pThat15-event-weighted_TuneCP5_5p36TeV_pythia8/OO_MC_DijetEmbedded_pThat-15to1200_TuneCP5_5p36TeV_pythia8/260306_002843/0000/HiForestMiniAOD_112.root
Time elapsed: 316 seconds
File Contains: 135000 entries.
NMiss: 59163 | NFake: 83450 | NMatch: 1404413
Processing file 17 of 817: /eos/cms/store/group/phys_heavyions/hbossi/mc_productions/QCD-dijet_pThat15-event-weighted_TuneCP5_5p36TeV_pythia8/OO_MC_DijetEmbedded_pThat-15to1200_TuneCP5_5p36TeV_pythia8/260306_002843/0000/HiForestMiniAOD_113.root
Time elapsed: 334 seconds
File Contains: 96000 entries.
NMiss: 61944 | NFake: 87324 | NMatch: 1469858
Processing file 18 of 817: /eos/cms/store/group/phys_heavyions/hbossi/mc_productions/QCD-dijet_pThat15-event-weighted_TuneCP5_5p36TeV_pythia8/OO_MC_DijetEmbedded_pThat-15to1200_TuneCP5_5p36TeV_pythia8/260306_002843/0000/HiForestMiniAOD_114.root
Time elapsed: 347 seconds
File Contains: 140000 entries.
NMiss: 66048 | NFake: 93178 | NMatch: 1566340
Processing file 19 of 817: /eos/cms/store/group/phys_heavyions/hbossi/mc_productions/QCD-dijet_pThat15-event-weighted_TuneCP5_5p36TeV_pythia8/OO_MC_DijetEmbedded_pThat-15to1200_TuneCP5_5p36TeV_pythia8/260306_002843/0000/HiForestMiniAOD_115.root
Time elapsed: 364 seconds
File Contains: 152000 entries.
NMiss: 70448 | NFake: 99359 | NMatch: 1670357
Processing file 20 of 817: /eos/cms/store/group/phys_heavyions/hbossi/mc_productions/QCD-dijet_pThat15-event-weighted_TuneCP5_5p36TeV_pythia8/OO_MC_DijetEmbedded_pThat-15to1200_TuneCP5_5p36TeV_pythia8/260306_002843/0000/HiForestMiniAOD_116.root
Time elapsed: 383 seconds
File Contains: 123000 entries.
NMiss: 74055 | NFake: 104532 | NMatch: 1754694
Processing file 21 of 817: /eos/cms/store/group/phys_heavyions/hbossi/mc_productions/QCD-dijet_pThat15-event-weighted_TuneCP5_5p36TeV_pythia8/OO_MC_DijetEmbedded_pThat-15to1200_TuneCP5_5p36TeV_pythia8/260306_002843/0000/HiForestMiniAOD_117.root
Time elapsed: 400 seconds
File Contains: 167000 entries.
NMiss: 78885 | NFake: 111343 | NMatch: 1869779
Processing file 22 of 817: /eos/cms/store/group/phys_heavyions/hbossi/mc_productions/QCD-dijet_pThat15-event-weighted_TuneCP5_5p36TeV_pythia8/OO_MC_DijetEmbedded_pThat-15to1200_TuneCP5_5p36TeV_pythia8/260306_002843/0000/HiForestMiniAOD_118.root
Time elapsed: 418 seconds
File Contains: 110000 entries.
NMiss: 82030 | NFake: 115825 | NMatch: 1945327
Processing file 23 of 817: /eos/cms/store/group/phys_heavyions/hbossi/mc_productions/QCD-dijet_pThat15-event-weighted_TuneCP5_5p36TeV_pythia8/OO_MC_DijetEmbedded_pThat-15to1200_TuneCP5_5p36TeV_pythia8/260306_002843/0000/HiForestMiniAOD_119.root
Time elapsed: 440 seconds
File Contains: 131000 entries.
NMiss: 85817 | NFake: 121175 | NMatch: 2034813
Processing file 24 of 817: /eos/cms/store/group/phys_heavyions/hbossi/mc_productions/QCD-dijet_pThat15-event-weighted_TuneCP5_5p36TeV_pythia8/OO_MC_DijetEmbedded_pThat-15to1200_TuneCP5_5p36TeV_pythia8/260306_002843/0000/HiForestMiniAOD_12.root
Time elapsed: 462 seconds
File Contains: 131000 entries.
NMiss: 89587 | NFake: 126598 | NMatch: 2124278
Processing file 25 of 817: /eos/cms/store/group/phys_heavyions/hbossi/mc_productions/QCD-dijet_pThat15-event-weighted_TuneCP5_5p36TeV_pythia8/OO_MC_DijetEmbedded_pThat-15to1200_TuneCP5_5p36TeV_pythia8/260306_002843/0000/HiForestMiniAOD_120.root
Time elapsed: 480 seconds
File Contains: 133000 entries.
NMiss: 93397 | NFake: 132006 | NMatch: 2215738
Processing file 26 of 817: /eos/cms/store/group/phys_heavyions/hbossi/mc_productions/QCD-dijet_pThat15-event-weighted_TuneCP5_5p36TeV_pythia8/OO_MC_DijetEmbedded_pThat-15to1200_TuneCP5_5p36TeV_pythia8/260306_002843/0000/HiForestMiniAOD_121.root
Time elapsed: 516 seconds
File Contains: 146000 entries.
NMiss: 97696 | NFake: 137965 | NMatch: 2315584
Processing file 27 of 817: /eos/cms/store/group/phys_heavyions/hbossi/mc_productions/QCD-dijet_pThat15-event-weighted_TuneCP5_5p36TeV_pythia8/OO_MC_DijetEmbedded_pThat-15to1200_TuneCP5_5p36TeV_pythia8/260306_002843/0000/HiForestMiniAOD_122.root
Time elapsed: 541 seconds
File Contains: 113000 entries.
NMiss: 100990 | NFake: 142687 | NMatch: 2393412
Processing file 28 of 817: /eos/cms/store/group/phys_heavyions/hbossi/mc_productions/QCD-dijet_pThat15-event-weighted_TuneCP5_5p36TeV_pythia8/OO_MC_DijetEmbedded_pThat-15to1200_TuneCP5_5p36TeV_pythia8/260306_002843/0000/HiForestMiniAOD_123.root
Time elapsed: 564 seconds
File Contains: 110000 entries.
NMiss: 104085 | NFake: 147165 | NMatch: 2468465
Processing file 29 of 817: /eos/cms/store/group/phys_heavyions/hbossi/mc_productions/QCD-dijet_pThat15-event-weighted_TuneCP5_5p36TeV_pythia8/OO_MC_DijetEmbedded_pThat-15to1200_TuneCP5_5p36TeV_pythia8/260306_002843/0000/HiForestMiniAOD_124.root
Time elapsed: 580 seconds
File Contains: 137000 entries.
NMiss: 107993 | NFake: 152886 | NMatch: 2562696
Processing file 30 of 817: /eos/cms/store/group/phys_heavyions/hbossi/mc_productions/QCD-dijet_pThat15-event-weighted_TuneCP5_5p36TeV_pythia8/OO_MC_DijetEmbedded_pThat-15to1200_TuneCP5_5p36TeV_pythia8/260306_002843/0000/HiForestMiniAOD_125.root
Time elapsed: 598 seconds
File Contains: 98000 entries.
NMiss: 110698 | NFake: 156846 | NMatch: 2629938
Processing file 31 of 817: /eos/cms/store/group/phys_heavyions/hbossi/mc_productions/QCD-dijet_pThat15-event-weighted_TuneCP5_5p36TeV_pythia8/OO_MC_DijetEmbedded_pThat-15to1200_TuneCP5_5p36TeV_pythia8/260306_002843/0000/HiForestMiniAOD_126.root
Time elapsed: 612 seconds
File Contains: 113000 entries.
NMiss: 113919 | NFake: 161456 | NMatch: 2707430
Processing file 32 of 817: /eos/cms/store/group/phys_heavyions/hbossi/mc_productions/QCD-dijet_pThat15-event-weighted_TuneCP5_5p36TeV_pythia8/OO_MC_DijetEmbedded_pThat-15to1200_TuneCP5_5p36TeV_pythia8/260306_002843/0000/HiForestMiniAOD_127.root
Time elapsed: 629 seconds
File Contains: 107000 entries.
NMiss: 117019 | NFake: 165800 | NMatch: 2780821
Processing file 33 of 817: /eos/cms/store/group/phys_heavyions/hbossi/mc_productions/QCD-dijet_pThat15-event-weighted_TuneCP5_5p36TeV_pythia8/OO_MC_DijetEmbedded_pThat-15to1200_TuneCP5_5p36TeV_pythia8/260306_002843/0000/HiForestMiniAOD_128.root
Time elapsed: 651 seconds
File Contains: 148000 entries.
NMiss: 121358 | NFake: 171898 | NMatch: 2882992
Processing file 34 of 817: /eos/cms/store/group/phys_heavyions/hbossi/mc_productions/QCD-dijet_pThat15-event-weighted_TuneCP5_5p36TeV_pythia8/OO_MC_DijetEmbedded_pThat-15to1200_TuneCP5_5p36TeV_pythia8/260306_002843/0000/HiForestMiniAOD_129.root
Time elapsed: 673 seconds
File Contains: 117000 entries.
NMiss: 124735 | NFake: 176700 | NMatch: 2962884
Processing file 35 of 817: /eos/cms/store/group/phys_heavyions/hbossi/mc_productions/QCD-dijet_pThat15-event-weighted_TuneCP5_5p36TeV_pythia8/OO_MC_DijetEmbedded_pThat-15to1200_TuneCP5_5p36TeV_pythia8/260306_002843/0000/HiForestMiniAOD_130.root
Time elapsed: 697 seconds
File Contains: 139000 entries.
NMiss: 128747 | NFake: 182259 | NMatch: 3058656
Processing file 36 of 817: /eos/cms/store/group/phys_heavyions/hbossi/mc_productions/QCD-dijet_pThat15-event-weighted_TuneCP5_5p36TeV_pythia8/OO_MC_DijetEmbedded_pThat-15to1200_TuneCP5_5p36TeV_pythia8/260306_002843/0000/HiForestMiniAOD_131.root
Time elapsed: 719 seconds
File Contains: 105000 entries.
NMiss: 131798 | NFake: 186467 | NMatch: 3130490
Processing file 37 of 817: /eos/cms/store/group/phys_heavyions/hbossi/mc_productions/QCD-dijet_pThat15-event-weighted_TuneCP5_5p36TeV_pythia8/OO_MC_DijetEmbedded_pThat-15to1200_TuneCP5_5p36TeV_pythia8/260306_002843/0000/HiForestMiniAOD_132.root
Time elapsed: 738 seconds
File Contains: 93000 entries.
NMiss: 134422 | NFake: 190340 | NMatch: 3194596
Processing file 38 of 817: /eos/cms/store/group/phys_heavyions/hbossi/mc_productions/QCD-dijet_pThat15-event-weighted_TuneCP5_5p36TeV_pythia8/OO_MC_DijetEmbedded_pThat-15to1200_TuneCP5_5p36TeV_pythia8/260306_002843/0000/HiForestMiniAOD_133.root
Time elapsed: 755 seconds
File Contains: 109000 entries.
NMiss: 137579 | NFake: 194856 | NMatch: 3269480
Processing file 39 of 817: /eos/cms/store/group/phys_heavyions/hbossi/mc_productions/QCD-dijet_pThat15-event-weighted_TuneCP5_5p36TeV_pythia8/OO_MC_DijetEmbedded_pThat-15to1200_TuneCP5_5p36TeV_pythia8/260306_002843/0000/HiForestMiniAOD_134.root
Time elapsed: 778 seconds
File Contains: 100000 entries.
NMiss: 140454 | NFake: 198958 | NMatch: 3337922
Processing file 40 of 817: /eos/cms/store/group/phys_heavyions/hbossi/mc_productions/QCD-dijet_pThat15-event-weighted_TuneCP5_5p36TeV_pythia8/OO_MC_DijetEmbedded_pThat-15to1200_TuneCP5_5p36TeV_pythia8/260306_002843/0000/HiForestMiniAOD_135.root
Time elapsed: 794 seconds
File Contains: 122000 entries.
NMiss: 144003 | NFake: 203931 | NMatch: 3421780
Processing file 41 of 817: /eos/cms/store/group/phys_heavyions/hbossi/mc_productions/QCD-dijet_pThat15-event-weighted_TuneCP5_5p36TeV_pythia8/OO_MC_DijetEmbedded_pThat-15to1200_TuneCP5_5p36TeV_pythia8/260306_002843/0000/HiForestMiniAOD_136.root
Time elapsed: 816 seconds
File Contains: 166000 entries.
NMiss: 148728 | NFake: 210614 | NMatch: 3535110
Processing file 42 of 817: /eos/cms/store/group/phys_heavyions/hbossi/mc_productions/QCD-dijet_pThat15-event-weighted_TuneCP5_5p36TeV_pythia8/OO_MC_DijetEmbedded_pThat-15to1200_TuneCP5_5p36TeV_pythia8/260306_002843/0000/HiForestMiniAOD_137.root
Time elapsed: 846 seconds
File Contains: 112000 entries.
NMiss: 152010 | NFake: 215240 | NMatch: 3611838
Processing file 43 of 817: /eos/cms/store/group/phys_heavyions/hbossi/mc_productions/QCD-dijet_pThat15-event-weighted_TuneCP5_5p36TeV_pythia8/OO_MC_DijetEmbedded_pThat-15to1200_TuneCP5_5p36TeV_pythia8/260306_002843/0000/HiForestMiniAOD_138.root
Time elapsed: 865 seconds
File Contains: 100000 entries.
NMiss: 154936 | NFake: 219377 | NMatch: 3680093
Processing file 44 of 817: /eos/cms/store/group/phys_heavyions/hbossi/mc_productions/QCD-dijet_pThat15-event-weighted_TuneCP5_5p36TeV_pythia8/OO_MC_DijetEmbedded_pThat-15to1200_TuneCP5_5p36TeV_pythia8/260306_002843/0000/HiForestMiniAOD_139.root
Time elapsed: 902 seconds
File Contains: 137000 entries.
NMiss: 158916 | NFake: 224999 | NMatch: 3774566
Processing file 45 of 817: /eos/cms/store/group/phys_heavyions/hbossi/mc_productions/QCD-dijet_pThat15-event-weighted_TuneCP5_5p36TeV_pythia8/OO_MC_DijetEmbedded_pThat-15to1200_TuneCP5_5p36TeV_pythia8/260306_002843/0000/HiForestMiniAOD_14.root
Time elapsed: 914 seconds
File Contains: 99000 entries.
NMiss: 161773 | NFake: 229077 | NMatch: 3842147
Processing file 46 of 817: /eos/cms/store/group/phys_heavyions/hbossi/mc_productions/QCD-dijet_pThat15-event-weighted_TuneCP5_5p36TeV_pythia8/OO_MC_DijetEmbedded_pThat-15to1200_TuneCP5_5p36TeV_pythia8/260306_002843/0000/HiForestMiniAOD_140.root
Time elapsed: 933 seconds
File Contains: 143000 entries.
NMiss: 165864 | NFake: 234935 | NMatch: 3940175
Processing file 47 of 817: /eos/cms/store/group/phys_heavyions/hbossi/mc_productions/QCD-dijet_pThat15-event-weighted_TuneCP5_5p36TeV_pythia8/OO_MC_DijetEmbedded_pThat-15to1200_TuneCP5_5p36TeV_pythia8/260306_002843/0000/HiForestMiniAOD_141.root
Time elapsed: 953 seconds
File Contains: 107000 entries.
NMiss: 168935 | NFake: 239238 | NMatch: 4013603
Processing file 48 of 817: /eos/cms/store/group/phys_heavyions/hbossi/mc_productions/QCD-dijet_pThat15-event-weighted_TuneCP5_5p36TeV_pythia8/OO_MC_DijetEmbedded_pThat-15to1200_TuneCP5_5p36TeV_pythia8/260306_002843/0000/HiForestMiniAOD_142.root
Time elapsed: 969 seconds
File Contains: 151000 entries.
NMiss: 173188 | NFake: 245308 | NMatch: 4117340
Processing file 49 of 817: /eos/cms/store/group/phys_heavyions/hbossi/mc_productions/QCD-dijet_pThat15-event-weighted_TuneCP5_5p36TeV_pythia8/OO_MC_DijetEmbedded_pThat-15to1200_TuneCP5_5p36TeV_pythia8/260306_002843/0000/HiForestMiniAOD_143.root
Time elapsed: 992 seconds
File Contains: 91000 entries.
NMiss: 175821 | NFake: 249101 | NMatch: 4179938
Processing file 50 of 817: /eos/cms/store/group/phys_heavyions/hbossi/mc_productions/QCD-dijet_pThat15-event-weighted_TuneCP5_5p36TeV_pythia8/OO_MC_DijetEmbedded_pThat-15to1200_TuneCP5_5p36TeV_pythia8/260306_002843/0000/HiForestMiniAOD_144.root
Time elapsed: 1023 seconds
File Contains: 98000 entries.
NMiss: 178606 | NFake: 253082 | NMatch: 4247019
Processing file 51 of 817: /eos/cms/store/group/phys_heavyions/hbossi/mc_productions/QCD-dijet_pThat15-event-weighted_TuneCP5_5p36TeV_pythia8/OO_MC_DijetEmbedded_pThat-15to1200_TuneCP5_5p36TeV_pythia8/260306_002843/0000/HiForestMiniAOD_145.root
Time elapsed: 1042 seconds
File Contains: 128000 entries.
NMiss: 182307 | NFake: 258352 | NMatch: 4334067
Processing file 52 of 817: /eos/cms/store/group/phys_heavyions/hbossi/mc_productions/QCD-dijet_pThat15-event-weighted_TuneCP5_5p36TeV_pythia8/OO_MC_DijetEmbedded_pThat-15to1200_TuneCP5_5p36TeV_pythia8/260306_002843/0000/HiForestMiniAOD_146.root
Time elapsed: 1068 seconds
File Contains: 126000 entries.
NMiss: 185902 | NFake: 263418 | NMatch: 4420178
Processing file 53 of 817: /eos/cms/store/group/phys_heavyions/hbossi/mc_productions/QCD-dijet_pThat15-event-weighted_TuneCP5_5p36TeV_pythia8/OO_MC_DijetEmbedded_pThat-15to1200_TuneCP5_5p36TeV_pythia8/260306_002843/0000/HiForestMiniAOD_147.root
Time elapsed: 1085 seconds
File Contains: 121000 entries.
NMiss: 189366 | NFake: 268302 | NMatch: 4503408
Processing file 54 of 817: /eos/cms/store/group/phys_heavyions/hbossi/mc_productions/QCD-dijet_pThat15-event-weighted_TuneCP5_5p36TeV_pythia8/OO_MC_DijetEmbedded_pThat-15to1200_TuneCP5_5p36TeV_pythia8/260306_002843/0000/HiForestMiniAOD_148.root
Time elapsed: 1109 seconds
File Contains: 150000 entries.
NMiss: 193714 | NFake: 274424 | NMatch: 4606181
Processing file 55 of 817: /eos/cms/store/group/phys_heavyions/hbossi/mc_productions/QCD-dijet_pThat15-event-weighted_TuneCP5_5p36TeV_pythia8/OO_MC_DijetEmbedded_pThat-15to1200_TuneCP5_5p36TeV_pythia8/260306_002843/0000/HiForestMiniAOD_149.root
Time elapsed: 1129 seconds
File Contains: 133000 entries.
NMiss: 197505 | NFake: 279769 | NMatch: 4697181
Processing file 56 of 817: /eos/cms/store/group/phys_heavyions/hbossi/mc_productions/QCD-dijet_pThat15-event-weighted_TuneCP5_5p36TeV_pythia8/OO_MC_DijetEmbedded_pThat-15to1200_TuneCP5_5p36TeV_pythia8/260306_002843/0000/HiForestMiniAOD_150.root
Time elapsed: 1149 seconds
File Contains: 111000 entries.
NMiss: 200840 | NFake: 284377 | NMatch: 4773110
Processing file 57 of 817: /eos/cms/store/group/phys_heavyions/hbossi/mc_productions/QCD-dijet_pThat15-event-weighted_TuneCP5_5p36TeV_pythia8/OO_MC_DijetEmbedded_pThat-15to1200_TuneCP5_5p36TeV_pythia8/260306_002843/0000/HiForestMiniAOD_151.root
Time elapsed: 1167 seconds
File Contains: 109000 entries.
NMiss: 203912 | NFake: 288821 | NMatch: 4847776
Processing file 58 of 817: /eos/cms/store/group/phys_heavyions/hbossi/mc_productions/QCD-dijet_pThat15-event-weighted_TuneCP5_5p36TeV_pythia8/OO_MC_DijetEmbedded_pThat-15to1200_TuneCP5_5p36TeV_pythia8/260306_002843/0000/HiForestMiniAOD_152.root
Time elapsed: 1183 seconds
File Contains: 95000 entries.
NMiss: 206618 | NFake: 292702 | NMatch: 4912823
Processing file 59 of 817: /eos/cms/store/group/phys_heavyions/hbossi/mc_productions/QCD-dijet_pThat15-event-weighted_TuneCP5_5p36TeV_pythia8/OO_MC_DijetEmbedded_pThat-15to1200_TuneCP5_5p36TeV_pythia8/260306_002843/0000/HiForestMiniAOD_153.root
Time elapsed: 1210 seconds
File Contains: 98000 entries.
NMiss: 209395 | NFake: 296673 | NMatch: 4979943
Processing file 60 of 817: /eos/cms/store/group/phys_heavyions/hbossi/mc_productions/QCD-dijet_pThat15-event-weighted_TuneCP5_5p36TeV_pythia8/OO_MC_DijetEmbedded_pThat-15to1200_TuneCP5_5p36TeV_pythia8/260306_002843/0000/HiForestMiniAOD_154.root
Time elapsed: 1230 seconds
File Contains: 107000 entries.
NMiss: 212461 | NFake: 301066 | NMatch: 5052850
Processing file 61 of 817: /eos/cms/store/group/phys_heavyions/hbossi/mc_productions/QCD-dijet_pThat15-event-weighted_TuneCP5_5p36TeV_pythia8/OO_MC_DijetEmbedded_pThat-15to1200_TuneCP5_5p36TeV_pythia8/260306_002843/0000/HiForestMiniAOD_155.root
Time elapsed: 1248 seconds
File Contains: 92000 entries.
NMiss: 215098 | NFake: 304894 | NMatch: 5115788
Processing file 62 of 817: /eos/cms/store/group/phys_heavyions/hbossi/mc_productions/QCD-dijet_pThat15-event-weighted_TuneCP5_5p36TeV_pythia8/OO_MC_DijetEmbedded_pThat-15to1200_TuneCP5_5p36TeV_pythia8/260306_002843/0000/HiForestMiniAOD_156.root
Time elapsed: 1266 seconds
File Contains: 160000 entries.
NMiss: 219739 | NFake: 311328 | NMatch: 5225740
Processing file 63 of 817: /eos/cms/store/group/phys_heavyions/hbossi/mc_productions/QCD-dijet_pThat15-event-weighted_TuneCP5_5p36TeV_pythia8/OO_MC_DijetEmbedded_pThat-15to1200_TuneCP5_5p36TeV_pythia8/260306_002843/0000/HiForestMiniAOD_157.root
Time elapsed: 1283 seconds
File Contains: 145000 entries.
NMiss: 223953 | NFake: 317180 | NMatch: 5325716
Processing file 64 of 817: /eos/cms/store/group/phys_heavyions/hbossi/mc_productions/QCD-dijet_pThat15-event-weighted_TuneCP5_5p36TeV_pythia8/OO_MC_DijetEmbedded_pThat-15to1200_TuneCP5_5p36TeV_pythia8/260306_002843/0000/HiForestMiniAOD_158.root
Time elapsed: 1304 seconds
File Contains: 129000 entries.
NMiss: 227708 | NFake: 322560 | NMatch: 5414047
Processing file 65 of 817: /eos/cms/store/group/phys_heavyions/hbossi/mc_productions/QCD-dijet_pThat15-event-weighted_TuneCP5_5p36TeV_pythia8/OO_MC_DijetEmbedded_pThat-15to1200_TuneCP5_5p36TeV_pythia8/260306_002843/0000/HiForestMiniAOD_159.root
Time elapsed: 1318 seconds
File Contains: 132000 entries.
NMiss: 231576 | NFake: 327940 | NMatch: 5504230
Processing file 66 of 817: /eos/cms/store/group/phys_heavyions/hbossi/mc_productions/QCD-dijet_pThat15-event-weighted_TuneCP5_5p36TeV_pythia8/OO_MC_DijetEmbedded_pThat-15to1200_TuneCP5_5p36TeV_pythia8/260306_002843/0000/HiForestMiniAOD_16.root
Time elapsed: 1337 seconds
File Contains: 133000 entries.
NMiss: 235387 | NFake: 333370 | NMatch: 5595281
Processing file 67 of 817: /eos/cms/store/group/phys_heavyions/hbossi/mc_productions/QCD-dijet_pThat15-event-weighted_TuneCP5_5p36TeV_pythia8/OO_MC_DijetEmbedded_pThat-15to1200_TuneCP5_5p36TeV_pythia8/260306_002843/0000/HiForestMiniAOD_160.root
Time elapsed: 1356 seconds
File Contains: 108000 entries.
NMiss: 238479 | NFake: 337849 | NMatch: 5668319
Processing file 68 of 817: /eos/cms/store/group/phys_heavyions/hbossi/mc_productions/QCD-dijet_pThat15-event-weighted_TuneCP5_5p36TeV_pythia8/OO_MC_DijetEmbedded_pThat-15to1200_TuneCP5_5p36TeV_pythia8/260306_002843/0000/HiForestMiniAOD_161.root
Time elapsed: 1379 seconds
File Contains: 136000 entries.
NMiss: 242322 | NFake: 343342 | NMatch: 5762173
Processing file 69 of 817: /eos/cms/store/group/phys_heavyions/hbossi/mc_productions/QCD-dijet_pThat15-event-weighted_TuneCP5_5p36TeV_pythia8/OO_MC_DijetEmbedded_pThat-15to1200_TuneCP5_5p36TeV_pythia8/260306_002843/0000/HiForestMiniAOD_162.root
Time elapsed: 1401 seconds
File Contains: 127000 entries.
NMiss: 246069 | NFake: 348621 | NMatch: 5849196
Processing file 70 of 817: /eos/cms/store/group/phys_heavyions/hbossi/mc_productions/QCD-dijet_pThat15-event-weighted_TuneCP5_5p36TeV_pythia8/OO_MC_DijetEmbedded_pThat-15to1200_TuneCP5_5p36TeV_pythia8/260306_002843/0000/HiForestMiniAOD_163.root
Time elapsed: 1423 seconds
File Contains: 152000 entries.
NMiss: 250451 | NFake: 354725 | NMatch: 5953319
Processing file 71 of 817: /eos/cms/store/group/phys_heavyions/hbossi/mc_productions/QCD-dijet_pThat15-event-weighted_TuneCP5_5p36TeV_pythia8/OO_MC_DijetEmbedded_pThat-15to1200_TuneCP5_5p36TeV_pythia8/260306_002843/0000/HiForestMiniAOD_164.root
Time elapsed: 1445 seconds
File Contains: 138000 entries.
NMiss: 254354 | NFake: 360474 | NMatch: 6048254
Processing file 72 of 817: /eos/cms/store/group/phys_heavyions/hbossi/mc_productions/QCD-dijet_pThat15-event-weighted_TuneCP5_5p36TeV_pythia8/OO_MC_DijetEmbedded_pThat-15to1200_TuneCP5_5p36TeV_pythia8/260306_002843/0000/HiForestMiniAOD_165.root
Time elapsed: 1468 seconds
File Contains: 136000 entries.
NMiss: 258289 | NFake: 365892 | NMatch: 6141553
Processing file 73 of 817: /eos/cms/store/group/phys_heavyions/hbossi/mc_productions/QCD-dijet_pThat15-event-weighted_TuneCP5_5p36TeV_pythia8/OO_MC_DijetEmbedded_pThat-15to1200_TuneCP5_5p36TeV_pythia8/260306_002843/0000/HiForestMiniAOD_166.root
Time elapsed: 1495 seconds
File Contains: 87000 entries.
NMiss: 260859 | NFake: 369499 | NMatch: 6200890
Processing file 74 of 817: /eos/cms/store/group/phys_heavyions/hbossi/mc_productions/QCD-dijet_pThat15-event-weighted_TuneCP5_5p36TeV_pythia8/OO_MC_DijetEmbedded_pThat-15to1200_TuneCP5_5p36TeV_pythia8/260306_002843/0000/HiForestMiniAOD_167.root
Time elapsed: 1510 seconds
File Contains: 109000 entries.
NMiss: 264099 | NFake: 373974 | NMatch: 6276157
Processing file 75 of 817: /eos/cms/store/group/phys_heavyions/hbossi/mc_productions/QCD-dijet_pThat15-event-weighted_TuneCP5_5p36TeV_pythia8/OO_MC_DijetEmbedded_pThat-15to1200_TuneCP5_5p36TeV_pythia8/260306_002843/0000/HiForestMiniAOD_168.root
Time elapsed: 1526 seconds
File Contains: 110000 entries.
NMiss: 267340 | NFake: 378489 | NMatch: 6351616
Processing file 76 of 817: /eos/cms/store/group/phys_heavyions/hbossi/mc_productions/QCD-dijet_pThat15-event-weighted_TuneCP5_5p36TeV_pythia8/OO_MC_DijetEmbedded_pThat-15to1200_TuneCP5_5p36TeV_pythia8/260306_002843/0000/HiForestMiniAOD_169.root
Time elapsed: 1540 seconds
File Contains: 108000 entries.
NMiss: 270529 | NFake: 382968 | NMatch: 6425354
Processing file 77 of 817: /eos/cms/store/group/phys_heavyions/hbossi/mc_productions/QCD-dijet_pThat15-event-weighted_TuneCP5_5p36TeV_pythia8/OO_MC_DijetEmbedded_pThat-15to1200_TuneCP5_5p36TeV_pythia8/260306_002843/0000/HiForestMiniAOD_17.root
Time elapsed: 1555 seconds
File Contains: 126000 entries.
NMiss: 274179 | NFake: 388015 | NMatch: 6511418
Processing file 78 of 817: /eos/cms/store/group/phys_heavyions/hbossi/mc_productions/QCD-dijet_pThat15-event-weighted_TuneCP5_5p36TeV_pythia8/OO_MC_DijetEmbedded_pThat-15to1200_TuneCP5_5p36TeV_pythia8/260306_002843/0000/HiForestMiniAOD_170.root
Time elapsed: 1578 seconds
File Contains: 109000 entries.
NMiss: 277406 | NFake: 392488 | NMatch: 6586106
Processing file 79 of 817: /eos/cms/store/group/phys_heavyions/hbossi/mc_productions/QCD-dijet_pThat15-event-weighted_TuneCP5_5p36TeV_pythia8/OO_MC_DijetEmbedded_pThat-15to1200_TuneCP5_5p36TeV_pythia8/260306_002843/0000/HiForestMiniAOD_171.root
Time elapsed: 1592 seconds
File Contains: 98000 entries.
NMiss: 280269 | NFake: 396558 | NMatch: 6652992
Processing file 80 of 817: /eos/cms/store/group/phys_heavyions/hbossi/mc_productions/QCD-dijet_pThat15-event-weighted_TuneCP5_5p36TeV_pythia8/OO_MC_DijetEmbedded_pThat-15to1200_TuneCP5_5p36TeV_pythia8/260306_002843/0000/HiForestMiniAOD_172.root
Time elapsed: 1607 seconds
File Contains: 130000 entries.
NMiss: 284045 | NFake: 401951 | NMatch: 6741831
Processing file 81 of 817: /eos/cms/store/group/phys_heavyions/hbossi/mc_productions/QCD-dijet_pThat15-event-weighted_TuneCP5_5p36TeV_pythia8/OO_MC_DijetEmbedded_pThat-15to1200_TuneCP5_5p36TeV_pythia8/260306_002843/0000/HiForestMiniAOD_173.root
Time elapsed: 1621 seconds
File Contains: 151000 entries.
NMiss: 288387 | NFake: 408223 | NMatch: 6845846
Processing file 82 of 817: /eos/cms/store/group/phys_heavyions/hbossi/mc_productions/QCD-dijet_pThat15-event-weighted_TuneCP5_5p36TeV_pythia8/OO_MC_DijetEmbedded_pThat-15to1200_TuneCP5_5p36TeV_pythia8/260306_002843/0000/HiForestMiniAOD_174.root
Time elapsed: 1644 seconds
File Contains: 119000 entries.
NMiss: 291850 | NFake: 413004 | NMatch: 6927118
Processing file 83 of 817: /eos/cms/store/group/phys_heavyions/hbossi/mc_productions/QCD-dijet_pThat15-event-weighted_TuneCP5_5p36TeV_pythia8/OO_MC_DijetEmbedded_pThat-15to1200_TuneCP5_5p36TeV_pythia8/260306_002843/0000/HiForestMiniAOD_175.root
Time elapsed: 1664 seconds
File Contains: 118000 entries.
NMiss: 295256 | NFake: 417963 | NMatch: 7007608
Processing file 84 of 817: /eos/cms/store/group/phys_heavyions/hbossi/mc_productions/QCD-dijet_pThat15-event-weighted_TuneCP5_5p36TeV_pythia8/OO_MC_DijetEmbedded_pThat-15to1200_TuneCP5_5p36TeV_pythia8/260306_002843/0000/HiForestMiniAOD_176.root
Time elapsed: 1684 seconds
File Contains: 164000 entries.
NMiss: 300025 | NFake: 424685 | NMatch: 7120251
Processing file 85 of 817: /eos/cms/store/group/phys_heavyions/hbossi/mc_productions/QCD-dijet_pThat15-event-weighted_TuneCP5_5p36TeV_pythia8/OO_MC_DijetEmbedded_pThat-15to1200_TuneCP5_5p36TeV_pythia8/260306_002843/0000/HiForestMiniAOD_177.root
Time elapsed: 1705 seconds
File Contains: 101000 entries.
NMiss: 303065 | NFake: 428821 | NMatch: 7188768
Processing file 86 of 817: /eos/cms/store/group/phys_heavyions/hbossi/mc_productions/QCD-dijet_pThat15-event-weighted_TuneCP5_5p36TeV_pythia8/OO_MC_DijetEmbedded_pThat-15to1200_TuneCP5_5p36TeV_pythia8/260306_002843/0000/HiForestMiniAOD_178.root
Time elapsed: 1718 seconds
File Contains: 109000 entries.
NMiss: 306180 | NFake: 433185 | NMatch: 7263388
Processing file 87 of 817: /eos/cms/store/group/phys_heavyions/hbossi/mc_productions/QCD-dijet_pThat15-event-weighted_TuneCP5_5p36TeV_pythia8/OO_MC_DijetEmbedded_pThat-15to1200_TuneCP5_5p36TeV_pythia8/260306_002843/0000/HiForestMiniAOD_179.root
Time elapsed: 1737 seconds
File Contains: 132000 entries.
NMiss: 309954 | NFake: 438644 | NMatch: 7353982
Processing file 88 of 817: /eos/cms/store/group/phys_heavyions/hbossi/mc_productions/QCD-dijet_pThat15-event-weighted_TuneCP5_5p36TeV_pythia8/OO_MC_DijetEmbedded_pThat-15to1200_TuneCP5_5p36TeV_pythia8/260306_002843/0000/HiForestMiniAOD_18.root
Time elapsed: 1756 seconds
File Contains: 140000 entries.
NMiss: 314098 | NFake: 444371 | NMatch: 7449438
Processing file 89 of 817: /eos/cms/store/group/phys_heavyions/hbossi/mc_productions/QCD-dijet_pThat15-event-weighted_TuneCP5_5p36TeV_pythia8/OO_MC_DijetEmbedded_pThat-15to1200_TuneCP5_5p36TeV_pythia8/260306_002843/0000/HiForestMiniAOD_180.root
Time elapsed: 1787 seconds
File Contains: 132000 entries.
NMiss: 317996 | NFake: 449861 | NMatch: 7539782
Processing file 90 of 817: /eos/cms/store/group/phys_heavyions/hbossi/mc_productions/QCD-dijet_pThat15-event-weighted_TuneCP5_5p36TeV_pythia8/OO_MC_DijetEmbedded_pThat-15to1200_TuneCP5_5p36TeV_pythia8/260306_002843/0000/HiForestMiniAOD_181.root
Time elapsed: 1816 seconds
File Contains: 167000 entries.
NMiss: 322881 | NFake: 456718 | NMatch: 7654729
Processing file 91 of 817: /eos/cms/store/group/phys_heavyions/hbossi/mc_productions/QCD-dijet_pThat15-event-weighted_TuneCP5_5p36TeV_pythia8/OO_MC_DijetEmbedded_pThat-15to1200_TuneCP5_5p36TeV_pythia8/260306_002843/0000/HiForestMiniAOD_182.root
Time elapsed: 1833 seconds
File Contains: 101000 entries.
NMiss: 325823 | NFake: 460969 | NMatch: 7723648
Processing file 92 of 817: /eos/cms/store/group/phys_heavyions/hbossi/mc_productions/QCD-dijet_pThat15-event-weighted_TuneCP5_5p36TeV_pythia8/OO_MC_DijetEmbedded_pThat-15to1200_TuneCP5_5p36TeV_pythia8/260306_002843/0000/HiForestMiniAOD_183.root
Time elapsed: 1846 seconds
File Contains: 129000 entries.
NMiss: 329485 | NFake: 466271 | NMatch: 7811861
Processing file 93 of 817: /eos/cms/store/group/phys_heavyions/hbossi/mc_productions/QCD-dijet_pThat15-event-weighted_TuneCP5_5p36TeV_pythia8/OO_MC_DijetEmbedded_pThat-15to1200_TuneCP5_5p36TeV_pythia8/260306_002843/0000/HiForestMiniAOD_184.root
Time elapsed: 1863 seconds
File Contains: 138000 entries.
NMiss: 333592 | NFake: 471808 | NMatch: 7906477
Processing file 94 of 817: /eos/cms/store/group/phys_heavyions/hbossi/mc_productions/QCD-dijet_pThat15-event-weighted_TuneCP5_5p36TeV_pythia8/OO_MC_DijetEmbedded_pThat-15to1200_TuneCP5_5p36TeV_pythia8/260306_002843/0000/HiForestMiniAOD_185.root
Time elapsed: 1886 seconds
File Contains: 84000 entries.
NMiss: 336050 | NFake: 475273 | NMatch: 7964110
Processing file 95 of 817: /eos/cms/store/group/phys_heavyions/hbossi/mc_productions/QCD-dijet_pThat15-event-weighted_TuneCP5_5p36TeV_pythia8/OO_MC_DijetEmbedded_pThat-15to1200_TuneCP5_5p36TeV_pythia8/260306_002843/0000/HiForestMiniAOD_186.root
Time elapsed: 1917 seconds
File Contains: 122000 entries.
NMiss: 339647 | NFake: 480209 | NMatch: 8047584
Processing file 96 of 817: /eos/cms/store/group/phys_heavyions/hbossi/mc_productions/QCD-dijet_pThat15-event-weighted_TuneCP5_5p36TeV_pythia8/OO_MC_DijetEmbedded_pThat-15to1200_TuneCP5_5p36TeV_pythia8/260306_002843/0000/HiForestMiniAOD_187.root
Time elapsed: 1934 seconds
File Contains: 142000 entries.
NMiss: 343802 | NFake: 486033 | NMatch: 8144837
Processing file 97 of 817: /eos/cms/store/group/phys_heavyions/hbossi/mc_productions/QCD-dijet_pThat15-event-weighted_TuneCP5_5p36TeV_pythia8/OO_MC_DijetEmbedded_pThat-15to1200_TuneCP5_5p36TeV_pythia8/260306_002843/0000/HiForestMiniAOD_188.root
Time elapsed: 1954 seconds
File Contains: 136000 entries.
NMiss: 347782 | NFake: 491712 | NMatch: 8237953
Processing file 98 of 817: /eos/cms/store/group/phys_heavyions/hbossi/mc_productions/QCD-dijet_pThat15-event-weighted_TuneCP5_5p36TeV_pythia8/OO_MC_DijetEmbedded_pThat-15to1200_TuneCP5_5p36TeV_pythia8/260306_002843/0000/HiForestMiniAOD_189.root
Time elapsed: 1976 seconds
File Contains: 94000 entries.
NMiss: 350380 | NFake: 495437 | NMatch: 8302369
Processing file 99 of 817: /eos/cms/store/group/phys_heavyions/hbossi/mc_productions/QCD-dijet_pThat15-event-weighted_TuneCP5_5p36TeV_pythia8/OO_MC_DijetEmbedded_pThat-15to1200_TuneCP5_5p36TeV_pythia8/260306_002843/0000/HiForestMiniAOD_19.root
Time elapsed: 1995 seconds
File Contains: 101000 entries.
NMiss: 353284 | NFake: 499681 | NMatch: 8371814
Processing file 100 of 817: /eos/cms/store/group/phys_heavyions/hbossi/mc_productions/QCD-dijet_pThat15-event-weighted_TuneCP5_5p36TeV_pythia8/OO_MC_DijetEmbedded_pThat-15to1200_TuneCP5_5p36TeV_pythia8/260306_002843/0000/HiForestMiniAOD_190.root
Time elapsed: 2010 seconds
File Contains: 149000 entries.
NMiss: 357584 | NFake: 505748 | NMatch: 8473621
Processing file 101 of 817: /eos/cms/store/group/phys_heavyions/hbossi/mc_productions/QCD-dijet_pThat15-event-weighted_TuneCP5_5p36TeV_pythia8/OO_MC_DijetEmbedded_pThat-15to1200_TuneCP5_5p36TeV_pythia8/260306_002843/0000/HiForestMiniAOD_191.root
Time elapsed: 2039 seconds
File Contains: 116000 entries.
NMiss: 360950 | NFake: 510522 | NMatch: 8553130
Processing file 102 of 817: /eos/cms/store/group/phys_heavyions/hbossi/mc_productions/QCD-dijet_pThat15-event-weighted_TuneCP5_5p36TeV_pythia8/OO_MC_DijetEmbedded_pThat-15to1200_TuneCP5_5p36TeV_pythia8/260306_002843/0000/HiForestMiniAOD_192.root
Time elapsed: 2055 seconds
File Contains: 118000 entries.
NMiss: 364386 | NFake: 515333 | NMatch: 8634008
Processing file 103 of 817: /eos/cms/store/group/phys_heavyions/hbossi/mc_productions/QCD-dijet_pThat15-event-weighted_TuneCP5_5p36TeV_pythia8/OO_MC_DijetEmbedded_pThat-15to1200_TuneCP5_5p36TeV_pythia8/260306_002843/0000/HiForestMiniAOD_193.root
Time elapsed: 2072 seconds
File Contains: 142000 entries.
NMiss: 368472 | NFake: 521153 | NMatch: 8731467
Processing file 104 of 817: /eos/cms/store/group/phys_heavyions/hbossi/mc_productions/QCD-dijet_pThat15-event-weighted_TuneCP5_5p36TeV_pythia8/OO_MC_DijetEmbedded_pThat-15to1200_TuneCP5_5p36TeV_pythia8/260306_002843/0000/HiForestMiniAOD_194.root
Time elapsed: 2089 seconds
File Contains: 144000 entries.
NMiss: 372543 | NFake: 527136 | NMatch: 8829821
Processing file 105 of 817: /eos/cms/store/group/phys_heavyions/hbossi/mc_productions/QCD-dijet_pThat15-event-weighted_TuneCP5_5p36TeV_pythia8/OO_MC_DijetEmbedded_pThat-15to1200_TuneCP5_5p36TeV_pythia8/260306_002843/0000/HiForestMiniAOD_195.root
Time elapsed: 2104 seconds
File Contains: 124000 entries.
NMiss: 376100 | NFake: 532282 | NMatch: 8914859
Processing file 106 of 817: /eos/cms/store/group/phys_heavyions/hbossi/mc_productions/QCD-dijet_pThat15-event-weighted_TuneCP5_5p36TeV_pythia8/OO_MC_DijetEmbedded_pThat-15to1200_TuneCP5_5p36TeV_pythia8/260306_002843/0000/HiForestMiniAOD_196.root
Time elapsed: 2122 seconds
File Contains: 153000 entries.
NMiss: 380641 | NFake: 538747 | NMatch: 9019702
Processing file 107 of 817: /eos/cms/store/group/phys_heavyions/hbossi/mc_productions/QCD-dijet_pThat15-event-weighted_TuneCP5_5p36TeV_pythia8/OO_MC_DijetEmbedded_pThat-15to1200_TuneCP5_5p36TeV_pythia8/260306_002843/0000/HiForestMiniAOD_197.root
Time elapsed: 2165 seconds
File Contains: 105000 entries.
NMiss: 383623 | NFake: 543075 | NMatch: 9091812
Processing file 108 of 817: /eos/cms/store/group/phys_heavyions/hbossi/mc_productions/QCD-dijet_pThat15-event-weighted_TuneCP5_5p36TeV_pythia8/OO_MC_DijetEmbedded_pThat-15to1200_TuneCP5_5p36TeV_pythia8/260306_002843/0000/HiForestMiniAOD_198.root
Time elapsed: 2201 seconds
File Contains: 117000 entries.
NMiss: 386966 | NFake: 547814 | NMatch: 9171804
Processing file 109 of 817: /eos/cms/store/group/phys_heavyions/hbossi/mc_productions/QCD-dijet_pThat15-event-weighted_TuneCP5_5p36TeV_pythia8/OO_MC_DijetEmbedded_pThat-15to1200_TuneCP5_5p36TeV_pythia8/260306_002843/0000/HiForestMiniAOD_199.root
Time elapsed: 2217 seconds
File Contains: 114000 entries.
NMiss: 390178 | NFake: 552540 | NMatch: 9249749
Processing file 110 of 817: /eos/cms/store/group/phys_heavyions/hbossi/mc_productions/QCD-dijet_pThat15-event-weighted_TuneCP5_5p36TeV_pythia8/OO_MC_DijetEmbedded_pThat-15to1200_TuneCP5_5p36TeV_pythia8/260306_002843/0000/HiForestMiniAOD_2.root
Time elapsed: 2237 seconds
File Contains: 110000 entries.
NMiss: 393407 | NFake: 556967 | NMatch: 9325532
Processing file 111 of 817: /eos/cms/store/group/phys_heavyions/hbossi/mc_productions/QCD-dijet_pThat15-event-weighted_TuneCP5_5p36TeV_pythia8/OO_MC_DijetEmbedded_pThat-15to1200_TuneCP5_5p36TeV_pythia8/260306_002843/0000/HiForestMiniAOD_20.root
Time elapsed: 2251 seconds
File Contains: 97000 entries.
NMiss: 396252 | NFake: 560944 | NMatch: 9391816
Processing file 112 of 817: /eos/cms/store/group/phys_heavyions/hbossi/mc_productions/QCD-dijet_pThat15-event-weighted_TuneCP5_5p36TeV_pythia8/OO_MC_DijetEmbedded_pThat-15to1200_TuneCP5_5p36TeV_pythia8/260306_002843/0000/HiForestMiniAOD_200.root
Time elapsed: 2272 seconds
File Contains: 125000 entries.
NMiss: 399902 | NFake: 565927 | NMatch: 9477821
Processing file 113 of 817: /eos/cms/store/group/phys_heavyions/hbossi/mc_productions/QCD-dijet_pThat15-event-weighted_TuneCP5_5p36TeV_pythia8/OO_MC_DijetEmbedded_pThat-15to1200_TuneCP5_5p36TeV_pythia8/260306_002843/0000/HiForestMiniAOD_201.root
Time elapsed: 2295 seconds
File Contains: 103000 entries.
NMiss: 402927 | NFake: 570115 | NMatch: 9548175
Processing file 114 of 817: /eos/cms/store/group/phys_heavyions/hbossi/mc_productions/QCD-dijet_pThat15-event-weighted_TuneCP5_5p36TeV_pythia8/OO_MC_DijetEmbedded_pThat-15to1200_TuneCP5_5p36TeV_pythia8/260306_002843/0000/HiForestMiniAOD_202.root
Time elapsed: 2312 seconds
File Contains: 132000 entries.
NMiss: 406839 | NFake: 575652 | NMatch: 9638467
Processing file 115 of 817: /eos/cms/store/group/phys_heavyions/hbossi/mc_productions/QCD-dijet_pThat15-event-weighted_TuneCP5_5p36TeV_pythia8/OO_MC_DijetEmbedded_pThat-15to1200_TuneCP5_5p36TeV_pythia8/260306_002843/0000/HiForestMiniAOD_203.root
Time elapsed: 2349 seconds
File Contains: 140000 entries.
NMiss: 410828 | NFake: 581405 | NMatch: 9734201
Processing file 116 of 817: /eos/cms/store/group/phys_heavyions/hbossi/mc_productions/QCD-dijet_pThat15-event-weighted_TuneCP5_5p36TeV_pythia8/OO_MC_DijetEmbedded_pThat-15to1200_TuneCP5_5p36TeV_pythia8/260306_002843/0000/HiForestMiniAOD_204.root
Time elapsed: 2374 seconds
File Contains: 135000 entries.
NMiss: 414766 | NFake: 586757 | NMatch: 9825783
Processing file 117 of 817: /eos/cms/store/group/phys_heavyions/hbossi/mc_productions/QCD-dijet_pThat15-event-weighted_TuneCP5_5p36TeV_pythia8/OO_MC_DijetEmbedded_pThat-15to1200_TuneCP5_5p36TeV_pythia8/260306_002843/0000/HiForestMiniAOD_205.root
Time elapsed: 2395 seconds
File Contains: 142000 entries.
NMiss: 418912 | NFake: 592443 | NMatch: 9923149
Processing file 118 of 817: /eos/cms/store/group/phys_heavyions/hbossi/mc_productions/QCD-dijet_pThat15-event-weighted_TuneCP5_5p36TeV_pythia8/OO_MC_DijetEmbedded_pThat-15to1200_TuneCP5_5p36TeV_pythia8/260306_002843/0000/HiForestMiniAOD_206.root
Time elapsed: 2414 seconds
File Contains: 129000 entries.
NMiss: 422657 | NFake: 597822 | NMatch: 10011551
Processing file 119 of 817: /eos/cms/store/group/phys_heavyions/hbossi/mc_productions/QCD-dijet_pThat15-event-weighted_TuneCP5_5p36TeV_pythia8/OO_MC_DijetEmbedded_pThat-15to1200_TuneCP5_5p36TeV_pythia8/260306_002843/0000/HiForestMiniAOD_207.root
Time elapsed: 2436 seconds
File Contains: 103000 entries.
NMiss: 425664 | NFake: 602008 | NMatch: 10081973
Processing file 120 of 817: /eos/cms/store/group/phys_heavyions/hbossi/mc_productions/QCD-dijet_pThat15-event-weighted_TuneCP5_5p36TeV_pythia8/OO_MC_DijetEmbedded_pThat-15to1200_TuneCP5_5p36TeV_pythia8/260306_002843/0000/HiForestMiniAOD_208.root
Time elapsed: 2454 seconds
File Contains: 123000 entries.
NMiss: 429338 | NFake: 607000 | NMatch: 10166385
Processing file 121 of 817: /eos/cms/store/group/phys_heavyions/hbossi/mc_productions/QCD-dijet_pThat15-event-weighted_TuneCP5_5p36TeV_pythia8/OO_MC_DijetEmbedded_pThat-15to1200_TuneCP5_5p36TeV_pythia8/260306_002843/0000/HiForestMiniAOD_209.root
Time elapsed: 2478 seconds
File Contains: 98000 entries.
NMiss: 432228 | NFake: 611031 | NMatch: 10233043
Processing file 122 of 817: /eos/cms/store/group/phys_heavyions/hbossi/mc_productions/QCD-dijet_pThat15-event-weighted_TuneCP5_5p36TeV_pythia8/OO_MC_DijetEmbedded_pThat-15to1200_TuneCP5_5p36TeV_pythia8/260306_002843/0000/HiForestMiniAOD_21.root
Time elapsed: 2504 seconds
File Contains: 93000 entries.
NMiss: 434975 | NFake: 614908 | NMatch: 10297126
Processing file 123 of 817: /eos/cms/store/group/phys_heavyions/hbossi/mc_productions/QCD-dijet_pThat15-event-weighted_TuneCP5_5p36TeV_pythia8/OO_MC_DijetEmbedded_pThat-15to1200_TuneCP5_5p36TeV_pythia8/260306_002843/0000/HiForestMiniAOD_210.root
Time elapsed: 2523 seconds
File Contains: 132000 entries.
NMiss: 438817 | NFake: 620249 | NMatch: 10387774
Processing file 124 of 817: /eos/cms/store/group/phys_heavyions/hbossi/mc_productions/QCD-dijet_pThat15-event-weighted_TuneCP5_5p36TeV_pythia8/OO_MC_DijetEmbedded_pThat-15to1200_TuneCP5_5p36TeV_pythia8/260306_002843/0000/HiForestMiniAOD_211.root
Time elapsed: 2542 seconds
File Contains: 109000 entries.
NMiss: 441996 | NFake: 624810 | NMatch: 10461767
Processing file 125 of 817: /eos/cms/store/group/phys_heavyions/hbossi/mc_productions/QCD-dijet_pThat15-event-weighted_TuneCP5_5p36TeV_pythia8/OO_MC_DijetEmbedded_pThat-15to1200_TuneCP5_5p36TeV_pythia8/260306_002843/0000/HiForestMiniAOD_212.root
Time elapsed: 2555 seconds
File Contains: 138000 entries.
NMiss: 445963 | NFake: 630430 | NMatch: 10556692
Processing file 126 of 817: /eos/cms/store/group/phys_heavyions/hbossi/mc_productions/QCD-dijet_pThat15-event-weighted_TuneCP5_5p36TeV_pythia8/OO_MC_DijetEmbedded_pThat-15to1200_TuneCP5_5p36TeV_pythia8/260306_002843/0000/HiForestMiniAOD_213.root
Time elapsed: 2576 seconds
File Contains: 139000 entries.
NMiss: 450093 | NFake: 636083 | NMatch: 10652144
Processing file 127 of 817: /eos/cms/store/group/phys_heavyions/hbossi/mc_productions/QCD-dijet_pThat15-event-weighted_TuneCP5_5p36TeV_pythia8/OO_MC_DijetEmbedded_pThat-15to1200_TuneCP5_5p36TeV_pythia8/260306_002843/0000/HiForestMiniAOD_214.root
Time elapsed: 2595 seconds
File Contains: 115000 entries.
NMiss: 453510 | NFake: 640898 | NMatch: 10730982
Processing file 128 of 817: /eos/cms/store/group/phys_heavyions/hbossi/mc_productions/QCD-dijet_pThat15-event-weighted_TuneCP5_5p36TeV_pythia8/OO_MC_DijetEmbedded_pThat-15to1200_TuneCP5_5p36TeV_pythia8/260306_002843/0000/HiForestMiniAOD_215.root
Time elapsed: 2615 seconds
File Contains: 114000 entries.
NMiss: 456850 | NFake: 645626 | NMatch: 10809041
Processing file 129 of 817: /eos/cms/store/group/phys_heavyions/hbossi/mc_productions/QCD-dijet_pThat15-event-weighted_TuneCP5_5p36TeV_pythia8/OO_MC_DijetEmbedded_pThat-15to1200_TuneCP5_5p36TeV_pythia8/260306_002843/0000/HiForestMiniAOD_216.root
Time elapsed: 2632 seconds
File Contains: 163000 entries.
NMiss: 461484 | NFake: 652327 | NMatch: 10921070
Processing file 130 of 817: /eos/cms/store/group/phys_heavyions/hbossi/mc_productions/QCD-dijet_pThat15-event-weighted_TuneCP5_5p36TeV_pythia8/OO_MC_DijetEmbedded_pThat-15to1200_TuneCP5_5p36TeV_pythia8/260306_002843/0000/HiForestMiniAOD_217.root
Time elapsed: 2656 seconds
File Contains: 99000 entries.
NMiss: 464330 | NFake: 656227 | NMatch: 10988814
Processing file 131 of 817: /eos/cms/store/group/phys_heavyions/hbossi/mc_productions/QCD-dijet_pThat15-event-weighted_TuneCP5_5p36TeV_pythia8/OO_MC_DijetEmbedded_pThat-15to1200_TuneCP5_5p36TeV_pythia8/260306_002843/0000/HiForestMiniAOD_218.root
Time elapsed: 2693 seconds
File Contains: 144000 entries.
NMiss: 468436 | NFake: 662070 | NMatch: 11087802
Processing file 132 of 817: /eos/cms/store/group/phys_heavyions/hbossi/mc_productions/QCD-dijet_pThat15-event-weighted_TuneCP5_5p36TeV_pythia8/OO_MC_DijetEmbedded_pThat-15to1200_TuneCP5_5p36TeV_pythia8/260306_002843/0000/HiForestMiniAOD_219.root
Time elapsed: 2713 seconds
File Contains: 141000 entries.
NMiss: 472553 | NFake: 667867 | NMatch: 11184541
Processing file 133 of 817: /eos/cms/store/group/phys_heavyions/hbossi/mc_productions/QCD-dijet_pThat15-event-weighted_TuneCP5_5p36TeV_pythia8/OO_MC_DijetEmbedded_pThat-15to1200_TuneCP5_5p36TeV_pythia8/260306_002843/0000/HiForestMiniAOD_22.root
Time elapsed: 2731 seconds
File Contains: 140000 entries.
NMiss: 476626 | NFake: 673467 | NMatch: 11280313
Processing file 134 of 817: /eos/cms/store/group/phys_heavyions/hbossi/mc_productions/QCD-dijet_pThat15-event-weighted_TuneCP5_5p36TeV_pythia8/OO_MC_DijetEmbedded_pThat-15to1200_TuneCP5_5p36TeV_pythia8/260306_002843/0000/HiForestMiniAOD_220.root
Time elapsed: 2753 seconds
File Contains: 135000 entries.
NMiss: 480513 | NFake: 678998 | NMatch: 11373385
Processing file 135 of 817: /eos/cms/store/group/phys_heavyions/hbossi/mc_productions/QCD-dijet_pThat15-event-weighted_TuneCP5_5p36TeV_pythia8/OO_MC_DijetEmbedded_pThat-15to1200_TuneCP5_5p36TeV_pythia8/260306_002843/0000/HiForestMiniAOD_221.root
Time elapsed: 2780 seconds
File Contains: 123000 entries.
NMiss: 484125 | NFake: 684072 | NMatch: 11457232
Processing file 136 of 817: /eos/cms/store/group/phys_heavyions/hbossi/mc_productions/QCD-dijet_pThat15-event-weighted_TuneCP5_5p36TeV_pythia8/OO_MC_DijetEmbedded_pThat-15to1200_TuneCP5_5p36TeV_pythia8/260306_002843/0000/HiForestMiniAOD_222.root
Time elapsed: 2807 seconds
File Contains: 127000 entries.
NMiss: 487719 | NFake: 689446 | NMatch: 11544383
Processing file 137 of 817: /eos/cms/store/group/phys_heavyions/hbossi/mc_productions/QCD-dijet_pThat15-event-weighted_TuneCP5_5p36TeV_pythia8/OO_MC_DijetEmbedded_pThat-15to1200_TuneCP5_5p36TeV_pythia8/260306_002843/0000/HiForestMiniAOD_223.root
Time elapsed: 2824 seconds
File Contains: 162000 entries.
NMiss: 492449 | NFake: 696062 | NMatch: 11655691
Processing file 138 of 817: /eos/cms/store/group/phys_heavyions/hbossi/mc_productions/QCD-dijet_pThat15-event-weighted_TuneCP5_5p36TeV_pythia8/OO_MC_DijetEmbedded_pThat-15to1200_TuneCP5_5p36TeV_pythia8/260306_002843/0000/HiForestMiniAOD_224.root
Time elapsed: 2847 seconds
File Contains: 142000 entries.
NMiss: 496592 | NFake: 701780 | NMatch: 11752887
Processing file 139 of 817: /eos/cms/store/group/phys_heavyions/hbossi/mc_productions/QCD-dijet_pThat15-event-weighted_TuneCP5_5p36TeV_pythia8/OO_MC_DijetEmbedded_pThat-15to1200_TuneCP5_5p36TeV_pythia8/260306_002843/0000/HiForestMiniAOD_225.root
Time elapsed: 2870 seconds
File Contains: 122000 entries.
NMiss: 500109 | NFake: 706835 | NMatch: 11836431
Processing file 140 of 817: /eos/cms/store/group/phys_heavyions/hbossi/mc_productions/QCD-dijet_pThat15-event-weighted_TuneCP5_5p36TeV_pythia8/OO_MC_DijetEmbedded_pThat-15to1200_TuneCP5_5p36TeV_pythia8/260306_002843/0000/HiForestMiniAOD_226.root
Time elapsed: 2889 seconds
File Contains: 150000 entries.
NMiss: 504428 | NFake: 713059 | NMatch: 11938472
Processing file 141 of 817: /eos/cms/store/group/phys_heavyions/hbossi/mc_productions/QCD-dijet_pThat15-event-weighted_TuneCP5_5p36TeV_pythia8/OO_MC_DijetEmbedded_pThat-15to1200_TuneCP5_5p36TeV_pythia8/260306_002843/0000/HiForestMiniAOD_227.root
Time elapsed: 2908 seconds
File Contains: 106000 entries.
NMiss: 507507 | NFake: 717320 | NMatch: 12011122
Processing file 142 of 817: /eos/cms/store/group/phys_heavyions/hbossi/mc_productions/QCD-dijet_pThat15-event-weighted_TuneCP5_5p36TeV_pythia8/OO_MC_DijetEmbedded_pThat-15to1200_TuneCP5_5p36TeV_pythia8/260306_002843/0000/HiForestMiniAOD_228.root
Time elapsed: 2938 seconds
File Contains: 112000 entries.
NMiss: 510676 | NFake: 721893 | NMatch: 12087820
Processing file 143 of 817: /eos/cms/store/group/phys_heavyions/hbossi/mc_productions/QCD-dijet_pThat15-event-weighted_TuneCP5_5p36TeV_pythia8/OO_MC_DijetEmbedded_pThat-15to1200_TuneCP5_5p36TeV_pythia8/260306_002843/0000/HiForestMiniAOD_229.root
Time elapsed: 2956 seconds
File Contains: 90000 entries.
NMiss: 513230 | NFake: 725565 | NMatch: 12149607
Processing file 144 of 817: /eos/cms/store/group/phys_heavyions/hbossi/mc_productions/QCD-dijet_pThat15-event-weighted_TuneCP5_5p36TeV_pythia8/OO_MC_DijetEmbedded_pThat-15to1200_TuneCP5_5p36TeV_pythia8/260306_002843/0000/HiForestMiniAOD_23.root
Time elapsed: 2974 seconds
File Contains: 101000 entries.
NMiss: 516063 | NFake: 729629 | NMatch: 12218726
Processing file 145 of 817: /eos/cms/store/group/phys_heavyions/hbossi/mc_productions/QCD-dijet_pThat15-event-weighted_TuneCP5_5p36TeV_pythia8/OO_MC_DijetEmbedded_pThat-15to1200_TuneCP5_5p36TeV_pythia8/260306_002843/0000/HiForestMiniAOD_230.root
Time elapsed: 2988 seconds
File Contains: 121000 entries.
NMiss: 519485 | NFake: 734656 | NMatch: 12301448
Processing file 146 of 817: /eos/cms/store/group/phys_heavyions/hbossi/mc_productions/QCD-dijet_pThat15-event-weighted_TuneCP5_5p36TeV_pythia8/OO_MC_DijetEmbedded_pThat-15to1200_TuneCP5_5p36TeV_pythia8/260306_002843/0000/HiForestMiniAOD_231.root
Time elapsed: 3005 seconds
File Contains: 106000 entries.
NMiss: 522580 | NFake: 738841 | NMatch: 12373853
Processing file 147 of 817: /eos/cms/store/group/phys_heavyions/hbossi/mc_productions/QCD-dijet_pThat15-event-weighted_TuneCP5_5p36TeV_pythia8/OO_MC_DijetEmbedded_pThat-15to1200_TuneCP5_5p36TeV_pythia8/260306_002843/0000/HiForestMiniAOD_232.root
Time elapsed: 3027 seconds
File Contains: 157000 entries.
NMiss: 527117 | NFake: 745306 | NMatch: 12481613
Processing file 148 of 817: /eos/cms/store/group/phys_heavyions/hbossi/mc_productions/QCD-dijet_pThat15-event-weighted_TuneCP5_5p36TeV_pythia8/OO_MC_DijetEmbedded_pThat-15to1200_TuneCP5_5p36TeV_pythia8/260306_002843/0000/HiForestMiniAOD_233.root
Time elapsed: 3050 seconds
File Contains: 131000 entries.
NMiss: 530857 | NFake: 750711 | NMatch: 12571471
Processing file 149 of 817: /eos/cms/store/group/phys_heavyions/hbossi/mc_productions/QCD-dijet_pThat15-event-weighted_TuneCP5_5p36TeV_pythia8/OO_MC_DijetEmbedded_pThat-15to1200_TuneCP5_5p36TeV_pythia8/260306_002843/0000/HiForestMiniAOD_234.root
Time elapsed: 3068 seconds
File Contains: 129000 entries.
NMiss: 534629 | NFake: 755943 | NMatch: 12660049
Processing file 150 of 817: /eos/cms/store/group/phys_heavyions/hbossi/mc_productions/QCD-dijet_pThat15-event-weighted_TuneCP5_5p36TeV_pythia8/OO_MC_DijetEmbedded_pThat-15to1200_TuneCP5_5p36TeV_pythia8/260306_002843/0000/HiForestMiniAOD_235.root
Time elapsed: 3090 seconds
File Contains: 104000 entries.
NMiss: 537747 | NFake: 760134 | NMatch: 12731222
Processing file 151 of 817: /eos/cms/store/group/phys_heavyions/hbossi/mc_productions/QCD-dijet_pThat15-event-weighted_TuneCP5_5p36TeV_pythia8/OO_MC_DijetEmbedded_pThat-15to1200_TuneCP5_5p36TeV_pythia8/260306_002843/0000/HiForestMiniAOD_236.root
Time elapsed: 3106 seconds
File Contains: 133000 entries.
NMiss: 541587 | NFake: 765503 | NMatch: 12822012
Processing file 152 of 817: /eos/cms/store/group/phys_heavyions/hbossi/mc_productions/QCD-dijet_pThat15-event-weighted_TuneCP5_5p36TeV_pythia8/OO_MC_DijetEmbedded_pThat-15to1200_TuneCP5_5p36TeV_pythia8/260306_002843/0000/HiForestMiniAOD_237.root
Time elapsed: 3128 seconds
File Contains: 116000 entries.
NMiss: 544912 | NFake: 770163 | NMatch: 12901346
Processing file 153 of 817: /eos/cms/store/group/phys_heavyions/hbossi/mc_productions/QCD-dijet_pThat15-event-weighted_TuneCP5_5p36TeV_pythia8/OO_MC_DijetEmbedded_pThat-15to1200_TuneCP5_5p36TeV_pythia8/260306_002843/0000/HiForestMiniAOD_238.root
Time elapsed: 3147 seconds
File Contains: 111000 entries.
NMiss: 548109 | NFake: 774822 | NMatch: 12977512
Processing file 154 of 817: /eos/cms/store/group/phys_heavyions/hbossi/mc_productions/QCD-dijet_pThat15-event-weighted_TuneCP5_5p36TeV_pythia8/OO_MC_DijetEmbedded_pThat-15to1200_TuneCP5_5p36TeV_pythia8/260306_002843/0000/HiForestMiniAOD_239.root
Time elapsed: 3166 seconds
File Contains: 154000 entries.
NMiss: 552536 | NFake: 781151 | NMatch: 13083219
Processing file 155 of 817: /eos/cms/store/group/phys_heavyions/hbossi/mc_productions/QCD-dijet_pThat15-event-weighted_TuneCP5_5p36TeV_pythia8/OO_MC_DijetEmbedded_pThat-15to1200_TuneCP5_5p36TeV_pythia8/260306_002843/0000/HiForestMiniAOD_24.root
Time elapsed: 3187 seconds
File Contains: 112000 entries.
NMiss: 555715 | NFake: 785757 | NMatch: 13160180
Processing file 156 of 817: /eos/cms/store/group/phys_heavyions/hbossi/mc_productions/QCD-dijet_pThat15-event-weighted_TuneCP5_5p36TeV_pythia8/OO_MC_DijetEmbedded_pThat-15to1200_TuneCP5_5p36TeV_pythia8/260306_002843/0000/HiForestMiniAOD_240.root
Time elapsed: 3201 seconds
File Contains: 119000 entries.
NMiss: 559213 | NFake: 790686 | NMatch: 13241997
Processing file 157 of 817: /eos/cms/store/group/phys_heavyions/hbossi/mc_productions/QCD-dijet_pThat15-event-weighted_TuneCP5_5p36TeV_pythia8/OO_MC_DijetEmbedded_pThat-15to1200_TuneCP5_5p36TeV_pythia8/260306_002843/0000/HiForestMiniAOD_241.root
Time elapsed: 3230 seconds
File Contains: 106000 entries.
NMiss: 562346 | NFake: 794911 | NMatch: 13314516
Processing file 158 of 817: /eos/cms/store/group/phys_heavyions/hbossi/mc_productions/QCD-dijet_pThat15-event-weighted_TuneCP5_5p36TeV_pythia8/OO_MC_DijetEmbedded_pThat-15to1200_TuneCP5_5p36TeV_pythia8/260306_002843/0000/HiForestMiniAOD_242.root
Time elapsed: 3249 seconds
File Contains: 108000 entries.
NMiss: 565450 | NFake: 799431 | NMatch: 13387850
Processing file 159 of 817: /eos/cms/store/group/phys_heavyions/hbossi/mc_productions/QCD-dijet_pThat15-event-weighted_TuneCP5_5p36TeV_pythia8/OO_MC_DijetEmbedded_pThat-15to1200_TuneCP5_5p36TeV_pythia8/260306_002843/0000/HiForestMiniAOD_243.root
Time elapsed: 3267 seconds
File Contains: 142000 entries.
NMiss: 569522 | NFake: 805169 | NMatch: 13484873
Processing file 160 of 817: /eos/cms/store/group/phys_heavyions/hbossi/mc_productions/QCD-dijet_pThat15-event-weighted_TuneCP5_5p36TeV_pythia8/OO_MC_DijetEmbedded_pThat-15to1200_TuneCP5_5p36TeV_pythia8/260306_002843/0000/HiForestMiniAOD_244.root
Time elapsed: 3280 seconds
File Contains: 166000 entries.
NMiss: 574424 | NFake: 812041 | NMatch: 13598782
Processing file 161 of 817: /eos/cms/store/group/phys_heavyions/hbossi/mc_productions/QCD-dijet_pThat15-event-weighted_TuneCP5_5p36TeV_pythia8/OO_MC_DijetEmbedded_pThat-15to1200_TuneCP5_5p36TeV_pythia8/260306_002843/0000/HiForestMiniAOD_245.root
Time elapsed: 3301 seconds
File Contains: 88000 entries.
NMiss: 576954 | NFake: 815792 | NMatch: 13659097
Processing file 162 of 817: /eos/cms/store/group/phys_heavyions/hbossi/mc_productions/QCD-dijet_pThat15-event-weighted_TuneCP5_5p36TeV_pythia8/OO_MC_DijetEmbedded_pThat-15to1200_TuneCP5_5p36TeV_pythia8/260306_002843/0000/HiForestMiniAOD_246.root
Time elapsed: 3315 seconds
File Contains: 121000 entries.
NMiss: 580507 | NFake: 820670 | NMatch: 13742120
Processing file 163 of 817: /eos/cms/store/group/phys_heavyions/hbossi/mc_productions/QCD-dijet_pThat15-event-weighted_TuneCP5_5p36TeV_pythia8/OO_MC_DijetEmbedded_pThat-15to1200_TuneCP5_5p36TeV_pythia8/260306_002843/0000/HiForestMiniAOD_247.root
Time elapsed: 3343 seconds
File Contains: 127000 entries.
NMiss: 584292 | NFake: 825894 | NMatch: 13829456
Processing file 164 of 817: /eos/cms/store/group/phys_heavyions/hbossi/mc_productions/QCD-dijet_pThat15-event-weighted_TuneCP5_5p36TeV_pythia8/OO_MC_DijetEmbedded_pThat-15to1200_TuneCP5_5p36TeV_pythia8/260306_002843/0000/HiForestMiniAOD_248.root
Time elapsed: 3364 seconds
File Contains: 119000 entries.
NMiss: 587857 | NFake: 830796 | NMatch: 13910837
Processing file 165 of 817: /eos/cms/store/group/phys_heavyions/hbossi/mc_productions/QCD-dijet_pThat15-event-weighted_TuneCP5_5p36TeV_pythia8/OO_MC_DijetEmbedded_pThat-15to1200_TuneCP5_5p36TeV_pythia8/260306_002843/0000/HiForestMiniAOD_249.root
Time elapsed: 3384 seconds
File Contains: 147000 entries.
NMiss: 592109 | NFake: 836845 | NMatch: 14011452
Processing file 166 of 817: /eos/cms/store/group/phys_heavyions/hbossi/mc_productions/QCD-dijet_pThat15-event-weighted_TuneCP5_5p36TeV_pythia8/OO_MC_DijetEmbedded_pThat-15to1200_TuneCP5_5p36TeV_pythia8/260306_002843/0000/HiForestMiniAOD_25.root
Time elapsed: 3404 seconds
File Contains: 101000 entries.
NMiss: 595046 | NFake: 841034 | NMatch: 14081226
Processing file 167 of 817: /eos/cms/store/group/phys_heavyions/hbossi/mc_productions/QCD-dijet_pThat15-event-weighted_TuneCP5_5p36TeV_pythia8/OO_MC_DijetEmbedded_pThat-15to1200_TuneCP5_5p36TeV_pythia8/260306_002843/0000/HiForestMiniAOD_250.root
Time elapsed: 3420 seconds
File Contains: 126000 entries.
NMiss: 598642 | NFake: 846259 | NMatch: 14167947
Processing file 168 of 817: /eos/cms/store/group/phys_heavyions/hbossi/mc_productions/QCD-dijet_pThat15-event-weighted_TuneCP5_5p36TeV_pythia8/OO_MC_DijetEmbedded_pThat-15to1200_TuneCP5_5p36TeV_pythia8/260306_002843/0000/HiForestMiniAOD_251.root
Time elapsed: 3450 seconds
File Contains: 107000 entries.
NMiss: 601732 | NFake: 850600 | NMatch: 14241125
Processing file 169 of 817: /eos/cms/store/group/phys_heavyions/hbossi/mc_productions/QCD-dijet_pThat15-event-weighted_TuneCP5_5p36TeV_pythia8/OO_MC_DijetEmbedded_pThat-15to1200_TuneCP5_5p36TeV_pythia8/260306_002843/0000/HiForestMiniAOD_252.root
Time elapsed: 3476 seconds
File Contains: 128000 entries.
NMiss: 605436 | NFake: 855729 | NMatch: 14328534
Processing file 170 of 817: /eos/cms/store/group/phys_heavyions/hbossi/mc_productions/QCD-dijet_pThat15-event-weighted_TuneCP5_5p36TeV_pythia8/OO_MC_DijetEmbedded_pThat-15to1200_TuneCP5_5p36TeV_pythia8/260306_002843/0000/HiForestMiniAOD_253.root
Time elapsed: 3496 seconds
File Contains: 143000 entries.
NMiss: 609508 | NFake: 861625 | NMatch: 14426885
Processing file 171 of 817: /eos/cms/store/group/phys_heavyions/hbossi/mc_productions/QCD-dijet_pThat15-event-weighted_TuneCP5_5p36TeV_pythia8/OO_MC_DijetEmbedded_pThat-15to1200_TuneCP5_5p36TeV_pythia8/260306_002843/0000/HiForestMiniAOD_254.root
Time elapsed: 3517 seconds
File Contains: 167000 entries.
NMiss: 614438 | NFake: 868524 | NMatch: 14541461
Processing file 172 of 817: /eos/cms/store/group/phys_heavyions/hbossi/mc_productions/QCD-dijet_pThat15-event-weighted_TuneCP5_5p36TeV_pythia8/OO_MC_DijetEmbedded_pThat-15to1200_TuneCP5_5p36TeV_pythia8/260306_002843/0000/HiForestMiniAOD_255.root
Time elapsed: 3541 seconds
File Contains: 119000 entries.
NMiss: 617961 | NFake: 873423 | NMatch: 14622673
Processing file 173 of 817: /eos/cms/store/group/phys_heavyions/hbossi/mc_productions/QCD-dijet_pThat15-event-weighted_TuneCP5_5p36TeV_pythia8/OO_MC_DijetEmbedded_pThat-15to1200_TuneCP5_5p36TeV_pythia8/260306_002843/0000/HiForestMiniAOD_256.root
Time elapsed: 3566 seconds
File Contains: 102000 entries.
NMiss: 620988 | NFake: 877561 | NMatch: 14692318
Processing file 174 of 817: /eos/cms/store/group/phys_heavyions/hbossi/mc_productions/QCD-dijet_pThat15-event-weighted_TuneCP5_5p36TeV_pythia8/OO_MC_DijetEmbedded_pThat-15to1200_TuneCP5_5p36TeV_pythia8/260306_002843/0000/HiForestMiniAOD_257.root
Time elapsed: 3581 seconds
File Contains: 134000 entries.
NMiss: 624877 | NFake: 883082 | NMatch: 14784490
Processing file 175 of 817: /eos/cms/store/group/phys_heavyions/hbossi/mc_productions/QCD-dijet_pThat15-event-weighted_TuneCP5_5p36TeV_pythia8/OO_MC_DijetEmbedded_pThat-15to1200_TuneCP5_5p36TeV_pythia8/260306_002843/0000/HiForestMiniAOD_258.root
Time elapsed: 3598 seconds
File Contains: 162000 entries.
NMiss: 629564 | NFake: 889749 | NMatch: 14896470
Processing file 176 of 817: /eos/cms/store/group/phys_heavyions/hbossi/mc_productions/QCD-dijet_pThat15-event-weighted_TuneCP5_5p36TeV_pythia8/OO_MC_DijetEmbedded_pThat-15to1200_TuneCP5_5p36TeV_pythia8/260306_002843/0000/HiForestMiniAOD_259.root
Time elapsed: 3633 seconds
File Contains: 123000 entries.
NMiss: 633097 | NFake: 894716 | NMatch: 14981600
Processing file 177 of 817: /eos/cms/store/group/phys_heavyions/hbossi/mc_productions/QCD-dijet_pThat15-event-weighted_TuneCP5_5p36TeV_pythia8/OO_MC_DijetEmbedded_pThat-15to1200_TuneCP5_5p36TeV_pythia8/260306_002843/0000/HiForestMiniAOD_26.root
Time elapsed: 3654 seconds
File Contains: 96000 entries.
NMiss: 635854 | NFake: 898586 | NMatch: 15047002
Processing file 178 of 817: /eos/cms/store/group/phys_heavyions/hbossi/mc_productions/QCD-dijet_pThat15-event-weighted_TuneCP5_5p36TeV_pythia8/OO_MC_DijetEmbedded_pThat-15to1200_TuneCP5_5p36TeV_pythia8/260306_002843/0000/HiForestMiniAOD_260.root
Time elapsed: 3677 seconds
File Contains: 141000 entries.
NMiss: 639844 | NFake: 904334 | NMatch: 15143859
Processing file 179 of 817: /eos/cms/store/group/phys_heavyions/hbossi/mc_productions/QCD-dijet_pThat15-event-weighted_TuneCP5_5p36TeV_pythia8/OO_MC_DijetEmbedded_pThat-15to1200_TuneCP5_5p36TeV_pythia8/260306_002843/0000/HiForestMiniAOD_261.root
Time elapsed: 3696 seconds
File Contains: 112000 entries.
NMiss: 642965 | NFake: 908867 | NMatch: 15220931
Processing file 180 of 817: /eos/cms/store/group/phys_heavyions/hbossi/mc_productions/QCD-dijet_pThat15-event-weighted_TuneCP5_5p36TeV_pythia8/OO_MC_DijetEmbedded_pThat-15to1200_TuneCP5_5p36TeV_pythia8/260306_002843/0000/HiForestMiniAOD_262.root
Time elapsed: 3715 seconds
File Contains: 114000 entries.
NMiss: 646252 | NFake: 913535 | NMatch: 15299086
Processing file 181 of 817: /eos/cms/store/group/phys_heavyions/hbossi/mc_productions/QCD-dijet_pThat15-event-weighted_TuneCP5_5p36TeV_pythia8/OO_MC_DijetEmbedded_pThat-15to1200_TuneCP5_5p36TeV_pythia8/260306_002843/0000/HiForestMiniAOD_263.root
Time elapsed: 3734 seconds
File Contains: 162000 entries.
NMiss: 650846 | NFake: 920185 | NMatch: 15409926
Processing file 182 of 817: /eos/cms/store/group/phys_heavyions/hbossi/mc_productions/QCD-dijet_pThat15-event-weighted_TuneCP5_5p36TeV_pythia8/OO_MC_DijetEmbedded_pThat-15to1200_TuneCP5_5p36TeV_pythia8/260306_002843/0000/HiForestMiniAOD_264.root
Time elapsed: 3758 seconds
File Contains: 127000 entries.
NMiss: 654637 | NFake: 925467 | NMatch: 15497482
Processing file 183 of 817: /eos/cms/store/group/phys_heavyions/hbossi/mc_productions/QCD-dijet_pThat15-event-weighted_TuneCP5_5p36TeV_pythia8/OO_MC_DijetEmbedded_pThat-15to1200_TuneCP5_5p36TeV_pythia8/260306_002843/0000/HiForestMiniAOD_265.root
Time elapsed: 3782 seconds
File Contains: 104000 entries.
NMiss: 657605 | NFake: 929670 | NMatch: 15569122
Processing file 184 of 817: /eos/cms/store/group/phys_heavyions/hbossi/mc_productions/QCD-dijet_pThat15-event-weighted_TuneCP5_5p36TeV_pythia8/OO_MC_DijetEmbedded_pThat-15to1200_TuneCP5_5p36TeV_pythia8/260306_002843/0000/HiForestMiniAOD_266.root
Time elapsed: 3797 seconds
File Contains: 106000 entries.
NMiss: 660800 | NFake: 934038 | NMatch: 15641940
Processing file 185 of 817: /eos/cms/store/group/phys_heavyions/hbossi/mc_productions/QCD-dijet_pThat15-event-weighted_TuneCP5_5p36TeV_pythia8/OO_MC_DijetEmbedded_pThat-15to1200_TuneCP5_5p36TeV_pythia8/260306_002843/0000/HiForestMiniAOD_267.root
Time elapsed: 3814 seconds
File Contains: 131000 entries.
NMiss: 664570 | NFake: 939417 | NMatch: 15731284
Processing file 186 of 817: /eos/cms/store/group/phys_heavyions/hbossi/mc_productions/QCD-dijet_pThat15-event-weighted_TuneCP5_5p36TeV_pythia8/OO_MC_DijetEmbedded_pThat-15to1200_TuneCP5_5p36TeV_pythia8/260306_002843/0000/HiForestMiniAOD_268.root
Time elapsed: 3842 seconds
File Contains: 125000 entries.
NMiss: 667989 | NFake: 944597 | NMatch: 15816590
Processing file 187 of 817: /eos/cms/store/group/phys_heavyions/hbossi/mc_productions/QCD-dijet_pThat15-event-weighted_TuneCP5_5p36TeV_pythia8/OO_MC_DijetEmbedded_pThat-15to1200_TuneCP5_5p36TeV_pythia8/260306_002843/0000/HiForestMiniAOD_269.root
Time elapsed: 3860 seconds
File Contains: 124000 entries.
NMiss: 671602 | NFake: 949789 | NMatch: 15901697
Processing file 188 of 817: /eos/cms/store/group/phys_heavyions/hbossi/mc_productions/QCD-dijet_pThat15-event-weighted_TuneCP5_5p36TeV_pythia8/OO_MC_DijetEmbedded_pThat-15to1200_TuneCP5_5p36TeV_pythia8/260306_002843/0000/HiForestMiniAOD_27.root
Time elapsed: 3884 seconds
File Contains: 101000 entries.
NMiss: 674398 | NFake: 954007 | NMatch: 15970727
Processing file 189 of 817: /eos/cms/store/group/phys_heavyions/hbossi/mc_productions/QCD-dijet_pThat15-event-weighted_TuneCP5_5p36TeV_pythia8/OO_MC_DijetEmbedded_pThat-15to1200_TuneCP5_5p36TeV_pythia8/260306_002843/0000/HiForestMiniAOD_270.root
Time elapsed: 3908 seconds
File Contains: 123000 entries.
NMiss: 677986 | NFake: 958975 | NMatch: 16055415
Processing file 190 of 817: /eos/cms/store/group/phys_heavyions/hbossi/mc_productions/QCD-dijet_pThat15-event-weighted_TuneCP5_5p36TeV_pythia8/OO_MC_DijetEmbedded_pThat-15to1200_TuneCP5_5p36TeV_pythia8/260306_002843/0000/HiForestMiniAOD_271.root
Time elapsed: 3929 seconds
File Contains: 163000 entries.
NMiss: 682858 | NFake: 965652 | NMatch: 16168052
Processing file 191 of 817: /eos/cms/store/group/phys_heavyions/hbossi/mc_productions/QCD-dijet_pThat15-event-weighted_TuneCP5_5p36TeV_pythia8/OO_MC_DijetEmbedded_pThat-15to1200_TuneCP5_5p36TeV_pythia8/260306_002843/0000/HiForestMiniAOD_272.root
Time elapsed: 3945 seconds
File Contains: 122000 entries.
NMiss: 686372 | NFake: 970575 | NMatch: 16251707
Processing file 192 of 817: /eos/cms/store/group/phys_heavyions/hbossi/mc_productions/QCD-dijet_pThat15-event-weighted_TuneCP5_5p36TeV_pythia8/OO_MC_DijetEmbedded_pThat-15to1200_TuneCP5_5p36TeV_pythia8/260306_002843/0000/HiForestMiniAOD_273.root
Time elapsed: 3966 seconds
File Contains: 111000 entries.
NMiss: 689596 | NFake: 975166 | NMatch: 16327458
Processing file 193 of 817: /eos/cms/store/group/phys_heavyions/hbossi/mc_productions/QCD-dijet_pThat15-event-weighted_TuneCP5_5p36TeV_pythia8/OO_MC_DijetEmbedded_pThat-15to1200_TuneCP5_5p36TeV_pythia8/260306_002843/0000/HiForestMiniAOD_274.root
Time elapsed: 3983 seconds
File Contains: 133000 entries.
NMiss: 693393 | NFake: 980518 | NMatch: 16418948
Processing file 194 of 817: /eos/cms/store/group/phys_heavyions/hbossi/mc_productions/QCD-dijet_pThat15-event-weighted_TuneCP5_5p36TeV_pythia8/OO_MC_DijetEmbedded_pThat-15to1200_TuneCP5_5p36TeV_pythia8/260306_002843/0000/HiForestMiniAOD_275.root
Time elapsed: 4006 seconds
File Contains: 118000 entries.
NMiss: 696798 | NFake: 985306 | NMatch: 16500336
Processing file 195 of 817: /eos/cms/store/group/phys_heavyions/hbossi/mc_productions/QCD-dijet_pThat15-event-weighted_TuneCP5_5p36TeV_pythia8/OO_MC_DijetEmbedded_pThat-15to1200_TuneCP5_5p36TeV_pythia8/260306_002843/0000/HiForestMiniAOD_276.root
Time elapsed: 4031 seconds
File Contains: 165000 entries.
NMiss: 701592 | NFake: 992027 | NMatch: 16613514
Processing file 196 of 817: /eos/cms/store/group/phys_heavyions/hbossi/mc_productions/QCD-dijet_pThat15-event-weighted_TuneCP5_5p36TeV_pythia8/OO_MC_DijetEmbedded_pThat-15to1200_TuneCP5_5p36TeV_pythia8/260306_002843/0000/HiForestMiniAOD_277.root
Time elapsed: 4056 seconds
File Contains: 126000 entries.
NMiss: 705124 | NFake: 997186 | NMatch: 16700068
Processing file 197 of 817: /eos/cms/store/group/phys_heavyions/hbossi/mc_productions/QCD-dijet_pThat15-event-weighted_TuneCP5_5p36TeV_pythia8/OO_MC_DijetEmbedded_pThat-15to1200_TuneCP5_5p36TeV_pythia8/260306_002843/0000/HiForestMiniAOD_278.root
Time elapsed: 4078 seconds
File Contains: 97000 entries.
NMiss: 707920 | NFake: 1001253 | NMatch: 16766422
Processing file 198 of 817: /eos/cms/store/group/phys_heavyions/hbossi/mc_productions/QCD-dijet_pThat15-event-weighted_TuneCP5_5p36TeV_pythia8/OO_MC_DijetEmbedded_pThat-15to1200_TuneCP5_5p36TeV_pythia8/260306_002843/0000/HiForestMiniAOD_279.root
Time elapsed: 4092 seconds
File Contains: 85000 entries.
NMiss: 710363 | NFake: 1004794 | NMatch: 16824479
Processing file 199 of 817: /eos/cms/store/group/phys_heavyions/hbossi/mc_productions/QCD-dijet_pThat15-event-weighted_TuneCP5_5p36TeV_pythia8/OO_MC_DijetEmbedded_pThat-15to1200_TuneCP5_5p36TeV_pythia8/260306_002843/0000/HiForestMiniAOD_28.root
Time elapsed: 4106 seconds
File Contains: 110000 entries.
NMiss: 713688 | NFake: 1009199 | NMatch: 16899614
Processing file 200 of 817: /eos/cms/store/group/phys_heavyions/hbossi/mc_productions/QCD-dijet_pThat15-event-weighted_TuneCP5_5p36TeV_pythia8/OO_MC_DijetEmbedded_pThat-15to1200_TuneCP5_5p36TeV_pythia8/260306_002843/0000/HiForestMiniAOD_280.root
Time elapsed: 4151 seconds
File Contains: 98000 entries.
NMiss: 716625 | NFake: 1013290 | NMatch: 16966972
Processing file 201 of 817: /eos/cms/store/group/phys_heavyions/hbossi/mc_productions/QCD-dijet_pThat15-event-weighted_TuneCP5_5p36TeV_pythia8/OO_MC_DijetEmbedded_pThat-15to1200_TuneCP5_5p36TeV_pythia8/260306_002843/0000/HiForestMiniAOD_281.root
Time elapsed: 4171 seconds
File Contains: 115000 entries.
NMiss: 719929 | NFake: 1018003 | NMatch: 17045646
Processing file 202 of 817: /eos/cms/store/group/phys_heavyions/hbossi/mc_productions/QCD-dijet_pThat15-event-weighted_TuneCP5_5p36TeV_pythia8/OO_MC_DijetEmbedded_pThat-15to1200_TuneCP5_5p36TeV_pythia8/260306_002843/0000/HiForestMiniAOD_282.root
Time elapsed: 4187 seconds
File Contains: 99000 entries.
NMiss: 722749 | NFake: 1022018 | NMatch: 17113511
Processing file 203 of 817: /eos/cms/store/group/phys_heavyions/hbossi/mc_productions/QCD-dijet_pThat15-event-weighted_TuneCP5_5p36TeV_pythia8/OO_MC_DijetEmbedded_pThat-15to1200_TuneCP5_5p36TeV_pythia8/260306_002843/0000/HiForestMiniAOD_283.root
Time elapsed: 4201 seconds
File Contains: 155000 entries.
NMiss: 727268 | NFake: 1028192 | NMatch: 17220134
Processing file 204 of 817: /eos/cms/store/group/phys_heavyions/hbossi/mc_productions/QCD-dijet_pThat15-event-weighted_TuneCP5_5p36TeV_pythia8/OO_MC_DijetEmbedded_pThat-15to1200_TuneCP5_5p36TeV_pythia8/260306_002843/0000/HiForestMiniAOD_284.root
Time elapsed: 4222 seconds
File Contains: 94000 entries.
NMiss: 729930 | NFake: 1032083 | NMatch: 17284246
Processing file 205 of 817: /eos/cms/store/group/phys_heavyions/hbossi/mc_productions/QCD-dijet_pThat15-event-weighted_TuneCP5_5p36TeV_pythia8/OO_MC_DijetEmbedded_pThat-15to1200_TuneCP5_5p36TeV_pythia8/260306_002843/0000/HiForestMiniAOD_285.root
Time elapsed: 4237 seconds
File Contains: 91000 entries.
NMiss: 732502 | NFake: 1035818 | NMatch: 17346618
Processing file 206 of 817: /eos/cms/store/group/phys_heavyions/hbossi/mc_productions/QCD-dijet_pThat15-event-weighted_TuneCP5_5p36TeV_pythia8/OO_MC_DijetEmbedded_pThat-15to1200_TuneCP5_5p36TeV_pythia8/260306_002843/0000/HiForestMiniAOD_286.root
Time elapsed: 4253 seconds
File Contains: 130000 entries.
NMiss: 736275 | NFake: 1041258 | NMatch: 17436036
Processing file 207 of 817: /eos/cms/store/group/phys_heavyions/hbossi/mc_productions/QCD-dijet_pThat15-event-weighted_TuneCP5_5p36TeV_pythia8/OO_MC_DijetEmbedded_pThat-15to1200_TuneCP5_5p36TeV_pythia8/260306_002843/0000/HiForestMiniAOD_287.root
Time elapsed: 4269 seconds
File Contains: 111000 entries.
NMiss: 739468 | NFake: 1045860 | NMatch: 17512182
Processing file 208 of 817: /eos/cms/store/group/phys_heavyions/hbossi/mc_productions/QCD-dijet_pThat15-event-weighted_TuneCP5_5p36TeV_pythia8/OO_MC_DijetEmbedded_pThat-15to1200_TuneCP5_5p36TeV_pythia8/260306_002843/0000/HiForestMiniAOD_288.root
Time elapsed: 4288 seconds
File Contains: 126000 entries.
NMiss: 743125 | NFake: 1050973 | NMatch: 17598263
Processing file 209 of 817: /eos/cms/store/group/phys_heavyions/hbossi/mc_productions/QCD-dijet_pThat15-event-weighted_TuneCP5_5p36TeV_pythia8/OO_MC_DijetEmbedded_pThat-15to1200_TuneCP5_5p36TeV_pythia8/260306_002843/0000/HiForestMiniAOD_289.root
Time elapsed: 4309 seconds
File Contains: 115000 entries.
NMiss: 746328 | NFake: 1055685 | NMatch: 17677027
Processing file 210 of 817: /eos/cms/store/group/phys_heavyions/hbossi/mc_productions/QCD-dijet_pThat15-event-weighted_TuneCP5_5p36TeV_pythia8/OO_MC_DijetEmbedded_pThat-15to1200_TuneCP5_5p36TeV_pythia8/260306_002843/0000/HiForestMiniAOD_29.root
Time elapsed: 4333 seconds
File Contains: 100000 entries.
NMiss: 749206 | NFake: 1059733 | NMatch: 17745661
Processing file 211 of 817: /eos/cms/store/group/phys_heavyions/hbossi/mc_productions/QCD-dijet_pThat15-event-weighted_TuneCP5_5p36TeV_pythia8/OO_MC_DijetEmbedded_pThat-15to1200_TuneCP5_5p36TeV_pythia8/260306_002843/0000/HiForestMiniAOD_290.root
Time elapsed: 4349 seconds
File Contains: 107000 entries.
NMiss: 752339 | NFake: 1064134 | NMatch: 17818695
Processing file 212 of 817: /eos/cms/store/group/phys_heavyions/hbossi/mc_productions/QCD-dijet_pThat15-event-weighted_TuneCP5_5p36TeV_pythia8/OO_MC_DijetEmbedded_pThat-15to1200_TuneCP5_5p36TeV_pythia8/260306_002843/0000/HiForestMiniAOD_291.root
Time elapsed: 4366 seconds
File Contains: 107000 entries.
NMiss: 755419 | NFake: 1068509 | NMatch: 17892202
Processing file 213 of 817: /eos/cms/store/group/phys_heavyions/hbossi/mc_productions/QCD-dijet_pThat15-event-weighted_TuneCP5_5p36TeV_pythia8/OO_MC_DijetEmbedded_pThat-15to1200_TuneCP5_5p36TeV_pythia8/260306_002843/0000/HiForestMiniAOD_292.root
Time elapsed: 4382 seconds
File Contains: 151000 entries.
NMiss: 759751 | NFake: 1074646 | NMatch: 17995328
Processing file 214 of 817: /eos/cms/store/group/phys_heavyions/hbossi/mc_productions/QCD-dijet_pThat15-event-weighted_TuneCP5_5p36TeV_pythia8/OO_MC_DijetEmbedded_pThat-15to1200_TuneCP5_5p36TeV_pythia8/260306_002843/0000/HiForestMiniAOD_293.root
Time elapsed: 4410 seconds
File Contains: 134000 entries.
NMiss: 763539 | NFake: 1080171 | NMatch: 18086248
Processing file 215 of 817: /eos/cms/store/group/phys_heavyions/hbossi/mc_productions/QCD-dijet_pThat15-event-weighted_TuneCP5_5p36TeV_pythia8/OO_MC_DijetEmbedded_pThat-15to1200_TuneCP5_5p36TeV_pythia8/260306_002843/0000/HiForestMiniAOD_294.root
Time elapsed: 4429 seconds
File Contains: 126000 entries.
NMiss: 767234 | NFake: 1085257 | NMatch: 18171816
Processing file 216 of 817: /eos/cms/store/group/phys_heavyions/hbossi/mc_productions/QCD-dijet_pThat15-event-weighted_TuneCP5_5p36TeV_pythia8/OO_MC_DijetEmbedded_pThat-15to1200_TuneCP5_5p36TeV_pythia8/260306_002843/0000/HiForestMiniAOD_295.root
Time elapsed: 4454 seconds
File Contains: 107000 entries.
NMiss: 770380 | NFake: 1089716 | NMatch: 18245076
Processing file 217 of 817: /eos/cms/store/group/phys_heavyions/hbossi/mc_productions/QCD-dijet_pThat15-event-weighted_TuneCP5_5p36TeV_pythia8/OO_MC_DijetEmbedded_pThat-15to1200_TuneCP5_5p36TeV_pythia8/260306_002843/0000/HiForestMiniAOD_296.root
Time elapsed: 4475 seconds
File Contains: 166000 entries.
NMiss: 775207 | NFake: 1096585 | NMatch: 18358795
Processing file 218 of 817: /eos/cms/store/group/phys_heavyions/hbossi/mc_productions/QCD-dijet_pThat15-event-weighted_TuneCP5_5p36TeV_pythia8/OO_MC_DijetEmbedded_pThat-15to1200_TuneCP5_5p36TeV_pythia8/260306_002843/0000/HiForestMiniAOD_297.root
Time elapsed: 4497 seconds
File Contains: 139000 entries.
NMiss: 779190 | NFake: 1102353 | NMatch: 18453754
Processing file 219 of 817: /eos/cms/store/group/phys_heavyions/hbossi/mc_productions/QCD-dijet_pThat15-event-weighted_TuneCP5_5p36TeV_pythia8/OO_MC_DijetEmbedded_pThat-15to1200_TuneCP5_5p36TeV_pythia8/260306_002843/0000/HiForestMiniAOD_298.root
Time elapsed: 4517 seconds
File Contains: 161000 entries.
NMiss: 783942 | NFake: 1108887 | NMatch: 18564512
Processing file 220 of 817: /eos/cms/store/group/phys_heavyions/hbossi/mc_productions/QCD-dijet_pThat15-event-weighted_TuneCP5_5p36TeV_pythia8/OO_MC_DijetEmbedded_pThat-15to1200_TuneCP5_5p36TeV_pythia8/260306_002843/0000/HiForestMiniAOD_299.root
Time elapsed: 4534 seconds
File Contains: 144000 entries.
NMiss: 788154 | NFake: 1114902 | NMatch: 18663492
Processing file 221 of 817: /eos/cms/store/group/phys_heavyions/hbossi/mc_productions/QCD-dijet_pThat15-event-weighted_TuneCP5_5p36TeV_pythia8/OO_MC_DijetEmbedded_pThat-15to1200_TuneCP5_5p36TeV_pythia8/260306_002843/0000/HiForestMiniAOD_3.root
Time elapsed: 4553 seconds
File Contains: 122000 entries.
NMiss: 791708 | NFake: 1119852 | NMatch: 18747029
Processing file 222 of 817: /eos/cms/store/group/phys_heavyions/hbossi/mc_productions/QCD-dijet_pThat15-event-weighted_TuneCP5_5p36TeV_pythia8/OO_MC_DijetEmbedded_pThat-15to1200_TuneCP5_5p36TeV_pythia8/260306_002843/0000/HiForestMiniAOD_30.root
Time elapsed: 4572 seconds
File Contains: 118000 entries.
NMiss: 795077 | NFake: 1124631 | NMatch: 18827692
Processing file 223 of 817: /eos/cms/store/group/phys_heavyions/hbossi/mc_productions/QCD-dijet_pThat15-event-weighted_TuneCP5_5p36TeV_pythia8/OO_MC_DijetEmbedded_pThat-15to1200_TuneCP5_5p36TeV_pythia8/260306_002843/0000/HiForestMiniAOD_300.root
Time elapsed: 4589 seconds
File Contains: 118000 entries.
NMiss: 798459 | NFake: 1129476 | NMatch: 18908260
Processing file 224 of 817: /eos/cms/store/group/phys_heavyions/hbossi/mc_productions/QCD-dijet_pThat15-event-weighted_TuneCP5_5p36TeV_pythia8/OO_MC_DijetEmbedded_pThat-15to1200_TuneCP5_5p36TeV_pythia8/260306_002843/0000/HiForestMiniAOD_301.root
Time elapsed: 4602 seconds
File Contains: 139000 entries.
NMiss: 802476 | NFake: 1135233 | NMatch: 19003914
Processing file 225 of 817: /eos/cms/store/group/phys_heavyions/hbossi/mc_productions/QCD-dijet_pThat15-event-weighted_TuneCP5_5p36TeV_pythia8/OO_MC_DijetEmbedded_pThat-15to1200_TuneCP5_5p36TeV_pythia8/260306_002843/0000/HiForestMiniAOD_302.root
Time elapsed: 4619 seconds
File Contains: 155000 entries.
NMiss: 807010 | NFake: 1141465 | NMatch: 19110037
Processing file 226 of 817: /eos/cms/store/group/phys_heavyions/hbossi/mc_productions/QCD-dijet_pThat15-event-weighted_TuneCP5_5p36TeV_pythia8/OO_MC_DijetEmbedded_pThat-15to1200_TuneCP5_5p36TeV_pythia8/260306_002843/0000/HiForestMiniAOD_303.root
Time elapsed: 4636 seconds
File Contains: 164000 entries.
NMiss: 811821 | NFake: 1148017 | NMatch: 19222672
Processing file 227 of 817: /eos/cms/store/group/phys_heavyions/hbossi/mc_productions/QCD-dijet_pThat15-event-weighted_TuneCP5_5p36TeV_pythia8/OO_MC_DijetEmbedded_pThat-15to1200_TuneCP5_5p36TeV_pythia8/260306_002843/0000/HiForestMiniAOD_304.root
Time elapsed: 4660 seconds
File Contains: 127000 entries.
NMiss: 815540 | NFake: 1153148 | NMatch: 19309144
Processing file 228 of 817: /eos/cms/store/group/phys_heavyions/hbossi/mc_productions/QCD-dijet_pThat15-event-weighted_TuneCP5_5p36TeV_pythia8/OO_MC_DijetEmbedded_pThat-15to1200_TuneCP5_5p36TeV_pythia8/260306_002843/0000/HiForestMiniAOD_305.root
Time elapsed: 4679 seconds
File Contains: 59000 entries.
NMiss: 817226 | NFake: 1155539 | NMatch: 19349511
Processing file 229 of 817: /eos/cms/store/group/phys_heavyions/hbossi/mc_productions/QCD-dijet_pThat15-event-weighted_TuneCP5_5p36TeV_pythia8/OO_MC_DijetEmbedded_pThat-15to1200_TuneCP5_5p36TeV_pythia8/260306_002843/0000/HiForestMiniAOD_306.root
Time elapsed: 4691 seconds
File Contains: 148000 entries.
NMiss: 821555 | NFake: 1161735 | NMatch: 19450622
Processing file 230 of 817: /eos/cms/store/group/phys_heavyions/hbossi/mc_productions/QCD-dijet_pThat15-event-weighted_TuneCP5_5p36TeV_pythia8/OO_MC_DijetEmbedded_pThat-15to1200_TuneCP5_5p36TeV_pythia8/260306_002843/0000/HiForestMiniAOD_307.root
Time elapsed: 4707 seconds
File Contains: 147000 entries.
NMiss: 825865 | NFake: 1167762 | NMatch: 19551387
Processing file 231 of 817: /eos/cms/store/group/phys_heavyions/hbossi/mc_productions/QCD-dijet_pThat15-event-weighted_TuneCP5_5p36TeV_pythia8/OO_MC_DijetEmbedded_pThat-15to1200_TuneCP5_5p36TeV_pythia8/260306_002843/0000/HiForestMiniAOD_308.root
Time elapsed: 4751 seconds
File Contains: 97000 entries.
NMiss: 828667 | NFake: 1171750 | NMatch: 19618446
Processing file 232 of 817: /eos/cms/store/group/phys_heavyions/hbossi/mc_productions/QCD-dijet_pThat15-event-weighted_TuneCP5_5p36TeV_pythia8/OO_MC_DijetEmbedded_pThat-15to1200_TuneCP5_5p36TeV_pythia8/260306_002843/0000/HiForestMiniAOD_309.root
Time elapsed: 4771 seconds
File Contains: 153000 entries.
NMiss: 833100 | NFake: 1177922 | NMatch: 19723317
Processing file 233 of 817: /eos/cms/store/group/phys_heavyions/hbossi/mc_productions/QCD-dijet_pThat15-event-weighted_TuneCP5_5p36TeV_pythia8/OO_MC_DijetEmbedded_pThat-15to1200_TuneCP5_5p36TeV_pythia8/260306_002843/0000/HiForestMiniAOD_31.root
Time elapsed: 4794 seconds
File Contains: 115000 entries.
NMiss: 836424 | NFake: 1182737 | NMatch: 19802117
Processing file 234 of 817: /eos/cms/store/group/phys_heavyions/hbossi/mc_productions/QCD-dijet_pThat15-event-weighted_TuneCP5_5p36TeV_pythia8/OO_MC_DijetEmbedded_pThat-15to1200_TuneCP5_5p36TeV_pythia8/260306_002843/0000/HiForestMiniAOD_310.root
Time elapsed: 4811 seconds
File Contains: 135000 entries.
NMiss: 840301 | NFake: 1188360 | NMatch: 19894976
Processing file 235 of 817: /eos/cms/store/group/phys_heavyions/hbossi/mc_productions/QCD-dijet_pThat15-event-weighted_TuneCP5_5p36TeV_pythia8/OO_MC_DijetEmbedded_pThat-15to1200_TuneCP5_5p36TeV_pythia8/260306_002843/0000/HiForestMiniAOD_311.root
Time elapsed: 4824 seconds
File Contains: 145000 entries.
NMiss: 844551 | NFake: 1194246 | NMatch: 19994523
Processing file 236 of 817: /eos/cms/store/group/phys_heavyions/hbossi/mc_productions/QCD-dijet_pThat15-event-weighted_TuneCP5_5p36TeV_pythia8/OO_MC_DijetEmbedded_pThat-15to1200_TuneCP5_5p36TeV_pythia8/260306_002843/0000/HiForestMiniAOD_312.root
Time elapsed: 4842 seconds
File Contains: 119000 entries.
NMiss: 848092 | NFake: 1199022 | NMatch: 20076031
Processing file 237 of 817: /eos/cms/store/group/phys_heavyions/hbossi/mc_productions/QCD-dijet_pThat15-event-weighted_TuneCP5_5p36TeV_pythia8/OO_MC_DijetEmbedded_pThat-15to1200_TuneCP5_5p36TeV_pythia8/260306_002843/0000/HiForestMiniAOD_313.root
Time elapsed: 4859 seconds
File Contains: 118000 entries.
NMiss: 851528 | NFake: 1203846 | NMatch: 20157062
Processing file 238 of 817: /eos/cms/store/group/phys_heavyions/hbossi/mc_productions/QCD-dijet_pThat15-event-weighted_TuneCP5_5p36TeV_pythia8/OO_MC_DijetEmbedded_pThat-15to1200_TuneCP5_5p36TeV_pythia8/260306_002843/0000/HiForestMiniAOD_314.root
Time elapsed: 4873 seconds
File Contains: 148000 entries.
NMiss: 855791 | NFake: 1209897 | NMatch: 20258326
Processing file 239 of 817: /eos/cms/store/group/phys_heavyions/hbossi/mc_productions/QCD-dijet_pThat15-event-weighted_TuneCP5_5p36TeV_pythia8/OO_MC_DijetEmbedded_pThat-15to1200_TuneCP5_5p36TeV_pythia8/260306_002843/0000/HiForestMiniAOD_315.root
Time elapsed: 4890 seconds
File Contains: 149000 entries.
NMiss: 860061 | NFake: 1215991 | NMatch: 20359772
Processing file 240 of 817: /eos/cms/store/group/phys_heavyions/hbossi/mc_productions/QCD-dijet_pThat15-event-weighted_TuneCP5_5p36TeV_pythia8/OO_MC_DijetEmbedded_pThat-15to1200_TuneCP5_5p36TeV_pythia8/260306_002843/0000/HiForestMiniAOD_316.root
Time elapsed: 4942 seconds
File Contains: 131000 entries.
NMiss: 863913 | NFake: 1221293 | NMatch: 20449416
Processing file 241 of 817: /eos/cms/store/group/phys_heavyions/hbossi/mc_productions/QCD-dijet_pThat15-event-weighted_TuneCP5_5p36TeV_pythia8/OO_MC_DijetEmbedded_pThat-15to1200_TuneCP5_5p36TeV_pythia8/260306_002843/0000/HiForestMiniAOD_317.root
Time elapsed: 4958 seconds
File Contains: 98000 entries.
NMiss: 866821 | NFake: 1225373 | NMatch: 20516825
Processing file 242 of 817: /eos/cms/store/group/phys_heavyions/hbossi/mc_productions/QCD-dijet_pThat15-event-weighted_TuneCP5_5p36TeV_pythia8/OO_MC_DijetEmbedded_pThat-15to1200_TuneCP5_5p36TeV_pythia8/260306_002843/0000/HiForestMiniAOD_318.root
Time elapsed: 4971 seconds
File Contains: 162000 entries.
NMiss: 871482 | NFake: 1232026 | NMatch: 20627131
Processing file 243 of 817: /eos/cms/store/group/phys_heavyions/hbossi/mc_productions/QCD-dijet_pThat15-event-weighted_TuneCP5_5p36TeV_pythia8/OO_MC_DijetEmbedded_pThat-15to1200_TuneCP5_5p36TeV_pythia8/260306_002843/0000/HiForestMiniAOD_319.root
Time elapsed: 4992 seconds
File Contains: 151000 entries.
NMiss: 875894 | NFake: 1238095 | NMatch: 20730850
Processing file 244 of 817: /eos/cms/store/group/phys_heavyions/hbossi/mc_productions/QCD-dijet_pThat15-event-weighted_TuneCP5_5p36TeV_pythia8/OO_MC_DijetEmbedded_pThat-15to1200_TuneCP5_5p36TeV_pythia8/260306_002843/0000/HiForestMiniAOD_32.root
Time elapsed: 5014 seconds
File Contains: 137000 entries.
NMiss: 879961 | NFake: 1243749 | NMatch: 20824531
Processing file 245 of 817: /eos/cms/store/group/phys_heavyions/hbossi/mc_productions/QCD-dijet_pThat15-event-weighted_TuneCP5_5p36TeV_pythia8/OO_MC_DijetEmbedded_pThat-15to1200_TuneCP5_5p36TeV_pythia8/260306_002843/0000/HiForestMiniAOD_320.root
Time elapsed: 5032 seconds
File Contains: 132000 entries.
NMiss: 883906 | NFake: 1249247 | NMatch: 20914523
Processing file 246 of 817: /eos/cms/store/group/phys_heavyions/hbossi/mc_productions/QCD-dijet_pThat15-event-weighted_TuneCP5_5p36TeV_pythia8/OO_MC_DijetEmbedded_pThat-15to1200_TuneCP5_5p36TeV_pythia8/260306_002843/0000/HiForestMiniAOD_321.root
Time elapsed: 5049 seconds
File Contains: 151000 entries.
NMiss: 888314 | NFake: 1255481 | NMatch: 21017618
Processing file 247 of 817: /eos/cms/store/group/phys_heavyions/hbossi/mc_productions/QCD-dijet_pThat15-event-weighted_TuneCP5_5p36TeV_pythia8/OO_MC_DijetEmbedded_pThat-15to1200_TuneCP5_5p36TeV_pythia8/260306_002843/0000/HiForestMiniAOD_322.root
Time elapsed: 5070 seconds
File Contains: 136000 entries.
NMiss: 892228 | NFake: 1261020 | NMatch: 21110961
Processing file 248 of 817: /eos/cms/store/group/phys_heavyions/hbossi/mc_productions/QCD-dijet_pThat15-event-weighted_TuneCP5_5p36TeV_pythia8/OO_MC_DijetEmbedded_pThat-15to1200_TuneCP5_5p36TeV_pythia8/260306_002843/0000/HiForestMiniAOD_323.root
Time elapsed: 5085 seconds
File Contains: 133000 entries.
NMiss: 896009 | NFake: 1266427 | NMatch: 21202230
Processing file 249 of 817: /eos/cms/store/group/phys_heavyions/hbossi/mc_productions/QCD-dijet_pThat15-event-weighted_TuneCP5_5p36TeV_pythia8/OO_MC_DijetEmbedded_pThat-15to1200_TuneCP5_5p36TeV_pythia8/260306_002843/0000/HiForestMiniAOD_324.root
Time elapsed: 5101 seconds
File Contains: 121000 entries.
NMiss: 899497 | NFake: 1271372 | NMatch: 21285602
Processing file 250 of 817: /eos/cms/store/group/phys_heavyions/hbossi/mc_productions/QCD-dijet_pThat15-event-weighted_TuneCP5_5p36TeV_pythia8/OO_MC_DijetEmbedded_pThat-15to1200_TuneCP5_5p36TeV_pythia8/260306_002843/0000/HiForestMiniAOD_325.root
Time elapsed: 5123 seconds
File Contains: 131000 entries.
NMiss: 903270 | NFake: 1276689 | NMatch: 21375280
Processing file 251 of 817: /eos/cms/store/group/phys_heavyions/hbossi/mc_productions/QCD-dijet_pThat15-event-weighted_TuneCP5_5p36TeV_pythia8/OO_MC_DijetEmbedded_pThat-15to1200_TuneCP5_5p36TeV_pythia8/260306_002843/0000/HiForestMiniAOD_326.root
Time elapsed: 5140 seconds
File Contains: 144000 entries.
NMiss: 907414 | NFake: 1282675 | NMatch: 21474127
Processing file 252 of 817: /eos/cms/store/group/phys_heavyions/hbossi/mc_productions/QCD-dijet_pThat15-event-weighted_TuneCP5_5p36TeV_pythia8/OO_MC_DijetEmbedded_pThat-15to1200_TuneCP5_5p36TeV_pythia8/260306_002843/0000/HiForestMiniAOD_327.root
Time elapsed: 5160 seconds
File Contains: 126000 entries.
NMiss: 911037 | NFake: 1287836 | NMatch: 21560207
Processing file 253 of 817: /eos/cms/store/group/phys_heavyions/hbossi/mc_productions/QCD-dijet_pThat15-event-weighted_TuneCP5_5p36TeV_pythia8/OO_MC_DijetEmbedded_pThat-15to1200_TuneCP5_5p36TeV_pythia8/260306_002843/0000/HiForestMiniAOD_328.root
Time elapsed: 5174 seconds
File Contains: 109000 entries.
NMiss: 914161 | NFake: 1292355 | NMatch: 21635055
Processing file 254 of 817: /eos/cms/store/group/phys_heavyions/hbossi/mc_productions/QCD-dijet_pThat15-event-weighted_TuneCP5_5p36TeV_pythia8/OO_MC_DijetEmbedded_pThat-15to1200_TuneCP5_5p36TeV_pythia8/260306_002843/0000/HiForestMiniAOD_329.root
Time elapsed: 5191 seconds
File Contains: 88000 entries.
NMiss: 916735 | NFake: 1296056 | NMatch: 21694867
Processing file 255 of 817: /eos/cms/store/group/phys_heavyions/hbossi/mc_productions/QCD-dijet_pThat15-event-weighted_TuneCP5_5p36TeV_pythia8/OO_MC_DijetEmbedded_pThat-15to1200_TuneCP5_5p36TeV_pythia8/260306_002843/0000/HiForestMiniAOD_33.root
Time elapsed: 5207 seconds
File Contains: 127000 entries.
NMiss: 920323 | NFake: 1301291 | NMatch: 21781982
Processing file 256 of 817: /eos/cms/store/group/phys_heavyions/hbossi/mc_productions/QCD-dijet_pThat15-event-weighted_TuneCP5_5p36TeV_pythia8/OO_MC_DijetEmbedded_pThat-15to1200_TuneCP5_5p36TeV_pythia8/260306_002843/0000/HiForestMiniAOD_330.root
Time elapsed: 5222 seconds
File Contains: 135000 entries.
NMiss: 924177 | NFake: 1306937 | NMatch: 21874974
Processing file 257 of 817: /eos/cms/store/group/phys_heavyions/hbossi/mc_productions/QCD-dijet_pThat15-event-weighted_TuneCP5_5p36TeV_pythia8/OO_MC_DijetEmbedded_pThat-15to1200_TuneCP5_5p36TeV_pythia8/260306_002843/0000/HiForestMiniAOD_331.root
Time elapsed: 5264 seconds
File Contains: 127000 entries.
NMiss: 927789 | NFake: 1312220 | NMatch: 21962043
Processing file 258 of 817: /eos/cms/store/group/phys_heavyions/hbossi/mc_productions/QCD-dijet_pThat15-event-weighted_TuneCP5_5p36TeV_pythia8/OO_MC_DijetEmbedded_pThat-15to1200_TuneCP5_5p36TeV_pythia8/260306_002843/0000/HiForestMiniAOD_332.root
Time elapsed: 5282 seconds
File Contains: 113000 entries.
NMiss: 931055 | NFake: 1316847 | NMatch: 22039007
Processing file 259 of 817: /eos/cms/store/group/phys_heavyions/hbossi/mc_productions/QCD-dijet_pThat15-event-weighted_TuneCP5_5p36TeV_pythia8/OO_MC_DijetEmbedded_pThat-15to1200_TuneCP5_5p36TeV_pythia8/260306_002843/0000/HiForestMiniAOD_333.root
Time elapsed: 5300 seconds
File Contains: 146000 entries.
NMiss: 935269 | NFake: 1322893 | NMatch: 22139052
Processing file 260 of 817: /eos/cms/store/group/phys_heavyions/hbossi/mc_productions/QCD-dijet_pThat15-event-weighted_TuneCP5_5p36TeV_pythia8/OO_MC_DijetEmbedded_pThat-15to1200_TuneCP5_5p36TeV_pythia8/260306_002843/0000/HiForestMiniAOD_334.root
Time elapsed: 5317 seconds
File Contains: 131000 entries.
NMiss: 939015 | NFake: 1328239 | NMatch: 22229179
Processing file 261 of 817: /eos/cms/store/group/phys_heavyions/hbossi/mc_productions/QCD-dijet_pThat15-event-weighted_TuneCP5_5p36TeV_pythia8/OO_MC_DijetEmbedded_pThat-15to1200_TuneCP5_5p36TeV_pythia8/260306_002843/0000/HiForestMiniAOD_335.root
Time elapsed: 5334 seconds
File Contains: 134000 entries.
NMiss: 942905 | NFake: 1333668 | NMatch: 22320786
Processing file 262 of 817: /eos/cms/store/group/phys_heavyions/hbossi/mc_productions/QCD-dijet_pThat15-event-weighted_TuneCP5_5p36TeV_pythia8/OO_MC_DijetEmbedded_pThat-15to1200_TuneCP5_5p36TeV_pythia8/260306_002843/0000/HiForestMiniAOD_336.root
Time elapsed: 5355 seconds
File Contains: 111000 entries.
NMiss: 946057 | NFake: 1338155 | NMatch: 22397226
Processing file 263 of 817: /eos/cms/store/group/phys_heavyions/hbossi/mc_productions/QCD-dijet_pThat15-event-weighted_TuneCP5_5p36TeV_pythia8/OO_MC_DijetEmbedded_pThat-15to1200_TuneCP5_5p36TeV_pythia8/260306_002843/0000/HiForestMiniAOD_337.root
Time elapsed: 5374 seconds
File Contains: 108000 entries.
NMiss: 949191 | NFake: 1342576 | NMatch: 22471321
Processing file 264 of 817: /eos/cms/store/group/phys_heavyions/hbossi/mc_productions/QCD-dijet_pThat15-event-weighted_TuneCP5_5p36TeV_pythia8/OO_MC_DijetEmbedded_pThat-15to1200_TuneCP5_5p36TeV_pythia8/260306_002843/0000/HiForestMiniAOD_338.root
Time elapsed: 5391 seconds
File Contains: 115000 entries.
NMiss: 952588 | NFake: 1347163 | NMatch: 22550018
Processing file 265 of 817: /eos/cms/store/group/phys_heavyions/hbossi/mc_productions/QCD-dijet_pThat15-event-weighted_TuneCP5_5p36TeV_pythia8/OO_MC_DijetEmbedded_pThat-15to1200_TuneCP5_5p36TeV_pythia8/260306_002843/0000/HiForestMiniAOD_339.root
Time elapsed: 5407 seconds
File Contains: 147000 entries.
NMiss: 956733 | NFake: 1353167 | NMatch: 22650721
Processing file 266 of 817: /eos/cms/store/group/phys_heavyions/hbossi/mc_productions/QCD-dijet_pThat15-event-weighted_TuneCP5_5p36TeV_pythia8/OO_MC_DijetEmbedded_pThat-15to1200_TuneCP5_5p36TeV_pythia8/260306_002843/0000/HiForestMiniAOD_34.root
Time elapsed: 5429 seconds
File Contains: 85000 entries.
NMiss: 959180 | NFake: 1356682 | NMatch: 22709168
Processing file 267 of 817: /eos/cms/store/group/phys_heavyions/hbossi/mc_productions/QCD-dijet_pThat15-event-weighted_TuneCP5_5p36TeV_pythia8/OO_MC_DijetEmbedded_pThat-15to1200_TuneCP5_5p36TeV_pythia8/260306_002843/0000/HiForestMiniAOD_340.root
Time elapsed: 5445 seconds
File Contains: 127000 entries.
NMiss: 962789 | NFake: 1361769 | NMatch: 22796202
Processing file 268 of 817: /eos/cms/store/group/phys_heavyions/hbossi/mc_productions/QCD-dijet_pThat15-event-weighted_TuneCP5_5p36TeV_pythia8/OO_MC_DijetEmbedded_pThat-15to1200_TuneCP5_5p36TeV_pythia8/260306_002843/0000/HiForestMiniAOD_341.root
Time elapsed: 5461 seconds
File Contains: 99000 entries.
NMiss: 965718 | NFake: 1365759 | NMatch: 22864418
Processing file 269 of 817: /eos/cms/store/group/phys_heavyions/hbossi/mc_productions/QCD-dijet_pThat15-event-weighted_TuneCP5_5p36TeV_pythia8/OO_MC_DijetEmbedded_pThat-15to1200_TuneCP5_5p36TeV_pythia8/260306_002843/0000/HiForestMiniAOD_342.root
Time elapsed: 5475 seconds
File Contains: 134000 entries.
NMiss: 969613 | NFake: 1371237 | NMatch: 22955587
Processing file 270 of 817: /eos/cms/store/group/phys_heavyions/hbossi/mc_productions/QCD-dijet_pThat15-event-weighted_TuneCP5_5p36TeV_pythia8/OO_MC_DijetEmbedded_pThat-15to1200_TuneCP5_5p36TeV_pythia8/260306_002843/0000/HiForestMiniAOD_343.root
Time elapsed: 5498 seconds
File Contains: 124000 entries.
NMiss: 973280 | NFake: 1376334 | NMatch: 23040390
Processing file 271 of 817: /eos/cms/store/group/phys_heavyions/hbossi/mc_productions/QCD-dijet_pThat15-event-weighted_TuneCP5_5p36TeV_pythia8/OO_MC_DijetEmbedded_pThat-15to1200_TuneCP5_5p36TeV_pythia8/260306_002843/0000/HiForestMiniAOD_344.root
Time elapsed: 5516 seconds
File Contains: 113000 entries.
NMiss: 976482 | NFake: 1381031 | NMatch: 23117374
Processing file 272 of 817: /eos/cms/store/group/phys_heavyions/hbossi/mc_productions/QCD-dijet_pThat15-event-weighted_TuneCP5_5p36TeV_pythia8/OO_MC_DijetEmbedded_pThat-15to1200_TuneCP5_5p36TeV_pythia8/260306_002843/0000/HiForestMiniAOD_345.root
Time elapsed: 5535 seconds
File Contains: 87000 entries.
NMiss: 979009 | NFake: 1384582 | NMatch: 23177018
Processing file 273 of 817: /eos/cms/store/group/phys_heavyions/hbossi/mc_productions/QCD-dijet_pThat15-event-weighted_TuneCP5_5p36TeV_pythia8/OO_MC_DijetEmbedded_pThat-15to1200_TuneCP5_5p36TeV_pythia8/260306_002843/0000/HiForestMiniAOD_346.root
Time elapsed: 5551 seconds
File Contains: 121000 entries.
NMiss: 982548 | NFake: 1389460 | NMatch: 23259690
Processing file 274 of 817: /eos/cms/store/group/phys_heavyions/hbossi/mc_productions/QCD-dijet_pThat15-event-weighted_TuneCP5_5p36TeV_pythia8/OO_MC_DijetEmbedded_pThat-15to1200_TuneCP5_5p36TeV_pythia8/260306_002843/0000/HiForestMiniAOD_347.root
Time elapsed: 5569 seconds
File Contains: 102000 entries.
NMiss: 985527 | NFake: 1393585 | NMatch: 23329883
Processing file 275 of 817: /eos/cms/store/group/phys_heavyions/hbossi/mc_productions/QCD-dijet_pThat15-event-weighted_TuneCP5_5p36TeV_pythia8/OO_MC_DijetEmbedded_pThat-15to1200_TuneCP5_5p36TeV_pythia8/260306_002843/0000/HiForestMiniAOD_348.root
Time elapsed: 5584 seconds
File Contains: 159000 entries.
NMiss: 990017 | NFake: 1400180 | NMatch: 23439380
Processing file 276 of 817: /eos/cms/store/group/phys_heavyions/hbossi/mc_productions/QCD-dijet_pThat15-event-weighted_TuneCP5_5p36TeV_pythia8/OO_MC_DijetEmbedded_pThat-15to1200_TuneCP5_5p36TeV_pythia8/260306_002843/0000/HiForestMiniAOD_349.root
Time elapsed: 5606 seconds
File Contains: 149000 entries.
NMiss: 994261 | NFake: 1406197 | NMatch: 23541188
Processing file 277 of 817: /eos/cms/store/group/phys_heavyions/hbossi/mc_productions/QCD-dijet_pThat15-event-weighted_TuneCP5_5p36TeV_pythia8/OO_MC_DijetEmbedded_pThat-15to1200_TuneCP5_5p36TeV_pythia8/260306_002843/0000/HiForestMiniAOD_35.root
Time elapsed: 5624 seconds
File Contains: 110000 entries.
NMiss: 997393 | NFake: 1410701 | NMatch: 23616462
Processing file 278 of 817: /eos/cms/store/group/phys_heavyions/hbossi/mc_productions/QCD-dijet_pThat15-event-weighted_TuneCP5_5p36TeV_pythia8/OO_MC_DijetEmbedded_pThat-15to1200_TuneCP5_5p36TeV_pythia8/260306_002843/0000/HiForestMiniAOD_350.root
Time elapsed: 5647 seconds
File Contains: 135000 entries.
NMiss: 1001351 | NFake: 1416162 | NMatch: 23708998
Processing file 279 of 817: /eos/cms/store/group/phys_heavyions/hbossi/mc_productions/QCD-dijet_pThat15-event-weighted_TuneCP5_5p36TeV_pythia8/OO_MC_DijetEmbedded_pThat-15to1200_TuneCP5_5p36TeV_pythia8/260306_002843/0000/HiForestMiniAOD_351.root
Time elapsed: 5670 seconds
File Contains: 111000 entries.
NMiss: 1004515 | NFake: 1420550 | NMatch: 23784967
Processing file 280 of 817: /eos/cms/store/group/phys_heavyions/hbossi/mc_productions/QCD-dijet_pThat15-event-weighted_TuneCP5_5p36TeV_pythia8/OO_MC_DijetEmbedded_pThat-15to1200_TuneCP5_5p36TeV_pythia8/260306_002843/0000/HiForestMiniAOD_352.root
Time elapsed: 5688 seconds
File Contains: 151000 entries.
NMiss: 1008917 | NFake: 1426685 | NMatch: 23888609
Processing file 281 of 817: /eos/cms/store/group/phys_heavyions/hbossi/mc_productions/QCD-dijet_pThat15-event-weighted_TuneCP5_5p36TeV_pythia8/OO_MC_DijetEmbedded_pThat-15to1200_TuneCP5_5p36TeV_pythia8/260306_002843/0000/HiForestMiniAOD_353.root
Time elapsed: 5704 seconds
File Contains: 144000 entries.
NMiss: 1013113 | NFake: 1432642 | NMatch: 23987226
Processing file 282 of 817: /eos/cms/store/group/phys_heavyions/hbossi/mc_productions/QCD-dijet_pThat15-event-weighted_TuneCP5_5p36TeV_pythia8/OO_MC_DijetEmbedded_pThat-15to1200_TuneCP5_5p36TeV_pythia8/260306_002843/0000/HiForestMiniAOD_354.root
Time elapsed: 5747 seconds
File Contains: 117000 entries.
NMiss: 1016472 | NFake: 1437375 | NMatch: 24067702
Processing file 283 of 817: /eos/cms/store/group/phys_heavyions/hbossi/mc_productions/QCD-dijet_pThat15-event-weighted_TuneCP5_5p36TeV_pythia8/OO_MC_DijetEmbedded_pThat-15to1200_TuneCP5_5p36TeV_pythia8/260306_002843/0000/HiForestMiniAOD_355.root
Time elapsed: 5774 seconds
File Contains: 166000 entries.
NMiss: 1021283 | NFake: 1444149 | NMatch: 24181762
Processing file 284 of 817: /eos/cms/store/group/phys_heavyions/hbossi/mc_productions/QCD-dijet_pThat15-event-weighted_TuneCP5_5p36TeV_pythia8/OO_MC_DijetEmbedded_pThat-15to1200_TuneCP5_5p36TeV_pythia8/260306_002843/0000/HiForestMiniAOD_356.root
Time elapsed: 5792 seconds
File Contains: 141000 entries.
NMiss: 1025419 | NFake: 1449783 | NMatch: 24278351
Processing file 285 of 817: /eos/cms/store/group/phys_heavyions/hbossi/mc_productions/QCD-dijet_pThat15-event-weighted_TuneCP5_5p36TeV_pythia8/OO_MC_DijetEmbedded_pThat-15to1200_TuneCP5_5p36TeV_pythia8/260306_002843/0000/HiForestMiniAOD_357.root
Time elapsed: 5806 seconds
File Contains: 129000 entries.
NMiss: 1029059 | NFake: 1455076 | NMatch: 24366422
Processing file 286 of 817: /eos/cms/store/group/phys_heavyions/hbossi/mc_productions/QCD-dijet_pThat15-event-weighted_TuneCP5_5p36TeV_pythia8/OO_MC_DijetEmbedded_pThat-15to1200_TuneCP5_5p36TeV_pythia8/260306_002843/0000/HiForestMiniAOD_358.root
Time elapsed: 5822 seconds
File Contains: 151000 entries.
NMiss: 1033355 | NFake: 1461233 | NMatch: 24469779
Processing file 287 of 817: /eos/cms/store/group/phys_heavyions/hbossi/mc_productions/QCD-dijet_pThat15-event-weighted_TuneCP5_5p36TeV_pythia8/OO_MC_DijetEmbedded_pThat-15to1200_TuneCP5_5p36TeV_pythia8/260306_002843/0000/HiForestMiniAOD_359.root
Time elapsed: 5851 seconds
File Contains: 147000 entries.
NMiss: 1037587 | NFake: 1467270 | NMatch: 24570095
Processing file 288 of 817: /eos/cms/store/group/phys_heavyions/hbossi/mc_productions/QCD-dijet_pThat15-event-weighted_TuneCP5_5p36TeV_pythia8/OO_MC_DijetEmbedded_pThat-15to1200_TuneCP5_5p36TeV_pythia8/260306_002843/0000/HiForestMiniAOD_36.root
Time elapsed: 5879 seconds
File Contains: 109000 entries.
NMiss: 1040772 | NFake: 1471735 | NMatch: 24644808
Processing file 289 of 817: /eos/cms/store/group/phys_heavyions/hbossi/mc_productions/QCD-dijet_pThat15-event-weighted_TuneCP5_5p36TeV_pythia8/OO_MC_DijetEmbedded_pThat-15to1200_TuneCP5_5p36TeV_pythia8/260306_002843/0000/HiForestMiniAOD_360.root
Time elapsed: 5909 seconds
File Contains: 136000 entries.
NMiss: 1044739 | NFake: 1477219 | NMatch: 24737961
Processing file 290 of 817: /eos/cms/store/group/phys_heavyions/hbossi/mc_productions/QCD-dijet_pThat15-event-weighted_TuneCP5_5p36TeV_pythia8/OO_MC_DijetEmbedded_pThat-15to1200_TuneCP5_5p36TeV_pythia8/260306_002843/0000/HiForestMiniAOD_361.root
Time elapsed: 5934 seconds
File Contains: 102000 entries.
NMiss: 1047646 | NFake: 1481336 | NMatch: 24807814
Processing file 291 of 817: /eos/cms/store/group/phys_heavyions/hbossi/mc_productions/QCD-dijet_pThat15-event-weighted_TuneCP5_5p36TeV_pythia8/OO_MC_DijetEmbedded_pThat-15to1200_TuneCP5_5p36TeV_pythia8/260306_002843/0000/HiForestMiniAOD_362.root
Time elapsed: 5955 seconds
File Contains: 127000 entries.
NMiss: 1051207 | NFake: 1486565 | NMatch: 24895018
Processing file 292 of 817: /eos/cms/store/group/phys_heavyions/hbossi/mc_productions/QCD-dijet_pThat15-event-weighted_TuneCP5_5p36TeV_pythia8/OO_MC_DijetEmbedded_pThat-15to1200_TuneCP5_5p36TeV_pythia8/260306_002843/0000/HiForestMiniAOD_363.root
Time elapsed: 5980 seconds
File Contains: 151000 entries.
NMiss: 1055664 | NFake: 1492825 | NMatch: 24998027
Processing file 293 of 817: /eos/cms/store/group/phys_heavyions/hbossi/mc_productions/QCD-dijet_pThat15-event-weighted_TuneCP5_5p36TeV_pythia8/OO_MC_DijetEmbedded_pThat-15to1200_TuneCP5_5p36TeV_pythia8/260306_002843/0000/HiForestMiniAOD_364.root
Time elapsed: 6002 seconds
File Contains: 96000 entries.
NMiss: 1058379 | NFake: 1496655 | NMatch: 25063536
Processing file 294 of 817: /eos/cms/store/group/phys_heavyions/hbossi/mc_productions/QCD-dijet_pThat15-event-weighted_TuneCP5_5p36TeV_pythia8/OO_MC_DijetEmbedded_pThat-15to1200_TuneCP5_5p36TeV_pythia8/260306_002843/0000/HiForestMiniAOD_365.root
Time elapsed: 6026 seconds
File Contains: 140000 entries.
NMiss: 1062420 | NFake: 1502292 | NMatch: 25159496
Processing file 295 of 817: /eos/cms/store/group/phys_heavyions/hbossi/mc_productions/QCD-dijet_pThat15-event-weighted_TuneCP5_5p36TeV_pythia8/OO_MC_DijetEmbedded_pThat-15to1200_TuneCP5_5p36TeV_pythia8/260306_002843/0000/HiForestMiniAOD_366.root
Time elapsed: 6046 seconds
File Contains: 137000 entries.
NMiss: 1066406 | NFake: 1507899 | NMatch: 25253004
Processing file 296 of 817: /eos/cms/store/group/phys_heavyions/hbossi/mc_productions/QCD-dijet_pThat15-event-weighted_TuneCP5_5p36TeV_pythia8/OO_MC_DijetEmbedded_pThat-15to1200_TuneCP5_5p36TeV_pythia8/260306_002843/0000/HiForestMiniAOD_367.root
Time elapsed: 6068 seconds
File Contains: 95000 entries.
NMiss: 1069159 | NFake: 1511891 | NMatch: 25318042
Processing file 297 of 817: /eos/cms/store/group/phys_heavyions/hbossi/mc_productions/QCD-dijet_pThat15-event-weighted_TuneCP5_5p36TeV_pythia8/OO_MC_DijetEmbedded_pThat-15to1200_TuneCP5_5p36TeV_pythia8/260306_002843/0000/HiForestMiniAOD_368.root
Time elapsed: 6081 seconds
File Contains: 139000 entries.
NMiss: 1073312 | NFake: 1517567 | NMatch: 25413779
Processing file 298 of 817: /eos/cms/store/group/phys_heavyions/hbossi/mc_productions/QCD-dijet_pThat15-event-weighted_TuneCP5_5p36TeV_pythia8/OO_MC_DijetEmbedded_pThat-15to1200_TuneCP5_5p36TeV_pythia8/260306_002843/0000/HiForestMiniAOD_369.root
Time elapsed: 6102 seconds
File Contains: 113000 entries.
NMiss: 1076515 | NFake: 1522302 | NMatch: 25491392
Processing file 299 of 817: /eos/cms/store/group/phys_heavyions/hbossi/mc_productions/QCD-dijet_pThat15-event-weighted_TuneCP5_5p36TeV_pythia8/OO_MC_DijetEmbedded_pThat-15to1200_TuneCP5_5p36TeV_pythia8/260306_002843/0000/HiForestMiniAOD_37.root
Time elapsed: 6121 seconds
File Contains: 127000 entries.
NMiss: 1080206 | NFake: 1527504 | NMatch: 25578420
Processing file 300 of 817: /eos/cms/store/group/phys_heavyions/hbossi/mc_productions/QCD-dijet_pThat15-event-weighted_TuneCP5_5p36TeV_pythia8/OO_MC_DijetEmbedded_pThat-15to1200_TuneCP5_5p36TeV_pythia8/260306_002843/0000/HiForestMiniAOD_370.root
Time elapsed: 6138 seconds
File Contains: 135000 entries.
NMiss: 1084121 | NFake: 1533075 | NMatch: 25670722
Processing file 301 of 817: /eos/cms/store/group/phys_heavyions/hbossi/mc_productions/QCD-dijet_pThat15-event-weighted_TuneCP5_5p36TeV_pythia8/OO_MC_DijetEmbedded_pThat-15to1200_TuneCP5_5p36TeV_pythia8/260306_002843/0000/HiForestMiniAOD_371.root
Time elapsed: 6159 seconds
File Contains: 138000 entries.
NMiss: 1088172 | NFake: 1538841 | NMatch: 25764638
Processing file 302 of 817: /eos/cms/store/group/phys_heavyions/hbossi/mc_productions/QCD-dijet_pThat15-event-weighted_TuneCP5_5p36TeV_pythia8/OO_MC_DijetEmbedded_pThat-15to1200_TuneCP5_5p36TeV_pythia8/260306_002843/0000/HiForestMiniAOD_372.root
Time elapsed: 6175 seconds
File Contains: 145000 entries.
NMiss: 1092399 | NFake: 1544752 | NMatch: 25863741
Processing file 303 of 817: /eos/cms/store/group/phys_heavyions/hbossi/mc_productions/QCD-dijet_pThat15-event-weighted_TuneCP5_5p36TeV_pythia8/OO_MC_DijetEmbedded_pThat-15to1200_TuneCP5_5p36TeV_pythia8/260306_002843/0000/HiForestMiniAOD_373.root
Time elapsed: 6189 seconds
File Contains: 95000 entries.
NMiss: 1095057 | NFake: 1548689 | NMatch: 25929362
Processing file 304 of 817: /eos/cms/store/group/phys_heavyions/hbossi/mc_productions/QCD-dijet_pThat15-event-weighted_TuneCP5_5p36TeV_pythia8/OO_MC_DijetEmbedded_pThat-15to1200_TuneCP5_5p36TeV_pythia8/260306_002843/0000/HiForestMiniAOD_374.root
Time elapsed: 6203 seconds
File Contains: 130000 entries.
NMiss: 1098745 | NFake: 1553977 | NMatch: 26018488
Processing file 305 of 817: /eos/cms/store/group/phys_heavyions/hbossi/mc_productions/QCD-dijet_pThat15-event-weighted_TuneCP5_5p36TeV_pythia8/OO_MC_DijetEmbedded_pThat-15to1200_TuneCP5_5p36TeV_pythia8/260306_002843/0000/HiForestMiniAOD_375.root
Time elapsed: 6222 seconds
File Contains: 99000 entries.
NMiss: 1101592 | NFake: 1558044 | NMatch: 26086258
Processing file 306 of 817: /eos/cms/store/group/phys_heavyions/hbossi/mc_productions/QCD-dijet_pThat15-event-weighted_TuneCP5_5p36TeV_pythia8/OO_MC_DijetEmbedded_pThat-15to1200_TuneCP5_5p36TeV_pythia8/260306_002843/0000/HiForestMiniAOD_376.root
Time elapsed: 6239 seconds
File Contains: 100000 entries.
NMiss: 1104440 | NFake: 1562245 | NMatch: 26154686
Processing file 307 of 817: /eos/cms/store/group/phys_heavyions/hbossi/mc_productions/QCD-dijet_pThat15-event-weighted_TuneCP5_5p36TeV_pythia8/OO_MC_DijetEmbedded_pThat-15to1200_TuneCP5_5p36TeV_pythia8/260306_002843/0000/HiForestMiniAOD_377.root
Time elapsed: 6262 seconds
File Contains: 106000 entries.
NMiss: 1107432 | NFake: 1566486 | NMatch: 26227593
Processing file 308 of 817: /eos/cms/store/group/phys_heavyions/hbossi/mc_productions/QCD-dijet_pThat15-event-weighted_TuneCP5_5p36TeV_pythia8/OO_MC_DijetEmbedded_pThat-15to1200_TuneCP5_5p36TeV_pythia8/260306_002843/0000/HiForestMiniAOD_378.root
Time elapsed: 6284 seconds
File Contains: 137000 entries.
NMiss: 1111361 | NFake: 1572051 | NMatch: 26321775
Processing file 309 of 817: /eos/cms/store/group/phys_heavyions/hbossi/mc_productions/QCD-dijet_pThat15-event-weighted_TuneCP5_5p36TeV_pythia8/OO_MC_DijetEmbedded_pThat-15to1200_TuneCP5_5p36TeV_pythia8/260306_002843/0000/HiForestMiniAOD_379.root
Time elapsed: 6300 seconds
File Contains: 102000 entries.
NMiss: 1114350 | NFake: 1576289 | NMatch: 26391269
Processing file 310 of 817: /eos/cms/store/group/phys_heavyions/hbossi/mc_productions/QCD-dijet_pThat15-event-weighted_TuneCP5_5p36TeV_pythia8/OO_MC_DijetEmbedded_pThat-15to1200_TuneCP5_5p36TeV_pythia8/260306_002843/0000/HiForestMiniAOD_38.root
Time elapsed: 6323 seconds
File Contains: 131000 entries.
NMiss: 1118052 | NFake: 1581661 | NMatch: 26480857
Processing file 311 of 817: /eos/cms/store/group/phys_heavyions/hbossi/mc_productions/QCD-dijet_pThat15-event-weighted_TuneCP5_5p36TeV_pythia8/OO_MC_DijetEmbedded_pThat-15to1200_TuneCP5_5p36TeV_pythia8/260306_002843/0000/HiForestMiniAOD_380.root
Time elapsed: 6342 seconds
File Contains: 98000 entries.
NMiss: 1120989 | NFake: 1585698 | NMatch: 26548526
Processing file 312 of 817: /eos/cms/store/group/phys_heavyions/hbossi/mc_productions/QCD-dijet_pThat15-event-weighted_TuneCP5_5p36TeV_pythia8/OO_MC_DijetEmbedded_pThat-15to1200_TuneCP5_5p36TeV_pythia8/260306_002843/0000/HiForestMiniAOD_381.root
Time elapsed: 6355 seconds
File Contains: 135000 entries.
NMiss: 1124884 | NFake: 1591215 | NMatch: 26640858
Processing file 313 of 817: /eos/cms/store/group/phys_heavyions/hbossi/mc_productions/QCD-dijet_pThat15-event-weighted_TuneCP5_5p36TeV_pythia8/OO_MC_DijetEmbedded_pThat-15to1200_TuneCP5_5p36TeV_pythia8/260306_002843/0000/HiForestMiniAOD_382.root
Time elapsed: 6375 seconds
File Contains: 123000 entries.
NMiss: 1128465 | NFake: 1596231 | NMatch: 26725292
Processing file 314 of 817: /eos/cms/store/group/phys_heavyions/hbossi/mc_productions/QCD-dijet_pThat15-event-weighted_TuneCP5_5p36TeV_pythia8/OO_MC_DijetEmbedded_pThat-15to1200_TuneCP5_5p36TeV_pythia8/260306_002843/0000/HiForestMiniAOD_383.root
Time elapsed: 6389 seconds
File Contains: 130000 entries.
NMiss: 1132220 | NFake: 1601538 | NMatch: 26813991
Processing file 315 of 817: /eos/cms/store/group/phys_heavyions/hbossi/mc_productions/QCD-dijet_pThat15-event-weighted_TuneCP5_5p36TeV_pythia8/OO_MC_DijetEmbedded_pThat-15to1200_TuneCP5_5p36TeV_pythia8/260306_002843/0000/HiForestMiniAOD_384.root
Time elapsed: 6406 seconds
File Contains: 126000 entries.
NMiss: 1135845 | NFake: 1606526 | NMatch: 26900724
Processing file 316 of 817: /eos/cms/store/group/phys_heavyions/hbossi/mc_productions/QCD-dijet_pThat15-event-weighted_TuneCP5_5p36TeV_pythia8/OO_MC_DijetEmbedded_pThat-15to1200_TuneCP5_5p36TeV_pythia8/260306_002843/0000/HiForestMiniAOD_385.root
Time elapsed: 6419 seconds
File Contains: 125000 entries.
NMiss: 1139524 | NFake: 1611571 | NMatch: 26986462
Processing file 317 of 817: /eos/cms/store/group/phys_heavyions/hbossi/mc_productions/QCD-dijet_pThat15-event-weighted_TuneCP5_5p36TeV_pythia8/OO_MC_DijetEmbedded_pThat-15to1200_TuneCP5_5p36TeV_pythia8/260306_002843/0000/HiForestMiniAOD_386.root
Time elapsed: 6438 seconds
File Contains: 150000 entries.
NMiss: 1143803 | NFake: 1617670 | NMatch: 27089357
Processing file 318 of 817: /eos/cms/store/group/phys_heavyions/hbossi/mc_productions/QCD-dijet_pThat15-event-weighted_TuneCP5_5p36TeV_pythia8/OO_MC_DijetEmbedded_pThat-15to1200_TuneCP5_5p36TeV_pythia8/260306_002843/0000/HiForestMiniAOD_387.root
Time elapsed: 6459 seconds
File Contains: 144000 entries.
NMiss: 1147850 | NFake: 1623534 | NMatch: 27188072
Processing file 319 of 817: /eos/cms/store/group/phys_heavyions/hbossi/mc_productions/QCD-dijet_pThat15-event-weighted_TuneCP5_5p36TeV_pythia8/OO_MC_DijetEmbedded_pThat-15to1200_TuneCP5_5p36TeV_pythia8/260306_002843/0000/HiForestMiniAOD_388.root
Time elapsed: 6483 seconds
File Contains: 102000 entries.
NMiss: 1150798 | NFake: 1627607 | NMatch: 27257663
Processing file 320 of 817: /eos/cms/store/group/phys_heavyions/hbossi/mc_productions/QCD-dijet_pThat15-event-weighted_TuneCP5_5p36TeV_pythia8/OO_MC_DijetEmbedded_pThat-15to1200_TuneCP5_5p36TeV_pythia8/260306_002843/0000/HiForestMiniAOD_389.root
Time elapsed: 6500 seconds
File Contains: 125000 entries.
NMiss: 1154429 | NFake: 1632759 | NMatch: 27343474
Processing file 321 of 817: /eos/cms/store/group/phys_heavyions/hbossi/mc_productions/QCD-dijet_pThat15-event-weighted_TuneCP5_5p36TeV_pythia8/OO_MC_DijetEmbedded_pThat-15to1200_TuneCP5_5p36TeV_pythia8/260306_002843/0000/HiForestMiniAOD_39.root
Time elapsed: 6518 seconds
File Contains: 117000 entries.
NMiss: 1157652 | NFake: 1637557 | NMatch: 27424406
Processing file 322 of 817: /eos/cms/store/group/phys_heavyions/hbossi/mc_productions/QCD-dijet_pThat15-event-weighted_TuneCP5_5p36TeV_pythia8/OO_MC_DijetEmbedded_pThat-15to1200_TuneCP5_5p36TeV_pythia8/260306_002843/0000/HiForestMiniAOD_390.root
Time elapsed: 6533 seconds
File Contains: 146000 entries.
NMiss: 1161936 | NFake: 1643520 | NMatch: 27524067
Processing file 323 of 817: /eos/cms/store/group/phys_heavyions/hbossi/mc_productions/QCD-dijet_pThat15-event-weighted_TuneCP5_5p36TeV_pythia8/OO_MC_DijetEmbedded_pThat-15to1200_TuneCP5_5p36TeV_pythia8/260306_002843/0000/HiForestMiniAOD_391.root
Time elapsed: 6558 seconds
File Contains: 122000 entries.
NMiss: 1165542 | NFake: 1648539 | NMatch: 27607536
Processing file 324 of 817: /eos/cms/store/group/phys_heavyions/hbossi/mc_productions/QCD-dijet_pThat15-event-weighted_TuneCP5_5p36TeV_pythia8/OO_MC_DijetEmbedded_pThat-15to1200_TuneCP5_5p36TeV_pythia8/260306_002843/0000/HiForestMiniAOD_392.root
Time elapsed: 6577 seconds
File Contains: 128000 entries.
NMiss: 1169244 | NFake: 1653776 | NMatch: 27695255
Processing file 325 of 817: /eos/cms/store/group/phys_heavyions/hbossi/mc_productions/QCD-dijet_pThat15-event-weighted_TuneCP5_5p36TeV_pythia8/OO_MC_DijetEmbedded_pThat-15to1200_TuneCP5_5p36TeV_pythia8/260306_002843/0000/HiForestMiniAOD_393.root
Time elapsed: 6594 seconds
File Contains: 127000 entries.
NMiss: 1172919 | NFake: 1658994 | NMatch: 27782085
Processing file 326 of 817: /eos/cms/store/group/phys_heavyions/hbossi/mc_productions/QCD-dijet_pThat15-event-weighted_TuneCP5_5p36TeV_pythia8/OO_MC_DijetEmbedded_pThat-15to1200_TuneCP5_5p36TeV_pythia8/260306_002843/0000/HiForestMiniAOD_394.root
Time elapsed: 6609 seconds
File Contains: 154000 entries.
NMiss: 1177426 | NFake: 1665248 | NMatch: 27887443
Processing file 327 of 817: /eos/cms/store/group/phys_heavyions/hbossi/mc_productions/QCD-dijet_pThat15-event-weighted_TuneCP5_5p36TeV_pythia8/OO_MC_DijetEmbedded_pThat-15to1200_TuneCP5_5p36TeV_pythia8/260306_002843/0000/HiForestMiniAOD_395.root
Time elapsed: 6630 seconds
File Contains: 132000 entries.
NMiss: 1181304 | NFake: 1670703 | NMatch: 27977953
Processing file 328 of 817: /eos/cms/store/group/phys_heavyions/hbossi/mc_productions/QCD-dijet_pThat15-event-weighted_TuneCP5_5p36TeV_pythia8/OO_MC_DijetEmbedded_pThat-15to1200_TuneCP5_5p36TeV_pythia8/260306_002843/0000/HiForestMiniAOD_396.root
Time elapsed: 6644 seconds
File Contains: 100000 entries.
NMiss: 1184221 | NFake: 1674838 | NMatch: 28045995
Processing file 329 of 817: /eos/cms/store/group/phys_heavyions/hbossi/mc_productions/QCD-dijet_pThat15-event-weighted_TuneCP5_5p36TeV_pythia8/OO_MC_DijetEmbedded_pThat-15to1200_TuneCP5_5p36TeV_pythia8/260306_002843/0000/HiForestMiniAOD_397.root
Time elapsed: 6660 seconds
File Contains: 119000 entries.
NMiss: 1187713 | NFake: 1679695 | NMatch: 28127757
Processing file 330 of 817: /eos/cms/store/group/phys_heavyions/hbossi/mc_productions/QCD-dijet_pThat15-event-weighted_TuneCP5_5p36TeV_pythia8/OO_MC_DijetEmbedded_pThat-15to1200_TuneCP5_5p36TeV_pythia8/260306_002843/0000/HiForestMiniAOD_398.root
Time elapsed: 6675 seconds
File Contains: 118000 entries.
NMiss: 1191124 | NFake: 1684574 | NMatch: 28208622
Processing file 331 of 817: /eos/cms/store/group/phys_heavyions/hbossi/mc_productions/QCD-dijet_pThat15-event-weighted_TuneCP5_5p36TeV_pythia8/OO_MC_DijetEmbedded_pThat-15to1200_TuneCP5_5p36TeV_pythia8/260306_002843/0000/HiForestMiniAOD_399.root
Time elapsed: 6690 seconds
File Contains: 149000 entries.
NMiss: 1195360 | NFake: 1690559 | NMatch: 28310532
Processing file 332 of 817: /eos/cms/store/group/phys_heavyions/hbossi/mc_productions/QCD-dijet_pThat15-event-weighted_TuneCP5_5p36TeV_pythia8/OO_MC_DijetEmbedded_pThat-15to1200_TuneCP5_5p36TeV_pythia8/260306_002843/0000/HiForestMiniAOD_4.root
Time elapsed: 6709 seconds
File Contains: 137000 entries.
NMiss: 1199376 | NFake: 1696226 | NMatch: 28404584
Processing file 333 of 817: /eos/cms/store/group/phys_heavyions/hbossi/mc_productions/QCD-dijet_pThat15-event-weighted_TuneCP5_5p36TeV_pythia8/OO_MC_DijetEmbedded_pThat-15to1200_TuneCP5_5p36TeV_pythia8/260306_002843/0000/HiForestMiniAOD_40.root
Time elapsed: 6729 seconds
File Contains: 149000 entries.
NMiss: 1203666 | NFake: 1702439 | NMatch: 28506178
Processing file 334 of 817: /eos/cms/store/group/phys_heavyions/hbossi/mc_productions/QCD-dijet_pThat15-event-weighted_TuneCP5_5p36TeV_pythia8/OO_MC_DijetEmbedded_pThat-15to1200_TuneCP5_5p36TeV_pythia8/260306_002843/0000/HiForestMiniAOD_400.root
Time elapsed: 6758 seconds
File Contains: 146000 entries.
NMiss: 1207724 | NFake: 1708378 | NMatch: 28606706
Processing file 335 of 817: /eos/cms/store/group/phys_heavyions/hbossi/mc_productions/QCD-dijet_pThat15-event-weighted_TuneCP5_5p36TeV_pythia8/OO_MC_DijetEmbedded_pThat-15to1200_TuneCP5_5p36TeV_pythia8/260306_002843/0000/HiForestMiniAOD_401.root
Time elapsed: 6793 seconds
File Contains: 92000 entries.
NMiss: 1210395 | NFake: 1712211 | NMatch: 28669858
Processing file 336 of 817: /eos/cms/store/group/phys_heavyions/hbossi/mc_productions/QCD-dijet_pThat15-event-weighted_TuneCP5_5p36TeV_pythia8/OO_MC_DijetEmbedded_pThat-15to1200_TuneCP5_5p36TeV_pythia8/260306_002843/0000/HiForestMiniAOD_402.root
Time elapsed: 6814 seconds
File Contains: 89000 entries.
NMiss: 1212945 | NFake: 1715798 | NMatch: 28730850
Processing file 337 of 817: /eos/cms/store/group/phys_heavyions/hbossi/mc_productions/QCD-dijet_pThat15-event-weighted_TuneCP5_5p36TeV_pythia8/OO_MC_DijetEmbedded_pThat-15to1200_TuneCP5_5p36TeV_pythia8/260306_002843/0000/HiForestMiniAOD_403.root
Time elapsed: 6828 seconds
File Contains: 162000 entries.
NMiss: 1217540 | NFake: 1722400 | NMatch: 28842184
Processing file 338 of 817: /eos/cms/store/group/phys_heavyions/hbossi/mc_productions/QCD-dijet_pThat15-event-weighted_TuneCP5_5p36TeV_pythia8/OO_MC_DijetEmbedded_pThat-15to1200_TuneCP5_5p36TeV_pythia8/260306_002843/0000/HiForestMiniAOD_404.root
Time elapsed: 6850 seconds
File Contains: 117000 entries.
NMiss: 1220880 | NFake: 1727295 | NMatch: 28922407
Processing file 339 of 817: /eos/cms/store/group/phys_heavyions/hbossi/mc_productions/QCD-dijet_pThat15-event-weighted_TuneCP5_5p36TeV_pythia8/OO_MC_DijetEmbedded_pThat-15to1200_TuneCP5_5p36TeV_pythia8/260306_002843/0000/HiForestMiniAOD_405.root
Time elapsed: 6868 seconds
File Contains: 128000 entries.
NMiss: 1224574 | NFake: 1732485 | NMatch: 29010251
Processing file 340 of 817: /eos/cms/store/group/phys_heavyions/hbossi/mc_productions/QCD-dijet_pThat15-event-weighted_TuneCP5_5p36TeV_pythia8/OO_MC_DijetEmbedded_pThat-15to1200_TuneCP5_5p36TeV_pythia8/260306_002843/0000/HiForestMiniAOD_406.root
Time elapsed: 6886 seconds
File Contains: 109000 entries.
NMiss: 1227694 | NFake: 1736917 | NMatch: 29084984
Processing file 341 of 817: /eos/cms/store/group/phys_heavyions/hbossi/mc_productions/QCD-dijet_pThat15-event-weighted_TuneCP5_5p36TeV_pythia8/OO_MC_DijetEmbedded_pThat-15to1200_TuneCP5_5p36TeV_pythia8/260306_002843/0000/HiForestMiniAOD_407.root
Time elapsed: 6905 seconds
File Contains: 138000 entries.
NMiss: 1231725 | NFake: 1742737 | NMatch: 29179204
Processing file 342 of 817: /eos/cms/store/group/phys_heavyions/hbossi/mc_productions/QCD-dijet_pThat15-event-weighted_TuneCP5_5p36TeV_pythia8/OO_MC_DijetEmbedded_pThat-15to1200_TuneCP5_5p36TeV_pythia8/260306_002843/0000/HiForestMiniAOD_408.root
Time elapsed: 6924 seconds
File Contains: 127000 entries.
NMiss: 1235369 | NFake: 1747946 | NMatch: 29265951
Processing file 343 of 817: /eos/cms/store/group/phys_heavyions/hbossi/mc_productions/QCD-dijet_pThat15-event-weighted_TuneCP5_5p36TeV_pythia8/OO_MC_DijetEmbedded_pThat-15to1200_TuneCP5_5p36TeV_pythia8/260306_002843/0000/HiForestMiniAOD_409.root
Time elapsed: 6940 seconds
File Contains: 153000 entries.
NMiss: 1239778 | NFake: 1754216 | NMatch: 29370753
Processing file 344 of 817: /eos/cms/store/group/phys_heavyions/hbossi/mc_productions/QCD-dijet_pThat15-event-weighted_TuneCP5_5p36TeV_pythia8/OO_MC_DijetEmbedded_pThat-15to1200_TuneCP5_5p36TeV_pythia8/260306_002843/0000/HiForestMiniAOD_41.root
Time elapsed: 6960 seconds
File Contains: 78000 entries.
NMiss: 1242011 | NFake: 1757431 | NMatch: 29424129
Processing file 345 of 817: /eos/cms/store/group/phys_heavyions/hbossi/mc_productions/QCD-dijet_pThat15-event-weighted_TuneCP5_5p36TeV_pythia8/OO_MC_DijetEmbedded_pThat-15to1200_TuneCP5_5p36TeV_pythia8/260306_002843/0000/HiForestMiniAOD_410.root
Time elapsed: 6973 seconds
File Contains: 166000 entries.
NMiss: 1246789 | NFake: 1764188 | NMatch: 29537926
Processing file 346 of 817: /eos/cms/store/group/phys_heavyions/hbossi/mc_productions/QCD-dijet_pThat15-event-weighted_TuneCP5_5p36TeV_pythia8/OO_MC_DijetEmbedded_pThat-15to1200_TuneCP5_5p36TeV_pythia8/260306_002843/0000/HiForestMiniAOD_411.root
Time elapsed: 6996 seconds
File Contains: 88000 entries.
NMiss: 1249379 | NFake: 1767834 | NMatch: 29598302
Processing file 347 of 817: /eos/cms/store/group/phys_heavyions/hbossi/mc_productions/QCD-dijet_pThat15-event-weighted_TuneCP5_5p36TeV_pythia8/OO_MC_DijetEmbedded_pThat-15to1200_TuneCP5_5p36TeV_pythia8/260306_002843/0000/HiForestMiniAOD_412.root
Time elapsed: 7011 seconds
File Contains: 158000 entries.
NMiss: 1254025 | NFake: 1774185 | NMatch: 29706838
Processing file 348 of 817: /eos/cms/store/group/phys_heavyions/hbossi/mc_productions/QCD-dijet_pThat15-event-weighted_TuneCP5_5p36TeV_pythia8/OO_MC_DijetEmbedded_pThat-15to1200_TuneCP5_5p36TeV_pythia8/260306_002843/0000/HiForestMiniAOD_413.root
Time elapsed: 7043 seconds
File Contains: 116000 entries.
NMiss: 1257472 | NFake: 1778996 | NMatch: 29786683
Processing file 349 of 817: /eos/cms/store/group/phys_heavyions/hbossi/mc_productions/QCD-dijet_pThat15-event-weighted_TuneCP5_5p36TeV_pythia8/OO_MC_DijetEmbedded_pThat-15to1200_TuneCP5_5p36TeV_pythia8/260306_002843/0000/HiForestMiniAOD_414.root
Time elapsed: 7060 seconds
File Contains: 95000 entries.
NMiss: 1260212 | NFake: 1782934 | NMatch: 29851991
Processing file 350 of 817: /eos/cms/store/group/phys_heavyions/hbossi/mc_productions/QCD-dijet_pThat15-event-weighted_TuneCP5_5p36TeV_pythia8/OO_MC_DijetEmbedded_pThat-15to1200_TuneCP5_5p36TeV_pythia8/260306_002843/0000/HiForestMiniAOD_415.root
Time elapsed: 7077 seconds
File Contains: 105000 entries.
NMiss: 1263171 | NFake: 1787274 | NMatch: 29923586
Processing file 351 of 817: /eos/cms/store/group/phys_heavyions/hbossi/mc_productions/QCD-dijet_pThat15-event-weighted_TuneCP5_5p36TeV_pythia8/OO_MC_DijetEmbedded_pThat-15to1200_TuneCP5_5p36TeV_pythia8/260306_002843/0000/HiForestMiniAOD_416.root
Time elapsed: 7114 seconds
File Contains: 110000 entries.
NMiss: 1266354 | NFake: 1791776 | NMatch: 29998657
Processing file 352 of 817: /eos/cms/store/group/phys_heavyions/hbossi/mc_productions/QCD-dijet_pThat15-event-weighted_TuneCP5_5p36TeV_pythia8/OO_MC_DijetEmbedded_pThat-15to1200_TuneCP5_5p36TeV_pythia8/260306_002843/0000/HiForestMiniAOD_417.root
Time elapsed: 7137 seconds
File Contains: 97000 entries.
NMiss: 1269177 | NFake: 1795719 | NMatch: 30065016
Processing file 353 of 817: /eos/cms/store/group/phys_heavyions/hbossi/mc_productions/QCD-dijet_pThat15-event-weighted_TuneCP5_5p36TeV_pythia8/OO_MC_DijetEmbedded_pThat-15to1200_TuneCP5_5p36TeV_pythia8/260306_002843/0000/HiForestMiniAOD_418.root
Time elapsed: 7154 seconds
File Contains: 130000 entries.
NMiss: 1272868 | NFake: 1801079 | NMatch: 30153973
Processing file 354 of 817: /eos/cms/store/group/phys_heavyions/hbossi/mc_productions/QCD-dijet_pThat15-event-weighted_TuneCP5_5p36TeV_pythia8/OO_MC_DijetEmbedded_pThat-15to1200_TuneCP5_5p36TeV_pythia8/260306_002843/0000/HiForestMiniAOD_419.root
Time elapsed: 7182 seconds
File Contains: 119000 entries.
NMiss: 1276308 | NFake: 1806057 | NMatch: 30235721
Processing file 355 of 817: /eos/cms/store/group/phys_heavyions/hbossi/mc_productions/QCD-dijet_pThat15-event-weighted_TuneCP5_5p36TeV_pythia8/OO_MC_DijetEmbedded_pThat-15to1200_TuneCP5_5p36TeV_pythia8/260306_002843/0000/HiForestMiniAOD_42.root
Time elapsed: 7199 seconds
File Contains: 93000 entries.
NMiss: 1278955 | NFake: 1809948 | NMatch: 30299129
Processing file 356 of 817: /eos/cms/store/group/phys_heavyions/hbossi/mc_productions/QCD-dijet_pThat15-event-weighted_TuneCP5_5p36TeV_pythia8/OO_MC_DijetEmbedded_pThat-15to1200_TuneCP5_5p36TeV_pythia8/260306_002843/0000/HiForestMiniAOD_420.root
Time elapsed: 7213 seconds
File Contains: 166000 entries.
NMiss: 1283764 | NFake: 1816821 | NMatch: 30412647
Processing file 357 of 817: /eos/cms/store/group/phys_heavyions/hbossi/mc_productions/QCD-dijet_pThat15-event-weighted_TuneCP5_5p36TeV_pythia8/OO_MC_DijetEmbedded_pThat-15to1200_TuneCP5_5p36TeV_pythia8/260306_002843/0000/HiForestMiniAOD_421.root
Time elapsed: 7230 seconds
File Contains: 108000 entries.
NMiss: 1286919 | NFake: 1821209 | NMatch: 30486515
Processing file 358 of 817: /eos/cms/store/group/phys_heavyions/hbossi/mc_productions/QCD-dijet_pThat15-event-weighted_TuneCP5_5p36TeV_pythia8/OO_MC_DijetEmbedded_pThat-15to1200_TuneCP5_5p36TeV_pythia8/260306_002843/0000/HiForestMiniAOD_422.root
Time elapsed: 7249 seconds
File Contains: 150000 entries.
NMiss: 1291308 | NFake: 1827343 | NMatch: 30589488
Processing file 359 of 817: /eos/cms/store/group/phys_heavyions/hbossi/mc_productions/QCD-dijet_pThat15-event-weighted_TuneCP5_5p36TeV_pythia8/OO_MC_DijetEmbedded_pThat-15to1200_TuneCP5_5p36TeV_pythia8/260306_002843/0000/HiForestMiniAOD_423.root
Time elapsed: 7266 seconds
File Contains: 140000 entries.
NMiss: 1295313 | NFake: 1833047 | NMatch: 30685319
Processing file 360 of 817: /eos/cms/store/group/phys_heavyions/hbossi/mc_productions/QCD-dijet_pThat15-event-weighted_TuneCP5_5p36TeV_pythia8/OO_MC_DijetEmbedded_pThat-15to1200_TuneCP5_5p36TeV_pythia8/260306_002843/0000/HiForestMiniAOD_424.root
Time elapsed: 7288 seconds
File Contains: 114000 entries.
NMiss: 1298627 | NFake: 1837778 | NMatch: 30763584
Processing file 361 of 817: /eos/cms/store/group/phys_heavyions/hbossi/mc_productions/QCD-dijet_pThat15-event-weighted_TuneCP5_5p36TeV_pythia8/OO_MC_DijetEmbedded_pThat-15to1200_TuneCP5_5p36TeV_pythia8/260306_002843/0000/HiForestMiniAOD_425.root
Time elapsed: 7302 seconds
File Contains: 106000 entries.
NMiss: 1301655 | NFake: 1842070 | NMatch: 30836177
Processing file 362 of 817: /eos/cms/store/group/phys_heavyions/hbossi/mc_productions/QCD-dijet_pThat15-event-weighted_TuneCP5_5p36TeV_pythia8/OO_MC_DijetEmbedded_pThat-15to1200_TuneCP5_5p36TeV_pythia8/260306_002843/0000/HiForestMiniAOD_426.root
Time elapsed: 7318 seconds
File Contains: 124000 entries.
NMiss: 1305243 | NFake: 1847082 | NMatch: 30921015
Processing file 363 of 817: /eos/cms/store/group/phys_heavyions/hbossi/mc_productions/QCD-dijet_pThat15-event-weighted_TuneCP5_5p36TeV_pythia8/OO_MC_DijetEmbedded_pThat-15to1200_TuneCP5_5p36TeV_pythia8/260306_002843/0000/HiForestMiniAOD_427.root
Time elapsed: 7335 seconds
File Contains: 108000 entries.
NMiss: 1308283 | NFake: 1851500 | NMatch: 30995064
Processing file 364 of 817: /eos/cms/store/group/phys_heavyions/hbossi/mc_productions/QCD-dijet_pThat15-event-weighted_TuneCP5_5p36TeV_pythia8/OO_MC_DijetEmbedded_pThat-15to1200_TuneCP5_5p36TeV_pythia8/260306_002843/0000/HiForestMiniAOD_428.root
Time elapsed: 7352 seconds
File Contains: 167000 entries.
NMiss: 1313182 | NFake: 1858377 | NMatch: 31109276
Processing file 365 of 817: /eos/cms/store/group/phys_heavyions/hbossi/mc_productions/QCD-dijet_pThat15-event-weighted_TuneCP5_5p36TeV_pythia8/OO_MC_DijetEmbedded_pThat-15to1200_TuneCP5_5p36TeV_pythia8/260306_002843/0000/HiForestMiniAOD_429.root
Time elapsed: 7371 seconds
File Contains: 123000 entries.
NMiss: 1316792 | NFake: 1863409 | NMatch: 31193835
Processing file 366 of 817: /eos/cms/store/group/phys_heavyions/hbossi/mc_productions/QCD-dijet_pThat15-event-weighted_TuneCP5_5p36TeV_pythia8/OO_MC_DijetEmbedded_pThat-15to1200_TuneCP5_5p36TeV_pythia8/260306_002843/0000/HiForestMiniAOD_43.root
Time elapsed: 7392 seconds
File Contains: 128000 entries.
NMiss: 1320419 | NFake: 1868669 | NMatch: 31281560
Processing file 367 of 817: /eos/cms/store/group/phys_heavyions/hbossi/mc_productions/QCD-dijet_pThat15-event-weighted_TuneCP5_5p36TeV_pythia8/OO_MC_DijetEmbedded_pThat-15to1200_TuneCP5_5p36TeV_pythia8/260306_002843/0000/HiForestMiniAOD_430.root
Time elapsed: 7413 seconds
File Contains: 146000 entries.
NMiss: 1324661 | NFake: 1874718 | NMatch: 31381565
Processing file 368 of 817: /eos/cms/store/group/phys_heavyions/hbossi/mc_productions/QCD-dijet_pThat15-event-weighted_TuneCP5_5p36TeV_pythia8/OO_MC_DijetEmbedded_pThat-15to1200_TuneCP5_5p36TeV_pythia8/260306_002843/0000/HiForestMiniAOD_431.root
Time elapsed: 7437 seconds
File Contains: 128000 entries.
NMiss: 1328253 | NFake: 1880036 | NMatch: 31469204
Processing file 369 of 817: /eos/cms/store/group/phys_heavyions/hbossi/mc_productions/QCD-dijet_pThat15-event-weighted_TuneCP5_5p36TeV_pythia8/OO_MC_DijetEmbedded_pThat-15to1200_TuneCP5_5p36TeV_pythia8/260306_002843/0000/HiForestMiniAOD_432.root
Time elapsed: 7454 seconds
File Contains: 167000 entries.
NMiss: 1332887 | NFake: 1886727 | NMatch: 31583485
Processing file 370 of 817: /eos/cms/store/group/phys_heavyions/hbossi/mc_productions/QCD-dijet_pThat15-event-weighted_TuneCP5_5p36TeV_pythia8/OO_MC_DijetEmbedded_pThat-15to1200_TuneCP5_5p36TeV_pythia8/260306_002843/0000/HiForestMiniAOD_433.root
Time elapsed: 7478 seconds
File Contains: 108000 entries.
NMiss: 1336024 | NFake: 1891075 | NMatch: 31657390
Processing file 371 of 817: /eos/cms/store/group/phys_heavyions/hbossi/mc_productions/QCD-dijet_pThat15-event-weighted_TuneCP5_5p36TeV_pythia8/OO_MC_DijetEmbedded_pThat-15to1200_TuneCP5_5p36TeV_pythia8/260306_002843/0000/HiForestMiniAOD_434.root
Time elapsed: 7499 seconds
File Contains: 129000 entries.
NMiss: 1339724 | NFake: 1896480 | NMatch: 31745737
Processing file 372 of 817: /eos/cms/store/group/phys_heavyions/hbossi/mc_productions/QCD-dijet_pThat15-event-weighted_TuneCP5_5p36TeV_pythia8/OO_MC_DijetEmbedded_pThat-15to1200_TuneCP5_5p36TeV_pythia8/260306_002843/0000/HiForestMiniAOD_435.root
Time elapsed: 7514 seconds
File Contains: 139000 entries.
NMiss: 1343737 | NFake: 1902380 | NMatch: 31840597
Processing file 373 of 817: /eos/cms/store/group/phys_heavyions/hbossi/mc_productions/QCD-dijet_pThat15-event-weighted_TuneCP5_5p36TeV_pythia8/OO_MC_DijetEmbedded_pThat-15to1200_TuneCP5_5p36TeV_pythia8/260306_002843/0000/HiForestMiniAOD_436.root
Time elapsed: 7540 seconds
File Contains: 125000 entries.
NMiss: 1347319 | NFake: 1907529 | NMatch: 31926547
Processing file 374 of 817: /eos/cms/store/group/phys_heavyions/hbossi/mc_productions/QCD-dijet_pThat15-event-weighted_TuneCP5_5p36TeV_pythia8/OO_MC_DijetEmbedded_pThat-15to1200_TuneCP5_5p36TeV_pythia8/260306_002843/0000/HiForestMiniAOD_437.root
Time elapsed: 7563 seconds
File Contains: 115000 entries.
NMiss: 1350721 | NFake: 1912088 | NMatch: 32005162
Processing file 375 of 817: /eos/cms/store/group/phys_heavyions/hbossi/mc_productions/QCD-dijet_pThat15-event-weighted_TuneCP5_5p36TeV_pythia8/OO_MC_DijetEmbedded_pThat-15to1200_TuneCP5_5p36TeV_pythia8/260306_002843/0000/HiForestMiniAOD_438.root
Time elapsed: 7582 seconds
File Contains: 132000 entries.
NMiss: 1354511 | NFake: 1917436 | NMatch: 32095502
Processing file 376 of 817: /eos/cms/store/group/phys_heavyions/hbossi/mc_productions/QCD-dijet_pThat15-event-weighted_TuneCP5_5p36TeV_pythia8/OO_MC_DijetEmbedded_pThat-15to1200_TuneCP5_5p36TeV_pythia8/260306_002843/0000/HiForestMiniAOD_439.root
Time elapsed: 7597 seconds
File Contains: 126000 entries.
NMiss: 1358136 | NFake: 1922600 | NMatch: 32182442
Processing file 377 of 817: /eos/cms/store/group/phys_heavyions/hbossi/mc_productions/QCD-dijet_pThat15-event-weighted_TuneCP5_5p36TeV_pythia8/OO_MC_DijetEmbedded_pThat-15to1200_TuneCP5_5p36TeV_pythia8/260306_002843/0000/HiForestMiniAOD_44.root
Time elapsed: 7619 seconds
File Contains: 99000 entries.
NMiss: 1361028 | NFake: 1926668 | NMatch: 32249965
Processing file 378 of 817: /eos/cms/store/group/phys_heavyions/hbossi/mc_productions/QCD-dijet_pThat15-event-weighted_TuneCP5_5p36TeV_pythia8/OO_MC_DijetEmbedded_pThat-15to1200_TuneCP5_5p36TeV_pythia8/260306_002843/0000/HiForestMiniAOD_440.root
Time elapsed: 7634 seconds
File Contains: 128000 entries.
NMiss: 1364827 | NFake: 1931952 | NMatch: 32337942
Processing file 379 of 817: /eos/cms/store/group/phys_heavyions/hbossi/mc_productions/QCD-dijet_pThat15-event-weighted_TuneCP5_5p36TeV_pythia8/OO_MC_DijetEmbedded_pThat-15to1200_TuneCP5_5p36TeV_pythia8/260306_002843/0000/HiForestMiniAOD_441.root
Time elapsed: 7659 seconds
File Contains: 107000 entries.
NMiss: 1368033 | NFake: 1936509 | NMatch: 32411582
Processing file 380 of 817: /eos/cms/store/group/phys_heavyions/hbossi/mc_productions/QCD-dijet_pThat15-event-weighted_TuneCP5_5p36TeV_pythia8/OO_MC_DijetEmbedded_pThat-15to1200_TuneCP5_5p36TeV_pythia8/260306_002843/0000/HiForestMiniAOD_442.root
Time elapsed: 7676 seconds
File Contains: 76000 entries.
NMiss: 1370235 | NFake: 1939620 | NMatch: 32463512
Processing file 381 of 817: /eos/cms/store/group/phys_heavyions/hbossi/mc_productions/QCD-dijet_pThat15-event-weighted_TuneCP5_5p36TeV_pythia8/OO_MC_DijetEmbedded_pThat-15to1200_TuneCP5_5p36TeV_pythia8/260306_002843/0000/HiForestMiniAOD_443.root
Time elapsed: 7693 seconds
File Contains: 105000 entries.
NMiss: 1373200 | NFake: 1943871 | NMatch: 32535193
Processing file 382 of 817: /eos/cms/store/group/phys_heavyions/hbossi/mc_productions/QCD-dijet_pThat15-event-weighted_TuneCP5_5p36TeV_pythia8/OO_MC_DijetEmbedded_pThat-15to1200_TuneCP5_5p36TeV_pythia8/260306_002843/0000/HiForestMiniAOD_444.root
Time elapsed: 7710 seconds
File Contains: 122000 entries.
NMiss: 1376780 | NFake: 1948803 | NMatch: 32618775
Processing file 383 of 817: /eos/cms/store/group/phys_heavyions/hbossi/mc_productions/QCD-dijet_pThat15-event-weighted_TuneCP5_5p36TeV_pythia8/OO_MC_DijetEmbedded_pThat-15to1200_TuneCP5_5p36TeV_pythia8/260306_002843/0000/HiForestMiniAOD_445.root
Time elapsed: 7726 seconds
File Contains: 130000 entries.
NMiss: 1380439 | NFake: 1954059 | NMatch: 32708456
Processing file 384 of 817: /eos/cms/store/group/phys_heavyions/hbossi/mc_productions/QCD-dijet_pThat15-event-weighted_TuneCP5_5p36TeV_pythia8/OO_MC_DijetEmbedded_pThat-15to1200_TuneCP5_5p36TeV_pythia8/260306_002843/0000/HiForestMiniAOD_446.root
Time elapsed: 7740 seconds
File Contains: 106000 entries.
NMiss: 1383453 | NFake: 1958431 | NMatch: 32780850
Processing file 385 of 817: /eos/cms/store/group/phys_heavyions/hbossi/mc_productions/QCD-dijet_pThat15-event-weighted_TuneCP5_5p36TeV_pythia8/OO_MC_DijetEmbedded_pThat-15to1200_TuneCP5_5p36TeV_pythia8/260306_002843/0000/HiForestMiniAOD_447.root
Time elapsed: 7755 seconds
File Contains: 109000 entries.
NMiss: 1386626 | NFake: 1962908 | NMatch: 32855274
Processing file 386 of 817: /eos/cms/store/group/phys_heavyions/hbossi/mc_productions/QCD-dijet_pThat15-event-weighted_TuneCP5_5p36TeV_pythia8/OO_MC_DijetEmbedded_pThat-15to1200_TuneCP5_5p36TeV_pythia8/260306_002843/0000/HiForestMiniAOD_448.root
Time elapsed: 7773 seconds
File Contains: 126000 entries.
NMiss: 1390220 | NFake: 1968077 | NMatch: 32941065
Processing file 387 of 817: /eos/cms/store/group/phys_heavyions/hbossi/mc_productions/QCD-dijet_pThat15-event-weighted_TuneCP5_5p36TeV_pythia8/OO_MC_DijetEmbedded_pThat-15to1200_TuneCP5_5p36TeV_pythia8/260306_002843/0000/HiForestMiniAOD_449.root
Time elapsed: 7787 seconds
File Contains: 127000 entries.
NMiss: 1393856 | NFake: 1973380 | NMatch: 33028655
Processing file 388 of 817: /eos/cms/store/group/phys_heavyions/hbossi/mc_productions/QCD-dijet_pThat15-event-weighted_TuneCP5_5p36TeV_pythia8/OO_MC_DijetEmbedded_pThat-15to1200_TuneCP5_5p36TeV_pythia8/260306_002843/0000/HiForestMiniAOD_45.root
Time elapsed: 7807 seconds
File Contains: 111000 entries.
NMiss: 1397108 | NFake: 1977985 | NMatch: 33104934
Processing file 389 of 817: /eos/cms/store/group/phys_heavyions/hbossi/mc_productions/QCD-dijet_pThat15-event-weighted_TuneCP5_5p36TeV_pythia8/OO_MC_DijetEmbedded_pThat-15to1200_TuneCP5_5p36TeV_pythia8/260306_002843/0000/HiForestMiniAOD_450.root
Time elapsed: 7825 seconds
File Contains: 149000 entries.
NMiss: 1401531 | NFake: 1983808 | NMatch: 33206888
Processing file 390 of 817: /eos/cms/store/group/phys_heavyions/hbossi/mc_productions/QCD-dijet_pThat15-event-weighted_TuneCP5_5p36TeV_pythia8/OO_MC_DijetEmbedded_pThat-15to1200_TuneCP5_5p36TeV_pythia8/260306_002843/0000/HiForestMiniAOD_451.root
Time elapsed: 7851 seconds
File Contains: 110000 entries.
NMiss: 1404676 | NFake: 1988426 | NMatch: 33282065
Processing file 391 of 817: /eos/cms/store/group/phys_heavyions/hbossi/mc_productions/QCD-dijet_pThat15-event-weighted_TuneCP5_5p36TeV_pythia8/OO_MC_DijetEmbedded_pThat-15to1200_TuneCP5_5p36TeV_pythia8/260306_002843/0000/HiForestMiniAOD_452.root
Time elapsed: 7869 seconds
File Contains: 117000 entries.
NMiss: 1408002 | NFake: 1993248 | NMatch: 33362661
Processing file 392 of 817: /eos/cms/store/group/phys_heavyions/hbossi/mc_productions/QCD-dijet_pThat15-event-weighted_TuneCP5_5p36TeV_pythia8/OO_MC_DijetEmbedded_pThat-15to1200_TuneCP5_5p36TeV_pythia8/260306_002843/0000/HiForestMiniAOD_453.root
Time elapsed: 7885 seconds
File Contains: 139000 entries.
NMiss: 1412040 | NFake: 1998927 | NMatch: 33457818
Processing file 393 of 817: /eos/cms/store/group/phys_heavyions/hbossi/mc_productions/QCD-dijet_pThat15-event-weighted_TuneCP5_5p36TeV_pythia8/OO_MC_DijetEmbedded_pThat-15to1200_TuneCP5_5p36TeV_pythia8/260306_002843/0000/HiForestMiniAOD_454.root
Time elapsed: 7906 seconds
File Contains: 102000 entries.
NMiss: 1414987 | NFake: 2003089 | NMatch: 33527077
Processing file 394 of 817: /eos/cms/store/group/phys_heavyions/hbossi/mc_productions/QCD-dijet_pThat15-event-weighted_TuneCP5_5p36TeV_pythia8/OO_MC_DijetEmbedded_pThat-15to1200_TuneCP5_5p36TeV_pythia8/260306_002843/0000/HiForestMiniAOD_455.root
Time elapsed: 7932 seconds
File Contains: 141000 entries.
NMiss: 1419147 | NFake: 2008817 | NMatch: 33623964
Processing file 395 of 817: /eos/cms/store/group/phys_heavyions/hbossi/mc_productions/QCD-dijet_pThat15-event-weighted_TuneCP5_5p36TeV_pythia8/OO_MC_DijetEmbedded_pThat-15to1200_TuneCP5_5p36TeV_pythia8/260306_002843/0000/HiForestMiniAOD_456.root
Time elapsed: 7957 seconds
File Contains: 123000 entries.
NMiss: 1422791 | NFake: 2013818 | NMatch: 33707859
Processing file 396 of 817: /eos/cms/store/group/phys_heavyions/hbossi/mc_productions/QCD-dijet_pThat15-event-weighted_TuneCP5_5p36TeV_pythia8/OO_MC_DijetEmbedded_pThat-15to1200_TuneCP5_5p36TeV_pythia8/260306_002843/0000/HiForestMiniAOD_457.root
Time elapsed: 7974 seconds
File Contains: 121000 entries.
NMiss: 1426239 | NFake: 2018733 | NMatch: 33791201
Processing file 397 of 817: /eos/cms/store/group/phys_heavyions/hbossi/mc_productions/QCD-dijet_pThat15-event-weighted_TuneCP5_5p36TeV_pythia8/OO_MC_DijetEmbedded_pThat-15to1200_TuneCP5_5p36TeV_pythia8/260306_002843/0000/HiForestMiniAOD_458.root
Time elapsed: 8013 seconds
File Contains: 116000 entries.
NMiss: 1429538 | NFake: 2023536 | NMatch: 33870357
Processing file 398 of 817: /eos/cms/store/group/phys_heavyions/hbossi/mc_productions/QCD-dijet_pThat15-event-weighted_TuneCP5_5p36TeV_pythia8/OO_MC_DijetEmbedded_pThat-15to1200_TuneCP5_5p36TeV_pythia8/260306_002843/0000/HiForestMiniAOD_459.root
Time elapsed: 8036 seconds
File Contains: 99000 entries.
NMiss: 1432462 | NFake: 2027585 | NMatch: 33938204
Processing file 399 of 817: /eos/cms/store/group/phys_heavyions/hbossi/mc_productions/QCD-dijet_pThat15-event-weighted_TuneCP5_5p36TeV_pythia8/OO_MC_DijetEmbedded_pThat-15to1200_TuneCP5_5p36TeV_pythia8/260306_002843/0000/HiForestMiniAOD_46.root
Time elapsed: 8056 seconds
File Contains: 129000 entries.
NMiss: 1436150 | NFake: 2033038 | NMatch: 34027164
Processing file 400 of 817: /eos/cms/store/group/phys_heavyions/hbossi/mc_productions/QCD-dijet_pThat15-event-weighted_TuneCP5_5p36TeV_pythia8/OO_MC_DijetEmbedded_pThat-15to1200_TuneCP5_5p36TeV_pythia8/260306_002843/0000/HiForestMiniAOD_460.root
Time elapsed: 8073 seconds
File Contains: 94000 entries.
NMiss: 1438967 | NFake: 2036794 | NMatch: 34091978
Processing file 401 of 817: /eos/cms/store/group/phys_heavyions/hbossi/mc_productions/QCD-dijet_pThat15-event-weighted_TuneCP5_5p36TeV_pythia8/OO_MC_DijetEmbedded_pThat-15to1200_TuneCP5_5p36TeV_pythia8/260306_002843/0000/HiForestMiniAOD_461.root
Time elapsed: 8097 seconds
File Contains: 113000 entries.
NMiss: 1442296 | NFake: 2041330 | NMatch: 34168956
Processing file 402 of 817: /eos/cms/store/group/phys_heavyions/hbossi/mc_productions/QCD-dijet_pThat15-event-weighted_TuneCP5_5p36TeV_pythia8/OO_MC_DijetEmbedded_pThat-15to1200_TuneCP5_5p36TeV_pythia8/260306_002843/0000/HiForestMiniAOD_462.root
Time elapsed: 8124 seconds
File Contains: 137000 entries.
NMiss: 1446196 | NFake: 2047057 | NMatch: 34263074
Processing file 403 of 817: /eos/cms/store/group/phys_heavyions/hbossi/mc_productions/QCD-dijet_pThat15-event-weighted_TuneCP5_5p36TeV_pythia8/OO_MC_DijetEmbedded_pThat-15to1200_TuneCP5_5p36TeV_pythia8/260306_002843/0000/HiForestMiniAOD_463.root
Time elapsed: 8160 seconds
File Contains: 88000 entries.
NMiss: 1448785 | NFake: 2050637 | NMatch: 34323893
Processing file 404 of 817: /eos/cms/store/group/phys_heavyions/hbossi/mc_productions/QCD-dijet_pThat15-event-weighted_TuneCP5_5p36TeV_pythia8/OO_MC_DijetEmbedded_pThat-15to1200_TuneCP5_5p36TeV_pythia8/260306_002843/0000/HiForestMiniAOD_464.root
Time elapsed: 8173 seconds
File Contains: 117000 entries.
NMiss: 1452216 | NFake: 2055554 | NMatch: 34404184
Processing file 405 of 817: /eos/cms/store/group/phys_heavyions/hbossi/mc_productions/QCD-dijet_pThat15-event-weighted_TuneCP5_5p36TeV_pythia8/OO_MC_DijetEmbedded_pThat-15to1200_TuneCP5_5p36TeV_pythia8/260306_002843/0000/HiForestMiniAOD_465.root
Time elapsed: 8190 seconds
File Contains: 166000 entries.
NMiss: 1456908 | NFake: 2062207 | NMatch: 34517684
Processing file 406 of 817: /eos/cms/store/group/phys_heavyions/hbossi/mc_productions/QCD-dijet_pThat15-event-weighted_TuneCP5_5p36TeV_pythia8/OO_MC_DijetEmbedded_pThat-15to1200_TuneCP5_5p36TeV_pythia8/260306_002843/0000/HiForestMiniAOD_466.root
Time elapsed: 8212 seconds
File Contains: 135000 entries.
NMiss: 1460783 | NFake: 2067615 | NMatch: 34610218
Processing file 407 of 817: /eos/cms/store/group/phys_heavyions/hbossi/mc_productions/QCD-dijet_pThat15-event-weighted_TuneCP5_5p36TeV_pythia8/OO_MC_DijetEmbedded_pThat-15to1200_TuneCP5_5p36TeV_pythia8/260306_002843/0000/HiForestMiniAOD_467.root
Time elapsed: 8230 seconds
File Contains: 156000 entries.
NMiss: 1465126 | NFake: 2074050 | NMatch: 34716881
Processing file 408 of 817: /eos/cms/store/group/phys_heavyions/hbossi/mc_productions/QCD-dijet_pThat15-event-weighted_TuneCP5_5p36TeV_pythia8/OO_MC_DijetEmbedded_pThat-15to1200_TuneCP5_5p36TeV_pythia8/260306_002843/0000/HiForestMiniAOD_468.root
Time elapsed: 8248 seconds
File Contains: 134000 entries.
NMiss: 1468924 | NFake: 2079582 | NMatch: 34809148
Processing file 409 of 817: /eos/cms/store/group/phys_heavyions/hbossi/mc_productions/QCD-dijet_pThat15-event-weighted_TuneCP5_5p36TeV_pythia8/OO_MC_DijetEmbedded_pThat-15to1200_TuneCP5_5p36TeV_pythia8/260306_002843/0000/HiForestMiniAOD_469.root
Time elapsed: 8262 seconds
File Contains: 126000 entries.
NMiss: 1472653 | NFake: 2084721 | NMatch: 34896055
Processing file 410 of 817: /eos/cms/store/group/phys_heavyions/hbossi/mc_productions/QCD-dijet_pThat15-event-weighted_TuneCP5_5p36TeV_pythia8/OO_MC_DijetEmbedded_pThat-15to1200_TuneCP5_5p36TeV_pythia8/260306_002843/0000/HiForestMiniAOD_47.root
Time elapsed: 8288 seconds
File Contains: 104000 entries.
NMiss: 1475619 | NFake: 2089039 | NMatch: 34967583
Processing file 411 of 817: /eos/cms/store/group/phys_heavyions/hbossi/mc_productions/QCD-dijet_pThat15-event-weighted_TuneCP5_5p36TeV_pythia8/OO_MC_DijetEmbedded_pThat-15to1200_TuneCP5_5p36TeV_pythia8/260306_002843/0000/HiForestMiniAOD_470.root
Time elapsed: 8304 seconds
File Contains: 124000 entries.
NMiss: 1479261 | NFake: 2094025 | NMatch: 35052869
Processing file 412 of 817: /eos/cms/store/group/phys_heavyions/hbossi/mc_productions/QCD-dijet_pThat15-event-weighted_TuneCP5_5p36TeV_pythia8/OO_MC_DijetEmbedded_pThat-15to1200_TuneCP5_5p36TeV_pythia8/260306_002843/0000/HiForestMiniAOD_471.root
Time elapsed: 8321 seconds
File Contains: 127000 entries.
NMiss: 1482916 | NFake: 2099326 | NMatch: 35139697
Processing file 413 of 817: /eos/cms/store/group/phys_heavyions/hbossi/mc_productions/QCD-dijet_pThat15-event-weighted_TuneCP5_5p36TeV_pythia8/OO_MC_DijetEmbedded_pThat-15to1200_TuneCP5_5p36TeV_pythia8/260306_002843/0000/HiForestMiniAOD_472.root
Time elapsed: 8341 seconds
File Contains: 109000 entries.
NMiss: 1486123 | NFake: 2103779 | NMatch: 35214727
Processing file 414 of 817: /eos/cms/store/group/phys_heavyions/hbossi/mc_productions/QCD-dijet_pThat15-event-weighted_TuneCP5_5p36TeV_pythia8/OO_MC_DijetEmbedded_pThat-15to1200_TuneCP5_5p36TeV_pythia8/260306_002843/0000/HiForestMiniAOD_473.root
Time elapsed: 8362 seconds
File Contains: 133000 entries.
NMiss: 1489912 | NFake: 2109139 | NMatch: 35305740
Processing file 415 of 817: /eos/cms/store/group/phys_heavyions/hbossi/mc_productions/QCD-dijet_pThat15-event-weighted_TuneCP5_5p36TeV_pythia8/OO_MC_DijetEmbedded_pThat-15to1200_TuneCP5_5p36TeV_pythia8/260306_002843/0000/HiForestMiniAOD_474.root
Time elapsed: 8394 seconds
File Contains: 111000 entries.
NMiss: 1493164 | NFake: 2113783 | NMatch: 35382196
Processing file 416 of 817: /eos/cms/store/group/phys_heavyions/hbossi/mc_productions/QCD-dijet_pThat15-event-weighted_TuneCP5_5p36TeV_pythia8/OO_MC_DijetEmbedded_pThat-15to1200_TuneCP5_5p36TeV_pythia8/260306_002843/0000/HiForestMiniAOD_475.root
Time elapsed: 8409 seconds
File Contains: 114000 entries.
NMiss: 1496452 | NFake: 2118409 | NMatch: 35460261
Processing file 417 of 817: /eos/cms/store/group/phys_heavyions/hbossi/mc_productions/QCD-dijet_pThat15-event-weighted_TuneCP5_5p36TeV_pythia8/OO_MC_DijetEmbedded_pThat-15to1200_TuneCP5_5p36TeV_pythia8/260306_002843/0000/HiForestMiniAOD_476.root
Time elapsed: 8429 seconds
File Contains: 145000 entries.
NMiss: 1500563 | NFake: 2124370 | NMatch: 35559453
Processing file 418 of 817: /eos/cms/store/group/phys_heavyions/hbossi/mc_productions/QCD-dijet_pThat15-event-weighted_TuneCP5_5p36TeV_pythia8/OO_MC_DijetEmbedded_pThat-15to1200_TuneCP5_5p36TeV_pythia8/260306_002843/0000/HiForestMiniAOD_477.root
Time elapsed: 8448 seconds
File Contains: 120000 entries.
NMiss: 1504085 | NFake: 2129218 | NMatch: 35641988
Processing file 419 of 817: /eos/cms/store/group/phys_heavyions/hbossi/mc_productions/QCD-dijet_pThat15-event-weighted_TuneCP5_5p36TeV_pythia8/OO_MC_DijetEmbedded_pThat-15to1200_TuneCP5_5p36TeV_pythia8/260306_002843/0000/HiForestMiniAOD_478.root
Time elapsed: 8462 seconds
File Contains: 124000 entries.
NMiss: 1507754 | NFake: 2134370 | NMatch: 35727401
Processing file 420 of 817: /eos/cms/store/group/phys_heavyions/hbossi/mc_productions/QCD-dijet_pThat15-event-weighted_TuneCP5_5p36TeV_pythia8/OO_MC_DijetEmbedded_pThat-15to1200_TuneCP5_5p36TeV_pythia8/260306_002843/0000/HiForestMiniAOD_479.root
Time elapsed: 8482 seconds
File Contains: 149000 entries.
NMiss: 1512066 | NFake: 2140403 | NMatch: 35829876
Processing file 421 of 817: /eos/cms/store/group/phys_heavyions/hbossi/mc_productions/QCD-dijet_pThat15-event-weighted_TuneCP5_5p36TeV_pythia8/OO_MC_DijetEmbedded_pThat-15to1200_TuneCP5_5p36TeV_pythia8/260306_002843/0000/HiForestMiniAOD_48.root
Time elapsed: 8501 seconds
File Contains: 102000 entries.
NMiss: 1515003 | NFake: 2144700 | NMatch: 35899825
Processing file 422 of 817: /eos/cms/store/group/phys_heavyions/hbossi/mc_productions/QCD-dijet_pThat15-event-weighted_TuneCP5_5p36TeV_pythia8/OO_MC_DijetEmbedded_pThat-15to1200_TuneCP5_5p36TeV_pythia8/260306_002843/0000/HiForestMiniAOD_480.root
Time elapsed: 8516 seconds
File Contains: 89000 entries.
NMiss: 1517624 | NFake: 2148392 | NMatch: 35960801
Processing file 423 of 817: /eos/cms/store/group/phys_heavyions/hbossi/mc_productions/QCD-dijet_pThat15-event-weighted_TuneCP5_5p36TeV_pythia8/OO_MC_DijetEmbedded_pThat-15to1200_TuneCP5_5p36TeV_pythia8/260306_002843/0000/HiForestMiniAOD_481.root
Time elapsed: 8528 seconds
File Contains: 150000 entries.
NMiss: 1521944 | NFake: 2154560 | NMatch: 36063640
Processing file 424 of 817: /eos/cms/store/group/phys_heavyions/hbossi/mc_productions/QCD-dijet_pThat15-event-weighted_TuneCP5_5p36TeV_pythia8/OO_MC_DijetEmbedded_pThat-15to1200_TuneCP5_5p36TeV_pythia8/260306_002843/0000/HiForestMiniAOD_482.root
Time elapsed: 8545 seconds
File Contains: 151000 entries.
NMiss: 1526444 | NFake: 2160739 | NMatch: 36167525
Processing file 425 of 817: /eos/cms/store/group/phys_heavyions/hbossi/mc_productions/QCD-dijet_pThat15-event-weighted_TuneCP5_5p36TeV_pythia8/OO_MC_DijetEmbedded_pThat-15to1200_TuneCP5_5p36TeV_pythia8/260306_002843/0000/HiForestMiniAOD_483.root
Time elapsed: 8566 seconds
File Contains: 134000 entries.
NMiss: 1530317 | NFake: 2166168 | NMatch: 36258756
Processing file 426 of 817: /eos/cms/store/group/phys_heavyions/hbossi/mc_productions/QCD-dijet_pThat15-event-weighted_TuneCP5_5p36TeV_pythia8/OO_MC_DijetEmbedded_pThat-15to1200_TuneCP5_5p36TeV_pythia8/260306_002843/0000/HiForestMiniAOD_484.root
Time elapsed: 8580 seconds
File Contains: 110000 entries.
NMiss: 1533504 | NFake: 2170652 | NMatch: 36333467
Processing file 427 of 817: /eos/cms/store/group/phys_heavyions/hbossi/mc_productions/QCD-dijet_pThat15-event-weighted_TuneCP5_5p36TeV_pythia8/OO_MC_DijetEmbedded_pThat-15to1200_TuneCP5_5p36TeV_pythia8/260306_002843/0000/HiForestMiniAOD_485.root
Time elapsed: 8598 seconds
File Contains: 110000 entries.
NMiss: 1536630 | NFake: 2175018 | NMatch: 36409281
Processing file 428 of 817: /eos/cms/store/group/phys_heavyions/hbossi/mc_productions/QCD-dijet_pThat15-event-weighted_TuneCP5_5p36TeV_pythia8/OO_MC_DijetEmbedded_pThat-15to1200_TuneCP5_5p36TeV_pythia8/260306_002843/0000/HiForestMiniAOD_486.root
Time elapsed: 8615 seconds
File Contains: 93000 entries.
NMiss: 1539308 | NFake: 2178874 | NMatch: 36473020
Processing file 429 of 817: /eos/cms/store/group/phys_heavyions/hbossi/mc_productions/QCD-dijet_pThat15-event-weighted_TuneCP5_5p36TeV_pythia8/OO_MC_DijetEmbedded_pThat-15to1200_TuneCP5_5p36TeV_pythia8/260306_002843/0000/HiForestMiniAOD_487.root
Time elapsed: 8627 seconds
File Contains: 134000 entries.
NMiss: 1543143 | NFake: 2184305 | NMatch: 36564554
Processing file 430 of 817: /eos/cms/store/group/phys_heavyions/hbossi/mc_productions/QCD-dijet_pThat15-event-weighted_TuneCP5_5p36TeV_pythia8/OO_MC_DijetEmbedded_pThat-15to1200_TuneCP5_5p36TeV_pythia8/260306_002843/0000/HiForestMiniAOD_488.root
Time elapsed: 8644 seconds
File Contains: 151000 entries.
NMiss: 1547579 | NFake: 2190411 | NMatch: 36667514
Processing file 431 of 817: /eos/cms/store/group/phys_heavyions/hbossi/mc_productions/QCD-dijet_pThat15-event-weighted_TuneCP5_5p36TeV_pythia8/OO_MC_DijetEmbedded_pThat-15to1200_TuneCP5_5p36TeV_pythia8/260306_002843/0000/HiForestMiniAOD_489.root
Time elapsed: 8668 seconds
File Contains: 128000 entries.
NMiss: 1551363 | NFake: 2195675 | NMatch: 36754583
Processing file 432 of 817: /eos/cms/store/group/phys_heavyions/hbossi/mc_productions/QCD-dijet_pThat15-event-weighted_TuneCP5_5p36TeV_pythia8/OO_MC_DijetEmbedded_pThat-15to1200_TuneCP5_5p36TeV_pythia8/260306_002843/0000/HiForestMiniAOD_49.root
Time elapsed: 8684 seconds
File Contains: 133000 entries.
NMiss: 1555201 | NFake: 2201100 | NMatch: 36845649
Processing file 433 of 817: /eos/cms/store/group/phys_heavyions/hbossi/mc_productions/QCD-dijet_pThat15-event-weighted_TuneCP5_5p36TeV_pythia8/OO_MC_DijetEmbedded_pThat-15to1200_TuneCP5_5p36TeV_pythia8/260306_002843/0000/HiForestMiniAOD_490.root
Time elapsed: 8707 seconds
File Contains: 95000 entries.
NMiss: 1558001 | NFake: 2204984 | NMatch: 36910775
Processing file 434 of 817: /eos/cms/store/group/phys_heavyions/hbossi/mc_productions/QCD-dijet_pThat15-event-weighted_TuneCP5_5p36TeV_pythia8/OO_MC_DijetEmbedded_pThat-15to1200_TuneCP5_5p36TeV_pythia8/260306_002843/0000/HiForestMiniAOD_491.root
Time elapsed: 8721 seconds
File Contains: 136000 entries.
NMiss: 1561798 | NFake: 2210612 | NMatch: 37004338
Processing file 435 of 817: /eos/cms/store/group/phys_heavyions/hbossi/mc_productions/QCD-dijet_pThat15-event-weighted_TuneCP5_5p36TeV_pythia8/OO_MC_DijetEmbedded_pThat-15to1200_TuneCP5_5p36TeV_pythia8/260306_002843/0000/HiForestMiniAOD_492.root
Time elapsed: 8748 seconds
File Contains: 125000 entries.
NMiss: 1565361 | NFake: 2215712 | NMatch: 37090484
Processing file 436 of 817: /eos/cms/store/group/phys_heavyions/hbossi/mc_productions/QCD-dijet_pThat15-event-weighted_TuneCP5_5p36TeV_pythia8/OO_MC_DijetEmbedded_pThat-15to1200_TuneCP5_5p36TeV_pythia8/260306_002843/0000/HiForestMiniAOD_493.root
Time elapsed: 8779 seconds
File Contains: 121000 entries.
NMiss: 1568968 | NFake: 2220563 | NMatch: 37173413
Processing file 437 of 817: /eos/cms/store/group/phys_heavyions/hbossi/mc_productions/QCD-dijet_pThat15-event-weighted_TuneCP5_5p36TeV_pythia8/OO_MC_DijetEmbedded_pThat-15to1200_TuneCP5_5p36TeV_pythia8/260306_002843/0000/HiForestMiniAOD_494.root
Time elapsed: 8798 seconds
File Contains: 127000 entries.
NMiss: 1572617 | NFake: 2225655 | NMatch: 37259841
Processing file 438 of 817: /eos/cms/store/group/phys_heavyions/hbossi/mc_productions/QCD-dijet_pThat15-event-weighted_TuneCP5_5p36TeV_pythia8/OO_MC_DijetEmbedded_pThat-15to1200_TuneCP5_5p36TeV_pythia8/260306_002843/0000/HiForestMiniAOD_495.root
Time elapsed: 8823 seconds
File Contains: 132000 entries.
NMiss: 1576380 | NFake: 2231018 | NMatch: 37350370
Processing file 439 of 817: /eos/cms/store/group/phys_heavyions/hbossi/mc_productions/QCD-dijet_pThat15-event-weighted_TuneCP5_5p36TeV_pythia8/OO_MC_DijetEmbedded_pThat-15to1200_TuneCP5_5p36TeV_pythia8/260306_002843/0000/HiForestMiniAOD_496.root
Time elapsed: 8841 seconds
File Contains: 114000 entries.
NMiss: 1579600 | NFake: 2235604 | NMatch: 37428697
Processing file 440 of 817: /eos/cms/store/group/phys_heavyions/hbossi/mc_productions/QCD-dijet_pThat15-event-weighted_TuneCP5_5p36TeV_pythia8/OO_MC_DijetEmbedded_pThat-15to1200_TuneCP5_5p36TeV_pythia8/260306_002843/0000/HiForestMiniAOD_497.root
Time elapsed: 8855 seconds
File Contains: 121000 entries.
NMiss: 1583100 | NFake: 2240521 | NMatch: 37511485
Processing file 441 of 817: /eos/cms/store/group/phys_heavyions/hbossi/mc_productions/QCD-dijet_pThat15-event-weighted_TuneCP5_5p36TeV_pythia8/OO_MC_DijetEmbedded_pThat-15to1200_TuneCP5_5p36TeV_pythia8/260306_002843/0000/HiForestMiniAOD_498.root
Time elapsed: 8871 seconds
File Contains: 125000 entries.
NMiss: 1586732 | NFake: 2245573 | NMatch: 37597027
Processing file 442 of 817: /eos/cms/store/group/phys_heavyions/hbossi/mc_productions/QCD-dijet_pThat15-event-weighted_TuneCP5_5p36TeV_pythia8/OO_MC_DijetEmbedded_pThat-15to1200_TuneCP5_5p36TeV_pythia8/260306_002843/0000/HiForestMiniAOD_499.root
Time elapsed: 8892 seconds
File Contains: 119000 entries.
NMiss: 1590221 | NFake: 2250436 | NMatch: 37678577
Processing file 443 of 817: /eos/cms/store/group/phys_heavyions/hbossi/mc_productions/QCD-dijet_pThat15-event-weighted_TuneCP5_5p36TeV_pythia8/OO_MC_DijetEmbedded_pThat-15to1200_TuneCP5_5p36TeV_pythia8/260306_002843/0000/HiForestMiniAOD_5.root
Time elapsed: 8910 seconds
File Contains: 105000 entries.
NMiss: 1593273 | NFake: 2254761 | NMatch: 37750738
Processing file 444 of 817: /eos/cms/store/group/phys_heavyions/hbossi/mc_productions/QCD-dijet_pThat15-event-weighted_TuneCP5_5p36TeV_pythia8/OO_MC_DijetEmbedded_pThat-15to1200_TuneCP5_5p36TeV_pythia8/260306_002843/0000/HiForestMiniAOD_50.root
Time elapsed: 8935 seconds
File Contains: 165000 entries.
NMiss: 1598132 | NFake: 2261575 | NMatch: 37862999
Processing file 445 of 817: /eos/cms/store/group/phys_heavyions/hbossi/mc_productions/QCD-dijet_pThat15-event-weighted_TuneCP5_5p36TeV_pythia8/OO_MC_DijetEmbedded_pThat-15to1200_TuneCP5_5p36TeV_pythia8/260306_002843/0000/HiForestMiniAOD_500.root
Time elapsed: 8960 seconds
File Contains: 148000 entries.
NMiss: 1602430 | NFake: 2267695 | NMatch: 37964718
Processing file 446 of 817: /eos/cms/store/group/phys_heavyions/hbossi/mc_productions/QCD-dijet_pThat15-event-weighted_TuneCP5_5p36TeV_pythia8/OO_MC_DijetEmbedded_pThat-15to1200_TuneCP5_5p36TeV_pythia8/260306_002843/0000/HiForestMiniAOD_501.root
Time elapsed: 8981 seconds
File Contains: 123000 entries.
NMiss: 1606007 | NFake: 2272745 | NMatch: 38048865
Processing file 447 of 817: /eos/cms/store/group/phys_heavyions/hbossi/mc_productions/QCD-dijet_pThat15-event-weighted_TuneCP5_5p36TeV_pythia8/OO_MC_DijetEmbedded_pThat-15to1200_TuneCP5_5p36TeV_pythia8/260306_002843/0000/HiForestMiniAOD_502.root
Time elapsed: 9010 seconds
File Contains: 168000 entries.
NMiss: 1610828 | NFake: 2279505 | NMatch: 38163661
Processing file 448 of 817: /eos/cms/store/group/phys_heavyions/hbossi/mc_productions/QCD-dijet_pThat15-event-weighted_TuneCP5_5p36TeV_pythia8/OO_MC_DijetEmbedded_pThat-15to1200_TuneCP5_5p36TeV_pythia8/260306_002843/0000/HiForestMiniAOD_503.root
Time elapsed: 9032 seconds
File Contains: 98000 entries.
NMiss: 1613613 | NFake: 2283550 | NMatch: 38230893
Processing file 449 of 817: /eos/cms/store/group/phys_heavyions/hbossi/mc_productions/QCD-dijet_pThat15-event-weighted_TuneCP5_5p36TeV_pythia8/OO_MC_DijetEmbedded_pThat-15to1200_TuneCP5_5p36TeV_pythia8/260306_002843/0000/HiForestMiniAOD_504.root
Time elapsed: 9046 seconds
File Contains: 126000 entries.
NMiss: 1617196 | NFake: 2288718 | NMatch: 38317015
Processing file 450 of 817: /eos/cms/store/group/phys_heavyions/hbossi/mc_productions/QCD-dijet_pThat15-event-weighted_TuneCP5_5p36TeV_pythia8/OO_MC_DijetEmbedded_pThat-15to1200_TuneCP5_5p36TeV_pythia8/260306_002843/0000/HiForestMiniAOD_505.root
Time elapsed: 9074 seconds
File Contains: 105000 entries.
NMiss: 1620275 | NFake: 2292941 | NMatch: 38389016
Processing file 451 of 817: /eos/cms/store/group/phys_heavyions/hbossi/mc_productions/QCD-dijet_pThat15-event-weighted_TuneCP5_5p36TeV_pythia8/OO_MC_DijetEmbedded_pThat-15to1200_TuneCP5_5p36TeV_pythia8/260306_002843/0000/HiForestMiniAOD_506.root
Time elapsed: 9086 seconds
File Contains: 147000 entries.
NMiss: 1624588 | NFake: 2298897 | NMatch: 38489437
Processing file 452 of 817: /eos/cms/store/group/phys_heavyions/hbossi/mc_productions/QCD-dijet_pThat15-event-weighted_TuneCP5_5p36TeV_pythia8/OO_MC_DijetEmbedded_pThat-15to1200_TuneCP5_5p36TeV_pythia8/260306_002843/0000/HiForestMiniAOD_507.root
Time elapsed: 9106 seconds
File Contains: 129000 entries.
NMiss: 1628405 | NFake: 2304014 | NMatch: 38577823
Processing file 453 of 817: /eos/cms/store/group/phys_heavyions/hbossi/mc_productions/QCD-dijet_pThat15-event-weighted_TuneCP5_5p36TeV_pythia8/OO_MC_DijetEmbedded_pThat-15to1200_TuneCP5_5p36TeV_pythia8/260306_002843/0000/HiForestMiniAOD_508.root
Time elapsed: 9124 seconds
File Contains: 107000 entries.
NMiss: 1631447 | NFake: 2308469 | NMatch: 38651214
Processing file 454 of 817: /eos/cms/store/group/phys_heavyions/hbossi/mc_productions/QCD-dijet_pThat15-event-weighted_TuneCP5_5p36TeV_pythia8/OO_MC_DijetEmbedded_pThat-15to1200_TuneCP5_5p36TeV_pythia8/260306_002843/0000/HiForestMiniAOD_509.root
Time elapsed: 9140 seconds
File Contains: 120000 entries.
NMiss: 1634919 | NFake: 2313363 | NMatch: 38733566
Processing file 455 of 817: /eos/cms/store/group/phys_heavyions/hbossi/mc_productions/QCD-dijet_pThat15-event-weighted_TuneCP5_5p36TeV_pythia8/OO_MC_DijetEmbedded_pThat-15to1200_TuneCP5_5p36TeV_pythia8/260306_002843/0000/HiForestMiniAOD_51.root
Time elapsed: 9162 seconds
File Contains: 106000 entries.
NMiss: 1637958 | NFake: 2317660 | NMatch: 38806741
Processing file 456 of 817: /eos/cms/store/group/phys_heavyions/hbossi/mc_productions/QCD-dijet_pThat15-event-weighted_TuneCP5_5p36TeV_pythia8/OO_MC_DijetEmbedded_pThat-15to1200_TuneCP5_5p36TeV_pythia8/260306_002843/0000/HiForestMiniAOD_510.root
Time elapsed: 9176 seconds
File Contains: 134000 entries.
NMiss: 1641762 | NFake: 2323109 | NMatch: 38899020
Processing file 457 of 817: /eos/cms/store/group/phys_heavyions/hbossi/mc_productions/QCD-dijet_pThat15-event-weighted_TuneCP5_5p36TeV_pythia8/OO_MC_DijetEmbedded_pThat-15to1200_TuneCP5_5p36TeV_pythia8/260306_002843/0000/HiForestMiniAOD_511.root
Time elapsed: 9198 seconds
File Contains: 98000 entries.
NMiss: 1644558 | NFake: 2327073 | NMatch: 38965943
Processing file 458 of 817: /eos/cms/store/group/phys_heavyions/hbossi/mc_productions/QCD-dijet_pThat15-event-weighted_TuneCP5_5p36TeV_pythia8/OO_MC_DijetEmbedded_pThat-15to1200_TuneCP5_5p36TeV_pythia8/260306_002843/0000/HiForestMiniAOD_512.root
Time elapsed: 9213 seconds
File Contains: 114000 entries.
NMiss: 1647844 | NFake: 2331728 | NMatch: 39043824
Processing file 459 of 817: /eos/cms/store/group/phys_heavyions/hbossi/mc_productions/QCD-dijet_pThat15-event-weighted_TuneCP5_5p36TeV_pythia8/OO_MC_DijetEmbedded_pThat-15to1200_TuneCP5_5p36TeV_pythia8/260306_002843/0000/HiForestMiniAOD_513.root
Time elapsed: 9229 seconds
File Contains: 127000 entries.
NMiss: 1651526 | NFake: 2336898 | NMatch: 39131243
Processing file 460 of 817: /eos/cms/store/group/phys_heavyions/hbossi/mc_productions/QCD-dijet_pThat15-event-weighted_TuneCP5_5p36TeV_pythia8/OO_MC_DijetEmbedded_pThat-15to1200_TuneCP5_5p36TeV_pythia8/260306_002843/0000/HiForestMiniAOD_514.root
Time elapsed: 9243 seconds
File Contains: 137000 entries.
NMiss: 1655415 | NFake: 2342578 | NMatch: 39225103
Processing file 461 of 817: /eos/cms/store/group/phys_heavyions/hbossi/mc_productions/QCD-dijet_pThat15-event-weighted_TuneCP5_5p36TeV_pythia8/OO_MC_DijetEmbedded_pThat-15to1200_TuneCP5_5p36TeV_pythia8/260306_002843/0000/HiForestMiniAOD_515.root
Time elapsed: 9272 seconds
File Contains: 115000 entries.
NMiss: 1658648 | NFake: 2347355 | NMatch: 39304046
Processing file 462 of 817: /eos/cms/store/group/phys_heavyions/hbossi/mc_productions/QCD-dijet_pThat15-event-weighted_TuneCP5_5p36TeV_pythia8/OO_MC_DijetEmbedded_pThat-15to1200_TuneCP5_5p36TeV_pythia8/260306_002843/0000/HiForestMiniAOD_516.root
Time elapsed: 9297 seconds
File Contains: 115000 entries.
NMiss: 1662036 | NFake: 2352096 | NMatch: 39382954
Processing file 463 of 817: /eos/cms/store/group/phys_heavyions/hbossi/mc_productions/QCD-dijet_pThat15-event-weighted_TuneCP5_5p36TeV_pythia8/OO_MC_DijetEmbedded_pThat-15to1200_TuneCP5_5p36TeV_pythia8/260306_002843/0000/HiForestMiniAOD_517.root
Time elapsed: 9309 seconds
File Contains: 148000 entries.
NMiss: 1666375 | NFake: 2358203 | NMatch: 39483716
Processing file 464 of 817: /eos/cms/store/group/phys_heavyions/hbossi/mc_productions/QCD-dijet_pThat15-event-weighted_TuneCP5_5p36TeV_pythia8/OO_MC_DijetEmbedded_pThat-15to1200_TuneCP5_5p36TeV_pythia8/260306_002843/0000/HiForestMiniAOD_518.root
Time elapsed: 9326 seconds
File Contains: 151000 entries.
NMiss: 1670724 | NFake: 2364360 | NMatch: 39587914
Processing file 465 of 817: /eos/cms/store/group/phys_heavyions/hbossi/mc_productions/QCD-dijet_pThat15-event-weighted_TuneCP5_5p36TeV_pythia8/OO_MC_DijetEmbedded_pThat-15to1200_TuneCP5_5p36TeV_pythia8/260306_002843/0000/HiForestMiniAOD_519.root
Time elapsed: 9346 seconds
File Contains: 99000 entries.
NMiss: 1673660 | NFake: 2368401 | NMatch: 39655975
Processing file 466 of 817: /eos/cms/store/group/phys_heavyions/hbossi/mc_productions/QCD-dijet_pThat15-event-weighted_TuneCP5_5p36TeV_pythia8/OO_MC_DijetEmbedded_pThat-15to1200_TuneCP5_5p36TeV_pythia8/260306_002843/0000/HiForestMiniAOD_52.root
Time elapsed: 9361 seconds
File Contains: 93000 entries.
NMiss: 1676302 | NFake: 2372196 | NMatch: 39719660
Processing file 467 of 817: /eos/cms/store/group/phys_heavyions/hbossi/mc_productions/QCD-dijet_pThat15-event-weighted_TuneCP5_5p36TeV_pythia8/OO_MC_DijetEmbedded_pThat-15to1200_TuneCP5_5p36TeV_pythia8/260306_002843/0000/HiForestMiniAOD_520.root
Time elapsed: 9377 seconds
File Contains: 144000 entries.
NMiss: 1680472 | NFake: 2377987 | NMatch: 39818216
Processing file 468 of 817: /eos/cms/store/group/phys_heavyions/hbossi/mc_productions/QCD-dijet_pThat15-event-weighted_TuneCP5_5p36TeV_pythia8/OO_MC_DijetEmbedded_pThat-15to1200_TuneCP5_5p36TeV_pythia8/260306_002843/0000/HiForestMiniAOD_521.root
Time elapsed: 9392 seconds
File Contains: 127000 entries.
NMiss: 1684115 | NFake: 2383156 | NMatch: 39905472
Processing file 469 of 817: /eos/cms/store/group/phys_heavyions/hbossi/mc_productions/QCD-dijet_pThat15-event-weighted_TuneCP5_5p36TeV_pythia8/OO_MC_DijetEmbedded_pThat-15to1200_TuneCP5_5p36TeV_pythia8/260306_002843/0000/HiForestMiniAOD_522.root
Time elapsed: 9415 seconds
File Contains: 96000 entries.
NMiss: 1686969 | NFake: 2387095 | NMatch: 39971463
Processing file 470 of 817: /eos/cms/store/group/phys_heavyions/hbossi/mc_productions/QCD-dijet_pThat15-event-weighted_TuneCP5_5p36TeV_pythia8/OO_MC_DijetEmbedded_pThat-15to1200_TuneCP5_5p36TeV_pythia8/260306_002843/0000/HiForestMiniAOD_523.root
Time elapsed: 9438 seconds
File Contains: 93000 entries.
NMiss: 1689702 | NFake: 2390882 | NMatch: 40034813
Processing file 471 of 817: /eos/cms/store/group/phys_heavyions/hbossi/mc_productions/QCD-dijet_pThat15-event-weighted_TuneCP5_5p36TeV_pythia8/OO_MC_DijetEmbedded_pThat-15to1200_TuneCP5_5p36TeV_pythia8/260306_002843/0000/HiForestMiniAOD_524.root
Time elapsed: 9452 seconds
File Contains: 91000 entries.
NMiss: 1692302 | NFake: 2394607 | NMatch: 40097802
Processing file 472 of 817: /eos/cms/store/group/phys_heavyions/hbossi/mc_productions/QCD-dijet_pThat15-event-weighted_TuneCP5_5p36TeV_pythia8/OO_MC_DijetEmbedded_pThat-15to1200_TuneCP5_5p36TeV_pythia8/260306_002843/0000/HiForestMiniAOD_525.root
Time elapsed: 9473 seconds
File Contains: 90000 entries.
NMiss: 1694948 | NFake: 2398234 | NMatch: 40159606
Processing file 473 of 817: /eos/cms/store/group/phys_heavyions/hbossi/mc_productions/QCD-dijet_pThat15-event-weighted_TuneCP5_5p36TeV_pythia8/OO_MC_DijetEmbedded_pThat-15to1200_TuneCP5_5p36TeV_pythia8/260306_002843/0000/HiForestMiniAOD_526.root
Time elapsed: 9490 seconds
File Contains: 115000 entries.
NMiss: 1698260 | NFake: 2403041 | NMatch: 40238450
Processing file 474 of 817: /eos/cms/store/group/phys_heavyions/hbossi/mc_productions/QCD-dijet_pThat15-event-weighted_TuneCP5_5p36TeV_pythia8/OO_MC_DijetEmbedded_pThat-15to1200_TuneCP5_5p36TeV_pythia8/260306_002843/0000/HiForestMiniAOD_527.root
Time elapsed: 9509 seconds
File Contains: 90000 entries.
NMiss: 1700806 | NFake: 2406712 | NMatch: 40300097
Processing file 475 of 817: /eos/cms/store/group/phys_heavyions/hbossi/mc_productions/QCD-dijet_pThat15-event-weighted_TuneCP5_5p36TeV_pythia8/OO_MC_DijetEmbedded_pThat-15to1200_TuneCP5_5p36TeV_pythia8/260306_002843/0000/HiForestMiniAOD_528.root
Time elapsed: 9523 seconds
File Contains: 111000 entries.
NMiss: 1704042 | NFake: 2411349 | NMatch: 40376361
Processing file 476 of 817: /eos/cms/store/group/phys_heavyions/hbossi/mc_productions/QCD-dijet_pThat15-event-weighted_TuneCP5_5p36TeV_pythia8/OO_MC_DijetEmbedded_pThat-15to1200_TuneCP5_5p36TeV_pythia8/260306_002843/0000/HiForestMiniAOD_529.root
Time elapsed: 9544 seconds
File Contains: 130000 entries.
NMiss: 1707801 | NFake: 2416739 | NMatch: 40464770
Processing file 477 of 817: /eos/cms/store/group/phys_heavyions/hbossi/mc_productions/QCD-dijet_pThat15-event-weighted_TuneCP5_5p36TeV_pythia8/OO_MC_DijetEmbedded_pThat-15to1200_TuneCP5_5p36TeV_pythia8/260306_002843/0000/HiForestMiniAOD_53.root
Time elapsed: 9567 seconds
File Contains: 113000 entries.
NMiss: 1711077 | NFake: 2421363 | NMatch: 40542020
Processing file 478 of 817: /eos/cms/store/group/phys_heavyions/hbossi/mc_productions/QCD-dijet_pThat15-event-weighted_TuneCP5_5p36TeV_pythia8/OO_MC_DijetEmbedded_pThat-15to1200_TuneCP5_5p36TeV_pythia8/260306_002843/0000/HiForestMiniAOD_530.root
Time elapsed: 9586 seconds
File Contains: 131000 entries.
NMiss: 1714927 | NFake: 2426684 | NMatch: 40632405
Processing file 479 of 817: /eos/cms/store/group/phys_heavyions/hbossi/mc_productions/QCD-dijet_pThat15-event-weighted_TuneCP5_5p36TeV_pythia8/OO_MC_DijetEmbedded_pThat-15to1200_TuneCP5_5p36TeV_pythia8/260306_002843/0000/HiForestMiniAOD_531.root
Time elapsed: 9603 seconds
File Contains: 126000 entries.
NMiss: 1718565 | NFake: 2431842 | NMatch: 40719164
Processing file 480 of 817: /eos/cms/store/group/phys_heavyions/hbossi/mc_productions/QCD-dijet_pThat15-event-weighted_TuneCP5_5p36TeV_pythia8/OO_MC_DijetEmbedded_pThat-15to1200_TuneCP5_5p36TeV_pythia8/260306_002843/0000/HiForestMiniAOD_532.root
Time elapsed: 9630 seconds
File Contains: 148000 entries.
NMiss: 1722916 | NFake: 2437877 | NMatch: 40820655
Processing file 481 of 817: /eos/cms/store/group/phys_heavyions/hbossi/mc_productions/QCD-dijet_pThat15-event-weighted_TuneCP5_5p36TeV_pythia8/OO_MC_DijetEmbedded_pThat-15to1200_TuneCP5_5p36TeV_pythia8/260306_002843/0000/HiForestMiniAOD_533.root
Time elapsed: 9655 seconds
File Contains: 141000 entries.
NMiss: 1726838 | NFake: 2443523 | NMatch: 40916670
Processing file 482 of 817: /eos/cms/store/group/phys_heavyions/hbossi/mc_productions/QCD-dijet_pThat15-event-weighted_TuneCP5_5p36TeV_pythia8/OO_MC_DijetEmbedded_pThat-15to1200_TuneCP5_5p36TeV_pythia8/260306_002843/0000/HiForestMiniAOD_534.root
Time elapsed: 9673 seconds
File Contains: 70000 entries.
NMiss: 1728838 | NFake: 2446450 | NMatch: 40964937
Processing file 483 of 817: /eos/cms/store/group/phys_heavyions/hbossi/mc_productions/QCD-dijet_pThat15-event-weighted_TuneCP5_5p36TeV_pythia8/OO_MC_DijetEmbedded_pThat-15to1200_TuneCP5_5p36TeV_pythia8/260306_002843/0000/HiForestMiniAOD_535.root
Time elapsed: 9689 seconds
File Contains: 121000 entries.
NMiss: 1732302 | NFake: 2451449 | NMatch: 41047835
Processing file 484 of 817: /eos/cms/store/group/phys_heavyions/hbossi/mc_productions/QCD-dijet_pThat15-event-weighted_TuneCP5_5p36TeV_pythia8/OO_MC_DijetEmbedded_pThat-15to1200_TuneCP5_5p36TeV_pythia8/260306_002843/0000/HiForestMiniAOD_536.root
Time elapsed: 9709 seconds
File Contains: 134000 entries.
NMiss: 1736122 | NFake: 2457017 | NMatch: 41139633
Processing file 485 of 817: /eos/cms/store/group/phys_heavyions/hbossi/mc_productions/QCD-dijet_pThat15-event-weighted_TuneCP5_5p36TeV_pythia8/OO_MC_DijetEmbedded_pThat-15to1200_TuneCP5_5p36TeV_pythia8/260306_002843/0000/HiForestMiniAOD_537.root
Time elapsed: 9734 seconds
File Contains: 167000 entries.
NMiss: 1741013 | NFake: 2463809 | NMatch: 41253848
Processing file 486 of 817: /eos/cms/store/group/phys_heavyions/hbossi/mc_productions/QCD-dijet_pThat15-event-weighted_TuneCP5_5p36TeV_pythia8/OO_MC_DijetEmbedded_pThat-15to1200_TuneCP5_5p36TeV_pythia8/260306_002843/0000/HiForestMiniAOD_538.root
Time elapsed: 9754 seconds
File Contains: 131000 entries.
NMiss: 1744934 | NFake: 2469156 | NMatch: 41343889
Processing file 487 of 817: /eos/cms/store/group/phys_heavyions/hbossi/mc_productions/QCD-dijet_pThat15-event-weighted_TuneCP5_5p36TeV_pythia8/OO_MC_DijetEmbedded_pThat-15to1200_TuneCP5_5p36TeV_pythia8/260306_002843/0000/HiForestMiniAOD_539.root
Time elapsed: 9778 seconds
File Contains: 153000 entries.
NMiss: 1749339 | NFake: 2475335 | NMatch: 41449304
Processing file 488 of 817: /eos/cms/store/group/phys_heavyions/hbossi/mc_productions/QCD-dijet_pThat15-event-weighted_TuneCP5_5p36TeV_pythia8/OO_MC_DijetEmbedded_pThat-15to1200_TuneCP5_5p36TeV_pythia8/260306_002843/0000/HiForestMiniAOD_54.root
Time elapsed: 9798 seconds
File Contains: 163000 entries.
NMiss: 1754013 | NFake: 2481970 | NMatch: 41560789
Processing file 489 of 817: /eos/cms/store/group/phys_heavyions/hbossi/mc_productions/QCD-dijet_pThat15-event-weighted_TuneCP5_5p36TeV_pythia8/OO_MC_DijetEmbedded_pThat-15to1200_TuneCP5_5p36TeV_pythia8/260306_002843/0000/HiForestMiniAOD_540.root
Time elapsed: 9825 seconds
File Contains: 108000 entries.
NMiss: 1757126 | NFake: 2486453 | NMatch: 41634798
Processing file 490 of 817: /eos/cms/store/group/phys_heavyions/hbossi/mc_productions/QCD-dijet_pThat15-event-weighted_TuneCP5_5p36TeV_pythia8/OO_MC_DijetEmbedded_pThat-15to1200_TuneCP5_5p36TeV_pythia8/260306_002843/0000/HiForestMiniAOD_541.root
Time elapsed: 9843 seconds
File Contains: 154000 entries.
NMiss: 1761533 | NFake: 2492620 | NMatch: 41740391
Processing file 491 of 817: /eos/cms/store/group/phys_heavyions/hbossi/mc_productions/QCD-dijet_pThat15-event-weighted_TuneCP5_5p36TeV_pythia8/OO_MC_DijetEmbedded_pThat-15to1200_TuneCP5_5p36TeV_pythia8/260306_002843/0000/HiForestMiniAOD_542.root
Time elapsed: 9861 seconds
File Contains: 146000 entries.
NMiss: 1765772 | NFake: 2498546 | NMatch: 41840395
Processing file 492 of 817: /eos/cms/store/group/phys_heavyions/hbossi/mc_productions/QCD-dijet_pThat15-event-weighted_TuneCP5_5p36TeV_pythia8/OO_MC_DijetEmbedded_pThat-15to1200_TuneCP5_5p36TeV_pythia8/260306_002843/0000/HiForestMiniAOD_543.root
Time elapsed: 9883 seconds
File Contains: 101000 entries.
NMiss: 1768737 | NFake: 2502645 | NMatch: 41909566
Processing file 493 of 817: /eos/cms/store/group/phys_heavyions/hbossi/mc_productions/QCD-dijet_pThat15-event-weighted_TuneCP5_5p36TeV_pythia8/OO_MC_DijetEmbedded_pThat-15to1200_TuneCP5_5p36TeV_pythia8/260306_002843/0000/HiForestMiniAOD_544.root
Time elapsed: 9899 seconds
File Contains: 133000 entries.
NMiss: 1772568 | NFake: 2508157 | NMatch: 42000557
Processing file 494 of 817: /eos/cms/store/group/phys_heavyions/hbossi/mc_productions/QCD-dijet_pThat15-event-weighted_TuneCP5_5p36TeV_pythia8/OO_MC_DijetEmbedded_pThat-15to1200_TuneCP5_5p36TeV_pythia8/260306_002843/0000/HiForestMiniAOD_545.root
Time elapsed: 9920 seconds
File Contains: 106000 entries.
NMiss: 1775590 | NFake: 2512555 | NMatch: 42073368
Processing file 495 of 817: /eos/cms/store/group/phys_heavyions/hbossi/mc_productions/QCD-dijet_pThat15-event-weighted_TuneCP5_5p36TeV_pythia8/OO_MC_DijetEmbedded_pThat-15to1200_TuneCP5_5p36TeV_pythia8/260306_002843/0000/HiForestMiniAOD_546.root
Time elapsed: 9933 seconds
File Contains: 108000 entries.
NMiss: 1778657 | NFake: 2516904 | NMatch: 42147945
Processing file 496 of 817: /eos/cms/store/group/phys_heavyions/hbossi/mc_productions/QCD-dijet_pThat15-event-weighted_TuneCP5_5p36TeV_pythia8/OO_MC_DijetEmbedded_pThat-15to1200_TuneCP5_5p36TeV_pythia8/260306_002843/0000/HiForestMiniAOD_547.root
Time elapsed: 9949 seconds
File Contains: 147000 entries.
NMiss: 1782961 | NFake: 2522909 | NMatch: 42248643
Processing file 497 of 817: /eos/cms/store/group/phys_heavyions/hbossi/mc_productions/QCD-dijet_pThat15-event-weighted_TuneCP5_5p36TeV_pythia8/OO_MC_DijetEmbedded_pThat-15to1200_TuneCP5_5p36TeV_pythia8/260306_002843/0000/HiForestMiniAOD_548.root
Time elapsed: 9970 seconds
File Contains: 125000 entries.
NMiss: 1786617 | NFake: 2527868 | NMatch: 42333865
Processing file 498 of 817: /eos/cms/store/group/phys_heavyions/hbossi/mc_productions/QCD-dijet_pThat15-event-weighted_TuneCP5_5p36TeV_pythia8/OO_MC_DijetEmbedded_pThat-15to1200_TuneCP5_5p36TeV_pythia8/260306_002843/0000/HiForestMiniAOD_549.root
Time elapsed: 9987 seconds
File Contains: 100000 entries.
NMiss: 1789592 | NFake: 2531969 | NMatch: 42402827
Processing file 499 of 817: /eos/cms/store/group/phys_heavyions/hbossi/mc_productions/QCD-dijet_pThat15-event-weighted_TuneCP5_5p36TeV_pythia8/OO_MC_DijetEmbedded_pThat-15to1200_TuneCP5_5p36TeV_pythia8/260306_002843/0000/HiForestMiniAOD_55.root
Time elapsed: 10004 seconds
File Contains: 90000 entries.
NMiss: 1792183 | NFake: 2535775 | NMatch: 42464683
Processing file 500 of 817: /eos/cms/store/group/phys_heavyions/hbossi/mc_productions/QCD-dijet_pThat15-event-weighted_TuneCP5_5p36TeV_pythia8/OO_MC_DijetEmbedded_pThat-15to1200_TuneCP5_5p36TeV_pythia8/260306_002843/0000/HiForestMiniAOD_550.root
Time elapsed: 10016 seconds
File Contains: 114000 entries.
NMiss: 1795536 | NFake: 2540384 | NMatch: 42542281
Processing file 501 of 817: /eos/cms/store/group/phys_heavyions/hbossi/mc_productions/QCD-dijet_pThat15-event-weighted_TuneCP5_5p36TeV_pythia8/OO_MC_DijetEmbedded_pThat-15to1200_TuneCP5_5p36TeV_pythia8/260306_002843/0000/HiForestMiniAOD_551.root
Time elapsed: 10034 seconds
File Contains: 108000 entries.
NMiss: 1798612 | NFake: 2544789 | NMatch: 42616325
Processing file 502 of 817: /eos/cms/store/group/phys_heavyions/hbossi/mc_productions/QCD-dijet_pThat15-event-weighted_TuneCP5_5p36TeV_pythia8/OO_MC_DijetEmbedded_pThat-15to1200_TuneCP5_5p36TeV_pythia8/260306_002843/0000/HiForestMiniAOD_552.root
Time elapsed: 10064 seconds
File Contains: 108000 entries.
NMiss: 1801683 | NFake: 2549267 | NMatch: 42690033
Processing file 503 of 817: /eos/cms/store/group/phys_heavyions/hbossi/mc_productions/QCD-dijet_pThat15-event-weighted_TuneCP5_5p36TeV_pythia8/OO_MC_DijetEmbedded_pThat-15to1200_TuneCP5_5p36TeV_pythia8/260306_002843/0000/HiForestMiniAOD_553.root
Time elapsed: 10079 seconds
File Contains: 116000 entries.
NMiss: 1805063 | NFake: 2554057 | NMatch: 42769493
Processing file 504 of 817: /eos/cms/store/group/phys_heavyions/hbossi/mc_productions/QCD-dijet_pThat15-event-weighted_TuneCP5_5p36TeV_pythia8/OO_MC_DijetEmbedded_pThat-15to1200_TuneCP5_5p36TeV_pythia8/260306_002843/0000/HiForestMiniAOD_554.root
Time elapsed: 10094 seconds
File Contains: 167000 entries.
NMiss: 1809889 | NFake: 2560868 | NMatch: 42884375
Processing file 505 of 817: /eos/cms/store/group/phys_heavyions/hbossi/mc_productions/QCD-dijet_pThat15-event-weighted_TuneCP5_5p36TeV_pythia8/OO_MC_DijetEmbedded_pThat-15to1200_TuneCP5_5p36TeV_pythia8/260306_002843/0000/HiForestMiniAOD_555.root
Time elapsed: 10111 seconds
File Contains: 140000 entries.
NMiss: 1813986 | NFake: 2566505 | NMatch: 42980231
Processing file 506 of 817: /eos/cms/store/group/phys_heavyions/hbossi/mc_productions/QCD-dijet_pThat15-event-weighted_TuneCP5_5p36TeV_pythia8/OO_MC_DijetEmbedded_pThat-15to1200_TuneCP5_5p36TeV_pythia8/260306_002843/0000/HiForestMiniAOD_556.root
Time elapsed: 10129 seconds
File Contains: 90000 entries.
NMiss: 1816569 | NFake: 2570139 | NMatch: 43042134
Processing file 507 of 817: /eos/cms/store/group/phys_heavyions/hbossi/mc_productions/QCD-dijet_pThat15-event-weighted_TuneCP5_5p36TeV_pythia8/OO_MC_DijetEmbedded_pThat-15to1200_TuneCP5_5p36TeV_pythia8/260306_002843/0000/HiForestMiniAOD_557.root
Time elapsed: 10146 seconds
File Contains: 110000 entries.
NMiss: 1819732 | NFake: 2574710 | NMatch: 43117819
Processing file 508 of 817: /eos/cms/store/group/phys_heavyions/hbossi/mc_productions/QCD-dijet_pThat15-event-weighted_TuneCP5_5p36TeV_pythia8/OO_MC_DijetEmbedded_pThat-15to1200_TuneCP5_5p36TeV_pythia8/260306_002843/0000/HiForestMiniAOD_558.root
Time elapsed: 10184 seconds
File Contains: 165000 entries.
NMiss: 1824538 | NFake: 2581542 | NMatch: 43230332
Processing file 509 of 817: /eos/cms/store/group/phys_heavyions/hbossi/mc_productions/QCD-dijet_pThat15-event-weighted_TuneCP5_5p36TeV_pythia8/OO_MC_DijetEmbedded_pThat-15to1200_TuneCP5_5p36TeV_pythia8/260306_002843/0000/HiForestMiniAOD_559.root
Time elapsed: 10203 seconds
File Contains: 136000 entries.
NMiss: 1828386 | NFake: 2586988 | NMatch: 43323682
Processing file 510 of 817: /eos/cms/store/group/phys_heavyions/hbossi/mc_productions/QCD-dijet_pThat15-event-weighted_TuneCP5_5p36TeV_pythia8/OO_MC_DijetEmbedded_pThat-15to1200_TuneCP5_5p36TeV_pythia8/260306_002843/0000/HiForestMiniAOD_56.root
Time elapsed: 10222 seconds
File Contains: 103000 entries.
NMiss: 1831284 | NFake: 2591168 | NMatch: 43394473
Processing file 511 of 817: /eos/cms/store/group/phys_heavyions/hbossi/mc_productions/QCD-dijet_pThat15-event-weighted_TuneCP5_5p36TeV_pythia8/OO_MC_DijetEmbedded_pThat-15to1200_TuneCP5_5p36TeV_pythia8/260306_002843/0000/HiForestMiniAOD_560.root
Time elapsed: 10244 seconds
File Contains: 112000 entries.
NMiss: 1834466 | NFake: 2595746 | NMatch: 43471296
Processing file 512 of 817: /eos/cms/store/group/phys_heavyions/hbossi/mc_productions/QCD-dijet_pThat15-event-weighted_TuneCP5_5p36TeV_pythia8/OO_MC_DijetEmbedded_pThat-15to1200_TuneCP5_5p36TeV_pythia8/260306_002843/0000/HiForestMiniAOD_561.root
Time elapsed: 10257 seconds
File Contains: 128000 entries.
NMiss: 1838133 | NFake: 2600934 | NMatch: 43559632
Processing file 513 of 817: /eos/cms/store/group/phys_heavyions/hbossi/mc_productions/QCD-dijet_pThat15-event-weighted_TuneCP5_5p36TeV_pythia8/OO_MC_DijetEmbedded_pThat-15to1200_TuneCP5_5p36TeV_pythia8/260306_002843/0000/HiForestMiniAOD_562.root
Time elapsed: 10280 seconds
File Contains: 165000 entries.
NMiss: 1842867 | NFake: 2607598 | NMatch: 43672335
Processing file 514 of 817: /eos/cms/store/group/phys_heavyions/hbossi/mc_productions/QCD-dijet_pThat15-event-weighted_TuneCP5_5p36TeV_pythia8/OO_MC_DijetEmbedded_pThat-15to1200_TuneCP5_5p36TeV_pythia8/260306_002843/0000/HiForestMiniAOD_563.root
Time elapsed: 10299 seconds
File Contains: 149000 entries.
NMiss: 1847146 | NFake: 2613698 | NMatch: 43774444
Processing file 515 of 817: /eos/cms/store/group/phys_heavyions/hbossi/mc_productions/QCD-dijet_pThat15-event-weighted_TuneCP5_5p36TeV_pythia8/OO_MC_DijetEmbedded_pThat-15to1200_TuneCP5_5p36TeV_pythia8/260306_002843/0000/HiForestMiniAOD_564.root
Time elapsed: 10315 seconds
File Contains: 93000 entries.
NMiss: 1849769 | NFake: 2617459 | NMatch: 43838064
Processing file 516 of 817: /eos/cms/store/group/phys_heavyions/hbossi/mc_productions/QCD-dijet_pThat15-event-weighted_TuneCP5_5p36TeV_pythia8/OO_MC_DijetEmbedded_pThat-15to1200_TuneCP5_5p36TeV_pythia8/260306_002843/0000/HiForestMiniAOD_565.root
Time elapsed: 10329 seconds
File Contains: 95000 entries.
NMiss: 1852521 | NFake: 2621389 | NMatch: 43902981
Processing file 517 of 817: /eos/cms/store/group/phys_heavyions/hbossi/mc_productions/QCD-dijet_pThat15-event-weighted_TuneCP5_5p36TeV_pythia8/OO_MC_DijetEmbedded_pThat-15to1200_TuneCP5_5p36TeV_pythia8/260306_002843/0000/HiForestMiniAOD_566.root
Time elapsed: 10345 seconds
File Contains: 159000 entries.
NMiss: 1857131 | NFake: 2627820 | NMatch: 44011965
Processing file 518 of 817: /eos/cms/store/group/phys_heavyions/hbossi/mc_productions/QCD-dijet_pThat15-event-weighted_TuneCP5_5p36TeV_pythia8/OO_MC_DijetEmbedded_pThat-15to1200_TuneCP5_5p36TeV_pythia8/260306_002843/0000/HiForestMiniAOD_567.root
Time elapsed: 10368 seconds
File Contains: 155000 entries.
NMiss: 1861545 | NFake: 2634119 | NMatch: 44117712
Processing file 519 of 817: /eos/cms/store/group/phys_heavyions/hbossi/mc_productions/QCD-dijet_pThat15-event-weighted_TuneCP5_5p36TeV_pythia8/OO_MC_DijetEmbedded_pThat-15to1200_TuneCP5_5p36TeV_pythia8/260306_002843/0000/HiForestMiniAOD_568.root
Time elapsed: 10391 seconds
File Contains: 165000 entries.
NMiss: 1866373 | NFake: 2640971 | NMatch: 44230700
Processing file 520 of 817: /eos/cms/store/group/phys_heavyions/hbossi/mc_productions/QCD-dijet_pThat15-event-weighted_TuneCP5_5p36TeV_pythia8/OO_MC_DijetEmbedded_pThat-15to1200_TuneCP5_5p36TeV_pythia8/260306_002843/0000/HiForestMiniAOD_569.root
Time elapsed: 10415 seconds
File Contains: 129000 entries.
NMiss: 1870064 | NFake: 2646196 | NMatch: 44318982
Processing file 521 of 817: /eos/cms/store/group/phys_heavyions/hbossi/mc_productions/QCD-dijet_pThat15-event-weighted_TuneCP5_5p36TeV_pythia8/OO_MC_DijetEmbedded_pThat-15to1200_TuneCP5_5p36TeV_pythia8/260306_002843/0000/HiForestMiniAOD_57.root
Time elapsed: 10437 seconds
File Contains: 122000 entries.
NMiss: 1873684 | NFake: 2651228 | NMatch: 44402883
Processing file 522 of 817: /eos/cms/store/group/phys_heavyions/hbossi/mc_productions/QCD-dijet_pThat15-event-weighted_TuneCP5_5p36TeV_pythia8/OO_MC_DijetEmbedded_pThat-15to1200_TuneCP5_5p36TeV_pythia8/260306_002843/0000/HiForestMiniAOD_570.root
Time elapsed: 10474 seconds
File Contains: 129000 entries.
NMiss: 1877467 | NFake: 2656406 | NMatch: 44491411
Processing file 523 of 817: /eos/cms/store/group/phys_heavyions/hbossi/mc_productions/QCD-dijet_pThat15-event-weighted_TuneCP5_5p36TeV_pythia8/OO_MC_DijetEmbedded_pThat-15to1200_TuneCP5_5p36TeV_pythia8/260306_002843/0000/HiForestMiniAOD_571.root
Time elapsed: 10493 seconds
File Contains: 120000 entries.
NMiss: 1880953 | NFake: 2661330 | NMatch: 44573514
Processing file 524 of 817: /eos/cms/store/group/phys_heavyions/hbossi/mc_productions/QCD-dijet_pThat15-event-weighted_TuneCP5_5p36TeV_pythia8/OO_MC_DijetEmbedded_pThat-15to1200_TuneCP5_5p36TeV_pythia8/260306_002843/0000/HiForestMiniAOD_572.root
Time elapsed: 10514 seconds
File Contains: 143000 entries.
NMiss: 1885107 | NFake: 2667111 | NMatch: 44671980
Processing file 525 of 817: /eos/cms/store/group/phys_heavyions/hbossi/mc_productions/QCD-dijet_pThat15-event-weighted_TuneCP5_5p36TeV_pythia8/OO_MC_DijetEmbedded_pThat-15to1200_TuneCP5_5p36TeV_pythia8/260306_002843/0000/HiForestMiniAOD_573.root
Time elapsed: 10534 seconds
File Contains: 113000 entries.
NMiss: 1888355 | NFake: 2671764 | NMatch: 44749051
Processing file 526 of 817: /eos/cms/store/group/phys_heavyions/hbossi/mc_productions/QCD-dijet_pThat15-event-weighted_TuneCP5_5p36TeV_pythia8/OO_MC_DijetEmbedded_pThat-15to1200_TuneCP5_5p36TeV_pythia8/260306_002843/0000/HiForestMiniAOD_574.root
Time elapsed: 10552 seconds
File Contains: 115000 entries.
NMiss: 1891817 | NFake: 2676446 | NMatch: 44827469
Processing file 527 of 817: /eos/cms/store/group/phys_heavyions/hbossi/mc_productions/QCD-dijet_pThat15-event-weighted_TuneCP5_5p36TeV_pythia8/OO_MC_DijetEmbedded_pThat-15to1200_TuneCP5_5p36TeV_pythia8/260306_002843/0000/HiForestMiniAOD_575.root
Time elapsed: 10567 seconds
File Contains: 102000 entries.
NMiss: 1894673 | NFake: 2680554 | NMatch: 44897399
Processing file 528 of 817: /eos/cms/store/group/phys_heavyions/hbossi/mc_productions/QCD-dijet_pThat15-event-weighted_TuneCP5_5p36TeV_pythia8/OO_MC_DijetEmbedded_pThat-15to1200_TuneCP5_5p36TeV_pythia8/260306_002843/0000/HiForestMiniAOD_576.root
Time elapsed: 10589 seconds
File Contains: 143000 entries.
NMiss: 1898795 | NFake: 2686351 | NMatch: 44995248
Processing file 529 of 817: /eos/cms/store/group/phys_heavyions/hbossi/mc_productions/QCD-dijet_pThat15-event-weighted_TuneCP5_5p36TeV_pythia8/OO_MC_DijetEmbedded_pThat-15to1200_TuneCP5_5p36TeV_pythia8/260306_002843/0000/HiForestMiniAOD_577.root
Time elapsed: 10611 seconds
File Contains: 114000 entries.
NMiss: 1902090 | NFake: 2691005 | NMatch: 45073603
Processing file 530 of 817: /eos/cms/store/group/phys_heavyions/hbossi/mc_productions/QCD-dijet_pThat15-event-weighted_TuneCP5_5p36TeV_pythia8/OO_MC_DijetEmbedded_pThat-15to1200_TuneCP5_5p36TeV_pythia8/260306_002843/0000/HiForestMiniAOD_578.root
Time elapsed: 10626 seconds
File Contains: 114000 entries.
NMiss: 1905439 | NFake: 2695663 | NMatch: 45151306
Processing file 531 of 817: /eos/cms/store/group/phys_heavyions/hbossi/mc_productions/QCD-dijet_pThat15-event-weighted_TuneCP5_5p36TeV_pythia8/OO_MC_DijetEmbedded_pThat-15to1200_TuneCP5_5p36TeV_pythia8/260306_002843/0000/HiForestMiniAOD_579.root
Time elapsed: 10643 seconds
File Contains: 145000 entries.
NMiss: 1909625 | NFake: 2701710 | NMatch: 45250393
Processing file 532 of 817: /eos/cms/store/group/phys_heavyions/hbossi/mc_productions/QCD-dijet_pThat15-event-weighted_TuneCP5_5p36TeV_pythia8/OO_MC_DijetEmbedded_pThat-15to1200_TuneCP5_5p36TeV_pythia8/260306_002843/0000/HiForestMiniAOD_58.root
Time elapsed: 10660 seconds
File Contains: 97000 entries.
NMiss: 1912457 | NFake: 2705687 | NMatch: 45317562
Processing file 533 of 817: /eos/cms/store/group/phys_heavyions/hbossi/mc_productions/QCD-dijet_pThat15-event-weighted_TuneCP5_5p36TeV_pythia8/OO_MC_DijetEmbedded_pThat-15to1200_TuneCP5_5p36TeV_pythia8/260306_002843/0000/HiForestMiniAOD_580.root
Time elapsed: 10673 seconds
File Contains: 94000 entries.
NMiss: 1915127 | NFake: 2709485 | NMatch: 45381729
Processing file 534 of 817: /eos/cms/store/group/phys_heavyions/hbossi/mc_productions/QCD-dijet_pThat15-event-weighted_TuneCP5_5p36TeV_pythia8/OO_MC_DijetEmbedded_pThat-15to1200_TuneCP5_5p36TeV_pythia8/260306_002843/0000/HiForestMiniAOD_581.root
Time elapsed: 10687 seconds
File Contains: 116000 entries.
NMiss: 1918376 | NFake: 2714289 | NMatch: 45460811
Processing file 535 of 817: /eos/cms/store/group/phys_heavyions/hbossi/mc_productions/QCD-dijet_pThat15-event-weighted_TuneCP5_5p36TeV_pythia8/OO_MC_DijetEmbedded_pThat-15to1200_TuneCP5_5p36TeV_pythia8/260306_002843/0000/HiForestMiniAOD_582.root
Time elapsed: 10705 seconds
File Contains: 142000 entries.
NMiss: 1922547 | NFake: 2719986 | NMatch: 45557781
Processing file 536 of 817: /eos/cms/store/group/phys_heavyions/hbossi/mc_productions/QCD-dijet_pThat15-event-weighted_TuneCP5_5p36TeV_pythia8/OO_MC_DijetEmbedded_pThat-15to1200_TuneCP5_5p36TeV_pythia8/260306_002843/0000/HiForestMiniAOD_583.root
Time elapsed: 10737 seconds
File Contains: 118000 entries.
NMiss: 1925960 | NFake: 2724812 | NMatch: 45638505
Processing file 537 of 817: /eos/cms/store/group/phys_heavyions/hbossi/mc_productions/QCD-dijet_pThat15-event-weighted_TuneCP5_5p36TeV_pythia8/OO_MC_DijetEmbedded_pThat-15to1200_TuneCP5_5p36TeV_pythia8/260306_002843/0000/HiForestMiniAOD_584.root
Time elapsed: 10754 seconds
File Contains: 105000 entries.
NMiss: 1928924 | NFake: 2729158 | NMatch: 45710869
Processing file 538 of 817: /eos/cms/store/group/phys_heavyions/hbossi/mc_productions/QCD-dijet_pThat15-event-weighted_TuneCP5_5p36TeV_pythia8/OO_MC_DijetEmbedded_pThat-15to1200_TuneCP5_5p36TeV_pythia8/260306_002843/0000/HiForestMiniAOD_585.root
Time elapsed: 10766 seconds
File Contains: 97000 entries.
NMiss: 1931819 | NFake: 2733063 | NMatch: 45777221
Processing file 539 of 817: /eos/cms/store/group/phys_heavyions/hbossi/mc_productions/QCD-dijet_pThat15-event-weighted_TuneCP5_5p36TeV_pythia8/OO_MC_DijetEmbedded_pThat-15to1200_TuneCP5_5p36TeV_pythia8/260306_002843/0000/HiForestMiniAOD_586.root
Time elapsed: 10784 seconds
File Contains: 167000 entries.
NMiss: 1936626 | NFake: 2740081 | NMatch: 45891897
Processing file 540 of 817: /eos/cms/store/group/phys_heavyions/hbossi/mc_productions/QCD-dijet_pThat15-event-weighted_TuneCP5_5p36TeV_pythia8/OO_MC_DijetEmbedded_pThat-15to1200_TuneCP5_5p36TeV_pythia8/260306_002843/0000/HiForestMiniAOD_587.root
Time elapsed: 10805 seconds
File Contains: 103000 entries.
NMiss: 1939476 | NFake: 2744233 | NMatch: 45962121
Processing file 541 of 817: /eos/cms/store/group/phys_heavyions/hbossi/mc_productions/QCD-dijet_pThat15-event-weighted_TuneCP5_5p36TeV_pythia8/OO_MC_DijetEmbedded_pThat-15to1200_TuneCP5_5p36TeV_pythia8/260306_002843/0000/HiForestMiniAOD_588.root
Time elapsed: 10815 seconds
File Contains: 106000 entries.
NMiss: 1942531 | NFake: 2748686 | NMatch: 46035070
Processing file 542 of 817: /eos/cms/store/group/phys_heavyions/hbossi/mc_productions/QCD-dijet_pThat15-event-weighted_TuneCP5_5p36TeV_pythia8/OO_MC_DijetEmbedded_pThat-15to1200_TuneCP5_5p36TeV_pythia8/260306_002843/0000/HiForestMiniAOD_589.root
Time elapsed: 10834 seconds
File Contains: 115000 entries.
NMiss: 1945873 | NFake: 2753407 | NMatch: 46113078
Processing file 543 of 817: /eos/cms/store/group/phys_heavyions/hbossi/mc_productions/QCD-dijet_pThat15-event-weighted_TuneCP5_5p36TeV_pythia8/OO_MC_DijetEmbedded_pThat-15to1200_TuneCP5_5p36TeV_pythia8/260306_002843/0000/HiForestMiniAOD_59.root
Time elapsed: 10855 seconds
File Contains: 106000 entries.
NMiss: 1948923 | NFake: 2757810 | NMatch: 46186042
Processing file 544 of 817: /eos/cms/store/group/phys_heavyions/hbossi/mc_productions/QCD-dijet_pThat15-event-weighted_TuneCP5_5p36TeV_pythia8/OO_MC_DijetEmbedded_pThat-15to1200_TuneCP5_5p36TeV_pythia8/260306_002843/0000/HiForestMiniAOD_590.root
Time elapsed: 10874 seconds
File Contains: 128000 entries.
NMiss: 1952622 | NFake: 2763088 | NMatch: 46273539
Processing file 545 of 817: /eos/cms/store/group/phys_heavyions/hbossi/mc_productions/QCD-dijet_pThat15-event-weighted_TuneCP5_5p36TeV_pythia8/OO_MC_DijetEmbedded_pThat-15to1200_TuneCP5_5p36TeV_pythia8/260306_002843/0000/HiForestMiniAOD_591.root
Time elapsed: 10899 seconds
File Contains: 123000 entries.
NMiss: 1956256 | NFake: 2768195 | NMatch: 46357838
Processing file 546 of 817: /eos/cms/store/group/phys_heavyions/hbossi/mc_productions/QCD-dijet_pThat15-event-weighted_TuneCP5_5p36TeV_pythia8/OO_MC_DijetEmbedded_pThat-15to1200_TuneCP5_5p36TeV_pythia8/260306_002843/0000/HiForestMiniAOD_592.root
Time elapsed: 10914 seconds
File Contains: 108000 entries.
NMiss: 1959334 | NFake: 2772643 | NMatch: 46432086
Processing file 547 of 817: /eos/cms/store/group/phys_heavyions/hbossi/mc_productions/QCD-dijet_pThat15-event-weighted_TuneCP5_5p36TeV_pythia8/OO_MC_DijetEmbedded_pThat-15to1200_TuneCP5_5p36TeV_pythia8/260306_002843/0000/HiForestMiniAOD_593.root
Time elapsed: 10930 seconds
File Contains: 139000 entries.
NMiss: 1963234 | NFake: 2778320 | NMatch: 46527511
Processing file 548 of 817: /eos/cms/store/group/phys_heavyions/hbossi/mc_productions/QCD-dijet_pThat15-event-weighted_TuneCP5_5p36TeV_pythia8/OO_MC_DijetEmbedded_pThat-15to1200_TuneCP5_5p36TeV_pythia8/260306_002843/0000/HiForestMiniAOD_594.root
Time elapsed: 10947 seconds
File Contains: 119000 entries.
NMiss: 1966718 | NFake: 2783251 | NMatch: 46609235
Processing file 549 of 817: /eos/cms/store/group/phys_heavyions/hbossi/mc_productions/QCD-dijet_pThat15-event-weighted_TuneCP5_5p36TeV_pythia8/OO_MC_DijetEmbedded_pThat-15to1200_TuneCP5_5p36TeV_pythia8/260306_002843/0000/HiForestMiniAOD_595.root
Time elapsed: 10965 seconds
File Contains: 108000 entries.
NMiss: 1969849 | NFake: 2787570 | NMatch: 46683753
Processing file 550 of 817: /eos/cms/store/group/phys_heavyions/hbossi/mc_productions/QCD-dijet_pThat15-event-weighted_TuneCP5_5p36TeV_pythia8/OO_MC_DijetEmbedded_pThat-15to1200_TuneCP5_5p36TeV_pythia8/260306_002843/0000/HiForestMiniAOD_596.root
Time elapsed: 10978 seconds
File Contains: 112000 entries.
NMiss: 1972997 | NFake: 2792151 | NMatch: 46760246
Processing file 551 of 817: /eos/cms/store/group/phys_heavyions/hbossi/mc_productions/QCD-dijet_pThat15-event-weighted_TuneCP5_5p36TeV_pythia8/OO_MC_DijetEmbedded_pThat-15to1200_TuneCP5_5p36TeV_pythia8/260306_002843/0000/HiForestMiniAOD_597.root
Time elapsed: 11001 seconds
File Contains: 128000 entries.
NMiss: 1976785 | NFake: 2797361 | NMatch: 46848292
Processing file 552 of 817: /eos/cms/store/group/phys_heavyions/hbossi/mc_productions/QCD-dijet_pThat15-event-weighted_TuneCP5_5p36TeV_pythia8/OO_MC_DijetEmbedded_pThat-15to1200_TuneCP5_5p36TeV_pythia8/260306_002843/0000/HiForestMiniAOD_598.root
Time elapsed: 11022 seconds
File Contains: 142000 entries.
NMiss: 1980941 | NFake: 2803133 | NMatch: 46945498
Processing file 553 of 817: /eos/cms/store/group/phys_heavyions/hbossi/mc_productions/QCD-dijet_pThat15-event-weighted_TuneCP5_5p36TeV_pythia8/OO_MC_DijetEmbedded_pThat-15to1200_TuneCP5_5p36TeV_pythia8/260306_002843/0000/HiForestMiniAOD_599.root
Time elapsed: 11041 seconds
File Contains: 138000 entries.
NMiss: 1984953 | NFake: 2808836 | NMatch: 47040372
Processing file 554 of 817: /eos/cms/store/group/phys_heavyions/hbossi/mc_productions/QCD-dijet_pThat15-event-weighted_TuneCP5_5p36TeV_pythia8/OO_MC_DijetEmbedded_pThat-15to1200_TuneCP5_5p36TeV_pythia8/260306_002843/0000/HiForestMiniAOD_6.root
Time elapsed: 11062 seconds
File Contains: 163000 entries.
NMiss: 1989649 | NFake: 2815330 | NMatch: 47151717
Processing file 555 of 817: /eos/cms/store/group/phys_heavyions/hbossi/mc_productions/QCD-dijet_pThat15-event-weighted_TuneCP5_5p36TeV_pythia8/OO_MC_DijetEmbedded_pThat-15to1200_TuneCP5_5p36TeV_pythia8/260306_002843/0000/HiForestMiniAOD_60.root
Time elapsed: 11086 seconds
File Contains: 133000 entries.
NMiss: 1993506 | NFake: 2820695 | NMatch: 47242805
Processing file 556 of 817: /eos/cms/store/group/phys_heavyions/hbossi/mc_productions/QCD-dijet_pThat15-event-weighted_TuneCP5_5p36TeV_pythia8/OO_MC_DijetEmbedded_pThat-15to1200_TuneCP5_5p36TeV_pythia8/260306_002843/0000/HiForestMiniAOD_600.root
Time elapsed: 11111 seconds
File Contains: 91000 entries.
NMiss: 1996215 | NFake: 2824423 | NMatch: 47305284
Processing file 557 of 817: /eos/cms/store/group/phys_heavyions/hbossi/mc_productions/QCD-dijet_pThat15-event-weighted_TuneCP5_5p36TeV_pythia8/OO_MC_DijetEmbedded_pThat-15to1200_TuneCP5_5p36TeV_pythia8/260306_002843/0000/HiForestMiniAOD_601.root
Time elapsed: 11129 seconds
File Contains: 137000 entries.
NMiss: 2000124 | NFake: 2830106 | NMatch: 47398881
Processing file 558 of 817: /eos/cms/store/group/phys_heavyions/hbossi/mc_productions/QCD-dijet_pThat15-event-weighted_TuneCP5_5p36TeV_pythia8/OO_MC_DijetEmbedded_pThat-15to1200_TuneCP5_5p36TeV_pythia8/260306_002843/0000/HiForestMiniAOD_602.root
Time elapsed: 11150 seconds
File Contains: 92000 entries.
NMiss: 2002819 | NFake: 2833791 | NMatch: 47461459
Processing file 559 of 817: /eos/cms/store/group/phys_heavyions/hbossi/mc_productions/QCD-dijet_pThat15-event-weighted_TuneCP5_5p36TeV_pythia8/OO_MC_DijetEmbedded_pThat-15to1200_TuneCP5_5p36TeV_pythia8/260306_002843/0000/HiForestMiniAOD_603.root
Time elapsed: 11170 seconds
File Contains: 140000 entries.
NMiss: 2006881 | NFake: 2839484 | NMatch: 47557212
Processing file 560 of 817: /eos/cms/store/group/phys_heavyions/hbossi/mc_productions/QCD-dijet_pThat15-event-weighted_TuneCP5_5p36TeV_pythia8/OO_MC_DijetEmbedded_pThat-15to1200_TuneCP5_5p36TeV_pythia8/260306_002843/0000/HiForestMiniAOD_604.root
Time elapsed: 11189 seconds
File Contains: 137000 entries.
NMiss: 2010785 | NFake: 2845246 | NMatch: 47651126
Processing file 561 of 817: /eos/cms/store/group/phys_heavyions/hbossi/mc_productions/QCD-dijet_pThat15-event-weighted_TuneCP5_5p36TeV_pythia8/OO_MC_DijetEmbedded_pThat-15to1200_TuneCP5_5p36TeV_pythia8/260306_002843/0000/HiForestMiniAOD_605.root
Time elapsed: 11216 seconds
File Contains: 111000 entries.
NMiss: 2013972 | NFake: 2849866 | NMatch: 47727337
Processing file 562 of 817: /eos/cms/store/group/phys_heavyions/hbossi/mc_productions/QCD-dijet_pThat15-event-weighted_TuneCP5_5p36TeV_pythia8/OO_MC_DijetEmbedded_pThat-15to1200_TuneCP5_5p36TeV_pythia8/260306_002843/0000/HiForestMiniAOD_606.root
Time elapsed: 11230 seconds
File Contains: 134000 entries.
NMiss: 2017952 | NFake: 2855394 | NMatch: 47818727
Processing file 563 of 817: /eos/cms/store/group/phys_heavyions/hbossi/mc_productions/QCD-dijet_pThat15-event-weighted_TuneCP5_5p36TeV_pythia8/OO_MC_DijetEmbedded_pThat-15to1200_TuneCP5_5p36TeV_pythia8/260306_002843/0000/HiForestMiniAOD_607.root
Time elapsed: 11252 seconds
File Contains: 112000 entries.
NMiss: 2021255 | NFake: 2859951 | NMatch: 47895473
Processing file 564 of 817: /eos/cms/store/group/phys_heavyions/hbossi/mc_productions/QCD-dijet_pThat15-event-weighted_TuneCP5_5p36TeV_pythia8/OO_MC_DijetEmbedded_pThat-15to1200_TuneCP5_5p36TeV_pythia8/260306_002843/0000/HiForestMiniAOD_608.root
Time elapsed: 11269 seconds
File Contains: 139000 entries.
NMiss: 2025211 | NFake: 2865565 | NMatch: 47991216
Processing file 565 of 817: /eos/cms/store/group/phys_heavyions/hbossi/mc_productions/QCD-dijet_pThat15-event-weighted_TuneCP5_5p36TeV_pythia8/OO_MC_DijetEmbedded_pThat-15to1200_TuneCP5_5p36TeV_pythia8/260306_002843/0000/HiForestMiniAOD_609.root
Time elapsed: 11299 seconds
File Contains: 94000 entries.
NMiss: 2027926 | NFake: 2869390 | NMatch: 48055771
Processing file 566 of 817: /eos/cms/store/group/phys_heavyions/hbossi/mc_productions/QCD-dijet_pThat15-event-weighted_TuneCP5_5p36TeV_pythia8/OO_MC_DijetEmbedded_pThat-15to1200_TuneCP5_5p36TeV_pythia8/260306_002843/0000/HiForestMiniAOD_61.root
Time elapsed: 11312 seconds
File Contains: 130000 entries.
NMiss: 2031556 | NFake: 2874487 | NMatch: 48145003
Processing file 567 of 817: /eos/cms/store/group/phys_heavyions/hbossi/mc_productions/QCD-dijet_pThat15-event-weighted_TuneCP5_5p36TeV_pythia8/OO_MC_DijetEmbedded_pThat-15to1200_TuneCP5_5p36TeV_pythia8/260306_002843/0000/HiForestMiniAOD_610.root
Time elapsed: 11329 seconds
File Contains: 126000 entries.
NMiss: 2035128 | NFake: 2879690 | NMatch: 48231597
Processing file 568 of 817: /eos/cms/store/group/phys_heavyions/hbossi/mc_productions/QCD-dijet_pThat15-event-weighted_TuneCP5_5p36TeV_pythia8/OO_MC_DijetEmbedded_pThat-15to1200_TuneCP5_5p36TeV_pythia8/260306_002843/0000/HiForestMiniAOD_611.root
Time elapsed: 11351 seconds
File Contains: 130000 entries.
NMiss: 2038941 | NFake: 2885046 | NMatch: 48320699
Processing file 569 of 817: /eos/cms/store/group/phys_heavyions/hbossi/mc_productions/QCD-dijet_pThat15-event-weighted_TuneCP5_5p36TeV_pythia8/OO_MC_DijetEmbedded_pThat-15to1200_TuneCP5_5p36TeV_pythia8/260306_002843/0000/HiForestMiniAOD_612.root
Time elapsed: 11366 seconds
File Contains: 97000 entries.
NMiss: 2041704 | NFake: 2888934 | NMatch: 48387229
Processing file 570 of 817: /eos/cms/store/group/phys_heavyions/hbossi/mc_productions/QCD-dijet_pThat15-event-weighted_TuneCP5_5p36TeV_pythia8/OO_MC_DijetEmbedded_pThat-15to1200_TuneCP5_5p36TeV_pythia8/260306_002843/0000/HiForestMiniAOD_613.root
Time elapsed: 11382 seconds
File Contains: 148000 entries.
NMiss: 2046010 | NFake: 2894881 | NMatch: 48488942
Processing file 571 of 817: /eos/cms/store/group/phys_heavyions/hbossi/mc_productions/QCD-dijet_pThat15-event-weighted_TuneCP5_5p36TeV_pythia8/OO_MC_DijetEmbedded_pThat-15to1200_TuneCP5_5p36TeV_pythia8/260306_002843/0000/HiForestMiniAOD_614.root
Time elapsed: 11402 seconds
File Contains: 110000 entries.
NMiss: 2049208 | NFake: 2899366 | NMatch: 48563886
Processing file 572 of 817: /eos/cms/store/group/phys_heavyions/hbossi/mc_productions/QCD-dijet_pThat15-event-weighted_TuneCP5_5p36TeV_pythia8/OO_MC_DijetEmbedded_pThat-15to1200_TuneCP5_5p36TeV_pythia8/260306_002843/0000/HiForestMiniAOD_615.root
Time elapsed: 11417 seconds
File Contains: 159000 entries.
NMiss: 2053661 | NFake: 2905716 | NMatch: 48672532
Processing file 573 of 817: /eos/cms/store/group/phys_heavyions/hbossi/mc_productions/QCD-dijet_pThat15-event-weighted_TuneCP5_5p36TeV_pythia8/OO_MC_DijetEmbedded_pThat-15to1200_TuneCP5_5p36TeV_pythia8/260306_002843/0000/HiForestMiniAOD_616.root
Time elapsed: 11442 seconds
File Contains: 101000 entries.
NMiss: 2056530 | NFake: 2909941 | NMatch: 48741736
Processing file 574 of 817: /eos/cms/store/group/phys_heavyions/hbossi/mc_productions/QCD-dijet_pThat15-event-weighted_TuneCP5_5p36TeV_pythia8/OO_MC_DijetEmbedded_pThat-15to1200_TuneCP5_5p36TeV_pythia8/260306_002843/0000/HiForestMiniAOD_617.root
Time elapsed: 11465 seconds
File Contains: 114000 entries.
NMiss: 2059773 | NFake: 2914612 | NMatch: 48820318
Processing file 575 of 817: /eos/cms/store/group/phys_heavyions/hbossi/mc_productions/QCD-dijet_pThat15-event-weighted_TuneCP5_5p36TeV_pythia8/OO_MC_DijetEmbedded_pThat-15to1200_TuneCP5_5p36TeV_pythia8/260306_002843/0000/HiForestMiniAOD_618.root
Time elapsed: 11485 seconds
File Contains: 129000 entries.
NMiss: 2063523 | NFake: 2919841 | NMatch: 48908460
Processing file 576 of 817: /eos/cms/store/group/phys_heavyions/hbossi/mc_productions/QCD-dijet_pThat15-event-weighted_TuneCP5_5p36TeV_pythia8/OO_MC_DijetEmbedded_pThat-15to1200_TuneCP5_5p36TeV_pythia8/260306_002843/0000/HiForestMiniAOD_619.root
Time elapsed: 11501 seconds
File Contains: 135000 entries.
NMiss: 2067382 | NFake: 2925308 | NMatch: 49001191
Processing file 577 of 817: /eos/cms/store/group/phys_heavyions/hbossi/mc_productions/QCD-dijet_pThat15-event-weighted_TuneCP5_5p36TeV_pythia8/OO_MC_DijetEmbedded_pThat-15to1200_TuneCP5_5p36TeV_pythia8/260306_002843/0000/HiForestMiniAOD_62.root
Time elapsed: 11523 seconds
File Contains: 127000 entries.
NMiss: 2071033 | NFake: 2930477 | NMatch: 49088217
Processing file 578 of 817: /eos/cms/store/group/phys_heavyions/hbossi/mc_productions/QCD-dijet_pThat15-event-weighted_TuneCP5_5p36TeV_pythia8/OO_MC_DijetEmbedded_pThat-15to1200_TuneCP5_5p36TeV_pythia8/260306_002843/0000/HiForestMiniAOD_620.root
Time elapsed: 11541 seconds
File Contains: 137000 entries.
NMiss: 2074926 | NFake: 2936025 | NMatch: 49182055
Processing file 579 of 817: /eos/cms/store/group/phys_heavyions/hbossi/mc_productions/QCD-dijet_pThat15-event-weighted_TuneCP5_5p36TeV_pythia8/OO_MC_DijetEmbedded_pThat-15to1200_TuneCP5_5p36TeV_pythia8/260306_002843/0000/HiForestMiniAOD_621.root
Time elapsed: 11561 seconds
File Contains: 113000 entries.
NMiss: 2078179 | NFake: 2940631 | NMatch: 49259426
Processing file 580 of 817: /eos/cms/store/group/phys_heavyions/hbossi/mc_productions/QCD-dijet_pThat15-event-weighted_TuneCP5_5p36TeV_pythia8/OO_MC_DijetEmbedded_pThat-15to1200_TuneCP5_5p36TeV_pythia8/260306_002843/0000/HiForestMiniAOD_622.root
Time elapsed: 11578 seconds
File Contains: 165000 entries.
NMiss: 2083022 | NFake: 2947276 | NMatch: 49372238
Processing file 581 of 817: /eos/cms/store/group/phys_heavyions/hbossi/mc_productions/QCD-dijet_pThat15-event-weighted_TuneCP5_5p36TeV_pythia8/OO_MC_DijetEmbedded_pThat-15to1200_TuneCP5_5p36TeV_pythia8/260306_002843/0000/HiForestMiniAOD_623.root
Time elapsed: 11608 seconds
File Contains: 119000 entries.
NMiss: 2086452 | NFake: 2952133 | NMatch: 49453893
Processing file 582 of 817: /eos/cms/store/group/phys_heavyions/hbossi/mc_productions/QCD-dijet_pThat15-event-weighted_TuneCP5_5p36TeV_pythia8/OO_MC_DijetEmbedded_pThat-15to1200_TuneCP5_5p36TeV_pythia8/260306_002843/0000/HiForestMiniAOD_624.root
Time elapsed: 11629 seconds
File Contains: 137000 entries.
NMiss: 2090524 | NFake: 2957677 | NMatch: 49547967
Processing file 583 of 817: /eos/cms/store/group/phys_heavyions/hbossi/mc_productions/QCD-dijet_pThat15-event-weighted_TuneCP5_5p36TeV_pythia8/OO_MC_DijetEmbedded_pThat-15to1200_TuneCP5_5p36TeV_pythia8/260306_002843/0000/HiForestMiniAOD_625.root
Time elapsed: 11648 seconds
File Contains: 101000 entries.
NMiss: 2093497 | NFake: 2961752 | NMatch: 49617719
Processing file 584 of 817: /eos/cms/store/group/phys_heavyions/hbossi/mc_productions/QCD-dijet_pThat15-event-weighted_TuneCP5_5p36TeV_pythia8/OO_MC_DijetEmbedded_pThat-15to1200_TuneCP5_5p36TeV_pythia8/260306_002843/0000/HiForestMiniAOD_626.root
Time elapsed: 11671 seconds
File Contains: 123000 entries.
NMiss: 2097061 | NFake: 2966599 | NMatch: 49701734
Processing file 585 of 817: /eos/cms/store/group/phys_heavyions/hbossi/mc_productions/QCD-dijet_pThat15-event-weighted_TuneCP5_5p36TeV_pythia8/OO_MC_DijetEmbedded_pThat-15to1200_TuneCP5_5p36TeV_pythia8/260306_002843/0000/HiForestMiniAOD_627.root
Time elapsed: 11688 seconds
File Contains: 113000 entries.
NMiss: 2100303 | NFake: 2971215 | NMatch: 49779232
Processing file 586 of 817: /eos/cms/store/group/phys_heavyions/hbossi/mc_productions/QCD-dijet_pThat15-event-weighted_TuneCP5_5p36TeV_pythia8/OO_MC_DijetEmbedded_pThat-15to1200_TuneCP5_5p36TeV_pythia8/260306_002843/0000/HiForestMiniAOD_628.root
Time elapsed: 11709 seconds
File Contains: 115000 entries.
NMiss: 2103659 | NFake: 2975988 | NMatch: 49857850
Processing file 587 of 817: /eos/cms/store/group/phys_heavyions/hbossi/mc_productions/QCD-dijet_pThat15-event-weighted_TuneCP5_5p36TeV_pythia8/OO_MC_DijetEmbedded_pThat-15to1200_TuneCP5_5p36TeV_pythia8/260306_002843/0000/HiForestMiniAOD_629.root
Time elapsed: 11724 seconds
File Contains: 128000 entries.
NMiss: 2107315 | NFake: 2981138 | NMatch: 49945477
Processing file 588 of 817: /eos/cms/store/group/phys_heavyions/hbossi/mc_productions/QCD-dijet_pThat15-event-weighted_TuneCP5_5p36TeV_pythia8/OO_MC_DijetEmbedded_pThat-15to1200_TuneCP5_5p36TeV_pythia8/260306_002843/0000/HiForestMiniAOD_63.root
Time elapsed: 11739 seconds
File Contains: 124000 entries.
NMiss: 2110862 | NFake: 2986256 | NMatch: 50030244
Processing file 589 of 817: /eos/cms/store/group/phys_heavyions/hbossi/mc_productions/QCD-dijet_pThat15-event-weighted_TuneCP5_5p36TeV_pythia8/OO_MC_DijetEmbedded_pThat-15to1200_TuneCP5_5p36TeV_pythia8/260306_002843/0000/HiForestMiniAOD_630.root
Time elapsed: 11756 seconds
File Contains: 164000 entries.
NMiss: 2115603 | NFake: 2992998 | NMatch: 50142460
Processing file 590 of 817: /eos/cms/store/group/phys_heavyions/hbossi/mc_productions/QCD-dijet_pThat15-event-weighted_TuneCP5_5p36TeV_pythia8/OO_MC_DijetEmbedded_pThat-15to1200_TuneCP5_5p36TeV_pythia8/260306_002843/0000/HiForestMiniAOD_631.root
Time elapsed: 11773 seconds
File Contains: 142000 entries.
NMiss: 2119731 | NFake: 2998763 | NMatch: 50240176
Processing file 591 of 817: /eos/cms/store/group/phys_heavyions/hbossi/mc_productions/QCD-dijet_pThat15-event-weighted_TuneCP5_5p36TeV_pythia8/OO_MC_DijetEmbedded_pThat-15to1200_TuneCP5_5p36TeV_pythia8/260306_002843/0000/HiForestMiniAOD_632.root
Time elapsed: 11794 seconds
File Contains: 107000 entries.
NMiss: 2122805 | NFake: 3003124 | NMatch: 50313639
Processing file 592 of 817: /eos/cms/store/group/phys_heavyions/hbossi/mc_productions/QCD-dijet_pThat15-event-weighted_TuneCP5_5p36TeV_pythia8/OO_MC_DijetEmbedded_pThat-15to1200_TuneCP5_5p36TeV_pythia8/260306_002843/0000/HiForestMiniAOD_633.root
Time elapsed: 11810 seconds
File Contains: 88000 entries.
NMiss: 2125228 | NFake: 3006701 | NMatch: 50373806
Processing file 593 of 817: /eos/cms/store/group/phys_heavyions/hbossi/mc_productions/QCD-dijet_pThat15-event-weighted_TuneCP5_5p36TeV_pythia8/OO_MC_DijetEmbedded_pThat-15to1200_TuneCP5_5p36TeV_pythia8/260306_002843/0000/HiForestMiniAOD_634.root
Time elapsed: 11822 seconds
File Contains: 106000 entries.
NMiss: 2128373 | NFake: 3011091 | NMatch: 50446777
Processing file 594 of 817: /eos/cms/store/group/phys_heavyions/hbossi/mc_productions/QCD-dijet_pThat15-event-weighted_TuneCP5_5p36TeV_pythia8/OO_MC_DijetEmbedded_pThat-15to1200_TuneCP5_5p36TeV_pythia8/260306_002843/0000/HiForestMiniAOD_635.root
Time elapsed: 11840 seconds
File Contains: 138000 entries.
NMiss: 2132444 | NFake: 3016748 | NMatch: 50541079
Processing file 595 of 817: /eos/cms/store/group/phys_heavyions/hbossi/mc_productions/QCD-dijet_pThat15-event-weighted_TuneCP5_5p36TeV_pythia8/OO_MC_DijetEmbedded_pThat-15to1200_TuneCP5_5p36TeV_pythia8/260306_002843/0000/HiForestMiniAOD_636.root
Time elapsed: 11863 seconds
File Contains: 128000 entries.
NMiss: 2136164 | NFake: 3021977 | NMatch: 50629161
Processing file 596 of 817: /eos/cms/store/group/phys_heavyions/hbossi/mc_productions/QCD-dijet_pThat15-event-weighted_TuneCP5_5p36TeV_pythia8/OO_MC_DijetEmbedded_pThat-15to1200_TuneCP5_5p36TeV_pythia8/260306_002843/0000/HiForestMiniAOD_637.root
Time elapsed: 11879 seconds
File Contains: 108000 entries.
NMiss: 2139240 | NFake: 3026441 | NMatch: 50702894
Processing file 597 of 817: /eos/cms/store/group/phys_heavyions/hbossi/mc_productions/QCD-dijet_pThat15-event-weighted_TuneCP5_5p36TeV_pythia8/OO_MC_DijetEmbedded_pThat-15to1200_TuneCP5_5p36TeV_pythia8/260306_002843/0000/HiForestMiniAOD_638.root
Time elapsed: 11891 seconds
File Contains: 129000 entries.
NMiss: 2142956 | NFake: 3031729 | NMatch: 50791459
Processing file 598 of 817: /eos/cms/store/group/phys_heavyions/hbossi/mc_productions/QCD-dijet_pThat15-event-weighted_TuneCP5_5p36TeV_pythia8/OO_MC_DijetEmbedded_pThat-15to1200_TuneCP5_5p36TeV_pythia8/260306_002843/0000/HiForestMiniAOD_639.root
Time elapsed: 11911 seconds
File Contains: 116000 entries.
NMiss: 2146188 | NFake: 3036437 | NMatch: 50871134
Processing file 599 of 817: /eos/cms/store/group/phys_heavyions/hbossi/mc_productions/QCD-dijet_pThat15-event-weighted_TuneCP5_5p36TeV_pythia8/OO_MC_DijetEmbedded_pThat-15to1200_TuneCP5_5p36TeV_pythia8/260306_002843/0000/HiForestMiniAOD_64.root
Time elapsed: 11930 seconds
File Contains: 138000 entries.
NMiss: 2150246 | NFake: 3042196 | NMatch: 50965872
Processing file 600 of 817: /eos/cms/store/group/phys_heavyions/hbossi/mc_productions/QCD-dijet_pThat15-event-weighted_TuneCP5_5p36TeV_pythia8/OO_MC_DijetEmbedded_pThat-15to1200_TuneCP5_5p36TeV_pythia8/260306_002843/0000/HiForestMiniAOD_640.root
Time elapsed: 11954 seconds
File Contains: 113000 entries.
NMiss: 2153551 | NFake: 3046809 | NMatch: 51043446
Processing file 601 of 817: /eos/cms/store/group/phys_heavyions/hbossi/mc_productions/QCD-dijet_pThat15-event-weighted_TuneCP5_5p36TeV_pythia8/OO_MC_DijetEmbedded_pThat-15to1200_TuneCP5_5p36TeV_pythia8/260306_002843/0000/HiForestMiniAOD_641.root
Time elapsed: 11974 seconds
File Contains: 117000 entries.
NMiss: 2156966 | NFake: 3051565 | NMatch: 51123737
Processing file 602 of 817: /eos/cms/store/group/phys_heavyions/hbossi/mc_productions/QCD-dijet_pThat15-event-weighted_TuneCP5_5p36TeV_pythia8/OO_MC_DijetEmbedded_pThat-15to1200_TuneCP5_5p36TeV_pythia8/260306_002843/0000/HiForestMiniAOD_642.root
Time elapsed: 11993 seconds
File Contains: 97000 entries.
NMiss: 2159827 | NFake: 3055581 | NMatch: 51189559
Processing file 603 of 817: /eos/cms/store/group/phys_heavyions/hbossi/mc_productions/QCD-dijet_pThat15-event-weighted_TuneCP5_5p36TeV_pythia8/OO_MC_DijetEmbedded_pThat-15to1200_TuneCP5_5p36TeV_pythia8/260306_002843/0000/HiForestMiniAOD_643.root
Time elapsed: 12007 seconds
File Contains: 126000 entries.
NMiss: 2163450 | NFake: 3060795 | NMatch: 51275700
Processing file 604 of 817: /eos/cms/store/group/phys_heavyions/hbossi/mc_productions/QCD-dijet_pThat15-event-weighted_TuneCP5_5p36TeV_pythia8/OO_MC_DijetEmbedded_pThat-15to1200_TuneCP5_5p36TeV_pythia8/260306_002843/0000/HiForestMiniAOD_644.root
Time elapsed: 12019 seconds
File Contains: 154000 entries.
NMiss: 2167975 | NFake: 3067109 | NMatch: 51381153
Processing file 605 of 817: /eos/cms/store/group/phys_heavyions/hbossi/mc_productions/QCD-dijet_pThat15-event-weighted_TuneCP5_5p36TeV_pythia8/OO_MC_DijetEmbedded_pThat-15to1200_TuneCP5_5p36TeV_pythia8/260306_002843/0000/HiForestMiniAOD_645.root
Time elapsed: 12032 seconds
File Contains: 120000 entries.
NMiss: 2171401 | NFake: 3071926 | NMatch: 51463090
Processing file 606 of 817: /eos/cms/store/group/phys_heavyions/hbossi/mc_productions/QCD-dijet_pThat15-event-weighted_TuneCP5_5p36TeV_pythia8/OO_MC_DijetEmbedded_pThat-15to1200_TuneCP5_5p36TeV_pythia8/260306_002843/0000/HiForestMiniAOD_646.root
Time elapsed: 12054 seconds
File Contains: 101000 entries.
NMiss: 2174322 | NFake: 3075952 | NMatch: 51532240
Processing file 607 of 817: /eos/cms/store/group/phys_heavyions/hbossi/mc_productions/QCD-dijet_pThat15-event-weighted_TuneCP5_5p36TeV_pythia8/OO_MC_DijetEmbedded_pThat-15to1200_TuneCP5_5p36TeV_pythia8/260306_002843/0000/HiForestMiniAOD_647.root
Time elapsed: 12070 seconds
File Contains: 135000 entries.
NMiss: 2178220 | NFake: 3081455 | NMatch: 51624552
Processing file 608 of 817: /eos/cms/store/group/phys_heavyions/hbossi/mc_productions/QCD-dijet_pThat15-event-weighted_TuneCP5_5p36TeV_pythia8/OO_MC_DijetEmbedded_pThat-15to1200_TuneCP5_5p36TeV_pythia8/260306_002843/0000/HiForestMiniAOD_648.root
Time elapsed: 12091 seconds
File Contains: 143000 entries.
NMiss: 2182337 | NFake: 3087386 | NMatch: 51722742
Processing file 609 of 817: /eos/cms/store/group/phys_heavyions/hbossi/mc_productions/QCD-dijet_pThat15-event-weighted_TuneCP5_5p36TeV_pythia8/OO_MC_DijetEmbedded_pThat-15to1200_TuneCP5_5p36TeV_pythia8/260306_002843/0000/HiForestMiniAOD_649.root
Time elapsed: 12110 seconds
File Contains: 106000 entries.
NMiss: 2185355 | NFake: 3091700 | NMatch: 51795583
Processing file 610 of 817: /eos/cms/store/group/phys_heavyions/hbossi/mc_productions/QCD-dijet_pThat15-event-weighted_TuneCP5_5p36TeV_pythia8/OO_MC_DijetEmbedded_pThat-15to1200_TuneCP5_5p36TeV_pythia8/260306_002843/0000/HiForestMiniAOD_65.root
Time elapsed: 12130 seconds
File Contains: 88000 entries.
NMiss: 2187813 | NFake: 3095239 | NMatch: 51855639
Processing file 611 of 817: /eos/cms/store/group/phys_heavyions/hbossi/mc_productions/QCD-dijet_pThat15-event-weighted_TuneCP5_5p36TeV_pythia8/OO_MC_DijetEmbedded_pThat-15to1200_TuneCP5_5p36TeV_pythia8/260306_002843/0000/HiForestMiniAOD_650.root
Time elapsed: 12146 seconds
File Contains: 138000 entries.
NMiss: 2191713 | NFake: 3100844 | NMatch: 51950254
Processing file 612 of 817: /eos/cms/store/group/phys_heavyions/hbossi/mc_productions/QCD-dijet_pThat15-event-weighted_TuneCP5_5p36TeV_pythia8/OO_MC_DijetEmbedded_pThat-15to1200_TuneCP5_5p36TeV_pythia8/260306_002843/0000/HiForestMiniAOD_651.root
Time elapsed: 12163 seconds
File Contains: 122000 entries.
NMiss: 2195136 | NFake: 3105836 | NMatch: 52034490
Processing file 613 of 817: /eos/cms/store/group/phys_heavyions/hbossi/mc_productions/QCD-dijet_pThat15-event-weighted_TuneCP5_5p36TeV_pythia8/OO_MC_DijetEmbedded_pThat-15to1200_TuneCP5_5p36TeV_pythia8/260306_002843/0000/HiForestMiniAOD_652.root
Time elapsed: 12182 seconds
File Contains: 111000 entries.
NMiss: 2198408 | NFake: 3110402 | NMatch: 52110457
Processing file 614 of 817: /eos/cms/store/group/phys_heavyions/hbossi/mc_productions/QCD-dijet_pThat15-event-weighted_TuneCP5_5p36TeV_pythia8/OO_MC_DijetEmbedded_pThat-15to1200_TuneCP5_5p36TeV_pythia8/260306_002843/0000/HiForestMiniAOD_653.root
Time elapsed: 12196 seconds
File Contains: 87000 entries.
NMiss: 2200942 | NFake: 3114014 | NMatch: 52170321
Processing file 615 of 817: /eos/cms/store/group/phys_heavyions/hbossi/mc_productions/QCD-dijet_pThat15-event-weighted_TuneCP5_5p36TeV_pythia8/OO_MC_DijetEmbedded_pThat-15to1200_TuneCP5_5p36TeV_pythia8/260306_002843/0000/HiForestMiniAOD_654.root
Time elapsed: 12209 seconds
File Contains: 110000 entries.
NMiss: 2204047 | NFake: 3118510 | NMatch: 52245907
Processing file 616 of 817: /eos/cms/store/group/phys_heavyions/hbossi/mc_productions/QCD-dijet_pThat15-event-weighted_TuneCP5_5p36TeV_pythia8/OO_MC_DijetEmbedded_pThat-15to1200_TuneCP5_5p36TeV_pythia8/260306_002843/0000/HiForestMiniAOD_655.root
Time elapsed: 12229 seconds
File Contains: 114000 entries.
NMiss: 2207338 | NFake: 3123204 | NMatch: 52324262
Processing file 617 of 817: /eos/cms/store/group/phys_heavyions/hbossi/mc_productions/QCD-dijet_pThat15-event-weighted_TuneCP5_5p36TeV_pythia8/OO_MC_DijetEmbedded_pThat-15to1200_TuneCP5_5p36TeV_pythia8/260306_002843/0000/HiForestMiniAOD_656.root
Time elapsed: 12246 seconds
File Contains: 105000 entries.
NMiss: 2210450 | NFake: 3127426 | NMatch: 52395815
Processing file 618 of 817: /eos/cms/store/group/phys_heavyions/hbossi/mc_productions/QCD-dijet_pThat15-event-weighted_TuneCP5_5p36TeV_pythia8/OO_MC_DijetEmbedded_pThat-15to1200_TuneCP5_5p36TeV_pythia8/260306_002843/0000/HiForestMiniAOD_657.root
Time elapsed: 12264 seconds
File Contains: 132000 entries.
NMiss: 2214260 | NFake: 3132933 | NMatch: 52486061
Processing file 619 of 817: /eos/cms/store/group/phys_heavyions/hbossi/mc_productions/QCD-dijet_pThat15-event-weighted_TuneCP5_5p36TeV_pythia8/OO_MC_DijetEmbedded_pThat-15to1200_TuneCP5_5p36TeV_pythia8/260306_002843/0000/HiForestMiniAOD_658.root
Time elapsed: 12280 seconds
File Contains: 115000 entries.
NMiss: 2217586 | NFake: 3137669 | NMatch: 52564728
Processing file 620 of 817: /eos/cms/store/group/phys_heavyions/hbossi/mc_productions/QCD-dijet_pThat15-event-weighted_TuneCP5_5p36TeV_pythia8/OO_MC_DijetEmbedded_pThat-15to1200_TuneCP5_5p36TeV_pythia8/260306_002843/0000/HiForestMiniAOD_659.root
Time elapsed: 12293 seconds
File Contains: 114000 entries.
NMiss: 2220808 | NFake: 3142226 | NMatch: 52642627
Processing file 621 of 817: /eos/cms/store/group/phys_heavyions/hbossi/mc_productions/QCD-dijet_pThat15-event-weighted_TuneCP5_5p36TeV_pythia8/OO_MC_DijetEmbedded_pThat-15to1200_TuneCP5_5p36TeV_pythia8/260306_002843/0000/HiForestMiniAOD_66.root
Time elapsed: 12309 seconds
File Contains: 101000 entries.
NMiss: 2223782 | NFake: 3146388 | NMatch: 52711553
Processing file 622 of 817: /eos/cms/store/group/phys_heavyions/hbossi/mc_productions/QCD-dijet_pThat15-event-weighted_TuneCP5_5p36TeV_pythia8/OO_MC_DijetEmbedded_pThat-15to1200_TuneCP5_5p36TeV_pythia8/260306_002843/0000/HiForestMiniAOD_660.root
Time elapsed: 12335 seconds
File Contains: 87000 entries.
NMiss: 2226375 | NFake: 3149962 | NMatch: 52771021
Processing file 623 of 817: /eos/cms/store/group/phys_heavyions/hbossi/mc_productions/QCD-dijet_pThat15-event-weighted_TuneCP5_5p36TeV_pythia8/OO_MC_DijetEmbedded_pThat-15to1200_TuneCP5_5p36TeV_pythia8/260306_002843/0000/HiForestMiniAOD_661.root
Time elapsed: 12349 seconds
File Contains: 160000 entries.
NMiss: 2231032 | NFake: 3156539 | NMatch: 52880923
Processing file 624 of 817: /eos/cms/store/group/phys_heavyions/hbossi/mc_productions/QCD-dijet_pThat15-event-weighted_TuneCP5_5p36TeV_pythia8/OO_MC_DijetEmbedded_pThat-15to1200_TuneCP5_5p36TeV_pythia8/260306_002843/0000/HiForestMiniAOD_662.root
Time elapsed: 12373 seconds
File Contains: 109000 entries.
NMiss: 2234202 | NFake: 3160984 | NMatch: 52955893
Processing file 625 of 817: /eos/cms/store/group/phys_heavyions/hbossi/mc_productions/QCD-dijet_pThat15-event-weighted_TuneCP5_5p36TeV_pythia8/OO_MC_DijetEmbedded_pThat-15to1200_TuneCP5_5p36TeV_pythia8/260306_002843/0000/HiForestMiniAOD_663.root
Time elapsed: 12388 seconds
File Contains: 105000 entries.
NMiss: 2237241 | NFake: 3165262 | NMatch: 53027810
Processing file 626 of 817: /eos/cms/store/group/phys_heavyions/hbossi/mc_productions/QCD-dijet_pThat15-event-weighted_TuneCP5_5p36TeV_pythia8/OO_MC_DijetEmbedded_pThat-15to1200_TuneCP5_5p36TeV_pythia8/260306_002843/0000/HiForestMiniAOD_664.root
Time elapsed: 12403 seconds
File Contains: 142000 entries.
NMiss: 2241325 | NFake: 3171018 | NMatch: 53124501
Processing file 627 of 817: /eos/cms/store/group/phys_heavyions/hbossi/mc_productions/QCD-dijet_pThat15-event-weighted_TuneCP5_5p36TeV_pythia8/OO_MC_DijetEmbedded_pThat-15to1200_TuneCP5_5p36TeV_pythia8/260306_002843/0000/HiForestMiniAOD_665.root
Time elapsed: 12421 seconds
File Contains: 109000 entries.
NMiss: 2244558 | NFake: 3175500 | NMatch: 53198643
Processing file 628 of 817: /eos/cms/store/group/phys_heavyions/hbossi/mc_productions/QCD-dijet_pThat15-event-weighted_TuneCP5_5p36TeV_pythia8/OO_MC_DijetEmbedded_pThat-15to1200_TuneCP5_5p36TeV_pythia8/260306_002843/0000/HiForestMiniAOD_666.root
Time elapsed: 12438 seconds
File Contains: 97000 entries.
NMiss: 2247343 | NFake: 3179422 | NMatch: 53265865
Processing file 629 of 817: /eos/cms/store/group/phys_heavyions/hbossi/mc_productions/QCD-dijet_pThat15-event-weighted_TuneCP5_5p36TeV_pythia8/OO_MC_DijetEmbedded_pThat-15to1200_TuneCP5_5p36TeV_pythia8/260306_002843/0000/HiForestMiniAOD_667.root
Time elapsed: 12461 seconds
File Contains: 133000 entries.
NMiss: 2251152 | NFake: 3184771 | NMatch: 53357593
Processing file 630 of 817: /eos/cms/store/group/phys_heavyions/hbossi/mc_productions/QCD-dijet_pThat15-event-weighted_TuneCP5_5p36TeV_pythia8/OO_MC_DijetEmbedded_pThat-15to1200_TuneCP5_5p36TeV_pythia8/260306_002843/0000/HiForestMiniAOD_668.root
Time elapsed: 12505 seconds
File Contains: 94000 entries.
NMiss: 2253941 | NFake: 3188537 | NMatch: 53422347
Processing file 631 of 817: /eos/cms/store/group/phys_heavyions/hbossi/mc_productions/QCD-dijet_pThat15-event-weighted_TuneCP5_5p36TeV_pythia8/OO_MC_DijetEmbedded_pThat-15to1200_TuneCP5_5p36TeV_pythia8/260306_002843/0000/HiForestMiniAOD_669.root
Time elapsed: 12532 seconds
File Contains: 96000 entries.
NMiss: 2256798 | NFake: 3192455 | NMatch: 53487990
Processing file 632 of 817: /eos/cms/store/group/phys_heavyions/hbossi/mc_productions/QCD-dijet_pThat15-event-weighted_TuneCP5_5p36TeV_pythia8/OO_MC_DijetEmbedded_pThat-15to1200_TuneCP5_5p36TeV_pythia8/260306_002843/0000/HiForestMiniAOD_67.root
Time elapsed: 12569 seconds
File Contains: 167000 entries.
NMiss: 2261522 | NFake: 3199258 | NMatch: 53602154
Processing file 633 of 817: /eos/cms/store/group/phys_heavyions/hbossi/mc_productions/QCD-dijet_pThat15-event-weighted_TuneCP5_5p36TeV_pythia8/OO_MC_DijetEmbedded_pThat-15to1200_TuneCP5_5p36TeV_pythia8/260306_002843/0000/HiForestMiniAOD_670.root
Time elapsed: 12612 seconds
File Contains: 120000 entries.
NMiss: 2264997 | NFake: 3204220 | NMatch: 53684553
Processing file 634 of 817: /eos/cms/store/group/phys_heavyions/hbossi/mc_productions/QCD-dijet_pThat15-event-weighted_TuneCP5_5p36TeV_pythia8/OO_MC_DijetEmbedded_pThat-15to1200_TuneCP5_5p36TeV_pythia8/260306_002843/0000/HiForestMiniAOD_671.root
Time elapsed: 12654 seconds
File Contains: 103000 entries.
NMiss: 2267940 | NFake: 3208556 | NMatch: 53755465
Processing file 635 of 817: /eos/cms/store/group/phys_heavyions/hbossi/mc_productions/QCD-dijet_pThat15-event-weighted_TuneCP5_5p36TeV_pythia8/OO_MC_DijetEmbedded_pThat-15to1200_TuneCP5_5p36TeV_pythia8/260306_002843/0000/HiForestMiniAOD_672.root
Time elapsed: 12683 seconds
File Contains: 114000 entries.
NMiss: 2271284 | NFake: 3213108 | NMatch: 53834055
Processing file 636 of 817: /eos/cms/store/group/phys_heavyions/hbossi/mc_productions/QCD-dijet_pThat15-event-weighted_TuneCP5_5p36TeV_pythia8/OO_MC_DijetEmbedded_pThat-15to1200_TuneCP5_5p36TeV_pythia8/260306_002843/0000/HiForestMiniAOD_673.root
Time elapsed: 12718 seconds
File Contains: 105000 entries.
NMiss: 2274290 | NFake: 3217417 | NMatch: 53905721
Processing file 637 of 817: /eos/cms/store/group/phys_heavyions/hbossi/mc_productions/QCD-dijet_pThat15-event-weighted_TuneCP5_5p36TeV_pythia8/OO_MC_DijetEmbedded_pThat-15to1200_TuneCP5_5p36TeV_pythia8/260306_002843/0000/HiForestMiniAOD_674.root
Time elapsed: 12740 seconds
File Contains: 115000 entries.
NMiss: 2277621 | NFake: 3222266 | NMatch: 53984360
Processing file 638 of 817: /eos/cms/store/group/phys_heavyions/hbossi/mc_productions/QCD-dijet_pThat15-event-weighted_TuneCP5_5p36TeV_pythia8/OO_MC_DijetEmbedded_pThat-15to1200_TuneCP5_5p36TeV_pythia8/260306_002843/0000/HiForestMiniAOD_675.root
Time elapsed: 12757 seconds
File Contains: 122000 entries.
NMiss: 2281093 | NFake: 3227201 | NMatch: 54068553
Processing file 639 of 817: /eos/cms/store/group/phys_heavyions/hbossi/mc_productions/QCD-dijet_pThat15-event-weighted_TuneCP5_5p36TeV_pythia8/OO_MC_DijetEmbedded_pThat-15to1200_TuneCP5_5p36TeV_pythia8/260306_002843/0000/HiForestMiniAOD_676.root
Time elapsed: 12783 seconds
File Contains: 141000 entries.
NMiss: 2285166 | NFake: 3233017 | NMatch: 54164423
Processing file 640 of 817: /eos/cms/store/group/phys_heavyions/hbossi/mc_productions/QCD-dijet_pThat15-event-weighted_TuneCP5_5p36TeV_pythia8/OO_MC_DijetEmbedded_pThat-15to1200_TuneCP5_5p36TeV_pythia8/260306_002843/0000/HiForestMiniAOD_677.root
Time elapsed: 12802 seconds
File Contains: 105000 entries.
NMiss: 2288197 | NFake: 3237349 | NMatch: 54236349
Processing file 641 of 817: /eos/cms/store/group/phys_heavyions/hbossi/mc_productions/QCD-dijet_pThat15-event-weighted_TuneCP5_5p36TeV_pythia8/OO_MC_DijetEmbedded_pThat-15to1200_TuneCP5_5p36TeV_pythia8/260306_002843/0000/HiForestMiniAOD_678.root
Time elapsed: 12820 seconds
File Contains: 111000 entries.
NMiss: 2291393 | NFake: 3241971 | NMatch: 54312531
Processing file 642 of 817: /eos/cms/store/group/phys_heavyions/hbossi/mc_productions/QCD-dijet_pThat15-event-weighted_TuneCP5_5p36TeV_pythia8/OO_MC_DijetEmbedded_pThat-15to1200_TuneCP5_5p36TeV_pythia8/260306_002843/0000/HiForestMiniAOD_679.root
Time elapsed: 12836 seconds
File Contains: 128000 entries.
NMiss: 2294996 | NFake: 3247182 | NMatch: 54400484
Processing file 643 of 817: /eos/cms/store/group/phys_heavyions/hbossi/mc_productions/QCD-dijet_pThat15-event-weighted_TuneCP5_5p36TeV_pythia8/OO_MC_DijetEmbedded_pThat-15to1200_TuneCP5_5p36TeV_pythia8/260306_002843/0000/HiForestMiniAOD_68.root
Time elapsed: 12857 seconds
File Contains: 99000 entries.
NMiss: 2297807 | NFake: 3251381 | NMatch: 54468584
Processing file 644 of 817: /eos/cms/store/group/phys_heavyions/hbossi/mc_productions/QCD-dijet_pThat15-event-weighted_TuneCP5_5p36TeV_pythia8/OO_MC_DijetEmbedded_pThat-15to1200_TuneCP5_5p36TeV_pythia8/260306_002843/0000/HiForestMiniAOD_680.root
Time elapsed: 12872 seconds
File Contains: 122000 entries.
NMiss: 2301317 | NFake: 3256532 | NMatch: 54552016
Processing file 645 of 817: /eos/cms/store/group/phys_heavyions/hbossi/mc_productions/QCD-dijet_pThat15-event-weighted_TuneCP5_5p36TeV_pythia8/OO_MC_DijetEmbedded_pThat-15to1200_TuneCP5_5p36TeV_pythia8/260306_002843/0000/HiForestMiniAOD_681.root
Time elapsed: 12894 seconds
File Contains: 97000 entries.
NMiss: 2304188 | NFake: 3260354 | NMatch: 54618970
Processing file 646 of 817: /eos/cms/store/group/phys_heavyions/hbossi/mc_productions/QCD-dijet_pThat15-event-weighted_TuneCP5_5p36TeV_pythia8/OO_MC_DijetEmbedded_pThat-15to1200_TuneCP5_5p36TeV_pythia8/260306_002843/0000/HiForestMiniAOD_682.root
Time elapsed: 12912 seconds
File Contains: 140000 entries.
NMiss: 2308180 | NFake: 3266269 | NMatch: 54714466
Processing file 647 of 817: /eos/cms/store/group/phys_heavyions/hbossi/mc_productions/QCD-dijet_pThat15-event-weighted_TuneCP5_5p36TeV_pythia8/OO_MC_DijetEmbedded_pThat-15to1200_TuneCP5_5p36TeV_pythia8/260306_002843/0000/HiForestMiniAOD_683.root
Time elapsed: 12930 seconds
File Contains: 118000 entries.
NMiss: 2311656 | NFake: 3271231 | NMatch: 54794921
Processing file 648 of 817: /eos/cms/store/group/phys_heavyions/hbossi/mc_productions/QCD-dijet_pThat15-event-weighted_TuneCP5_5p36TeV_pythia8/OO_MC_DijetEmbedded_pThat-15to1200_TuneCP5_5p36TeV_pythia8/260306_002843/0000/HiForestMiniAOD_684.root
Time elapsed: 12945 seconds
File Contains: 167000 entries.
NMiss: 2316509 | NFake: 3278102 | NMatch: 54909927
Processing file 649 of 817: /eos/cms/store/group/phys_heavyions/hbossi/mc_productions/QCD-dijet_pThat15-event-weighted_TuneCP5_5p36TeV_pythia8/OO_MC_DijetEmbedded_pThat-15to1200_TuneCP5_5p36TeV_pythia8/260306_002843/0000/HiForestMiniAOD_685.root
Time elapsed: 12962 seconds
File Contains: 134000 entries.
NMiss: 2320396 | NFake: 3283652 | NMatch: 55001921
Processing file 650 of 817: /eos/cms/store/group/phys_heavyions/hbossi/mc_productions/QCD-dijet_pThat15-event-weighted_TuneCP5_5p36TeV_pythia8/OO_MC_DijetEmbedded_pThat-15to1200_TuneCP5_5p36TeV_pythia8/260306_002843/0000/HiForestMiniAOD_686.root
Time elapsed: 12988 seconds
File Contains: 144000 entries.
NMiss: 2324598 | NFake: 3289465 | NMatch: 55100089
Processing file 651 of 817: /eos/cms/store/group/phys_heavyions/hbossi/mc_productions/QCD-dijet_pThat15-event-weighted_TuneCP5_5p36TeV_pythia8/OO_MC_DijetEmbedded_pThat-15to1200_TuneCP5_5p36TeV_pythia8/260306_002843/0000/HiForestMiniAOD_687.root
Time elapsed: 13002 seconds
File Contains: 147000 entries.
NMiss: 2328946 | NFake: 3295595 | NMatch: 55200515
Processing file 652 of 817: /eos/cms/store/group/phys_heavyions/hbossi/mc_productions/QCD-dijet_pThat15-event-weighted_TuneCP5_5p36TeV_pythia8/OO_MC_DijetEmbedded_pThat-15to1200_TuneCP5_5p36TeV_pythia8/260306_002843/0000/HiForestMiniAOD_688.root
Time elapsed: 13023 seconds
File Contains: 92000 entries.
NMiss: 2331622 | NFake: 3299455 | NMatch: 55263450
Processing file 653 of 817: /eos/cms/store/group/phys_heavyions/hbossi/mc_productions/QCD-dijet_pThat15-event-weighted_TuneCP5_5p36TeV_pythia8/OO_MC_DijetEmbedded_pThat-15to1200_TuneCP5_5p36TeV_pythia8/260306_002843/0000/HiForestMiniAOD_689.root
Time elapsed: 13040 seconds
File Contains: 122000 entries.
NMiss: 2335183 | NFake: 3304504 | NMatch: 55346666
Processing file 654 of 817: /eos/cms/store/group/phys_heavyions/hbossi/mc_productions/QCD-dijet_pThat15-event-weighted_TuneCP5_5p36TeV_pythia8/OO_MC_DijetEmbedded_pThat-15to1200_TuneCP5_5p36TeV_pythia8/260306_002843/0000/HiForestMiniAOD_69.root
Time elapsed: 13054 seconds
File Contains: 92000 entries.
NMiss: 2337864 | NFake: 3308242 | NMatch: 55409896
Processing file 655 of 817: /eos/cms/store/group/phys_heavyions/hbossi/mc_productions/QCD-dijet_pThat15-event-weighted_TuneCP5_5p36TeV_pythia8/OO_MC_DijetEmbedded_pThat-15to1200_TuneCP5_5p36TeV_pythia8/260306_002843/0000/HiForestMiniAOD_690.root
Time elapsed: 13069 seconds
File Contains: 124000 entries.
NMiss: 2341509 | NFake: 3313274 | NMatch: 55495105
Processing file 656 of 817: /eos/cms/store/group/phys_heavyions/hbossi/mc_productions/QCD-dijet_pThat15-event-weighted_TuneCP5_5p36TeV_pythia8/OO_MC_DijetEmbedded_pThat-15to1200_TuneCP5_5p36TeV_pythia8/260306_002843/0000/HiForestMiniAOD_691.root
Time elapsed: 13088 seconds
File Contains: 141000 entries.
NMiss: 2345482 | NFake: 3319125 | NMatch: 55591815
Processing file 657 of 817: /eos/cms/store/group/phys_heavyions/hbossi/mc_productions/QCD-dijet_pThat15-event-weighted_TuneCP5_5p36TeV_pythia8/OO_MC_DijetEmbedded_pThat-15to1200_TuneCP5_5p36TeV_pythia8/260306_002843/0000/HiForestMiniAOD_692.root
Time elapsed: 13107 seconds
File Contains: 113000 entries.
NMiss: 2348691 | NFake: 3323841 | NMatch: 55669182
Processing file 658 of 817: /eos/cms/store/group/phys_heavyions/hbossi/mc_productions/QCD-dijet_pThat15-event-weighted_TuneCP5_5p36TeV_pythia8/OO_MC_DijetEmbedded_pThat-15to1200_TuneCP5_5p36TeV_pythia8/260306_002843/0000/HiForestMiniAOD_693.root
Time elapsed: 13124 seconds
File Contains: 133000 entries.
NMiss: 2352587 | NFake: 3329285 | NMatch: 55759424
Processing file 659 of 817: /eos/cms/store/group/phys_heavyions/hbossi/mc_productions/QCD-dijet_pThat15-event-weighted_TuneCP5_5p36TeV_pythia8/OO_MC_DijetEmbedded_pThat-15to1200_TuneCP5_5p36TeV_pythia8/260306_002843/0000/HiForestMiniAOD_694.root
Time elapsed: 13146 seconds
File Contains: 138000 entries.
NMiss: 2356599 | NFake: 3334912 | NMatch: 55854483
Processing file 660 of 817: /eos/cms/store/group/phys_heavyions/hbossi/mc_productions/QCD-dijet_pThat15-event-weighted_TuneCP5_5p36TeV_pythia8/OO_MC_DijetEmbedded_pThat-15to1200_TuneCP5_5p36TeV_pythia8/260306_002843/0000/HiForestMiniAOD_695.root
Time elapsed: 13166 seconds
File Contains: 165000 entries.
NMiss: 2361368 | NFake: 3341629 | NMatch: 55968314
Processing file 661 of 817: /eos/cms/store/group/phys_heavyions/hbossi/mc_productions/QCD-dijet_pThat15-event-weighted_TuneCP5_5p36TeV_pythia8/OO_MC_DijetEmbedded_pThat-15to1200_TuneCP5_5p36TeV_pythia8/260306_002843/0000/HiForestMiniAOD_696.root
Time elapsed: 13183 seconds
File Contains: 146000 entries.
NMiss: 2365675 | NFake: 3347549 | NMatch: 56068146
Processing file 662 of 817: /eos/cms/store/group/phys_heavyions/hbossi/mc_productions/QCD-dijet_pThat15-event-weighted_TuneCP5_5p36TeV_pythia8/OO_MC_DijetEmbedded_pThat-15to1200_TuneCP5_5p36TeV_pythia8/260306_002843/0000/HiForestMiniAOD_697.root
Time elapsed: 13204 seconds
File Contains: 124000 entries.
NMiss: 2369304 | NFake: 3352603 | NMatch: 56153302
Processing file 663 of 817: /eos/cms/store/group/phys_heavyions/hbossi/mc_productions/QCD-dijet_pThat15-event-weighted_TuneCP5_5p36TeV_pythia8/OO_MC_DijetEmbedded_pThat-15to1200_TuneCP5_5p36TeV_pythia8/260306_002843/0000/HiForestMiniAOD_698.root
Time elapsed: 13219 seconds
File Contains: 121000 entries.
NMiss: 2372790 | NFake: 3357582 | NMatch: 56236575
Processing file 664 of 817: /eos/cms/store/group/phys_heavyions/hbossi/mc_productions/QCD-dijet_pThat15-event-weighted_TuneCP5_5p36TeV_pythia8/OO_MC_DijetEmbedded_pThat-15to1200_TuneCP5_5p36TeV_pythia8/260306_002843/0000/HiForestMiniAOD_699.root
Time elapsed: 13240 seconds
File Contains: 138000 entries.
NMiss: 2376936 | NFake: 3363271 | NMatch: 56330985
Processing file 665 of 817: /eos/cms/store/group/phys_heavyions/hbossi/mc_productions/QCD-dijet_pThat15-event-weighted_TuneCP5_5p36TeV_pythia8/OO_MC_DijetEmbedded_pThat-15to1200_TuneCP5_5p36TeV_pythia8/260306_002843/0000/HiForestMiniAOD_7.root
Time elapsed: 13258 seconds
File Contains: 126000 entries.
NMiss: 2380622 | NFake: 3368417 | NMatch: 56416991
Processing file 666 of 817: /eos/cms/store/group/phys_heavyions/hbossi/mc_productions/QCD-dijet_pThat15-event-weighted_TuneCP5_5p36TeV_pythia8/OO_MC_DijetEmbedded_pThat-15to1200_TuneCP5_5p36TeV_pythia8/260306_002843/0000/HiForestMiniAOD_70.root
Time elapsed: 13283 seconds
File Contains: 97000 entries.
NMiss: 2383415 | NFake: 3372478 | NMatch: 56483327
Processing file 667 of 817: /eos/cms/store/group/phys_heavyions/hbossi/mc_productions/QCD-dijet_pThat15-event-weighted_TuneCP5_5p36TeV_pythia8/OO_MC_DijetEmbedded_pThat-15to1200_TuneCP5_5p36TeV_pythia8/260306_002843/0000/HiForestMiniAOD_700.root
Time elapsed: 13301 seconds
File Contains: 103000 entries.
NMiss: 2386396 | NFake: 3376698 | NMatch: 56553806
Processing file 668 of 817: /eos/cms/store/group/phys_heavyions/hbossi/mc_productions/QCD-dijet_pThat15-event-weighted_TuneCP5_5p36TeV_pythia8/OO_MC_DijetEmbedded_pThat-15to1200_TuneCP5_5p36TeV_pythia8/260306_002843/0000/HiForestMiniAOD_701.root
Time elapsed: 13320 seconds
File Contains: 100000 entries.
NMiss: 2389296 | NFake: 3380819 | NMatch: 56622452
Processing file 669 of 817: /eos/cms/store/group/phys_heavyions/hbossi/mc_productions/QCD-dijet_pThat15-event-weighted_TuneCP5_5p36TeV_pythia8/OO_MC_DijetEmbedded_pThat-15to1200_TuneCP5_5p36TeV_pythia8/260306_002843/0000/HiForestMiniAOD_702.root
Time elapsed: 13338 seconds
File Contains: 112000 entries.
NMiss: 2392501 | NFake: 3385424 | NMatch: 56699300
Processing file 670 of 817: /eos/cms/store/group/phys_heavyions/hbossi/mc_productions/QCD-dijet_pThat15-event-weighted_TuneCP5_5p36TeV_pythia8/OO_MC_DijetEmbedded_pThat-15to1200_TuneCP5_5p36TeV_pythia8/260306_002843/0000/HiForestMiniAOD_703.root
Time elapsed: 13352 seconds
File Contains: 95000 entries.
NMiss: 2395340 | NFake: 3389170 | NMatch: 56764374
Processing file 671 of 817: /eos/cms/store/group/phys_heavyions/hbossi/mc_productions/QCD-dijet_pThat15-event-weighted_TuneCP5_5p36TeV_pythia8/OO_MC_DijetEmbedded_pThat-15to1200_TuneCP5_5p36TeV_pythia8/260306_002843/0000/HiForestMiniAOD_704.root
Time elapsed: 13369 seconds
File Contains: 139000 entries.
NMiss: 2399367 | NFake: 3394791 | NMatch: 56860048
Processing file 672 of 817: /eos/cms/store/group/phys_heavyions/hbossi/mc_productions/QCD-dijet_pThat15-event-weighted_TuneCP5_5p36TeV_pythia8/OO_MC_DijetEmbedded_pThat-15to1200_TuneCP5_5p36TeV_pythia8/260306_002843/0000/HiForestMiniAOD_705.root
Time elapsed: 13392 seconds
File Contains: 114000 entries.
NMiss: 2402753 | NFake: 3399527 | NMatch: 56938453
Processing file 673 of 817: /eos/cms/store/group/phys_heavyions/hbossi/mc_productions/QCD-dijet_pThat15-event-weighted_TuneCP5_5p36TeV_pythia8/OO_MC_DijetEmbedded_pThat-15to1200_TuneCP5_5p36TeV_pythia8/260306_002843/0000/HiForestMiniAOD_706.root
Time elapsed: 13407 seconds
File Contains: 133000 entries.
NMiss: 2406621 | NFake: 3405016 | NMatch: 57029583
Processing file 674 of 817: /eos/cms/store/group/phys_heavyions/hbossi/mc_productions/QCD-dijet_pThat15-event-weighted_TuneCP5_5p36TeV_pythia8/OO_MC_DijetEmbedded_pThat-15to1200_TuneCP5_5p36TeV_pythia8/260306_002843/0000/HiForestMiniAOD_707.root
Time elapsed: 13424 seconds
File Contains: 111000 entries.
NMiss: 2409879 | NFake: 3409514 | NMatch: 57105663
Processing file 675 of 817: /eos/cms/store/group/phys_heavyions/hbossi/mc_productions/QCD-dijet_pThat15-event-weighted_TuneCP5_5p36TeV_pythia8/OO_MC_DijetEmbedded_pThat-15to1200_TuneCP5_5p36TeV_pythia8/260306_002843/0000/HiForestMiniAOD_708.root
Time elapsed: 13440 seconds
File Contains: 98000 entries.
NMiss: 2412615 | NFake: 3413519 | NMatch: 57172539
Processing file 676 of 817: /eos/cms/store/group/phys_heavyions/hbossi/mc_productions/QCD-dijet_pThat15-event-weighted_TuneCP5_5p36TeV_pythia8/OO_MC_DijetEmbedded_pThat-15to1200_TuneCP5_5p36TeV_pythia8/260306_002843/0000/HiForestMiniAOD_709.root
Time elapsed: 13455 seconds
File Contains: 128000 entries.
NMiss: 2416287 | NFake: 3418631 | NMatch: 57260751
Processing file 677 of 817: /eos/cms/store/group/phys_heavyions/hbossi/mc_productions/QCD-dijet_pThat15-event-weighted_TuneCP5_5p36TeV_pythia8/OO_MC_DijetEmbedded_pThat-15to1200_TuneCP5_5p36TeV_pythia8/260306_002843/0000/HiForestMiniAOD_71.root
Time elapsed: 13474 seconds
File Contains: 104000 entries.
NMiss: 2419400 | NFake: 3422819 | NMatch: 57331903
Processing file 678 of 817: /eos/cms/store/group/phys_heavyions/hbossi/mc_productions/QCD-dijet_pThat15-event-weighted_TuneCP5_5p36TeV_pythia8/OO_MC_DijetEmbedded_pThat-15to1200_TuneCP5_5p36TeV_pythia8/260306_002843/0000/HiForestMiniAOD_710.root
Time elapsed: 13491 seconds
File Contains: 117000 entries.
NMiss: 2422790 | NFake: 3427490 | NMatch: 57412637
Processing file 679 of 817: /eos/cms/store/group/phys_heavyions/hbossi/mc_productions/QCD-dijet_pThat15-event-weighted_TuneCP5_5p36TeV_pythia8/OO_MC_DijetEmbedded_pThat-15to1200_TuneCP5_5p36TeV_pythia8/260306_002843/0000/HiForestMiniAOD_711.root
Time elapsed: 13511 seconds
File Contains: 110000 entries.
NMiss: 2426024 | NFake: 3431993 | NMatch: 57488529
Processing file 680 of 817: /eos/cms/store/group/phys_heavyions/hbossi/mc_productions/QCD-dijet_pThat15-event-weighted_TuneCP5_5p36TeV_pythia8/OO_MC_DijetEmbedded_pThat-15to1200_TuneCP5_5p36TeV_pythia8/260306_002843/0000/HiForestMiniAOD_712.root
Time elapsed: 13531 seconds
File Contains: 90000 entries.
NMiss: 2428667 | NFake: 3435703 | NMatch: 57550329
Processing file 681 of 817: /eos/cms/store/group/phys_heavyions/hbossi/mc_productions/QCD-dijet_pThat15-event-weighted_TuneCP5_5p36TeV_pythia8/OO_MC_DijetEmbedded_pThat-15to1200_TuneCP5_5p36TeV_pythia8/260306_002843/0000/HiForestMiniAOD_713.root
Time elapsed: 13542 seconds
File Contains: 123000 entries.
NMiss: 2432206 | NFake: 3440675 | NMatch: 57634792
Processing file 682 of 817: /eos/cms/store/group/phys_heavyions/hbossi/mc_productions/QCD-dijet_pThat15-event-weighted_TuneCP5_5p36TeV_pythia8/OO_MC_DijetEmbedded_pThat-15to1200_TuneCP5_5p36TeV_pythia8/260306_002843/0000/HiForestMiniAOD_714.root
Time elapsed: 13560 seconds
File Contains: 101000 entries.
NMiss: 2435136 | NFake: 3444819 | NMatch: 57703896
Processing file 683 of 817: /eos/cms/store/group/phys_heavyions/hbossi/mc_productions/QCD-dijet_pThat15-event-weighted_TuneCP5_5p36TeV_pythia8/OO_MC_DijetEmbedded_pThat-15to1200_TuneCP5_5p36TeV_pythia8/260306_002843/0000/HiForestMiniAOD_715.root
Time elapsed: 13585 seconds
File Contains: 129000 entries.
NMiss: 2438972 | NFake: 3450111 | NMatch: 57792694
Processing file 684 of 817: /eos/cms/store/group/phys_heavyions/hbossi/mc_productions/QCD-dijet_pThat15-event-weighted_TuneCP5_5p36TeV_pythia8/OO_MC_DijetEmbedded_pThat-15to1200_TuneCP5_5p36TeV_pythia8/260306_002843/0000/HiForestMiniAOD_716.root
Time elapsed: 13608 seconds
File Contains: 119000 entries.
NMiss: 2442410 | NFake: 3454974 | NMatch: 57874462
Processing file 685 of 817: /eos/cms/store/group/phys_heavyions/hbossi/mc_productions/QCD-dijet_pThat15-event-weighted_TuneCP5_5p36TeV_pythia8/OO_MC_DijetEmbedded_pThat-15to1200_TuneCP5_5p36TeV_pythia8/260306_002843/0000/HiForestMiniAOD_717.root
Time elapsed: 13628 seconds
File Contains: 111000 entries.
NMiss: 2445652 | NFake: 3459530 | NMatch: 57950530
Processing file 686 of 817: /eos/cms/store/group/phys_heavyions/hbossi/mc_productions/QCD-dijet_pThat15-event-weighted_TuneCP5_5p36TeV_pythia8/OO_MC_DijetEmbedded_pThat-15to1200_TuneCP5_5p36TeV_pythia8/260306_002843/0000/HiForestMiniAOD_718.root
Time elapsed: 13652 seconds
File Contains: 105000 entries.
NMiss: 2448703 | NFake: 3463851 | NMatch: 58022624
Processing file 687 of 817: /eos/cms/store/group/phys_heavyions/hbossi/mc_productions/QCD-dijet_pThat15-event-weighted_TuneCP5_5p36TeV_pythia8/OO_MC_DijetEmbedded_pThat-15to1200_TuneCP5_5p36TeV_pythia8/260306_002843/0000/HiForestMiniAOD_719.root
Time elapsed: 13673 seconds
File Contains: 113000 entries.
NMiss: 2451953 | NFake: 3468430 | NMatch: 58099952
Processing file 688 of 817: /eos/cms/store/group/phys_heavyions/hbossi/mc_productions/QCD-dijet_pThat15-event-weighted_TuneCP5_5p36TeV_pythia8/OO_MC_DijetEmbedded_pThat-15to1200_TuneCP5_5p36TeV_pythia8/260306_002843/0000/HiForestMiniAOD_72.root
Time elapsed: 13721 seconds
File Contains: 112000 entries.
NMiss: 2455163 | NFake: 3472943 | NMatch: 58176817
Processing file 689 of 817: /eos/cms/store/group/phys_heavyions/hbossi/mc_productions/QCD-dijet_pThat15-event-weighted_TuneCP5_5p36TeV_pythia8/OO_MC_DijetEmbedded_pThat-15to1200_TuneCP5_5p36TeV_pythia8/260306_002843/0000/HiForestMiniAOD_720.root
Time elapsed: 13757 seconds
File Contains: 102000 entries.
NMiss: 2458140 | NFake: 3477108 | NMatch: 58246803
Processing file 690 of 817: /eos/cms/store/group/phys_heavyions/hbossi/mc_productions/QCD-dijet_pThat15-event-weighted_TuneCP5_5p36TeV_pythia8/OO_MC_DijetEmbedded_pThat-15to1200_TuneCP5_5p36TeV_pythia8/260306_002843/0000/HiForestMiniAOD_721.root
Time elapsed: 13808 seconds
File Contains: 130000 entries.
NMiss: 2461886 | NFake: 3482391 | NMatch: 58335841
Processing file 691 of 817: /eos/cms/store/group/phys_heavyions/hbossi/mc_productions/QCD-dijet_pThat15-event-weighted_TuneCP5_5p36TeV_pythia8/OO_MC_DijetEmbedded_pThat-15to1200_TuneCP5_5p36TeV_pythia8/260306_002843/0000/HiForestMiniAOD_722.root
Time elapsed: 13855 seconds
File Contains: 122000 entries.
NMiss: 2465432 | NFake: 3487308 | NMatch: 58419295
Processing file 692 of 817: /eos/cms/store/group/phys_heavyions/hbossi/mc_productions/QCD-dijet_pThat15-event-weighted_TuneCP5_5p36TeV_pythia8/OO_MC_DijetEmbedded_pThat-15to1200_TuneCP5_5p36TeV_pythia8/260306_002843/0000/HiForestMiniAOD_723.root
Time elapsed: 13900 seconds
File Contains: 164000 entries.
NMiss: 2470314 | NFake: 3494106 | NMatch: 58531831
Processing file 693 of 817: /eos/cms/store/group/phys_heavyions/hbossi/mc_productions/QCD-dijet_pThat15-event-weighted_TuneCP5_5p36TeV_pythia8/OO_MC_DijetEmbedded_pThat-15to1200_TuneCP5_5p36TeV_pythia8/260306_002843/0000/HiForestMiniAOD_724.root
Time elapsed: 13949 seconds
File Contains: 128000 entries.
NMiss: 2474002 | NFake: 3499324 | NMatch: 58619354
Processing file 694 of 817: /eos/cms/store/group/phys_heavyions/hbossi/mc_productions/QCD-dijet_pThat15-event-weighted_TuneCP5_5p36TeV_pythia8/OO_MC_DijetEmbedded_pThat-15to1200_TuneCP5_5p36TeV_pythia8/260306_002843/0000/HiForestMiniAOD_725.root
Time elapsed: 14000 seconds
File Contains: 135000 entries.
NMiss: 2477960 | NFake: 3504819 | NMatch: 58711963
Processing file 695 of 817: /eos/cms/store/group/phys_heavyions/hbossi/mc_productions/QCD-dijet_pThat15-event-weighted_TuneCP5_5p36TeV_pythia8/OO_MC_DijetEmbedded_pThat-15to1200_TuneCP5_5p36TeV_pythia8/260306_002843/0000/HiForestMiniAOD_726.root
Time elapsed: 14050 seconds
File Contains: 134000 entries.
NMiss: 2481791 | NFake: 3510299 | NMatch: 58803777
Processing file 696 of 817: /eos/cms/store/group/phys_heavyions/hbossi/mc_productions/QCD-dijet_pThat15-event-weighted_TuneCP5_5p36TeV_pythia8/OO_MC_DijetEmbedded_pThat-15to1200_TuneCP5_5p36TeV_pythia8/260306_002843/0000/HiForestMiniAOD_727.root
Time elapsed: 14100 seconds
File Contains: 123000 entries.
NMiss: 2485378 | NFake: 3515479 | NMatch: 58888272
Processing file 697 of 817: /eos/cms/store/group/phys_heavyions/hbossi/mc_productions/QCD-dijet_pThat15-event-weighted_TuneCP5_5p36TeV_pythia8/OO_MC_DijetEmbedded_pThat-15to1200_TuneCP5_5p36TeV_pythia8/260306_002843/0000/HiForestMiniAOD_728.root
Time elapsed: 14139 seconds
File Contains: 129000 entries.
NMiss: 2489162 | NFake: 3520672 | NMatch: 58976652
Processing file 698 of 817: /eos/cms/store/group/phys_heavyions/hbossi/mc_productions/QCD-dijet_pThat15-event-weighted_TuneCP5_5p36TeV_pythia8/OO_MC_DijetEmbedded_pThat-15to1200_TuneCP5_5p36TeV_pythia8/260306_002843/0000/HiForestMiniAOD_729.root
Time elapsed: 14171 seconds
File Contains: 165000 entries.
NMiss: 2494042 | NFake: 3527268 | NMatch: 59089632
Processing file 699 of 817: /eos/cms/store/group/phys_heavyions/hbossi/mc_productions/QCD-dijet_pThat15-event-weighted_TuneCP5_5p36TeV_pythia8/OO_MC_DijetEmbedded_pThat-15to1200_TuneCP5_5p36TeV_pythia8/260306_002843/0000/HiForestMiniAOD_73.root
Time elapsed: 14191 seconds
File Contains: 99000 entries.
NMiss: 2496937 | NFake: 3531279 | NMatch: 59157315
Processing file 700 of 817: /eos/cms/store/group/phys_heavyions/hbossi/mc_productions/QCD-dijet_pThat15-event-weighted_TuneCP5_5p36TeV_pythia8/OO_MC_DijetEmbedded_pThat-15to1200_TuneCP5_5p36TeV_pythia8/260306_002843/0000/HiForestMiniAOD_730.root
Time elapsed: 14205 seconds
File Contains: 131000 entries.
NMiss: 2500716 | NFake: 3536513 | NMatch: 59247136
Processing file 701 of 817: /eos/cms/store/group/phys_heavyions/hbossi/mc_productions/QCD-dijet_pThat15-event-weighted_TuneCP5_5p36TeV_pythia8/OO_MC_DijetEmbedded_pThat-15to1200_TuneCP5_5p36TeV_pythia8/260306_002843/0000/HiForestMiniAOD_731.root
Time elapsed: 14229 seconds
File Contains: 69000 entries.
NMiss: 2502673 | NFake: 3539352 | NMatch: 59294424
Processing file 702 of 817: /eos/cms/store/group/phys_heavyions/hbossi/mc_productions/QCD-dijet_pThat15-event-weighted_TuneCP5_5p36TeV_pythia8/OO_MC_DijetEmbedded_pThat-15to1200_TuneCP5_5p36TeV_pythia8/260306_002843/0000/HiForestMiniAOD_732.root
Time elapsed: 14254 seconds
File Contains: 129000 entries.
NMiss: 2506352 | NFake: 3544705 | NMatch: 59382502
Processing file 703 of 817: /eos/cms/store/group/phys_heavyions/hbossi/mc_productions/QCD-dijet_pThat15-event-weighted_TuneCP5_5p36TeV_pythia8/OO_MC_DijetEmbedded_pThat-15to1200_TuneCP5_5p36TeV_pythia8/260306_002843/0000/HiForestMiniAOD_733.root
Time elapsed: 14273 seconds
File Contains: 114000 entries.
NMiss: 2509644 | NFake: 3549346 | NMatch: 59460686
Processing file 704 of 817: /eos/cms/store/group/phys_heavyions/hbossi/mc_productions/QCD-dijet_pThat15-event-weighted_TuneCP5_5p36TeV_pythia8/OO_MC_DijetEmbedded_pThat-15to1200_TuneCP5_5p36TeV_pythia8/260306_002843/0000/HiForestMiniAOD_734.root
Time elapsed: 14290 seconds
File Contains: 87000 entries.
NMiss: 2512197 | NFake: 3552902 | NMatch: 59520572
Processing file 705 of 817: /eos/cms/store/group/phys_heavyions/hbossi/mc_productions/QCD-dijet_pThat15-event-weighted_TuneCP5_5p36TeV_pythia8/OO_MC_DijetEmbedded_pThat-15to1200_TuneCP5_5p36TeV_pythia8/260306_002843/0000/HiForestMiniAOD_735.root
Time elapsed: 14307 seconds
File Contains: 117000 entries.
NMiss: 2515645 | NFake: 3557812 | NMatch: 59600645
Processing file 706 of 817: /eos/cms/store/group/phys_heavyions/hbossi/mc_productions/QCD-dijet_pThat15-event-weighted_TuneCP5_5p36TeV_pythia8/OO_MC_DijetEmbedded_pThat-15to1200_TuneCP5_5p36TeV_pythia8/260306_002843/0000/HiForestMiniAOD_736.root
Time elapsed: 14328 seconds
File Contains: 136000 entries.
NMiss: 2519535 | NFake: 3563418 | NMatch: 59693894
Processing file 707 of 817: /eos/cms/store/group/phys_heavyions/hbossi/mc_productions/QCD-dijet_pThat15-event-weighted_TuneCP5_5p36TeV_pythia8/OO_MC_DijetEmbedded_pThat-15to1200_TuneCP5_5p36TeV_pythia8/260306_002843/0000/HiForestMiniAOD_737.root
Time elapsed: 14345 seconds
File Contains: 100000 entries.
NMiss: 2522435 | NFake: 3567488 | NMatch: 59762525
Processing file 708 of 817: /eos/cms/store/group/phys_heavyions/hbossi/mc_productions/QCD-dijet_pThat15-event-weighted_TuneCP5_5p36TeV_pythia8/OO_MC_DijetEmbedded_pThat-15to1200_TuneCP5_5p36TeV_pythia8/260306_002843/0000/HiForestMiniAOD_738.root
Time elapsed: 14359 seconds
File Contains: 114000 entries.
NMiss: 2525618 | NFake: 3572225 | NMatch: 59840588
Processing file 709 of 817: /eos/cms/store/group/phys_heavyions/hbossi/mc_productions/QCD-dijet_pThat15-event-weighted_TuneCP5_5p36TeV_pythia8/OO_MC_DijetEmbedded_pThat-15to1200_TuneCP5_5p36TeV_pythia8/260306_002843/0000/HiForestMiniAOD_739.root
Time elapsed: 14385 seconds
File Contains: 100000 entries.
NMiss: 2528508 | NFake: 3576262 | NMatch: 59909321
Processing file 710 of 817: /eos/cms/store/group/phys_heavyions/hbossi/mc_productions/QCD-dijet_pThat15-event-weighted_TuneCP5_5p36TeV_pythia8/OO_MC_DijetEmbedded_pThat-15to1200_TuneCP5_5p36TeV_pythia8/260306_002843/0000/HiForestMiniAOD_74.root
Time elapsed: 14399 seconds
File Contains: 116000 entries.
NMiss: 2531844 | NFake: 3581077 | NMatch: 59989187
Processing file 711 of 817: /eos/cms/store/group/phys_heavyions/hbossi/mc_productions/QCD-dijet_pThat15-event-weighted_TuneCP5_5p36TeV_pythia8/OO_MC_DijetEmbedded_pThat-15to1200_TuneCP5_5p36TeV_pythia8/260306_002843/0000/HiForestMiniAOD_740.root
Time elapsed: 14419 seconds
File Contains: 110000 entries.
NMiss: 2535019 | NFake: 3585665 | NMatch: 60064611
Processing file 712 of 817: /eos/cms/store/group/phys_heavyions/hbossi/mc_productions/QCD-dijet_pThat15-event-weighted_TuneCP5_5p36TeV_pythia8/OO_MC_DijetEmbedded_pThat-15to1200_TuneCP5_5p36TeV_pythia8/260306_002843/0000/HiForestMiniAOD_741.root
Time elapsed: 14439 seconds
File Contains: 109000 entries.
NMiss: 2538174 | NFake: 3590097 | NMatch: 60139452
Processing file 713 of 817: /eos/cms/store/group/phys_heavyions/hbossi/mc_productions/QCD-dijet_pThat15-event-weighted_TuneCP5_5p36TeV_pythia8/OO_MC_DijetEmbedded_pThat-15to1200_TuneCP5_5p36TeV_pythia8/260306_002843/0000/HiForestMiniAOD_742.root
Time elapsed: 14462 seconds
File Contains: 133000 entries.
NMiss: 2541976 | NFake: 3595609 | NMatch: 60230189
Processing file 714 of 817: /eos/cms/store/group/phys_heavyions/hbossi/mc_productions/QCD-dijet_pThat15-event-weighted_TuneCP5_5p36TeV_pythia8/OO_MC_DijetEmbedded_pThat-15to1200_TuneCP5_5p36TeV_pythia8/260306_002843/0000/HiForestMiniAOD_743.root
Time elapsed: 14483 seconds
File Contains: 118000 entries.
NMiss: 2545391 | NFake: 3600485 | NMatch: 60311353
Processing file 715 of 817: /eos/cms/store/group/phys_heavyions/hbossi/mc_productions/QCD-dijet_pThat15-event-weighted_TuneCP5_5p36TeV_pythia8/OO_MC_DijetEmbedded_pThat-15to1200_TuneCP5_5p36TeV_pythia8/260306_002843/0000/HiForestMiniAOD_744.root
Time elapsed: 14498 seconds
File Contains: 114000 entries.
NMiss: 2548726 | NFake: 3605093 | NMatch: 60389355
Processing file 716 of 817: /eos/cms/store/group/phys_heavyions/hbossi/mc_productions/QCD-dijet_pThat15-event-weighted_TuneCP5_5p36TeV_pythia8/OO_MC_DijetEmbedded_pThat-15to1200_TuneCP5_5p36TeV_pythia8/260306_002843/0000/HiForestMiniAOD_745.root
Time elapsed: 14518 seconds
File Contains: 123000 entries.
NMiss: 2552345 | NFake: 3609885 | NMatch: 60473885
Processing file 717 of 817: /eos/cms/store/group/phys_heavyions/hbossi/mc_productions/QCD-dijet_pThat15-event-weighted_TuneCP5_5p36TeV_pythia8/OO_MC_DijetEmbedded_pThat-15to1200_TuneCP5_5p36TeV_pythia8/260306_002843/0000/HiForestMiniAOD_746.root
Time elapsed: 14533 seconds
File Contains: 119000 entries.
NMiss: 2555837 | NFake: 3614738 | NMatch: 60555660
Processing file 718 of 817: /eos/cms/store/group/phys_heavyions/hbossi/mc_productions/QCD-dijet_pThat15-event-weighted_TuneCP5_5p36TeV_pythia8/OO_MC_DijetEmbedded_pThat-15to1200_TuneCP5_5p36TeV_pythia8/260306_002843/0000/HiForestMiniAOD_747.root
Time elapsed: 14558 seconds
File Contains: 101000 entries.
NMiss: 2558787 | NFake: 3618766 | NMatch: 60625528
Processing file 719 of 817: /eos/cms/store/group/phys_heavyions/hbossi/mc_productions/QCD-dijet_pThat15-event-weighted_TuneCP5_5p36TeV_pythia8/OO_MC_DijetEmbedded_pThat-15to1200_TuneCP5_5p36TeV_pythia8/260306_002843/0000/HiForestMiniAOD_748.root
Time elapsed: 14573 seconds
File Contains: 112000 entries.
NMiss: 2562058 | NFake: 3623244 | NMatch: 60702511
Processing file 720 of 817: /eos/cms/store/group/phys_heavyions/hbossi/mc_productions/QCD-dijet_pThat15-event-weighted_TuneCP5_5p36TeV_pythia8/OO_MC_DijetEmbedded_pThat-15to1200_TuneCP5_5p36TeV_pythia8/260306_002843/0000/HiForestMiniAOD_749.root
Time elapsed: 14589 seconds
File Contains: 100000 entries.
NMiss: 2564887 | NFake: 3627341 | NMatch: 60771296
Processing file 721 of 817: /eos/cms/store/group/phys_heavyions/hbossi/mc_productions/QCD-dijet_pThat15-event-weighted_TuneCP5_5p36TeV_pythia8/OO_MC_DijetEmbedded_pThat-15to1200_TuneCP5_5p36TeV_pythia8/260306_002843/0000/HiForestMiniAOD_75.root
Time elapsed: 14620 seconds
File Contains: 131000 entries.
NMiss: 2568796 | NFake: 3632749 | NMatch: 60860770
Processing file 722 of 817: /eos/cms/store/group/phys_heavyions/hbossi/mc_productions/QCD-dijet_pThat15-event-weighted_TuneCP5_5p36TeV_pythia8/OO_MC_DijetEmbedded_pThat-15to1200_TuneCP5_5p36TeV_pythia8/260306_002843/0000/HiForestMiniAOD_750.root
Time elapsed: 14632 seconds
File Contains: 90000 entries.
NMiss: 2571469 | NFake: 3636478 | NMatch: 60921950
Processing file 723 of 817: /eos/cms/store/group/phys_heavyions/hbossi/mc_productions/QCD-dijet_pThat15-event-weighted_TuneCP5_5p36TeV_pythia8/OO_MC_DijetEmbedded_pThat-15to1200_TuneCP5_5p36TeV_pythia8/260306_002843/0000/HiForestMiniAOD_751.root
Time elapsed: 14654 seconds
File Contains: 119000 entries.
NMiss: 2574861 | NFake: 3641357 | NMatch: 61003558
Processing file 724 of 817: /eos/cms/store/group/phys_heavyions/hbossi/mc_productions/QCD-dijet_pThat15-event-weighted_TuneCP5_5p36TeV_pythia8/OO_MC_DijetEmbedded_pThat-15to1200_TuneCP5_5p36TeV_pythia8/260306_002843/0000/HiForestMiniAOD_752.root
Time elapsed: 14676 seconds
File Contains: 130000 entries.
NMiss: 2578684 | NFake: 3646670 | NMatch: 61092645
Processing file 725 of 817: /eos/cms/store/group/phys_heavyions/hbossi/mc_productions/QCD-dijet_pThat15-event-weighted_TuneCP5_5p36TeV_pythia8/OO_MC_DijetEmbedded_pThat-15to1200_TuneCP5_5p36TeV_pythia8/260306_002843/0000/HiForestMiniAOD_753.root
Time elapsed: 14693 seconds
File Contains: 131000 entries.
NMiss: 2582426 | NFake: 3651976 | NMatch: 61181951
Processing file 726 of 817: /eos/cms/store/group/phys_heavyions/hbossi/mc_productions/QCD-dijet_pThat15-event-weighted_TuneCP5_5p36TeV_pythia8/OO_MC_DijetEmbedded_pThat-15to1200_TuneCP5_5p36TeV_pythia8/260306_002843/0000/HiForestMiniAOD_754.root
Time elapsed: 14716 seconds
File Contains: 101000 entries.
NMiss: 2585405 | NFake: 3656070 | NMatch: 61250895
Processing file 727 of 817: /eos/cms/store/group/phys_heavyions/hbossi/mc_productions/QCD-dijet_pThat15-event-weighted_TuneCP5_5p36TeV_pythia8/OO_MC_DijetEmbedded_pThat-15to1200_TuneCP5_5p36TeV_pythia8/260306_002843/0000/HiForestMiniAOD_755.root
Time elapsed: 14734 seconds
File Contains: 122000 entries.
NMiss: 2588969 | NFake: 3661117 | NMatch: 61334239
Processing file 728 of 817: /eos/cms/store/group/phys_heavyions/hbossi/mc_productions/QCD-dijet_pThat15-event-weighted_TuneCP5_5p36TeV_pythia8/OO_MC_DijetEmbedded_pThat-15to1200_TuneCP5_5p36TeV_pythia8/260306_002843/0000/HiForestMiniAOD_756.root
Time elapsed: 14753 seconds
File Contains: 144000 entries.
NMiss: 2593220 | NFake: 3667006 | NMatch: 61432880
Processing file 729 of 817: /eos/cms/store/group/phys_heavyions/hbossi/mc_productions/QCD-dijet_pThat15-event-weighted_TuneCP5_5p36TeV_pythia8/OO_MC_DijetEmbedded_pThat-15to1200_TuneCP5_5p36TeV_pythia8/260306_002843/0000/HiForestMiniAOD_757.root
Time elapsed: 14777 seconds
File Contains: 107000 entries.
NMiss: 2596403 | NFake: 3671385 | NMatch: 61506239
Processing file 730 of 817: /eos/cms/store/group/phys_heavyions/hbossi/mc_productions/QCD-dijet_pThat15-event-weighted_TuneCP5_5p36TeV_pythia8/OO_MC_DijetEmbedded_pThat-15to1200_TuneCP5_5p36TeV_pythia8/260306_002843/0000/HiForestMiniAOD_758.root
Time elapsed: 14795 seconds
File Contains: 115000 entries.
NMiss: 2599785 | NFake: 3676008 | NMatch: 61584888
Processing file 731 of 817: /eos/cms/store/group/phys_heavyions/hbossi/mc_productions/QCD-dijet_pThat15-event-weighted_TuneCP5_5p36TeV_pythia8/OO_MC_DijetEmbedded_pThat-15to1200_TuneCP5_5p36TeV_pythia8/260306_002843/0000/HiForestMiniAOD_759.root
Time elapsed: 14813 seconds
File Contains: 96000 entries.
NMiss: 2602609 | NFake: 3679969 | NMatch: 61650259
Processing file 732 of 817: /eos/cms/store/group/phys_heavyions/hbossi/mc_productions/QCD-dijet_pThat15-event-weighted_TuneCP5_5p36TeV_pythia8/OO_MC_DijetEmbedded_pThat-15to1200_TuneCP5_5p36TeV_pythia8/260306_002843/0000/HiForestMiniAOD_76.root
Time elapsed: 14833 seconds
File Contains: 125000 entries.
NMiss: 2606258 | NFake: 3685064 | NMatch: 61735775
Processing file 733 of 817: /eos/cms/store/group/phys_heavyions/hbossi/mc_productions/QCD-dijet_pThat15-event-weighted_TuneCP5_5p36TeV_pythia8/OO_MC_DijetEmbedded_pThat-15to1200_TuneCP5_5p36TeV_pythia8/260306_002843/0000/HiForestMiniAOD_760.root
Time elapsed: 14848 seconds
File Contains: 116000 entries.
NMiss: 2609758 | NFake: 3689850 | NMatch: 61814996
Processing file 734 of 817: /eos/cms/store/group/phys_heavyions/hbossi/mc_productions/QCD-dijet_pThat15-event-weighted_TuneCP5_5p36TeV_pythia8/OO_MC_DijetEmbedded_pThat-15to1200_TuneCP5_5p36TeV_pythia8/260306_002843/0000/HiForestMiniAOD_761.root
Time elapsed: 14861 seconds
File Contains: 99000 entries.
NMiss: 2612573 | NFake: 3693755 | NMatch: 61883034
Processing file 735 of 817: /eos/cms/store/group/phys_heavyions/hbossi/mc_productions/QCD-dijet_pThat15-event-weighted_TuneCP5_5p36TeV_pythia8/OO_MC_DijetEmbedded_pThat-15to1200_TuneCP5_5p36TeV_pythia8/260306_002843/0000/HiForestMiniAOD_762.root
Time elapsed: 14882 seconds
File Contains: 110000 entries.
NMiss: 2615719 | NFake: 3698331 | NMatch: 61958474
Processing file 736 of 817: /eos/cms/store/group/phys_heavyions/hbossi/mc_productions/QCD-dijet_pThat15-event-weighted_TuneCP5_5p36TeV_pythia8/OO_MC_DijetEmbedded_pThat-15to1200_TuneCP5_5p36TeV_pythia8/260306_002843/0000/HiForestMiniAOD_763.root
Time elapsed: 14905 seconds
File Contains: 108000 entries.
NMiss: 2618900 | NFake: 3702693 | NMatch: 62032959
Processing file 737 of 817: /eos/cms/store/group/phys_heavyions/hbossi/mc_productions/QCD-dijet_pThat15-event-weighted_TuneCP5_5p36TeV_pythia8/OO_MC_DijetEmbedded_pThat-15to1200_TuneCP5_5p36TeV_pythia8/260306_002843/0000/HiForestMiniAOD_764.root
Time elapsed: 14918 seconds
File Contains: 109000 entries.
NMiss: 2621941 | NFake: 3707153 | NMatch: 62107465
Processing file 738 of 817: /eos/cms/store/group/phys_heavyions/hbossi/mc_productions/QCD-dijet_pThat15-event-weighted_TuneCP5_5p36TeV_pythia8/OO_MC_DijetEmbedded_pThat-15to1200_TuneCP5_5p36TeV_pythia8/260306_002843/0000/HiForestMiniAOD_765.root
Time elapsed: 14932 seconds
File Contains: 114000 entries.
NMiss: 2625350 | NFake: 3711738 | NMatch: 62185412
Processing file 739 of 817: /eos/cms/store/group/phys_heavyions/hbossi/mc_productions/QCD-dijet_pThat15-event-weighted_TuneCP5_5p36TeV_pythia8/OO_MC_DijetEmbedded_pThat-15to1200_TuneCP5_5p36TeV_pythia8/260306_002843/0000/HiForestMiniAOD_766.root
Time elapsed: 14958 seconds
File Contains: 104000 entries.
NMiss: 2628354 | NFake: 3716096 | NMatch: 62256677
Processing file 740 of 817: /eos/cms/store/group/phys_heavyions/hbossi/mc_productions/QCD-dijet_pThat15-event-weighted_TuneCP5_5p36TeV_pythia8/OO_MC_DijetEmbedded_pThat-15to1200_TuneCP5_5p36TeV_pythia8/260306_002843/0000/HiForestMiniAOD_767.root
Time elapsed: 14977 seconds
File Contains: 130000 entries.
NMiss: 2632099 | NFake: 3721387 | NMatch: 62345704
Processing file 741 of 817: /eos/cms/store/group/phys_heavyions/hbossi/mc_productions/QCD-dijet_pThat15-event-weighted_TuneCP5_5p36TeV_pythia8/OO_MC_DijetEmbedded_pThat-15to1200_TuneCP5_5p36TeV_pythia8/260306_002843/0000/HiForestMiniAOD_768.root
Time elapsed: 14994 seconds
File Contains: 84000 entries.
NMiss: 2634499 | NFake: 3724817 | NMatch: 62403094
Processing file 742 of 817: /eos/cms/store/group/phys_heavyions/hbossi/mc_productions/QCD-dijet_pThat15-event-weighted_TuneCP5_5p36TeV_pythia8/OO_MC_DijetEmbedded_pThat-15to1200_TuneCP5_5p36TeV_pythia8/260306_002843/0000/HiForestMiniAOD_769.root
Time elapsed: 15011 seconds
File Contains: 121000 entries.
NMiss: 2638004 | NFake: 3729697 | NMatch: 62485979
Processing file 743 of 817: /eos/cms/store/group/phys_heavyions/hbossi/mc_productions/QCD-dijet_pThat15-event-weighted_TuneCP5_5p36TeV_pythia8/OO_MC_DijetEmbedded_pThat-15to1200_TuneCP5_5p36TeV_pythia8/260306_002843/0000/HiForestMiniAOD_77.root
Time elapsed: 15036 seconds
File Contains: 105000 entries.
NMiss: 2641124 | NFake: 3733943 | NMatch: 62558275
Processing file 744 of 817: /eos/cms/store/group/phys_heavyions/hbossi/mc_productions/QCD-dijet_pThat15-event-weighted_TuneCP5_5p36TeV_pythia8/OO_MC_DijetEmbedded_pThat-15to1200_TuneCP5_5p36TeV_pythia8/260306_002843/0000/HiForestMiniAOD_770.root
Time elapsed: 15069 seconds
File Contains: 103000 entries.
NMiss: 2644159 | NFake: 3738169 | NMatch: 62629315
Processing file 745 of 817: /eos/cms/store/group/phys_heavyions/hbossi/mc_productions/QCD-dijet_pThat15-event-weighted_TuneCP5_5p36TeV_pythia8/OO_MC_DijetEmbedded_pThat-15to1200_TuneCP5_5p36TeV_pythia8/260306_002843/0000/HiForestMiniAOD_771.root
Time elapsed: 15086 seconds
File Contains: 119000 entries.
NMiss: 2647520 | NFake: 3743072 | NMatch: 62711033
Processing file 746 of 817: /eos/cms/store/group/phys_heavyions/hbossi/mc_productions/QCD-dijet_pThat15-event-weighted_TuneCP5_5p36TeV_pythia8/OO_MC_DijetEmbedded_pThat-15to1200_TuneCP5_5p36TeV_pythia8/260306_002843/0000/HiForestMiniAOD_772.root
Time elapsed: 15100 seconds
File Contains: 94000 entries.
NMiss: 2650246 | NFake: 3746959 | NMatch: 62775087
Processing file 747 of 817: /eos/cms/store/group/phys_heavyions/hbossi/mc_productions/QCD-dijet_pThat15-event-weighted_TuneCP5_5p36TeV_pythia8/OO_MC_DijetEmbedded_pThat-15to1200_TuneCP5_5p36TeV_pythia8/260306_002843/0000/HiForestMiniAOD_773.root
Time elapsed: 15116 seconds
File Contains: 108000 entries.
NMiss: 2653297 | NFake: 3751437 | NMatch: 62849161
Processing file 748 of 817: /eos/cms/store/group/phys_heavyions/hbossi/mc_productions/QCD-dijet_pThat15-event-weighted_TuneCP5_5p36TeV_pythia8/OO_MC_DijetEmbedded_pThat-15to1200_TuneCP5_5p36TeV_pythia8/260306_002843/0000/HiForestMiniAOD_774.root
Time elapsed: 15139 seconds
File Contains: 109000 entries.
NMiss: 2656485 | NFake: 3755923 | NMatch: 62924574
Processing file 749 of 817: /eos/cms/store/group/phys_heavyions/hbossi/mc_productions/QCD-dijet_pThat15-event-weighted_TuneCP5_5p36TeV_pythia8/OO_MC_DijetEmbedded_pThat-15to1200_TuneCP5_5p36TeV_pythia8/260306_002843/0000/HiForestMiniAOD_775.root
Time elapsed: 15153 seconds
File Contains: 91000 entries.
NMiss: 2659174 | NFake: 3759561 | NMatch: 62986954
Processing file 750 of 817: /eos/cms/store/group/phys_heavyions/hbossi/mc_productions/QCD-dijet_pThat15-event-weighted_TuneCP5_5p36TeV_pythia8/OO_MC_DijetEmbedded_pThat-15to1200_TuneCP5_5p36TeV_pythia8/260306_002843/0000/HiForestMiniAOD_776.root
Time elapsed: 15170 seconds
File Contains: 138000 entries.
NMiss: 2663091 | NFake: 3765166 | NMatch: 63081085
Processing file 751 of 817: /eos/cms/store/group/phys_heavyions/hbossi/mc_productions/QCD-dijet_pThat15-event-weighted_TuneCP5_5p36TeV_pythia8/OO_MC_DijetEmbedded_pThat-15to1200_TuneCP5_5p36TeV_pythia8/260306_002843/0000/HiForestMiniAOD_777.root
Time elapsed: 15189 seconds
File Contains: 117000 entries.
NMiss: 2666553 | NFake: 3769913 | NMatch: 63161256
Processing file 752 of 817: /eos/cms/store/group/phys_heavyions/hbossi/mc_productions/QCD-dijet_pThat15-event-weighted_TuneCP5_5p36TeV_pythia8/OO_MC_DijetEmbedded_pThat-15to1200_TuneCP5_5p36TeV_pythia8/260306_002843/0000/HiForestMiniAOD_778.root
Time elapsed: 15211 seconds
File Contains: 82000 entries.
NMiss: 2669010 | NFake: 3773345 | NMatch: 63217642
Processing file 753 of 817: /eos/cms/store/group/phys_heavyions/hbossi/mc_productions/QCD-dijet_pThat15-event-weighted_TuneCP5_5p36TeV_pythia8/OO_MC_DijetEmbedded_pThat-15to1200_TuneCP5_5p36TeV_pythia8/260306_002843/0000/HiForestMiniAOD_779.root
Time elapsed: 15225 seconds
File Contains: 125000 entries.
NMiss: 2672679 | NFake: 3778328 | NMatch: 63303336
Processing file 754 of 817: /eos/cms/store/group/phys_heavyions/hbossi/mc_productions/QCD-dijet_pThat15-event-weighted_TuneCP5_5p36TeV_pythia8/OO_MC_DijetEmbedded_pThat-15to1200_TuneCP5_5p36TeV_pythia8/260306_002843/0000/HiForestMiniAOD_78.root
Time elapsed: 15244 seconds
File Contains: 142000 entries.
NMiss: 2676804 | NFake: 3784065 | NMatch: 63401605
Processing file 755 of 817: /eos/cms/store/group/phys_heavyions/hbossi/mc_productions/QCD-dijet_pThat15-event-weighted_TuneCP5_5p36TeV_pythia8/OO_MC_DijetEmbedded_pThat-15to1200_TuneCP5_5p36TeV_pythia8/260306_002843/0000/HiForestMiniAOD_780.root
Time elapsed: 15264 seconds
File Contains: 114000 entries.
NMiss: 2680207 | NFake: 3788816 | NMatch: 63479249
Processing file 756 of 817: /eos/cms/store/group/phys_heavyions/hbossi/mc_productions/QCD-dijet_pThat15-event-weighted_TuneCP5_5p36TeV_pythia8/OO_MC_DijetEmbedded_pThat-15to1200_TuneCP5_5p36TeV_pythia8/260306_002843/0000/HiForestMiniAOD_781.root
Time elapsed: 15286 seconds
File Contains: 150000 entries.
NMiss: 2684488 | NFake: 3794764 | NMatch: 63582861
Processing file 757 of 817: /eos/cms/store/group/phys_heavyions/hbossi/mc_productions/QCD-dijet_pThat15-event-weighted_TuneCP5_5p36TeV_pythia8/OO_MC_DijetEmbedded_pThat-15to1200_TuneCP5_5p36TeV_pythia8/260306_002843/0000/HiForestMiniAOD_782.root
Time elapsed: 15304 seconds
File Contains: 134000 entries.
NMiss: 2688409 | NFake: 3800225 | NMatch: 63674615
Processing file 758 of 817: /eos/cms/store/group/phys_heavyions/hbossi/mc_productions/QCD-dijet_pThat15-event-weighted_TuneCP5_5p36TeV_pythia8/OO_MC_DijetEmbedded_pThat-15to1200_TuneCP5_5p36TeV_pythia8/260306_002843/0000/HiForestMiniAOD_783.root
Time elapsed: 15324 seconds
File Contains: 111000 entries.
NMiss: 2691655 | NFake: 3804728 | NMatch: 63750659
Processing file 759 of 817: /eos/cms/store/group/phys_heavyions/hbossi/mc_productions/QCD-dijet_pThat15-event-weighted_TuneCP5_5p36TeV_pythia8/OO_MC_DijetEmbedded_pThat-15to1200_TuneCP5_5p36TeV_pythia8/260306_002843/0000/HiForestMiniAOD_784.root
Time elapsed: 15348 seconds
File Contains: 96000 entries.
NMiss: 2694484 | NFake: 3808675 | NMatch: 63816363
Processing file 760 of 817: /eos/cms/store/group/phys_heavyions/hbossi/mc_productions/QCD-dijet_pThat15-event-weighted_TuneCP5_5p36TeV_pythia8/OO_MC_DijetEmbedded_pThat-15to1200_TuneCP5_5p36TeV_pythia8/260306_002843/0000/HiForestMiniAOD_785.root
Time elapsed: 15366 seconds
File Contains: 129000 entries.
NMiss: 2698191 | NFake: 3813972 | NMatch: 63904554
Processing file 761 of 817: /eos/cms/store/group/phys_heavyions/hbossi/mc_productions/QCD-dijet_pThat15-event-weighted_TuneCP5_5p36TeV_pythia8/OO_MC_DijetEmbedded_pThat-15to1200_TuneCP5_5p36TeV_pythia8/260306_002843/0000/HiForestMiniAOD_786.root
Time elapsed: 15390 seconds
File Contains: 88000 entries.
NMiss: 2700761 | NFake: 3817502 | NMatch: 63965257
Processing file 762 of 817: /eos/cms/store/group/phys_heavyions/hbossi/mc_productions/QCD-dijet_pThat15-event-weighted_TuneCP5_5p36TeV_pythia8/OO_MC_DijetEmbedded_pThat-15to1200_TuneCP5_5p36TeV_pythia8/260306_002843/0000/HiForestMiniAOD_787.root
Time elapsed: 15408 seconds
File Contains: 114000 entries.
NMiss: 2704104 | NFake: 3822168 | NMatch: 64043450
Processing file 763 of 817: /eos/cms/store/group/phys_heavyions/hbossi/mc_productions/QCD-dijet_pThat15-event-weighted_TuneCP5_5p36TeV_pythia8/OO_MC_DijetEmbedded_pThat-15to1200_TuneCP5_5p36TeV_pythia8/260306_002843/0000/HiForestMiniAOD_788.root
Time elapsed: 15428 seconds
File Contains: 136000 entries.
NMiss: 2708115 | NFake: 3827771 | NMatch: 64136621
Processing file 764 of 817: /eos/cms/store/group/phys_heavyions/hbossi/mc_productions/QCD-dijet_pThat15-event-weighted_TuneCP5_5p36TeV_pythia8/OO_MC_DijetEmbedded_pThat-15to1200_TuneCP5_5p36TeV_pythia8/260306_002843/0000/HiForestMiniAOD_789.root
Time elapsed: 15447 seconds
File Contains: 96000 entries.
NMiss: 2710932 | NFake: 3831611 | NMatch: 64202521
Processing file 765 of 817: /eos/cms/store/group/phys_heavyions/hbossi/mc_productions/QCD-dijet_pThat15-event-weighted_TuneCP5_5p36TeV_pythia8/OO_MC_DijetEmbedded_pThat-15to1200_TuneCP5_5p36TeV_pythia8/260306_002843/0000/HiForestMiniAOD_79.root
Time elapsed: 15458 seconds
File Contains: 130000 entries.
NMiss: 2714634 | NFake: 3836900 | NMatch: 64292064
Processing file 766 of 817: /eos/cms/store/group/phys_heavyions/hbossi/mc_productions/QCD-dijet_pThat15-event-weighted_TuneCP5_5p36TeV_pythia8/OO_MC_DijetEmbedded_pThat-15to1200_TuneCP5_5p36TeV_pythia8/260306_002843/0000/HiForestMiniAOD_790.root
Time elapsed: 15499 seconds
File Contains: 96000 entries.
NMiss: 2717467 | NFake: 3840859 | NMatch: 64358109
Processing file 767 of 817: /eos/cms/store/group/phys_heavyions/hbossi/mc_productions/QCD-dijet_pThat15-event-weighted_TuneCP5_5p36TeV_pythia8/OO_MC_DijetEmbedded_pThat-15to1200_TuneCP5_5p36TeV_pythia8/260306_002843/0000/HiForestMiniAOD_791.root
Time elapsed: 15517 seconds
File Contains: 126000 entries.
NMiss: 2721032 | NFake: 3846137 | NMatch: 64444336
Processing file 768 of 817: /eos/cms/store/group/phys_heavyions/hbossi/mc_productions/QCD-dijet_pThat15-event-weighted_TuneCP5_5p36TeV_pythia8/OO_MC_DijetEmbedded_pThat-15to1200_TuneCP5_5p36TeV_pythia8/260306_002843/0000/HiForestMiniAOD_792.root
Time elapsed: 15536 seconds
File Contains: 128000 entries.
NMiss: 2724734 | NFake: 3851285 | NMatch: 64532020
Processing file 769 of 817: /eos/cms/store/group/phys_heavyions/hbossi/mc_productions/QCD-dijet_pThat15-event-weighted_TuneCP5_5p36TeV_pythia8/OO_MC_DijetEmbedded_pThat-15to1200_TuneCP5_5p36TeV_pythia8/260306_002843/0000/HiForestMiniAOD_793.root
Time elapsed: 15554 seconds
File Contains: 104000 entries.
NMiss: 2727777 | NFake: 3855491 | NMatch: 64604004
Processing file 770 of 817: /eos/cms/store/group/phys_heavyions/hbossi/mc_productions/QCD-dijet_pThat15-event-weighted_TuneCP5_5p36TeV_pythia8/OO_MC_DijetEmbedded_pThat-15to1200_TuneCP5_5p36TeV_pythia8/260306_002843/0000/HiForestMiniAOD_794.root
Time elapsed: 15567 seconds
File Contains: 108000 entries.
NMiss: 2730878 | NFake: 3860021 | NMatch: 64678331
Processing file 771 of 817: /eos/cms/store/group/phys_heavyions/hbossi/mc_productions/QCD-dijet_pThat15-event-weighted_TuneCP5_5p36TeV_pythia8/OO_MC_DijetEmbedded_pThat-15to1200_TuneCP5_5p36TeV_pythia8/260306_002843/0000/HiForestMiniAOD_795.root
Time elapsed: 15582 seconds
File Contains: 122000 entries.
NMiss: 2734445 | NFake: 3864945 | NMatch: 64762024
Processing file 772 of 817: /eos/cms/store/group/phys_heavyions/hbossi/mc_productions/QCD-dijet_pThat15-event-weighted_TuneCP5_5p36TeV_pythia8/OO_MC_DijetEmbedded_pThat-15to1200_TuneCP5_5p36TeV_pythia8/260306_002843/0000/HiForestMiniAOD_796.root
Time elapsed: 15600 seconds
File Contains: 120000 entries.
NMiss: 2737935 | NFake: 3869830 | NMatch: 64843994
Processing file 773 of 817: /eos/cms/store/group/phys_heavyions/hbossi/mc_productions/QCD-dijet_pThat15-event-weighted_TuneCP5_5p36TeV_pythia8/OO_MC_DijetEmbedded_pThat-15to1200_TuneCP5_5p36TeV_pythia8/260306_002843/0000/HiForestMiniAOD_797.root
Time elapsed: 15615 seconds
File Contains: 133000 entries.
NMiss: 2741813 | NFake: 3875280 | NMatch: 64935093
Processing file 774 of 817: /eos/cms/store/group/phys_heavyions/hbossi/mc_productions/QCD-dijet_pThat15-event-weighted_TuneCP5_5p36TeV_pythia8/OO_MC_DijetEmbedded_pThat-15to1200_TuneCP5_5p36TeV_pythia8/260306_002843/0000/HiForestMiniAOD_798.root
Time elapsed: 15635 seconds
File Contains: 127000 entries.
NMiss: 2745370 | NFake: 3880479 | NMatch: 65021813
Processing file 775 of 817: /eos/cms/store/group/phys_heavyions/hbossi/mc_productions/QCD-dijet_pThat15-event-weighted_TuneCP5_5p36TeV_pythia8/OO_MC_DijetEmbedded_pThat-15to1200_TuneCP5_5p36TeV_pythia8/260306_002843/0000/HiForestMiniAOD_799.root
Time elapsed: 15653 seconds
File Contains: 114000 entries.
NMiss: 2748681 | NFake: 3885126 | NMatch: 65100377
Processing file 776 of 817: /eos/cms/store/group/phys_heavyions/hbossi/mc_productions/QCD-dijet_pThat15-event-weighted_TuneCP5_5p36TeV_pythia8/OO_MC_DijetEmbedded_pThat-15to1200_TuneCP5_5p36TeV_pythia8/260306_002843/0000/HiForestMiniAOD_8.root
Time elapsed: 15673 seconds
File Contains: 117000 entries.
NMiss: 2752046 | NFake: 3889861 | NMatch: 65180067
Processing file 777 of 817: /eos/cms/store/group/phys_heavyions/hbossi/mc_productions/QCD-dijet_pThat15-event-weighted_TuneCP5_5p36TeV_pythia8/OO_MC_DijetEmbedded_pThat-15to1200_TuneCP5_5p36TeV_pythia8/260306_002843/0000/HiForestMiniAOD_80.root
Time elapsed: 15689 seconds
File Contains: 119000 entries.
NMiss: 2755415 | NFake: 3894615 | NMatch: 65261202
Processing file 778 of 817: /eos/cms/store/group/phys_heavyions/hbossi/mc_productions/QCD-dijet_pThat15-event-weighted_TuneCP5_5p36TeV_pythia8/OO_MC_DijetEmbedded_pThat-15to1200_TuneCP5_5p36TeV_pythia8/260306_002843/0000/HiForestMiniAOD_800.root
Time elapsed: 15702 seconds
File Contains: 128000 entries.
NMiss: 2758923 | NFake: 3899870 | NMatch: 65348676
Processing file 779 of 817: /eos/cms/store/group/phys_heavyions/hbossi/mc_productions/QCD-dijet_pThat15-event-weighted_TuneCP5_5p36TeV_pythia8/OO_MC_DijetEmbedded_pThat-15to1200_TuneCP5_5p36TeV_pythia8/260306_002843/0000/HiForestMiniAOD_801.root
Time elapsed: 15723 seconds
File Contains: 129000 entries.
NMiss: 2762567 | NFake: 3905251 | NMatch: 65437305
Processing file 780 of 817: /eos/cms/store/group/phys_heavyions/hbossi/mc_productions/QCD-dijet_pThat15-event-weighted_TuneCP5_5p36TeV_pythia8/OO_MC_DijetEmbedded_pThat-15to1200_TuneCP5_5p36TeV_pythia8/260306_002843/0000/HiForestMiniAOD_802.root
Time elapsed: 15743 seconds
File Contains: 86000 entries.
NMiss: 2765131 | NFake: 3908840 | NMatch: 65495786
Processing file 781 of 817: /eos/cms/store/group/phys_heavyions/hbossi/mc_productions/QCD-dijet_pThat15-event-weighted_TuneCP5_5p36TeV_pythia8/OO_MC_DijetEmbedded_pThat-15to1200_TuneCP5_5p36TeV_pythia8/260306_002843/0000/HiForestMiniAOD_803.root
Time elapsed: 15761 seconds
File Contains: 125000 entries.
NMiss: 2768813 | NFake: 3913975 | NMatch: 65581567
Processing file 782 of 817: /eos/cms/store/group/phys_heavyions/hbossi/mc_productions/QCD-dijet_pThat15-event-weighted_TuneCP5_5p36TeV_pythia8/OO_MC_DijetEmbedded_pThat-15to1200_TuneCP5_5p36TeV_pythia8/260306_002843/0000/HiForestMiniAOD_804.root
Time elapsed: 15781 seconds
File Contains: 107000 entries.
NMiss: 2771897 | NFake: 3918384 | NMatch: 65655126
Processing file 783 of 817: /eos/cms/store/group/phys_heavyions/hbossi/mc_productions/QCD-dijet_pThat15-event-weighted_TuneCP5_5p36TeV_pythia8/OO_MC_DijetEmbedded_pThat-15to1200_TuneCP5_5p36TeV_pythia8/260306_002843/0000/HiForestMiniAOD_805.root
Time elapsed: 15802 seconds
File Contains: 146000 entries.
NMiss: 2776132 | NFake: 3924497 | NMatch: 65755288
Processing file 784 of 817: /eos/cms/store/group/phys_heavyions/hbossi/mc_productions/QCD-dijet_pThat15-event-weighted_TuneCP5_5p36TeV_pythia8/OO_MC_DijetEmbedded_pThat-15to1200_TuneCP5_5p36TeV_pythia8/260306_002843/0000/HiForestMiniAOD_806.root
Time elapsed: 15819 seconds
File Contains: 116000 entries.
NMiss: 2779443 | NFake: 3929363 | NMatch: 65834652
Processing file 785 of 817: /eos/cms/store/group/phys_heavyions/hbossi/mc_productions/QCD-dijet_pThat15-event-weighted_TuneCP5_5p36TeV_pythia8/OO_MC_DijetEmbedded_pThat-15to1200_TuneCP5_5p36TeV_pythia8/260306_002843/0000/HiForestMiniAOD_807.root
Time elapsed: 15840 seconds
File Contains: 119000 entries.
NMiss: 2782820 | NFake: 3934247 | NMatch: 65915709
Processing file 786 of 817: /eos/cms/store/group/phys_heavyions/hbossi/mc_productions/QCD-dijet_pThat15-event-weighted_TuneCP5_5p36TeV_pythia8/OO_MC_DijetEmbedded_pThat-15to1200_TuneCP5_5p36TeV_pythia8/260306_002843/0000/HiForestMiniAOD_808.root
Time elapsed: 15861 seconds
File Contains: 131000 entries.
NMiss: 2786537 | NFake: 3939558 | NMatch: 66005903
Processing file 787 of 817: /eos/cms/store/group/phys_heavyions/hbossi/mc_productions/QCD-dijet_pThat15-event-weighted_TuneCP5_5p36TeV_pythia8/OO_MC_DijetEmbedded_pThat-15to1200_TuneCP5_5p36TeV_pythia8/260306_002843/0000/HiForestMiniAOD_809.root
Time elapsed: 15886 seconds
File Contains: 104000 entries.
NMiss: 2789529 | NFake: 3943753 | NMatch: 66076857
Processing file 788 of 817: /eos/cms/store/group/phys_heavyions/hbossi/mc_productions/QCD-dijet_pThat15-event-weighted_TuneCP5_5p36TeV_pythia8/OO_MC_DijetEmbedded_pThat-15to1200_TuneCP5_5p36TeV_pythia8/260306_002843/0000/HiForestMiniAOD_81.root
Time elapsed: 15900 seconds
File Contains: 109000 entries.
NMiss: 2792707 | NFake: 3948270 | NMatch: 66151518
Processing file 789 of 817: /eos/cms/store/group/phys_heavyions/hbossi/mc_productions/QCD-dijet_pThat15-event-weighted_TuneCP5_5p36TeV_pythia8/OO_MC_DijetEmbedded_pThat-15to1200_TuneCP5_5p36TeV_pythia8/260306_002843/0000/HiForestMiniAOD_810.root
Time elapsed: 15913 seconds
File Contains: 118000 entries.
NMiss: 2796112 | NFake: 3953068 | NMatch: 66232425
Processing file 790 of 817: /eos/cms/store/group/phys_heavyions/hbossi/mc_productions/QCD-dijet_pThat15-event-weighted_TuneCP5_5p36TeV_pythia8/OO_MC_DijetEmbedded_pThat-15to1200_TuneCP5_5p36TeV_pythia8/260306_002843/0000/HiForestMiniAOD_811.root
Time elapsed: 15931 seconds
File Contains: 122000 entries.
NMiss: 2799625 | NFake: 3958024 | NMatch: 66315991
Processing file 791 of 817: /eos/cms/store/group/phys_heavyions/hbossi/mc_productions/QCD-dijet_pThat15-event-weighted_TuneCP5_5p36TeV_pythia8/OO_MC_DijetEmbedded_pThat-15to1200_TuneCP5_5p36TeV_pythia8/260306_002843/0000/HiForestMiniAOD_812.root
Time elapsed: 15944 seconds
File Contains: 104000 entries.
NMiss: 2802620 | NFake: 3962288 | NMatch: 66387411
Processing file 792 of 817: /eos/cms/store/group/phys_heavyions/hbossi/mc_productions/QCD-dijet_pThat15-event-weighted_TuneCP5_5p36TeV_pythia8/OO_MC_DijetEmbedded_pThat-15to1200_TuneCP5_5p36TeV_pythia8/260306_002843/0000/HiForestMiniAOD_813.root
Time elapsed: 15961 seconds
File Contains: 114000 entries.
NMiss: 2805850 | NFake: 3967051 | NMatch: 66465119
Processing file 793 of 817: /eos/cms/store/group/phys_heavyions/hbossi/mc_productions/QCD-dijet_pThat15-event-weighted_TuneCP5_5p36TeV_pythia8/OO_MC_DijetEmbedded_pThat-15to1200_TuneCP5_5p36TeV_pythia8/260306_002843/0000/HiForestMiniAOD_814.root
Time elapsed: 15979 seconds
File Contains: 104000 entries.
NMiss: 2808781 | NFake: 3971323 | NMatch: 66536799
Processing file 794 of 817: /eos/cms/store/group/phys_heavyions/hbossi/mc_productions/QCD-dijet_pThat15-event-weighted_TuneCP5_5p36TeV_pythia8/OO_MC_DijetEmbedded_pThat-15to1200_TuneCP5_5p36TeV_pythia8/260306_002843/0000/HiForestMiniAOD_815.root
Time elapsed: 15998 seconds
File Contains: 119000 entries.
NMiss: 2812176 | NFake: 3976162 | NMatch: 66618569
Processing file 795 of 817: /eos/cms/store/group/phys_heavyions/hbossi/mc_productions/QCD-dijet_pThat15-event-weighted_TuneCP5_5p36TeV_pythia8/OO_MC_DijetEmbedded_pThat-15to1200_TuneCP5_5p36TeV_pythia8/260306_002843/0000/HiForestMiniAOD_816.root
Time elapsed: 16016 seconds
File Contains: 109000 entries.
NMiss: 2815290 | NFake: 3980661 | NMatch: 66693759
Processing file 796 of 817: /eos/cms/store/group/phys_heavyions/hbossi/mc_productions/QCD-dijet_pThat15-event-weighted_TuneCP5_5p36TeV_pythia8/OO_MC_DijetEmbedded_pThat-15to1200_TuneCP5_5p36TeV_pythia8/260306_002843/0000/HiForestMiniAOD_817.root
Time elapsed: 16038 seconds
File Contains: 121000 entries.
NMiss: 2818798 | NFake: 3985530 | NMatch: 66777087
Processing file 797 of 817: /eos/cms/store/group/phys_heavyions/hbossi/mc_productions/QCD-dijet_pThat15-event-weighted_TuneCP5_5p36TeV_pythia8/OO_MC_DijetEmbedded_pThat-15to1200_TuneCP5_5p36TeV_pythia8/260306_002843/0000/HiForestMiniAOD_818.root
Time elapsed: 16055 seconds
File Contains: 128000 entries.
NMiss: 2822588 | NFake: 3990874 | NMatch: 66865805
Processing file 798 of 817: /eos/cms/store/group/phys_heavyions/hbossi/mc_productions/QCD-dijet_pThat15-event-weighted_TuneCP5_5p36TeV_pythia8/OO_MC_DijetEmbedded_pThat-15to1200_TuneCP5_5p36TeV_pythia8/260306_002843/0000/HiForestMiniAOD_819.root
Time elapsed: 16078 seconds
File Contains: 47000 entries.
NMiss: 2823896 | NFake: 3992793 | NMatch: 66897858
Processing file 799 of 817: /eos/cms/store/group/phys_heavyions/hbossi/mc_productions/QCD-dijet_pThat15-event-weighted_TuneCP5_5p36TeV_pythia8/OO_MC_DijetEmbedded_pThat-15to1200_TuneCP5_5p36TeV_pythia8/260306_002843/0000/HiForestMiniAOD_82.root
Time elapsed: 16091 seconds
File Contains: 98000 entries.
NMiss: 2826804 | NFake: 3996801 | NMatch: 66965052
Processing file 800 of 817: /eos/cms/store/group/phys_heavyions/hbossi/mc_productions/QCD-dijet_pThat15-event-weighted_TuneCP5_5p36TeV_pythia8/OO_MC_DijetEmbedded_pThat-15to1200_TuneCP5_5p36TeV_pythia8/260306_002843/0000/HiForestMiniAOD_83.root
Time elapsed: 16108 seconds
File Contains: 146000 entries.
NMiss: 2830932 | NFake: 4002717 | NMatch: 67065286
Processing file 801 of 817: /eos/cms/store/group/phys_heavyions/hbossi/mc_productions/QCD-dijet_pThat15-event-weighted_TuneCP5_5p36TeV_pythia8/OO_MC_DijetEmbedded_pThat-15to1200_TuneCP5_5p36TeV_pythia8/260306_002843/0000/HiForestMiniAOD_84.root
Time elapsed: 16123 seconds
File Contains: 109000 entries.
NMiss: 2834036 | NFake: 4007125 | NMatch: 67140251
Processing file 802 of 817: /eos/cms/store/group/phys_heavyions/hbossi/mc_productions/QCD-dijet_pThat15-event-weighted_TuneCP5_5p36TeV_pythia8/OO_MC_DijetEmbedded_pThat-15to1200_TuneCP5_5p36TeV_pythia8/260306_002843/0000/HiForestMiniAOD_85.root
Time elapsed: 16140 seconds
File Contains: 94000 entries.
NMiss: 2836772 | NFake: 4010974 | NMatch: 67204867
Processing file 803 of 817: /eos/cms/store/group/phys_heavyions/hbossi/mc_productions/QCD-dijet_pThat15-event-weighted_TuneCP5_5p36TeV_pythia8/OO_MC_DijetEmbedded_pThat-15to1200_TuneCP5_5p36TeV_pythia8/260306_002843/0000/HiForestMiniAOD_86.root
Time elapsed: 16155 seconds
File Contains: 125000 entries.
NMiss: 2840412 | NFake: 4015971 | NMatch: 67290201
Processing file 804 of 817: /eos/cms/store/group/phys_heavyions/hbossi/mc_productions/QCD-dijet_pThat15-event-weighted_TuneCP5_5p36TeV_pythia8/OO_MC_DijetEmbedded_pThat-15to1200_TuneCP5_5p36TeV_pythia8/260306_002843/0000/HiForestMiniAOD_87.root
Time elapsed: 16174 seconds
File Contains: 157000 entries.
NMiss: 2844930 | NFake: 4022327 | NMatch: 67397640
Processing file 805 of 817: /eos/cms/store/group/phys_heavyions/hbossi/mc_productions/QCD-dijet_pThat15-event-weighted_TuneCP5_5p36TeV_pythia8/OO_MC_DijetEmbedded_pThat-15to1200_TuneCP5_5p36TeV_pythia8/260306_002843/0000/HiForestMiniAOD_88.root
Time elapsed: 16208 seconds
File Contains: 126000 entries.
NMiss: 2848529 | NFake: 4027528 | NMatch: 67484021
Processing file 806 of 817: /eos/cms/store/group/phys_heavyions/hbossi/mc_productions/QCD-dijet_pThat15-event-weighted_TuneCP5_5p36TeV_pythia8/OO_MC_DijetEmbedded_pThat-15to1200_TuneCP5_5p36TeV_pythia8/260306_002843/0000/HiForestMiniAOD_89.root
Time elapsed: 16227 seconds
File Contains: 89000 entries.
NMiss: 2851215 | NFake: 4031033 | NMatch: 67545233
Processing file 807 of 817: /eos/cms/store/group/phys_heavyions/hbossi/mc_productions/QCD-dijet_pThat15-event-weighted_TuneCP5_5p36TeV_pythia8/OO_MC_DijetEmbedded_pThat-15to1200_TuneCP5_5p36TeV_pythia8/260306_002843/0000/HiForestMiniAOD_9.root
Time elapsed: 16243 seconds
File Contains: 91000 entries.
NMiss: 2853732 | NFake: 4034831 | NMatch: 67607633
Processing file 808 of 817: /eos/cms/store/group/phys_heavyions/hbossi/mc_productions/QCD-dijet_pThat15-event-weighted_TuneCP5_5p36TeV_pythia8/OO_MC_DijetEmbedded_pThat-15to1200_TuneCP5_5p36TeV_pythia8/260306_002843/0000/HiForestMiniAOD_90.root
Time elapsed: 16259 seconds
File Contains: 94000 entries.
NMiss: 2856398 | NFake: 4038684 | NMatch: 67672443
Processing file 809 of 817: /eos/cms/store/group/phys_heavyions/hbossi/mc_productions/QCD-dijet_pThat15-event-weighted_TuneCP5_5p36TeV_pythia8/OO_MC_DijetEmbedded_pThat-15to1200_TuneCP5_5p36TeV_pythia8/260306_002843/0000/HiForestMiniAOD_91.root
Time elapsed: 16280 seconds
File Contains: 115000 entries.
NMiss: 2859752 | NFake: 4043468 | NMatch: 67751365
Processing file 810 of 817: /eos/cms/store/group/phys_heavyions/hbossi/mc_productions/QCD-dijet_pThat15-event-weighted_TuneCP5_5p36TeV_pythia8/OO_MC_DijetEmbedded_pThat-15to1200_TuneCP5_5p36TeV_pythia8/260306_002843/0000/HiForestMiniAOD_92.root
Time elapsed: 16296 seconds
File Contains: 92000 entries.
NMiss: 2862332 | NFake: 4047339 | NMatch: 67814418
Processing file 811 of 817: /eos/cms/store/group/phys_heavyions/hbossi/mc_productions/QCD-dijet_pThat15-event-weighted_TuneCP5_5p36TeV_pythia8/OO_MC_DijetEmbedded_pThat-15to1200_TuneCP5_5p36TeV_pythia8/260306_002843/0000/HiForestMiniAOD_93.root
Time elapsed: 16332 seconds
File Contains: 119000 entries.
NMiss: 2865766 | NFake: 4052291 | NMatch: 67895901
Processing file 812 of 817: /eos/cms/store/group/phys_heavyions/hbossi/mc_productions/QCD-dijet_pThat15-event-weighted_TuneCP5_5p36TeV_pythia8/OO_MC_DijetEmbedded_pThat-15to1200_TuneCP5_5p36TeV_pythia8/260306_002843/0000/HiForestMiniAOD_94.root
Time elapsed: 16350 seconds
File Contains: 97000 entries.
NMiss: 2868489 | NFake: 4056269 | NMatch: 67962822
Processing file 813 of 817: /eos/cms/store/group/phys_heavyions/hbossi/mc_productions/QCD-dijet_pThat15-event-weighted_TuneCP5_5p36TeV_pythia8/OO_MC_DijetEmbedded_pThat-15to1200_TuneCP5_5p36TeV_pythia8/260306_002843/0000/HiForestMiniAOD_95.root
Time elapsed: 16361 seconds
File Contains: 103000 entries.
NMiss: 2871366 | NFake: 4060521 | NMatch: 68033670
Processing file 814 of 817: /eos/cms/store/group/phys_heavyions/hbossi/mc_productions/QCD-dijet_pThat15-event-weighted_TuneCP5_5p36TeV_pythia8/OO_MC_DijetEmbedded_pThat-15to1200_TuneCP5_5p36TeV_pythia8/260306_002843/0000/HiForestMiniAOD_96.root
Time elapsed: 16374 seconds
File Contains: 110000 entries.
NMiss: 2874530 | NFake: 4064985 | NMatch: 68109045
Processing file 815 of 817: /eos/cms/store/group/phys_heavyions/hbossi/mc_productions/QCD-dijet_pThat15-event-weighted_TuneCP5_5p36TeV_pythia8/OO_MC_DijetEmbedded_pThat-15to1200_TuneCP5_5p36TeV_pythia8/260306_002843/0000/HiForestMiniAOD_97.root
Time elapsed: 16392 seconds
File Contains: 133000 entries.
NMiss: 2878409 | NFake: 4070509 | NMatch: 68199653
Processing file 816 of 817: /eos/cms/store/group/phys_heavyions/hbossi/mc_productions/QCD-dijet_pThat15-event-weighted_TuneCP5_5p36TeV_pythia8/OO_MC_DijetEmbedded_pThat-15to1200_TuneCP5_5p36TeV_pythia8/260306_002843/0000/HiForestMiniAOD_98.root
Time elapsed: 16412 seconds
File Contains: 93000 entries.
NMiss: 2881132 | NFake: 4074219 | NMatch: 68263794
Processing file 817 of 817: /eos/cms/store/group/phys_heavyions/hbossi/mc_productions/QCD-dijet_pThat15-event-weighted_TuneCP5_5p36TeV_pythia8/OO_MC_DijetEmbedded_pThat-15to1200_TuneCP5_5p36TeV_pythia8/260306_002843/0000/HiForestMiniAOD_99.root
Time elapsed: 16427 seconds
File Contains: 138000 entries.
NMiss: 2885107 | NFake: 4079874 | NMatch: 68358462
Now unfolding...
Iteration : 0
Chi^2 of change 2.41158e-26
Calculating covariances due to number of measured events
Trivial Unfolding ratio (UnfoldedGen / ResponseGen) values:
Bin 1:  Ratio = 1.0000000000000000
Bin 2:  Ratio = 1.0000000000000000
Bin 3:  Ratio = 1.0000000000000000
Bin 4:  Ratio = 1.0000000000000000
Bin 5:  Ratio = 1.0000000000000000

=== PROCESSING SUMMARY ===
NMatches: 68358462
NMisses: 2885107
NFakes: 4079874
Train Counter: 44830898
Test Counter: 44823312
=======================

=== TIMING SUMMARY ===
Total processing time: 4h 34m 3.47s
Events processed per second: 6065.33 Hz
Average time per event: 0.164872 ms
=======================

=== MEMORY SUMMARY ===
Peak memory usage: 527.48 MB
Memory cleanup completed.
=======================
Cuts applied: L1 MinBias Trigger;Cluster Compatibility Filter;Primary Vertex Filter;HF E_{Max}+ AND HF E_{Max}- > 14;Jet PF CEF < 0.8;Jet PF NEF < 0.8;Jet PF MUF < 0.9;Jet PF CHM > 0;Match iff Reco&Gen 80.0 < pt < 500.0 GeV/c;Jet |eta| < 1.6;
General info: NEntries: 99.7M;Sample: MC;Tag: MC_FullPD_bin2;EventsBeforeCuts: 99735000;EventsAfterCuts: 89654210;EventCutEfficiency: 89.89%;TotalJetsProcessed: 382395953;TotalProcessingTime: 4h 34m 3.47s;NMiss: 2885107;NFake: 4079874;NMatch: 68358462;MC: Yes;
Output written to: /home/xirong/JetStudiesOO/LynnsCode/RootFiles/0428RooUnfoldVer2//Response_MC_99.7MEvts_MC_FullPD_bin2_20260430.root
